{
    "status": {
        "a_2": {
            "yes": 1521136,
            "no": 0,
            "undecided": 0,
            "unknown": 1520589,
            "pyes": 0.03575447754391032,
            "pno": 0.0,
            "pundecided": 0.0,
            "punknown": 0.16411544712139228,
            "time": 64.8454999923706,
            "percY": 51040851432.48,
            "percN": 0.0,
            "percU": 0.0,
            "percUNK": 51022497159.27,
            "l": 0.03575447754391032,
            "u": 1.0
        },
        "~a_7": {
            "yes": 1139877,
            "no": 381175,
            "undecided": 1520673,
            "unknown": 0,
            "pyes": 0.026177205123765476,
            "pno": 0.024665042566129045,
            "pundecided": 0.14902767697541472,
            "punknown": 0.0,
            "time": 65.80902647972107,
            "percY": 38247923005.11,
            "percN": 12790109855.25,
            "percU": 51025315731.39,
            "percUNK": 0.0,
            "l": 0.026177205123765476,
            "u": 0.975334957433871
        }
    },
    "data": {
        "n_samples": 3355443,
        "time": 1325.669909477234,
        "repeated_worlds": 313718,
        "repeated_progs": 3353395,
        "unique_progs": 2048
    }
}