{
    "status": {
        "d_10": {
            "yes": 1521237,
            "no": 0,
            "undecided": 1519612,
            "unknown": 0,
            "pyes": 0.08598308217513306,
            "pno": 0.0,
            "pundecided": 0.08730486424295145,
            "punknown": 0.0,
            "time": 87.13253402709961,
            "percY": 51044240429.91,
            "percN": 0.0,
            "percU": 50989714481.16,
            "percUNK": 0.0,
            "l": 0.08598308217513306,
            "u": 1.0
        },
        "a_7": {
            "yes": 855765,
            "no": 665490,
            "undecided": 1519594,
            "unknown": 0,
            "pyes": 0.031422402838743556,
            "pno": 0.06773472158713899,
            "pundecided": 0.0741308219922069,
            "punknown": 0.0,
            "time": 88.48615336418152,
            "percY": 28714706788.95,
            "percN": 22330137620.7,
            "percU": 50989110501.42,
            "percUNK": 0.0,
            "l": 0.031422402838743556,
            "u": 0.932265278412861
        }
    },
    "data": {
        "n_samples": 3355443,
        "time": 1915.0359098911285,
        "repeated_worlds": 314594,
        "repeated_progs": 3353395,
        "unique_progs": 2048
    }
}