{
    "status": {
        "a_1": {
            "yes": 1519472,
            "no": 0,
            "undecided": 1521606,
            "unknown": 0,
            "pyes": 0.056310717841584035,
            "pno": 0.0,
            "pundecided": 0.1283616461379511,
            "punknown": 0.0,
            "time": 22.369510412216187,
            "percY": 50985016860.96,
            "percN": 0.0,
            "percU": 51056622014.58,
            "percUNK": 0.0,
            "l": 0.056310717841584035,
            "u": 1.0
        },
        "~a_8": {
            "yes": 854322,
            "no": 665150,
            "undecided": 1521606,
            "unknown": 0,
            "pyes": 0.009053190884513713,
            "pno": 0.04725752695707121,
            "pundecided": 0.1283616461379511,
            "punknown": 0.0,
            "time": 22.805543899536133,
            "percY": 28666287746.46,
            "percN": 22318729114.5,
            "percU": 51056622014.58,
            "percUNK": 0.0,
            "l": 0.009053190884513713,
            "u": 0.9527424730429288
        },
        "~a_7": {
            "yes": 759705,
            "no": 759767,
            "undecided": 1521606,
            "unknown": 0,
            "pyes": 0.010868306361894864,
            "pno": 0.045442411479691545,
            "pundecided": 0.1283616461379511,
            "punknown": 0.0,
            "time": 22.640870332717896,
            "percY": 25491468243.15,
            "percN": 25493548617.81,
            "percU": 51056622014.58,
            "percUNK": 0.0,
            "l": 0.010868306361894864,
            "u": 0.9545575885203085
        }
    },
    "data": {
        "n_samples": 3355443,
        "time": 1716.470986366272,
        "repeated_worlds": 314365,
        "repeated_progs": 3354931,
        "unique_progs": 512
    }
}