{
    "status": {
        "a_0": {
            "yes": 1520370,
            "no": 0,
            "undecided": 0,
            "unknown": 1520871,
            "pyes": 0.1198679904814401,
            "pno": 0.0,
            "pundecided": 0.0,
            "punknown": 0.06719229215491515,
            "time": 87.1040906906128,
            "percY": 51015148739.1,
            "percN": 0.0,
            "percU": 0.0,
            "percUNK": 51031959508.53,
            "l": 0.1198679904814401,
            "u": 1.0
        },
        "a_6": {
            "yes": 1520123,
            "no": 0,
            "undecided": 1521118,
            "unknown": 0,
            "pyes": 0.05870611186815,
            "pno": 0.0,
            "pundecided": 0.12835417076821215,
            "punknown": 0.0,
            "time": 87.19079804420471,
            "percY": 51006860794.89,
            "percN": 0.0,
            "percU": 51040247452.74,
            "percUNK": 0.0,
            "l": 0.05870611186815,
            "u": 1.0
        },
        "~a_7": {
            "yes": 665077,
            "no": 855046,
            "undecided": 1521118,
            "unknown": 0,
            "pyes": 0.021999296596886753,
            "pno": 0.03670681527126295,
            "pundecided": 0.12835417076821215,
            "punknown": 0.0,
            "time": 88.97929668426514,
            "percY": 22316279641.11,
            "percN": 28690581153.78,
            "percU": 51040247452.74,
            "percUNK": 0.0,
            "l": 0.021999296596886753,
            "u": 0.963293184728737
        }
    },
    "data": {
        "n_samples": 3355443,
        "time": 1950.5888090133667,
        "repeated_worlds": 314202,
        "repeated_progs": 3353395,
        "unique_progs": 2048
    }
}