{
    "status": {
        "~d_11": {
            "yes": 1519872,
            "no": 0,
            "undecided": 1520912,
            "unknown": 0,
            "pyes": 0.03717295305653809,
            "pno": 0.0,
            "pundecided": 0.14268127112265538,
            "punknown": 0.0,
            "time": 72.25436496734619,
            "percY": 50998438632.96,
            "percN": 0.0,
            "percU": 51033335240.16,
            "percUNK": 0.0,
            "l": 0.03717295305653809,
            "u": 1.0
        },
        "a_5": {
            "yes": 1520602,
            "no": 0,
            "undecided": 1520182,
            "unknown": 0,
            "pyes": 0.14239711276679276,
            "pno": 0.0,
            "pundecided": 0.037457111412406256,
            "punknown": 0.0,
            "time": 72.55319023132324,
            "percY": 51022933366.86,
            "percN": 0.0,
            "percU": 51008840506.26,
            "percUNK": 0.0,
            "l": 0.14239711276679276,
            "u": 1.0
        },
        "~a_7": {
            "yes": 380295,
            "no": 1140307,
            "undecided": 1520182,
            "unknown": 0,
            "pyes": 0.026868203510358166,
            "pno": 0.11552890925642881,
            "pundecided": 0.037457111412406256,
            "punknown": 0.0,
            "time": 73.8068277835846,
            "percY": 12760581956.85,
            "percN": 38262351410.01,
            "percU": 51008840506.26,
            "percUNK": 0.0,
            "l": 0.026868203510358166,
            "u": 0.8844710907435712
        }
    },
    "data": {
        "n_samples": 3355443,
        "time": 1522.9214346408844,
        "repeated_worlds": 314659,
        "repeated_progs": 3353395,
        "unique_progs": 2048
    }
}