{
    "status": {
        "~a_4": {
            "yes": 3041163,
            "no": 0,
            "undecided": 0,
            "unknown": 0,
            "pyes": 0.1784844635962964,
            "pno": 0.0,
            "pundecided": 0.0,
            "punknown": 0.0,
            "time": 16.536992073059082,
            "percY": 102044491002.09,
            "percN": 0.0,
            "percU": 0.0,
            "percUNK": 0.0,
            "l": 0.1784844635962964,
            "u": 1.0
        },
        "a_7": {
            "yes": 855623,
            "no": 665174,
            "undecided": 1520366,
            "unknown": 0,
            "pyes": 0.008723457079378286,
            "pno": 0.008502978575518499,
            "pundecided": 0.16125802794139357,
            "punknown": 0.0,
            "time": 16.80022168159485,
            "percY": 28709942059.89,
            "percN": 22319534420.82,
            "percU": 51015014521.38,
            "percUNK": 0.0,
            "l": 0.008723457079378286,
            "u": 0.9914970214244815
        }
    },
    "data": {
        "n_samples": 3355443,
        "time": 1200.3404417037964,
        "repeated_worlds": 314280,
        "repeated_progs": 3354931,
        "unique_progs": 512
    }
}