{
    "status": {
        "d_19": {
            "yes": 1520510,
            "no": 0,
            "undecided": 1520143,
            "unknown": 0,
            "pyes": 0.09856659189845995,
            "pno": 0.0,
            "pundecided": 0.07890026710641543,
            "punknown": 0.0,
            "time": 261.46279406547546,
            "percY": 51019846359.3,
            "percN": 0.0,
            "percU": 51007531883.49,
            "percUNK": 0.0,
            "l": 0.09856659189845995,
            "u": 1.0
        },
        "a_5": {
            "yes": 1520671,
            "no": 0,
            "undecided": 1519982,
            "unknown": 0,
            "pyes": 0.020881784713523855,
            "pno": 0.0,
            "pundecided": 0.15658507429135193,
            "punknown": 0.0,
            "time": 261.5285623073578,
            "percY": 51025248622.53,
            "percN": 0.0,
            "percU": 51002129620.26,
            "percUNK": 0.0,
            "l": 0.020881784713523855,
            "u": 1.0
        },
        "a_9": {
            "yes": 997906,
            "no": 522765,
            "undecided": 1519982,
            "unknown": 0,
            "pyes": 0.015262308534880116,
            "pno": 0.005619476178643416,
            "pundecided": 0.15658507429135193,
            "punknown": 0.0,
            "time": 265.2603099346161,
            "percY": 33484167023.58,
            "percN": 17541081598.95,
            "percU": 51002129620.26,
            "percUNK": 0.0,
            "l": 0.015262308534880116,
            "u": 0.9943805238213566
        }
    },
    "data": {
        "n_samples": 3355443,
        "time": 2034.7715938091278,
        "repeated_worlds": 314790,
        "repeated_progs": 3347251,
        "unique_progs": 8192
    }
}