{
    "status": {
        "d_14": {
            "yes": 1520982,
            "no": 0,
            "undecided": 1520588,
            "unknown": 0,
            "pyes": 0.05350660345180986,
            "pno": 0.0,
            "pundecided": 0.12987816210338518,
            "punknown": 0.0,
            "time": 43.795427560806274,
            "percY": 51035684050.26,
            "percN": 0.0,
            "percU": 51022463604.84,
            "percUNK": 0.0,
            "l": 0.05350660345180986,
            "u": 1.0
        },
        "~a_7": {
            "yes": 949255,
            "no": 571288,
            "undecided": 1521027,
            "unknown": 0,
            "pyes": 0.0652461925395934,
            "pno": 0.04211192843800221,
            "pundecided": 0.07602664457758618,
            "punknown": 0.0,
            "time": 44.63270092010498,
            "percY": 31851710449.65,
            "percN": 19169243205.84,
            "percU": 51037193999.61,
            "percUNK": 0.0,
            "l": 0.0652461925395934,
            "u": 0.9578880715619977
        }
    },
    "data": {
        "n_samples": 3355443,
        "time": 1807.1809842586517,
        "repeated_worlds": 313873,
        "repeated_progs": 3354419,
        "unique_progs": 1024
    }
}