{
    "status": {
        "~a_1": {
            "yes": 26,
            "no": 0,
            "undecided": 0,
            "unknown": 0,
            "pyes": 0.9582152377136837,
            "pno": 0.0,
            "pundecided": 0.0,
            "punknown": 0.0,
            "time": 0.3626382350921631,
            "percY": 53.04,
            "percN": 0.0,
            "percU": 0.0,
            "percUNK": 0.0,
            "l": 0.9582152377136837,
            "u": 1.0,
            "flag": "INTEREST"
        },
        "a_5": {
            "yes": 10,
            "no": 0,
            "undecided": 16,
            "unknown": 0,
            "pyes": 0.807890836591267,
            "pno": 0.0,
            "pundecided": 0.1503244011224167,
            "punknown": 0.0,
            "time": 0.37604379653930664,
            "percY": 20.4,
            "percN": 0.0,
            "percU": 32.64,
            "percUNK": 0.0,
            "l": 0.807890836591267,
            "u": 1.0,
            "flag": "INTEREST"
        },
        "a_8": {
            "yes": 24,
            "no": 1,
            "undecided": 1,
            "unknown": 0,
            "pyes": 0.9577459239330912,
            "pno": 5.6429609693184006e-05,
            "pundecided": 0.00041288417089919993,
            "punknown": 0.0,
            "time": 0.37332630157470703,
            "percY": 48.96,
            "percN": 2.04,
            "percU": 2.04,
            "percUNK": 0.0,
            "l": 0.9577459239330912,
            "u": 0.9999435703903068,
            "flag": "INTEREST"
        }
    },
    "data": {
        "n_samples": 204,
        "time": 1.1361091136932373,
        "repeated_worlds": 178,
        "repeated_progs": 190,
        "unique_progs": 14
    }
}