{
    "status": {
        "d_16": {
            "yes": 36,
            "no": 0,
            "undecided": 0,
            "unknown": 0,
            "pyes": 0.9240257423095366,
            "pno": 0.0,
            "pundecided": 0.0,
            "punknown": 0.0,
            "time": 0.6329164505004883,
            "percY": 73.44,
            "percN": 0.0,
            "percU": 0.0,
            "percUNK": 0.0,
            "l": 0.9240257423095366,
            "u": 1.0,
            "flag": "INTEREST"
        },
        "a_8": {
            "yes": 36,
            "no": 0,
            "undecided": 0,
            "unknown": 0,
            "pyes": 0.9240257423095366,
            "pno": 0.0,
            "pundecided": 0.0,
            "punknown": 0.0,
            "time": 0.6110315322875977,
            "percY": 73.44,
            "percN": 0.0,
            "percU": 0.0,
            "percUNK": 0.0,
            "l": 0.9240257423095366,
            "u": 1.0,
            "flag": "INTEREST"
        },
        "a_7": {
            "yes": 0,
            "no": 1,
            "undecided": 35,
            "unknown": 0,
            "pyes": 0.0,
            "pno": 0.00573382210793224,
            "pundecided": 0.9182919202016043,
            "punknown": 0.0,
            "time": 0.6321191787719727,
            "percY": 0.0,
            "percN": 2.04,
            "percU": 71.4,
            "percUNK": 0.0,
            "l": 0.0,
            "u": 0.9942661778920677
        }
    },
    "data": {
        "n_samples": 204,
        "time": 1.9067716598510742,
        "repeated_worlds": 168,
        "repeated_progs": 184,
        "unique_progs": 20
    }
}