{
    "status": {
        "d_37": {
            "yes": 64,
            "no": 0,
            "undecided": 2,
            "unknown": 8,
            "pyes": 0.8943555674246668,
            "pno": 0.0,
            "pundecided": 0.0018892588215772587,
            "punknown": 0.04464324448529426,
            "time": 1.846977949142456,
            "percY": 524.16,
            "percN": 0.0,
            "percU": 16.38,
            "percUNK": 65.52,
            "l": 0.8943555674246668,
            "u": 1.0,
            "flag": "INTEREST"
        },
        "a_20": {
            "yes": 6,
            "no": 29,
            "undecided": 39,
            "unknown": 0,
            "pyes": 0.0482396023983626,
            "pno": 0.5696693370705499,
            "pundecided": 0.32297913126262595,
            "punknown": 0.0,
            "time": 1.866673469543457,
            "percY": 49.14,
            "percN": 237.51,
            "percU": 319.41,
            "percUNK": 0.0,
            "l": 0.0482396023983626,
            "u": 0.4303306629294501,
            "flag": "INTEREST"
        },
        "a_15": {
            "yes": 55,
            "no": 3,
            "undecided": 16,
            "unknown": 0,
            "pyes": 0.33766069940851257,
            "pno": 0.02691990058803611,
            "pundecided": 0.5763074707349898,
            "punknown": 0.0,
            "time": 1.9339466094970703,
            "percY": 450.45,
            "percN": 24.57,
            "percU": 131.04,
            "percUNK": 0.0,
            "l": 0.33766069940851257,
            "u": 0.9730800994119639
        }
    },
    "data": {
        "n_samples": 819,
        "time": 5.814781188964844,
        "repeated_worlds": 745,
        "repeated_progs": 745,
        "unique_progs": 74
    }
}