{
    "status": {
        "a_5": {
            "yes": 18,
            "no": 0,
            "undecided": 44,
            "unknown": 0,
            "pyes": 0.12256987123862151,
            "pno": 0.0,
            "pundecided": 0.8381966917678889,
            "punknown": 0.0,
            "time": 1.563169240951538,
            "percY": 147.42,
            "percN": 0.0,
            "percU": 360.36,
            "percUNK": 0.0,
            "l": 0.12256987123862151,
            "u": 1.0
        },
        "~a_16": {
            "yes": 1,
            "no": 0,
            "undecided": 61,
            "unknown": 0,
            "pyes": 0.000702193145663365,
            "pno": 0.0,
            "pundecided": 0.960064369860847,
            "punknown": 0.0,
            "time": 1.5612614154815674,
            "percY": 8.19,
            "percN": 0.0,
            "percU": 499.59,
            "percUNK": 0.0,
            "l": 0.000702193145663365,
            "u": 1.0
        },
        "~a_15": {
            "yes": 5,
            "no": 2,
            "undecided": 55,
            "unknown": 0,
            "pyes": 0.04317936664516628,
            "pno": 0.0047240299876468725,
            "pundecided": 0.9128631663736972,
            "punknown": 0.0,
            "time": 1.5612788200378418,
            "percY": 40.95,
            "percN": 16.38,
            "percU": 450.45,
            "percUNK": 0.0,
            "l": 0.04317936664516628,
            "u": 0.9952759700123531
        }
    },
    "data": {
        "n_samples": 819,
        "time": 4.834406852722168,
        "repeated_worlds": 757,
        "repeated_progs": 757,
        "unique_progs": 62
    }
}