{
    "status": {
        "d_26": {
            "yes": 60,
            "no": 0,
            "undecided": 3,
            "unknown": 8,
            "pyes": 0.9316589647986501,
            "pno": 0.0,
            "pundecided": 0.0019942406799016055,
            "punknown": 0.029181536524393984,
            "time": 1.7718164920806885,
            "percY": 491.4,
            "percN": 0.0,
            "percU": 24.57,
            "percUNK": 65.52,
            "l": 0.9316589647986501,
            "u": 1.0,
            "flag": "INTEREST"
        },
        "a_15": {
            "yes": 23,
            "no": 2,
            "undecided": 46,
            "unknown": 0,
            "pyes": 0.17174539046485532,
            "pno": 0.00275029925349086,
            "pundecided": 0.7883390522845994,
            "punknown": 0.0,
            "time": 1.7863411903381348,
            "percY": 188.37,
            "percN": 16.38,
            "percU": 376.74,
            "percUNK": 0.0,
            "l": 0.17174539046485532,
            "u": 0.9972497007465091
        },
        "~a_16": {
            "yes": 8,
            "no": 27,
            "undecided": 36,
            "unknown": 0,
            "pyes": 0.05172865400998665,
            "pno": 0.8040771014460623,
            "pundecided": 0.10702898654689677,
            "punknown": 0.0,
            "time": 1.7576277256011963,
            "percY": 65.52,
            "percN": 221.13,
            "percU": 294.84,
            "percUNK": 0.0,
            "l": 0.05172865400998665,
            "u": 0.19592289855393774,
            "flag": "INTEREST"
        }
    },
    "data": {
        "n_samples": 819,
        "time": 5.471847772598267,
        "repeated_worlds": 748,
        "repeated_progs": 748,
        "unique_progs": 71
    }
}