{
    "status": {
        "~d_62": {
            "yes": 59,
            "no": 0,
            "undecided": 8,
            "unknown": 0,
            "pyes": 0.9418559249148021,
            "pno": 0.0,
            "pundecided": 0.01709660245788744,
            "punknown": 0.0,
            "time": 1.6932308673858643,
            "percY": 483.21,
            "percN": 0.0,
            "percU": 65.52,
            "percUNK": 0.0,
            "l": 0.9418559249148021,
            "u": 1.0,
            "flag": "INTEREST"
        },
        "a_12": {
            "yes": 9,
            "no": 0,
            "undecided": 58,
            "unknown": 0,
            "pyes": 0.06440317355328982,
            "pno": 0.0,
            "pundecided": 0.8945493538193996,
            "punknown": 0.0,
            "time": 1.6656208038330078,
            "percY": 73.71,
            "percN": 0.0,
            "percU": 475.02,
            "percUNK": 0.0,
            "l": 0.06440317355328982,
            "u": 1.0
        },
        "a_17": {
            "yes": 0,
            "no": 0,
            "undecided": 67,
            "unknown": 0,
            "pyes": 0.0,
            "pno": 0.0,
            "pundecided": 0.9589525273726894,
            "punknown": 0.0,
            "time": 1.715343713760376,
            "percY": 0.0,
            "percN": 0.0,
            "percU": 548.73,
            "percUNK": 0.0,
            "l": 0.0,
            "u": 1.0
        }
    },
    "data": {
        "n_samples": 819,
        "time": 5.246835947036743,
        "repeated_worlds": 752,
        "repeated_progs": 752,
        "unique_progs": 67
    }
}