{
    "status": {
        "d_31": {
            "yes": 7,
            "no": 0,
            "undecided": 50,
            "unknown": 0,
            "pyes": 0.022014236117483273,
            "pno": 0.0,
            "pundecided": 0.9396110809424043,
            "punknown": 0.0,
            "time": 1.4243881702423096,
            "percY": 57.33,
            "percN": 0.0,
            "percU": 409.5,
            "percUNK": 0.0,
            "l": 0.022014236117483273,
            "u": 1.0
        },
        "a_15": {
            "yes": 1,
            "no": 0,
            "undecided": 56,
            "unknown": 0,
            "pyes": 0.00036592581375479057,
            "pno": 0.0,
            "pundecided": 0.9612593912461327,
            "punknown": 0.0,
            "time": 1.4158613681793213,
            "percY": 8.19,
            "percN": 0.0,
            "percU": 458.64,
            "percUNK": 0.0,
            "l": 0.00036592581375479057,
            "u": 1.0
        },
        "a_16": {
            "yes": 12,
            "no": 21,
            "undecided": 24,
            "unknown": 0,
            "pyes": 0.7229257934450434,
            "pno": 0.12448821509309131,
            "pundecided": 0.11421130852175296,
            "punknown": 0.0,
            "time": 1.477318286895752,
            "percY": 98.28,
            "percN": 171.99,
            "percU": 196.56,
            "percUNK": 0.0,
            "l": 0.7229257934450434,
            "u": 0.8755117849069087,
            "flag": "INTEREST"
        }
    },
    "data": {
        "n_samples": 819,
        "time": 4.4579033851623535,
        "repeated_worlds": 762,
        "repeated_progs": 762,
        "unique_progs": 57
    }
}