{
    "status": {
        "d_47": {
            "yes": 75,
            "no": 0,
            "undecided": 1,
            "unknown": 0,
            "pyes": 0.9500893899075235,
            "pno": 0.0,
            "pundecided": 0.004927762790131352,
            "punknown": 0.0,
            "time": 1.9188640117645264,
            "percY": 614.25,
            "percN": 0.0,
            "percU": 8.19,
            "percUNK": 0.0,
            "l": 0.9500893899075235,
            "u": 1.0,
            "flag": "INTEREST"
        },
        "a_13": {
            "yes": 12,
            "no": 0,
            "undecided": 64,
            "unknown": 0,
            "pyes": 0.044883364396523406,
            "pno": 0.0,
            "pundecided": 0.9101337883011313,
            "punknown": 0.0,
            "time": 1.926861047744751,
            "percY": 98.28,
            "percN": 0.0,
            "percU": 524.16,
            "percUNK": 0.0,
            "l": 0.044883364396523406,
            "u": 1.0
        },
        "a_15": {
            "yes": 22,
            "no": 0,
            "undecided": 54,
            "unknown": 0,
            "pyes": 0.10579300527800369,
            "pno": 0.0,
            "pundecided": 0.8492241474196509,
            "punknown": 0.0,
            "time": 1.9883036613464355,
            "percY": 180.18,
            "percN": 0.0,
            "percU": 442.26,
            "percUNK": 0.0,
            "l": 0.10579300527800369,
            "u": 1.0
        }
    },
    "data": {
        "n_samples": 819,
        "time": 5.986345529556274,
        "repeated_worlds": 743,
        "repeated_progs": 743,
        "unique_progs": 76
    }
}