{
    "status": {
        "d_53": {
            "yes": 43,
            "no": 0,
            "undecided": 0,
            "unknown": 0,
            "pyes": 0.9771548322268973,
            "pno": 0.0,
            "pundecided": 0.0,
            "punknown": 0.0,
            "time": 1.0648281574249268,
            "percY": 352.17,
            "percN": 0.0,
            "percU": 0.0,
            "percUNK": 0.0,
            "l": 0.9771548322268973,
            "u": 1.0,
            "flag": "INTEREST"
        },
        "a_14": {
            "yes": 2,
            "no": 0,
            "undecided": 41,
            "unknown": 0,
            "pyes": 0.022446955710617514,
            "pno": 0.0,
            "pundecided": 0.9547078765162798,
            "punknown": 0.0,
            "time": 1.0641582012176514,
            "percY": 16.38,
            "percN": 0.0,
            "percU": 335.79,
            "percUNK": 0.0,
            "l": 0.022446955710617514,
            "u": 1.0
        },
        "a_19": {
            "yes": 1,
            "no": 0,
            "undecided": 42,
            "unknown": 0,
            "pyes": 0.020736711465999036,
            "pno": 0.0,
            "pundecided": 0.9564181207608983,
            "punknown": 0.0,
            "time": 1.0659785270690918,
            "percY": 8.19,
            "percN": 0.0,
            "percU": 343.98,
            "percUNK": 0.0,
            "l": 0.020736711465999036,
            "u": 1.0
        }
    },
    "data": {
        "n_samples": 819,
        "time": 3.2963101863861084,
        "repeated_worlds": 776,
        "repeated_progs": 776,
        "unique_progs": 43
    }
}