{
    "status": {
        "d_24": {
            "yes": 26,
            "no": 0,
            "undecided": 47,
            "unknown": 0,
            "pyes": 0.1241191038782077,
            "pno": 0.0,
            "pundecided": 0.8364365900686438,
            "punknown": 0.0,
            "time": 1.8289165496826172,
            "percY": 212.94,
            "percN": 0.0,
            "percU": 384.93,
            "percUNK": 0.0,
            "l": 0.1241191038782077,
            "u": 1.0
        },
        "a_15": {
            "yes": 27,
            "no": 2,
            "undecided": 44,
            "unknown": 0,
            "pyes": 0.7102364169935141,
            "pno": 0.0030157989690116796,
            "pundecided": 0.2473034779843258,
            "punknown": 0.0,
            "time": 1.8873178958892822,
            "percY": 221.13,
            "percN": 16.38,
            "percU": 360.36,
            "percUNK": 0.0,
            "l": 0.7102364169935141,
            "u": 0.9969842010309883,
            "flag": "INTEREST"
        },
        "a_20": {
            "yes": 1,
            "no": 0,
            "undecided": 72,
            "unknown": 0,
            "pyes": 0.001558970246441777,
            "pno": 0.0,
            "pundecided": 0.9589967237004097,
            "punknown": 0.0,
            "time": 1.8258779048919678,
            "percY": 8.19,
            "percN": 0.0,
            "percU": 589.68,
            "percUNK": 0.0,
            "l": 0.001558970246441777,
            "u": 1.0
        }
    },
    "data": {
        "n_samples": 819,
        "time": 5.72634220123291,
        "repeated_worlds": 746,
        "repeated_progs": 746,
        "unique_progs": 73
    }
}