{
    "status": {
        "a_2": {
            "yes": 18,
            "no": 0,
            "undecided": 0,
            "unknown": 35,
            "pyes": 0.08470528153465118,
            "pno": 0.0,
            "pundecided": 0.0,
            "punknown": 0.8692821216729251,
            "time": 1.3481559753417969,
            "percY": 147.42,
            "percN": 0.0,
            "percU": 0.0,
            "percUNK": 286.65,
            "l": 0.08470528153465118,
            "u": 1.0
        },
        "a_21": {
            "yes": 0,
            "no": 0,
            "undecided": 53,
            "unknown": 0,
            "pyes": 0.0,
            "pno": 0.0,
            "pundecided": 0.9539874032075761,
            "punknown": 0.0,
            "time": 1.3411970138549805,
            "percY": 0.0,
            "percN": 0.0,
            "percU": 434.07,
            "percUNK": 0.0,
            "l": 0.0,
            "u": 1.0
        },
        "~a_18": {
            "yes": 0,
            "no": 0,
            "undecided": 53,
            "unknown": 0,
            "pyes": 0.0,
            "pno": 0.0,
            "pundecided": 0.9539874032075761,
            "punknown": 0.0,
            "time": 1.340726613998413,
            "percY": 0.0,
            "percN": 0.0,
            "percU": 434.07,
            "percUNK": 0.0,
            "l": 0.0,
            "u": 1.0
        }
    },
    "data": {
        "n_samples": 819,
        "time": 4.166175365447998,
        "repeated_worlds": 766,
        "repeated_progs": 766,
        "unique_progs": 53
    }
}