{
    "status": {
        "~d_45": {
            "yes": 43,
            "no": 0,
            "undecided": 16,
            "unknown": 0,
            "pyes": 0.8754845491370693,
            "pno": 0.0,
            "pundecided": 0.08418136723838585,
            "punknown": 0.0,
            "time": 1.3753089904785156,
            "percY": 352.17,
            "percN": 0.0,
            "percU": 131.04,
            "percUNK": 0.0,
            "l": 0.8754845491370693,
            "u": 1.0,
            "flag": "INTEREST"
        },
        "a_19": {
            "yes": 13,
            "no": 8,
            "undecided": 38,
            "unknown": 0,
            "pyes": 0.05120765483681672,
            "pno": 0.011549691077022431,
            "pundecided": 0.896908570461616,
            "punknown": 0.0,
            "time": 1.4074218273162842,
            "percY": 106.47,
            "percN": 65.52,
            "percU": 311.22,
            "percUNK": 0.0,
            "l": 0.05120765483681672,
            "u": 0.9884503089229776
        },
        "~a_19": {
            "yes": 8,
            "no": 13,
            "undecided": 38,
            "unknown": 0,
            "pyes": 0.011549691077022431,
            "pno": 0.05120765483681672,
            "pundecided": 0.896908570461616,
            "punknown": 0.0,
            "time": 1.396298885345459,
            "percY": 65.52,
            "percN": 106.47,
            "percU": 311.22,
            "percUNK": 0.0,
            "l": 0.011549691077022431,
            "u": 0.9487923451631832
        }
    },
    "data": {
        "n_samples": 819,
        "time": 4.3015570640563965,
        "repeated_worlds": 760,
        "repeated_progs": 760,
        "unique_progs": 59
    }
}