{
    "status": {
        "d_29": {
            "yes": 0,
            "no": 0,
            "undecided": 5,
            "unknown": 52,
            "pyes": 0.0,
            "pno": 0.0,
            "pundecided": 0.03748459728587147,
            "punknown": 0.9166805458674813,
            "time": 1.4092578887939453,
            "percY": 0.0,
            "percN": 0.0,
            "percU": 40.95,
            "percUNK": 425.88,
            "l": 0.0,
            "u": 1.0
        },
        "a_14": {
            "yes": 11,
            "no": 0,
            "undecided": 46,
            "unknown": 0,
            "pyes": 0.03429453304705418,
            "pno": 0.0,
            "pundecided": 0.9198706101062984,
            "punknown": 0.0,
            "time": 1.3888866901397705,
            "percY": 90.09,
            "percN": 0.0,
            "percU": 376.74,
            "percUNK": 0.0,
            "l": 0.03429453304705418,
            "u": 1.0
        },
        "~a_16": {
            "yes": 0,
            "no": 7,
            "undecided": 50,
            "unknown": 0,
            "pyes": 0.0,
            "pno": 0.04994602743218969,
            "pundecided": 0.9042191157211629,
            "punknown": 0.0,
            "time": 1.412285327911377,
            "percY": 0.0,
            "percN": 57.33,
            "percU": 409.5,
            "percUNK": 0.0,
            "l": 0.0,
            "u": 0.9500539725678103
        }
    },
    "data": {
        "n_samples": 819,
        "time": 4.326575517654419,
        "repeated_worlds": 762,
        "repeated_progs": 762,
        "unique_progs": 57
    }
}