{
    "status": {
        "~d_72": {
            "yes": 19,
            "no": 0,
            "undecided": 0,
            "unknown": 32,
            "pyes": 0.8474261241690013,
            "pno": 0.0,
            "pundecided": 0.0,
            "punknown": 0.12495778723305859,
            "time": 1.2978579998016357,
            "percY": 155.61,
            "percN": 0.0,
            "percU": 0.0,
            "percUNK": 262.08,
            "l": 0.8474261241690013,
            "u": 1.0,
            "flag": "INTEREST"
        },
        "a_16": {
            "yes": 2,
            "no": 0,
            "undecided": 49,
            "unknown": 0,
            "pyes": 0.0016453709466447046,
            "pno": 0.0,
            "pundecided": 0.970738540455415,
            "punknown": 0.0,
            "time": 1.283590316772461,
            "percY": 16.38,
            "percN": 0.0,
            "percU": 401.31,
            "percUNK": 0.0,
            "l": 0.0016453709466447046,
            "u": 1.0
        },
        "a_18": {
            "yes": 0,
            "no": 0,
            "undecided": 51,
            "unknown": 0,
            "pyes": 0.0,
            "pno": 0.0,
            "pundecided": 0.9723839114020596,
            "punknown": 0.0,
            "time": 1.298293113708496,
            "percY": 0.0,
            "percN": 0.0,
            "percU": 417.69,
            "percUNK": 0.0,
            "l": 0.0,
            "u": 1.0
        }
    },
    "data": {
        "n_samples": 819,
        "time": 4.004165887832642,
        "repeated_worlds": 768,
        "repeated_progs": 768,
        "unique_progs": 51
    }
}