{
    "status": {
        "~d_37": {
            "yes": 7,
            "no": 0,
            "undecided": 5,
            "unknown": 35,
            "pyes": 0.051718696624337764,
            "pno": 0.0,
            "pundecided": 0.00815620768393052,
            "punknown": 0.9133260300841083,
            "time": 1.1504473686218262,
            "percY": 57.33,
            "percN": 0.0,
            "percU": 40.95,
            "percUNK": 286.65,
            "l": 0.051718696624337764,
            "u": 1.0
        },
        "~a_11": {
            "yes": 1,
            "no": 0,
            "undecided": 46,
            "unknown": 0,
            "pyes": 0.0023614839819872504,
            "pno": 0.0,
            "pundecided": 0.9708394504103893,
            "punknown": 0.0,
            "time": 1.15964937210083,
            "percY": 8.19,
            "percN": 0.0,
            "percU": 376.74,
            "percUNK": 0.0,
            "l": 0.0023614839819872504,
            "u": 1.0
        },
        "a_16": {
            "yes": 1,
            "no": 0,
            "undecided": 46,
            "unknown": 0,
            "pyes": 0.020534643321628257,
            "pno": 0.0,
            "pundecided": 0.9526662910707483,
            "punknown": 0.0,
            "time": 1.1666901111602783,
            "percY": 8.19,
            "percN": 0.0,
            "percU": 376.74,
            "percUNK": 0.0,
            "l": 0.020534643321628257,
            "u": 1.0
        }
    },
    "data": {
        "n_samples": 819,
        "time": 3.583772659301758,
        "repeated_worlds": 772,
        "repeated_progs": 772,
        "unique_progs": 47
    }
}