{
    "status": {
        "d_24": {
            "yes": 57,
            "no": 0,
            "undecided": 3,
            "unknown": 5,
            "pyes": 0.9385448948403349,
            "pno": 0.0,
            "pundecided": 0.005857525576027578,
            "punknown": 0.005942355552850308,
            "time": 1.57448148727417,
            "percY": 466.83,
            "percN": 0.0,
            "percU": 24.57,
            "percUNK": 40.95,
            "l": 0.9385448948403349,
            "u": 1.0,
            "flag": "INTEREST"
        },
        "a_11": {
            "yes": 43,
            "no": 0,
            "undecided": 22,
            "unknown": 0,
            "pyes": 0.8569278557581769,
            "pno": 0.0,
            "pundecided": 0.09341692021103591,
            "punknown": 0.0,
            "time": 1.5755665302276611,
            "percY": 352.17,
            "percN": 0.0,
            "percU": 180.18,
            "percUNK": 0.0,
            "l": 0.8569278557581769,
            "u": 1.0,
            "flag": "INTEREST"
        },
        "a_19": {
            "yes": 23,
            "no": 1,
            "undecided": 41,
            "unknown": 0,
            "pyes": 0.15291443383196884,
            "pno": 0.0006582411017979411,
            "pundecided": 0.796772101035446,
            "punknown": 0.0,
            "time": 1.8558995723724365,
            "percY": 188.37,
            "percN": 8.19,
            "percU": 335.79,
            "percUNK": 0.0,
            "l": 0.15291443383196884,
            "u": 0.9993417588982021
        }
    },
    "data": {
        "n_samples": 819,
        "time": 5.166341543197632,
        "repeated_worlds": 754,
        "repeated_progs": 754,
        "unique_progs": 65
    }
}