{
    "status": {
        "a_5": {
            "yes": 36,
            "no": 0,
            "undecided": 0,
            "unknown": 6,
            "pyes": 0.9747227712009857,
            "pno": 0.0,
            "pundecided": 0.0,
            "punknown": 0.00676824157163071,
            "time": 1.0459771156311035,
            "percY": 294.84,
            "percN": 0.0,
            "percU": 0.0,
            "percUNK": 49.14,
            "l": 0.9747227712009857,
            "u": 1.0,
            "flag": "INTEREST"
        },
        "a_12": {
            "yes": 2,
            "no": 0,
            "undecided": 2,
            "unknown": 38,
            "pyes": 0.002520174473390407,
            "pno": 0.0,
            "pundecided": 0.0313162855504773,
            "punknown": 0.9476545527487487,
            "time": 1.0607578754425049,
            "percY": 16.38,
            "percN": 0.0,
            "percU": 16.38,
            "percUNK": 311.22,
            "l": 0.002520174473390407,
            "u": 1.0
        },
        "a_17": {
            "yes": 4,
            "no": 1,
            "undecided": 37,
            "unknown": 0,
            "pyes": 0.03127691482393617,
            "pno": 0.0021921399885334114,
            "pundecided": 0.9480219579601469,
            "punknown": 0.0,
            "time": 1.04835844039917,
            "percY": 32.76,
            "percN": 8.19,
            "percU": 303.03,
            "percUNK": 0.0,
            "l": 0.03127691482393617,
            "u": 0.9978078600114666
        }
    },
    "data": {
        "n_samples": 819,
        "time": 3.2479147911071777,
        "repeated_worlds": 777,
        "repeated_progs": 777,
        "unique_progs": 42
    }
}