{
    "status": {
        "d_37": {
            "yes": 36,
            "no": 0,
            "undecided": 15,
            "unknown": 2,
            "pyes": 0.881432110491473,
            "pno": 0.0,
            "pundecided": 0.0773936282529784,
            "punknown": 0.004658281638392953,
            "time": 1.3118352890014648,
            "percY": 294.84,
            "percN": 0.0,
            "percU": 122.85,
            "percUNK": 16.38,
            "l": 0.881432110491473,
            "u": 1.0,
            "flag": "INTEREST"
        },
        "a_14": {
            "yes": 17,
            "no": 0,
            "undecided": 36,
            "unknown": 0,
            "pyes": 0.7309921474750933,
            "pno": 0.0,
            "pundecided": 0.23249187290775075,
            "punknown": 0.0,
            "time": 1.3356139659881592,
            "percY": 139.23,
            "percN": 0.0,
            "percU": 294.84,
            "percUNK": 0.0,
            "l": 0.7309921474750933,
            "u": 1.0,
            "flag": "INTEREST"
        },
        "a_16": {
            "yes": 7,
            "no": 3,
            "undecided": 43,
            "unknown": 0,
            "pyes": 0.015382972742829482,
            "pno": 0.012479733053965368,
            "pundecided": 0.9356213145860495,
            "punknown": 0.0,
            "time": 1.4455137252807617,
            "percY": 57.33,
            "percN": 24.57,
            "percU": 352.17,
            "percUNK": 0.0,
            "l": 0.015382972742829482,
            "u": 0.9875202669460347
        }
    },
    "data": {
        "n_samples": 819,
        "time": 4.216064691543579,
        "repeated_worlds": 766,
        "repeated_progs": 766,
        "unique_progs": 53
    }
}