{
    "status": {
        "d_25": {
            "yes": 57,
            "no": 0,
            "undecided": 0,
            "unknown": 4,
            "pyes": 0.9638506721727909,
            "pno": 0.0,
            "pundecided": 0.0,
            "punknown": 0.006799036995196065,
            "time": 1.5215485095977783,
            "percY": 466.83,
            "percN": 0.0,
            "percU": 0.0,
            "percUNK": 32.76,
            "l": 0.9638506721727909,
            "u": 1.0,
            "flag": "INTEREST"
        },
        "~a_11": {
            "yes": 42,
            "no": 0,
            "undecided": 19,
            "unknown": 0,
            "pyes": 0.8537577126122841,
            "pno": 0.0,
            "pundecided": 0.1168919965557031,
            "punknown": 0.0,
            "time": 1.5423972606658936,
            "percY": 343.98,
            "percN": 0.0,
            "percU": 155.61,
            "percUNK": 0.0,
            "l": 0.8537577126122841,
            "u": 1.0,
            "flag": "INTEREST"
        },
        "a_15": {
            "yes": 34,
            "no": 15,
            "undecided": 12,
            "unknown": 0,
            "pyes": 0.8477503813107178,
            "pno": 0.06468431899157515,
            "pundecided": 0.05821500886569405,
            "punknown": 0.0,
            "time": 1.560084342956543,
            "percY": 278.46,
            "percN": 122.85,
            "percU": 98.28,
            "percUNK": 0.0,
            "l": 0.8477503813107178,
            "u": 0.9353156810084249,
            "flag": "INTEREST"
        }
    },
    "data": {
        "n_samples": 819,
        "time": 4.772459983825684,
        "repeated_worlds": 758,
        "repeated_progs": 758,
        "unique_progs": 61
    }
}