{
    "status": {
        "d_41": {
            "yes": 34,
            "no": 0,
            "undecided": 0,
            "unknown": 5,
            "pyes": 0.9576580795581393,
            "pno": 0.0,
            "pundecided": 0.0,
            "punknown": 0.0069335225634869335,
            "time": 0.9915030002593994,
            "percY": 278.46,
            "percN": 0.0,
            "percU": 0.0,
            "percUNK": 40.95,
            "l": 0.9576580795581393,
            "u": 1.0,
            "flag": "INTEREST"
        },
        "a_15": {
            "yes": 11,
            "no": 8,
            "undecided": 20,
            "unknown": 0,
            "pyes": 0.811460849304671,
            "pno": 0.02063887036899965,
            "pundecided": 0.13249188244795582,
            "punknown": 0.0,
            "time": 1.0311782360076904,
            "percY": 90.09,
            "percN": 65.52,
            "percU": 163.8,
            "percUNK": 0.0,
            "l": 0.811460849304671,
            "u": 0.9793611296310003,
            "flag": "INTEREST"
        },
        "~a_17": {
            "yes": 9,
            "no": 9,
            "undecided": 21,
            "unknown": 0,
            "pyes": 0.07632898889551167,
            "pno": 0.7861639199158734,
            "pundecided": 0.10209869331024124,
            "punknown": 0.0,
            "time": 1.0312387943267822,
            "percY": 73.71,
            "percN": 73.71,
            "percU": 171.99,
            "percUNK": 0.0,
            "l": 0.07632898889551167,
            "u": 0.21383608008412658,
            "flag": "INTEREST"
        }
    },
    "data": {
        "n_samples": 819,
        "time": 3.156083583831787,
        "repeated_worlds": 780,
        "repeated_progs": 780,
        "unique_progs": 39
    }
}