{
    "status": {
        "~d_52": {
            "yes": 51,
            "no": 0,
            "undecided": 4,
            "unknown": 0,
            "pyes": 0.9592248571691856,
            "pno": 0.0,
            "pundecided": 0.009730411272701552,
            "punknown": 0.0,
            "time": 1.3575937747955322,
            "percY": 417.69,
            "percN": 0.0,
            "percU": 32.76,
            "percUNK": 0.0,
            "l": 0.9592248571691856,
            "u": 1.0,
            "flag": "INTEREST"
        },
        "a_16": {
            "yes": 0,
            "no": 0,
            "undecided": 55,
            "unknown": 0,
            "pyes": 0.0,
            "pno": 0.0,
            "pundecided": 0.9689552684418871,
            "punknown": 0.0,
            "time": 1.3655261993408203,
            "percY": 0.0,
            "percN": 0.0,
            "percU": 450.45,
            "percUNK": 0.0,
            "l": 0.0,
            "u": 1.0
        },
        "a_20": {
            "yes": 35,
            "no": 4,
            "undecided": 16,
            "unknown": 0,
            "pyes": 0.8933496299473468,
            "pno": 0.0053922565407155025,
            "pundecided": 0.07021338195382476,
            "punknown": 0.0,
            "time": 1.3867688179016113,
            "percY": 286.65,
            "percN": 32.76,
            "percU": 131.04,
            "percUNK": 0.0,
            "l": 0.8933496299473468,
            "u": 0.9946077434592845,
            "flag": "INTEREST"
        }
    },
    "data": {
        "n_samples": 819,
        "time": 4.238331079483032,
        "repeated_worlds": 764,
        "repeated_progs": 764,
        "unique_progs": 55
    }
}