{
    "status": {
        "~d_16": {
            "yes": 34,
            "no": 0,
            "undecided": 20,
            "unknown": 0,
            "pyes": 0.011158139990564779,
            "pno": 0.0,
            "pundecided": 0.0019906255681583244,
            "punknown": 0.0,
            "time": 1.7260966300964355,
            "percY": 9.18,
            "percN": 0.0,
            "percU": 5.4,
            "percUNK": 0.0,
            "l": 0.011158139990564779,
            "u": 1.0
        },
        "a_5": {
            "yes": 54,
            "no": 0,
            "undecided": 0,
            "unknown": 0,
            "pyes": 0.013148765558723106,
            "pno": 0.0,
            "pundecided": 0.0,
            "punknown": 0.0,
            "time": 1.7074432373046875,
            "percY": 14.58,
            "percN": 0.0,
            "percU": 0.0,
            "percUNK": 0.0,
            "l": 0.013148765558723106,
            "u": 1.0
        },
        "~a_7": {
            "yes": 38,
            "no": 12,
            "undecided": 4,
            "unknown": 0,
            "pyes": 0.01313145377229458,
            "pno": 3.0988097714305107e-10,
            "pundecided": 1.7311476547547772e-05,
            "punknown": 0.0,
            "time": 1.765214443206787,
            "percY": 10.26,
            "percN": 3.24,
            "percU": 1.08,
            "percUNK": 0.0,
            "l": 0.01313145377229458,
            "u": 0.999999999690119
        }
    },
    "data": {
        "n_samples": 27,
        "time": 3.1831531524658203,
        "repeated_programs": 0,
        "inconsistent_programs": 0,
        "worlds_consulted": 384
    }
}