{
    "status": {
        "d_17": {
            "yes": 61,
            "no": 0,
            "undecided": 0,
            "unknown": 13,
            "pyes": 0.0005341062983884152,
            "pno": 0.0,
            "pundecided": 0.0,
            "punknown": 1.9006762847730498e-05,
            "time": 2.2874414920806885,
            "percY": 26.23,
            "percN": 0.0,
            "percU": 0.0,
            "percUNK": 5.59,
            "l": 0.0005341062983884152,
            "u": 1.0
        },
        "~a_7": {
            "yes": 16,
            "no": 40,
            "undecided": 18,
            "unknown": 0,
            "pyes": 4.0685950060348324e-10,
            "pno": 0.0003829926996355014,
            "pundecided": 0.00017011995474114366,
            "punknown": 0.0,
            "time": 2.3368921279907227,
            "percY": 6.88,
            "percN": 17.2,
            "percU": 7.74,
            "percUNK": 0.0,
            "l": 4.0685950060348324e-10,
            "u": 0.9996170073003645
        },
        "a_7": {
            "yes": 40,
            "no": 16,
            "undecided": 18,
            "unknown": 0,
            "pyes": 0.0003829926996355014,
            "pno": 4.0685950060348324e-10,
            "pundecided": 0.00017011995474114366,
            "punknown": 0.0,
            "time": 2.4279160499572754,
            "percY": 17.2,
            "percN": 6.88,
            "percU": 7.74,
            "percUNK": 0.0,
            "l": 0.0003829926996355014,
            "u": 0.9999999995931405
        }
    },
    "data": {
        "n_samples": 43,
        "time": 4.74199652671814,
        "repeated_programs": 1,
        "inconsistent_programs": 10,
        "worlds_consulted": 384
    }
}