{
    "status": {
        "a_1": {
            "yes": 32,
            "no": 0,
            "undecided": 0,
            "unknown": 0,
            "pyes": 0.014664962391843596,
            "pno": 0.0,
            "pundecided": 0.0,
            "punknown": 0.0,
            "time": 0.9586615562438965,
            "percY": 5.12,
            "percN": 0.0,
            "percU": 0.0,
            "percUNK": 0.0,
            "l": 0.014664962391843596,
            "u": 1.0
        },
        "a_5": {
            "yes": 16,
            "no": 0,
            "undecided": 16,
            "unknown": 0,
            "pyes": 0.014541845492555466,
            "pno": 0.0,
            "pundecided": 0.0001231168992881291,
            "punknown": 0.0,
            "time": 0.9294919967651367,
            "percY": 2.56,
            "percN": 0.0,
            "percU": 2.56,
            "percUNK": 0.0,
            "l": 0.014541845492555466,
            "u": 1.0
        },
        "~a_8": {
            "yes": 0,
            "no": 0,
            "undecided": 32,
            "unknown": 0,
            "pyes": 0.0,
            "pno": 0.0,
            "pundecided": 0.014664962391843596,
            "punknown": 0.0,
            "time": 1.0059013366699219,
            "percY": 0.0,
            "percN": 0.0,
            "percU": 5.12,
            "percUNK": 0.0,
            "l": 0.0,
            "u": 1.0
        }
    },
    "data": {
        "n_samples": 16,
        "time": 1.8677732944488525,
        "repeated_programs": 0,
        "inconsistent_programs": 0,
        "worlds_consulted": 284
    }
}