{
    "status": {
        "a_1": {
            "yes": 24,
            "no": 0,
            "undecided": 0,
            "unknown": 8,
            "pyes": 0.000813435031230694,
            "pno": 0.0,
            "pundecided": 0.0,
            "punknown": 0.011879690989972859,
            "time": 1.0550479888916016,
            "percY": 3.84,
            "percN": 0.0,
            "percU": 0.0,
            "percUNK": 1.28,
            "l": 0.000813435031230694,
            "u": 1.0
        },
        "a_5": {
            "yes": 24,
            "no": 0,
            "undecided": 0,
            "unknown": 8,
            "pyes": 0.0009092546492600758,
            "pno": 0.0,
            "pundecided": 0.0,
            "punknown": 0.011783871371943477,
            "time": 0.9671440124511719,
            "percY": 3.84,
            "percN": 0.0,
            "percU": 0.0,
            "percUNK": 1.28,
            "l": 0.0009092546492600758,
            "u": 1.0
        },
        "a_8": {
            "yes": 22,
            "no": 8,
            "undecided": 2,
            "unknown": 0,
            "pyes": 0.012306920896424952,
            "pno": 0.00038558107695209294,
            "pundecided": 6.240478265042502e-07,
            "punknown": 0.0,
            "time": 0.9727249145507812,
            "percY": 3.52,
            "percN": 1.28,
            "percU": 0.32,
            "percUNK": 0.0,
            "l": 0.012306920896424952,
            "u": 0.9996144189230479
        }
    },
    "data": {
        "n_samples": 16,
        "time": 2.047365188598633,
        "repeated_programs": 0,
        "inconsistent_programs": 0,
        "worlds_consulted": 346
    }
}