{
    "status": {
        "~d_12": {
            "yes": 32,
            "no": 0,
            "undecided": 0,
            "unknown": 0,
            "pyes": 0.10807487180887415,
            "pno": 0.0,
            "pundecided": 0.0,
            "punknown": 0.0,
            "time": 1.0345659255981445,
            "percY": 5.76,
            "percN": 0.0,
            "percU": 0.0,
            "percUNK": 0.0,
            "l": 0.10807487180887415,
            "u": 1.0
        },
        "~a_7": {
            "yes": 10,
            "no": 4,
            "undecided": 18,
            "unknown": 0,
            "pyes": 2.7931204508061444e-06,
            "pno": 6.305128603680337e-07,
            "pundecided": 0.108071448175563,
            "punknown": 0.0,
            "time": 1.0116453170776367,
            "percY": 1.8,
            "percN": 0.72,
            "percU": 3.24,
            "percUNK": 0.0,
            "l": 2.7931204508061444e-06,
            "u": 0.9999993694871396
        },
        "a_8": {
            "yes": 12,
            "no": 2,
            "undecided": 18,
            "unknown": 0,
            "pyes": 3.4236187610195147e-06,
            "pno": 1.4550154663521795e-11,
            "pundecided": 0.108071448175563,
            "punknown": 0.0,
            "time": 1.0637192726135254,
            "percY": 2.16,
            "percN": 0.36,
            "percU": 3.24,
            "percUNK": 0.0,
            "l": 3.4236187610195147e-06,
            "u": 0.9999999999854499
        }
    },
    "data": {
        "n_samples": 18,
        "time": 3.2240750789642334,
        "repeated_programs": 2,
        "inconsistent_programs": 0,
        "worlds_consulted": 1616
    }
}