{
    "status": {
        "a_1": {
            "yes": 5,
            "no": 0,
            "undecided": 0,
            "unknown": 0,
            "pyes": 4.197712103598619e-05,
            "pno": 0.0,
            "pundecided": 0.0,
            "punknown": 0.0,
            "time": 0.1694624423980713,
            "percY": 0.15,
            "percN": 0.0,
            "percU": 0.0,
            "percUNK": 0.0,
            "l": 4.197712103598619e-05,
            "u": 1.0
        },
        "a_8": {
            "yes": 0,
            "no": 5,
            "undecided": 0,
            "unknown": 0,
            "pyes": 0.0,
            "pno": 4.197712103598619e-05,
            "pundecided": 0.0,
            "punknown": 0.0,
            "time": 0.18428540229797363,
            "percY": 0.0,
            "percN": 0.15,
            "percU": 0.0,
            "percUNK": 0.0,
            "l": 0.0,
            "u": 0.999958022878964
        }
    },
    "data": {
        "n_samples": 3,
        "time": 0.2459244728088379,
        "repeated_programs": 0,
        "inconsistent_programs": 1,
        "worlds_consulted": 8
    }
}