{
    "status": {
        "a_0": {
            "yes": 38,
            "no": 0,
            "undecided": 0,
            "unknown": 0,
            "pyes": 9.913798499865188e-05,
            "pno": 0.0,
            "pundecided": 0.0,
            "punknown": 0.0,
            "time": 0.8662118911743164,
            "percY": 7.22,
            "percN": 0.0,
            "percU": 0.0,
            "percUNK": 0.0,
            "l": 9.913798499865188e-05,
            "u": 1.0
        },
        "a_5": {
            "yes": 24,
            "no": 0,
            "undecided": 10,
            "unknown": 4,
            "pyes": 9.096596125336173e-08,
            "pno": 0.0,
            "pundecided": 9.90470190373985e-05,
            "punknown": 0.0,
            "time": 0.8449201583862305,
            "percY": 4.56,
            "percN": 0.0,
            "percU": 1.9,
            "percUNK": 0.76,
            "l": 9.096596125336173e-08,
            "u": 1.0
        },
        "a_7": {
            "yes": 16,
            "no": 22,
            "undecided": 0,
            "unknown": 0,
            "pyes": 3.4052394250059504e-08,
            "pno": 9.910393260440182e-05,
            "pundecided": 0.0,
            "punknown": 0.0,
            "time": 0.9025177955627441,
            "percY": 3.04,
            "percN": 4.18,
            "percU": 0.0,
            "percUNK": 0.0,
            "l": 3.4052394250059504e-08,
            "u": 0.9999008960673956
        }
    },
    "data": {
        "n_samples": 19,
        "time": 2.3889451026916504,
        "repeated_programs": 0,
        "inconsistent_programs": 0,
        "worlds_consulted": 1098
    }
}