{
    "status": {
        "d_18": {
            "yes": 14,
            "no": 0,
            "undecided": 52,
            "unknown": 0,
            "pyes": 0.0907287459938423,
            "pno": 0.0,
            "pundecided": 0.09860329446532068,
            "punknown": 0.0,
            "time": 1.285684585571289,
            "percY": 4.9,
            "percN": 0.0,
            "percU": 18.2,
            "percUNK": 0.0,
            "l": 0.0907287459938423,
            "u": 1.0
        },
        "a_9": {
            "yes": 34,
            "no": 32,
            "undecided": 0,
            "unknown": 0,
            "pyes": 0.09504099928319835,
            "pno": 0.09429104117596462,
            "pundecided": 0.0,
            "punknown": 0.0,
            "time": 1.3059806823730469,
            "percY": 11.9,
            "percN": 11.2,
            "percU": 0.0,
            "percUNK": 0.0,
            "l": 0.09504099928319835,
            "u": 0.9057089588240353
        }
    },
    "data": {
        "n_samples": 35,
        "time": 1.89322829246521,
        "repeated_programs": 2,
        "inconsistent_programs": 0,
        "worlds_consulted": 636
    }
}