{
    "status": {
        "a_3": {
            "yes": 36,
            "no": 0,
            "undecided": 12,
            "unknown": 0,
            "pyes": 0.003201902091398449,
            "pno": 0.0,
            "pundecided": 5.495761198138062e-06,
            "punknown": 0.0,
            "time": 1.2865219116210938,
            "percY": 8.64,
            "percN": 0.0,
            "percU": 2.88,
            "percUNK": 0.0,
            "l": 0.003201902091398449,
            "u": 1.0
        },
        "a_8": {
            "yes": 26,
            "no": 6,
            "undecided": 16,
            "unknown": 0,
            "pyes": 9.573747824492702e-06,
            "pno": 5.397024140006399e-07,
            "pundecided": 0.0031972844023580938,
            "punknown": 0.0,
            "time": 1.3043088912963867,
            "percY": 6.24,
            "percN": 1.44,
            "percU": 3.84,
            "percUNK": 0.0,
            "l": 9.573747824492702e-06,
            "u": 0.999999460297586
        },
        "~a_7": {
            "yes": 16,
            "no": 16,
            "undecided": 16,
            "unknown": 0,
            "pyes": 0.0006368357129775758,
            "pno": 0.0025581761592176886,
            "pundecided": 1.2385980401323165e-05,
            "punknown": 0.0,
            "time": 1.3096923828125,
            "percY": 3.84,
            "percN": 3.84,
            "percU": 3.84,
            "percUNK": 0.0,
            "l": 0.0006368357129775758,
            "u": 0.9974418238407823
        }
    },
    "data": {
        "n_samples": 24,
        "time": 2.2417984008789062,
        "repeated_programs": 0,
        "inconsistent_programs": 0,
        "worlds_consulted": 104
    }
}