{
    "status": {
        "d_14": {
            "yes": 950,
            "no": 0,
            "undecided": 732,
            "unknown": 90,
            "pyes": 0.002583515583787885,
            "pno": 0.0,
            "pundecided": 0.048665949984006085,
            "punknown": 4.202830203217694e-06,
            "time": 54.96107244491577,
            "percY": 8550.0,
            "percN": 0.0,
            "percU": 6588.0,
            "percUNK": 810.0,
            "l": 0.002583515583787885,
            "u": 1.0
        },
        "a_5": {
            "yes": 1122,
            "no": 0,
            "undecided": 582,
            "unknown": 68,
            "pyes": 0.0039394171274816595,
            "pno": 0.0,
            "pundecided": 0.04704877153431494,
            "punknown": 0.00026547973620060276,
            "time": 55.21191644668579,
            "percY": 10098.0,
            "percN": 0.0,
            "percU": 5238.0,
            "percUNK": 612.0,
            "l": 0.0039394171274816595,
            "u": 1.0
        },
        "~a_8": {
            "yes": 72,
            "no": 902,
            "undecided": 798,
            "unknown": 0,
            "pyes": 2.1256092762815453e-10,
            "pno": 0.004844284996778252,
            "pundecided": 0.04640938318865802,
            "punknown": 0.0,
            "time": 55.610315799713135,
            "percY": 648.0,
            "percN": 8118.0,
            "percU": 7182.0,
            "percUNK": 0.0,
            "l": 2.1256092762815453e-10,
            "u": 0.9951557150032218
        }
    },
    "data": {
        "n_samples": 900,
        "time": 141.86458778381348,
        "repeated_programs": 14,
        "inconsistent_programs": 0,
        "worlds_consulted": 12565
    }
}