{
    "status": {
        "a_0": {
            "yes": 2824,
            "no": 0,
            "undecided": 174,
            "unknown": 410,
            "pyes": 0.07534250591974778,
            "pno": 0.0,
            "pundecided": 0.002129177566877363,
            "punknown": 0.003978386652538814,
            "time": 95.04111576080322,
            "percY": 49109.36,
            "percN": 0.0,
            "percU": 3025.86,
            "percUNK": 7129.9,
            "l": 0.07534250591974778,
            "u": 1.0
        },
        "a_7": {
            "yes": 982,
            "no": 638,
            "undecided": 1758,
            "unknown": 30,
            "pyes": 0.011275950797004577,
            "pno": 0.06354541772643033,
            "pundecided": 0.006618175425382825,
            "punknown": 1.0526190346256493e-05,
            "time": 95.2557201385498,
            "percY": 17076.98,
            "percN": 11094.82,
            "percU": 30571.62,
            "percUNK": 521.7,
            "l": 0.011275950797004577,
            "u": 0.9364545822735697
        },
        "~a_7": {
            "yes": 638,
            "no": 982,
            "undecided": 1758,
            "unknown": 30,
            "pyes": 0.06354541772643033,
            "pno": 0.011275950797004577,
            "pundecided": 0.006618175425382825,
            "punknown": 1.0526190346256493e-05,
            "time": 96.83791494369507,
            "percY": 11094.82,
            "percN": 17076.98,
            "percU": 30571.62,
            "percUNK": 521.7,
            "l": 0.06354541772643033,
            "u": 0.9887240492029954
        }
    },
    "data": {
        "n_samples": 1739,
        "time": 234.39075350761414,
        "repeated_programs": 35,
        "inconsistent_programs": 0,
        "worlds_consulted": 13361
    }
}