{
    "status": {
        "~a_1": {
            "yes": 2926,
            "no": 0,
            "undecided": 0,
            "unknown": 666,
            "pyes": 0.015528093621841314,
            "pno": 0.0,
            "pundecided": 0.0,
            "punknown": 0.0001642014422124167,
            "time": 100.28434324264526,
            "percY": 53809.14,
            "percN": 0.0,
            "percU": 0.0,
            "percUNK": 12247.74,
            "l": 0.015528093621841314,
            "u": 1.0
        },
        "a_5": {
            "yes": 1614,
            "no": 0,
            "undecided": 1970,
            "unknown": 8,
            "pyes": 0.0018478434619043592,
            "pno": 0.0,
            "pundecided": 0.01384445160214937,
            "punknown": 0.0,
            "time": 100.42331790924072,
            "percY": 29681.46,
            "percN": 0.0,
            "percU": 36228.3,
            "percUNK": 147.12,
            "l": 0.0018478434619043592,
            "u": 1.0
        },
        "a_7": {
            "yes": 658,
            "no": 560,
            "undecided": 2352,
            "unknown": 22,
            "pyes": 0.0003075053852328558,
            "pno": 0.0015178216487887076,
            "pundecided": 0.01386696803003217,
            "punknown": 0.0,
            "time": 103.53256702423096,
            "percY": 12100.62,
            "percN": 10298.4,
            "percU": 43253.28,
            "percUNK": 404.58,
            "l": 0.0003075053852328558,
            "u": 0.9984821783512113
        }
    },
    "data": {
        "n_samples": 1839,
        "time": 242.79913115501404,
        "repeated_programs": 43,
        "inconsistent_programs": 0,
        "worlds_consulted": 13120
    }
}