{
    "status": {
        "d_12": {
            "yes": 882,
            "no": 0,
            "undecided": 3656,
            "unknown": 2556,
            "pyes": 5.246407283429193e-07,
            "pno": 0.0,
            "pundecided": 0.0036748053965065374,
            "punknown": 0.05746488084231838,
            "time": 198.67414617538452,
            "percY": 32113.62,
            "percN": 0.0,
            "percU": 133114.96,
            "percUNK": 93063.96,
            "l": 5.246407283429193e-07,
            "u": 1.0
        },
        "a_8": {
            "yes": 228,
            "no": 172,
            "undecided": 6486,
            "unknown": 208,
            "pyes": 5.192319521043179e-07,
            "pno": 1.7158299399095726e-05,
            "pundecided": 0.061115565985407724,
            "punknown": 6.967362794476194e-06,
            "time": 198.6570291519165,
            "percY": 8301.48,
            "percN": 6262.52,
            "percU": 236155.26,
            "percUNK": 7573.28,
            "l": 5.192319521043179e-07,
            "u": 0.9999828417006009
        }
    },
    "data": {
        "n_samples": 3641,
        "time": 382.1368269920349,
        "repeated_programs": 94,
        "inconsistent_programs": 0,
        "worlds_consulted": 12979
    }
}