{
    "status": {
        "~a_2": {
            "yes": 1552,
            "no": 0,
            "undecided": 0,
            "unknown": 316,
            "pyes": 0.10820969161295672,
            "pno": 0.0,
            "pundecided": 0.0,
            "punknown": 0.000230565261697032,
            "time": 44.39539670944214,
            "percY": 14945.76,
            "percN": 0.0,
            "percU": 0.0,
            "percUNK": 3043.08,
            "l": 0.10820969161295672,
            "u": 1.0
        },
        "~a_5": {
            "yes": 696,
            "no": 0,
            "undecided": 1160,
            "unknown": 12,
            "pyes": 0.0994597252906136,
            "pno": 0.0,
            "pundecided": 0.008980317144193173,
            "punknown": 2.144398469647138e-07,
            "time": 44.83953523635864,
            "percY": 6702.48,
            "percN": 0.0,
            "percU": 11170.8,
            "percUNK": 115.56,
            "l": 0.0994597252906136,
            "u": 1.0
        },
        "a_8": {
            "yes": 402,
            "no": 430,
            "undecided": 1036,
            "unknown": 0,
            "pyes": 0.006694813357283504,
            "pno": 0.09599798733554325,
            "pundecided": 0.00574745618182698,
            "punknown": 0.0,
            "time": 45.15713691711426,
            "percY": 3871.26,
            "percN": 4140.9,
            "percU": 9976.68,
            "percUNK": 0.0,
            "l": 0.006694813357283504,
            "u": 0.9040020126644568
        }
    },
    "data": {
        "n_samples": 963,
        "time": 114.6922516822815,
        "repeated_programs": 29,
        "inconsistent_programs": 0,
        "worlds_consulted": 12094
    }
}