{
    "status": {
        "d_14": {
            "yes": 2156,
            "no": 0,
            "undecided": 454,
            "unknown": 100,
            "pyes": 0.001635622668584308,
            "pno": 0.0,
            "pundecided": 0.0016842628710450488,
            "punknown": 0.0014176730048732797,
            "time": 66.10321235656738,
            "percY": 29882.16,
            "percN": 0.0,
            "percU": 6292.44,
            "percUNK": 1386.0,
            "l": 0.001635622668584308,
            "u": 1.0
        },
        "a_6": {
            "yes": 1024,
            "no": 0,
            "undecided": 698,
            "unknown": 988,
            "pyes": 0.002188721488894021,
            "pno": 0.0,
            "pundecided": 0.0012180212925671648,
            "punknown": 0.0013308157630414481,
            "time": 66.30104875564575,
            "percY": 14192.64,
            "percN": 0.0,
            "percU": 9674.28,
            "percUNK": 13693.68,
            "l": 0.002188721488894021,
            "u": 1.0
        },
        "a_8": {
            "yes": 686,
            "no": 282,
            "undecided": 1692,
            "unknown": 50,
            "pyes": 0.00015932063956554894,
            "pno": 0.001569776118293093,
            "pundecided": 0.0030082291822210376,
            "punknown": 2.326044229544967e-07,
            "time": 66.95041847229004,
            "percY": 9507.96,
            "percN": 3908.52,
            "percU": 23451.12,
            "percUNK": 693.0,
            "l": 0.00015932063956554894,
            "u": 0.9984302238817069
        }
    },
    "data": {
        "n_samples": 1386,
        "time": 166.01053380966187,
        "repeated_programs": 31,
        "inconsistent_programs": 0,
        "worlds_consulted": 13517
    }
}