{
    "status": {
        "a_4": {
            "yes": 416,
            "no": 0,
            "undecided": 0,
            "unknown": 2552,
            "pyes": 0.0002427553192398436,
            "pno": 0.0,
            "pundecided": 0.0,
            "punknown": 0.6047643717453728,
            "time": 70.05347108840942,
            "percY": 6298.24,
            "percN": 0.0,
            "percU": 0.0,
            "percUNK": 38637.28,
            "l": 0.0002427553192398436,
            "u": 1.0
        },
        "a_9": {
            "yes": 1232,
            "no": 632,
            "undecided": 1082,
            "unknown": 22,
            "pyes": 0.581927057340359,
            "pno": 0.006713084131816615,
            "pundecided": 0.016365143048155437,
            "punknown": 1.84254428095687e-06,
            "time": 71.25778722763062,
            "percY": 18652.48,
            "percN": 9568.48,
            "percU": 16381.48,
            "percUNK": 333.08,
            "l": 0.581927057340359,
            "u": 0.9932869158681834,
            "flag": "INTEREST"
        }
    },
    "data": {
        "n_samples": 1514,
        "time": 141.35259628295898,
        "repeated_programs": 30,
        "inconsistent_programs": 0,
        "worlds_consulted": 12520
    }
}