{
    "status": {
        "a_3": {
            "yes": 836,
            "no": 0,
            "undecided": 0,
            "unknown": 3346,
            "pyes": 0.007124701077226365,
            "pno": 0.0,
            "pundecided": 0.0,
            "punknown": 0.014161522722773741,
            "time": 96.58070659637451,
            "percY": 17932.2,
            "percN": 0.0,
            "percU": 0.0,
            "percUNK": 71771.7,
            "l": 0.007124701077226365,
            "u": 1.0
        },
        "a_9": {
            "yes": 98,
            "no": 60,
            "undecided": 3814,
            "unknown": 210,
            "pyes": 3.3281203824254186e-07,
            "pno": 3.188682988983782e-07,
            "pundecided": 0.021280808250968886,
            "punknown": 4.7638686940919645e-06,
            "time": 96.83489418029785,
            "percY": 2102.1,
            "percN": 1287.0,
            "percU": 81810.3,
            "percUNK": 4504.5,
            "l": 3.3281203824254186e-07,
            "u": 0.9999996811317011
        },
        "a_7": {
            "yes": 370,
            "no": 318,
            "undecided": 3488,
            "unknown": 6,
            "pyes": 5.6684873792593336e-05,
            "pno": 9.059377641401127e-06,
            "pundecided": 0.021220322567639734,
            "punknown": 1.569809263848431e-07,
            "time": 97.50048398971558,
            "percY": 7936.5,
            "percN": 6821.1,
            "percU": 74817.6,
            "percUNK": 128.7,
            "l": 5.6684873792593336e-05,
            "u": 0.9999909406223586
        }
    },
    "data": {
        "n_samples": 2145,
        "time": 244.40584540367126,
        "repeated_programs": 54,
        "inconsistent_programs": 0,
        "worlds_consulted": 13601
    }
}