{
    "status": {
        "d_67": {
            "yes": 484,
            "no": 0,
            "undecided": 125,
            "unknown": 141,
            "pyes": 0.05954853846400488,
            "pno": 0.0,
            "pundecided": 0.05544793335171359,
            "punknown": 0.00018843091565017987,
            "time": 21.265013694763184,
            "percY": 3963.96,
            "percN": 0.0,
            "percU": 1023.75,
            "percUNK": 1154.79,
            "l": 0.05954853846400488,
            "u": 1.0
        },
        "~a_13": {
            "yes": 590,
            "no": 0,
            "undecided": 160,
            "unknown": 0,
            "pyes": 0.11346700420109915,
            "pno": 0.0,
            "pundecided": 0.0017178985302695002,
            "punknown": 0.0,
            "time": 21.275034189224243,
            "percY": 4832.1,
            "percN": 0.0,
            "percU": 1310.4,
            "percUNK": 0.0,
            "l": 0.11346700420109915,
            "u": 1.0
        },
        "a_17": {
            "yes": 38,
            "no": 27,
            "undecided": 683,
            "unknown": 2,
            "pyes": 0.0013005142173560973,
            "pno": 0.0009660299665173826,
            "pundecided": 0.11289823319814256,
            "punknown": 2.0125349352620693e-05,
            "time": 21.45432162284851,
            "percY": 311.22,
            "percN": 221.13,
            "percU": 5593.77,
            "percUNK": 16.38,
            "l": 0.0013005142173560973,
            "u": 0.9990339700334826
        }
    },
    "data": {
        "n_samples": 819,
        "time": 65.96563291549683,
        "repeated_worlds": 69,
        "repeated_progs": 69,
        "unique_progs": 750
    }
}