{
    "status": {
        "~d_43": {
            "yes": 98,
            "no": 0,
            "undecided": 386,
            "unknown": 255,
            "pyes": 0.003032179536916588,
            "pno": 0.0,
            "pundecided": 0.0823530027799417,
            "punknown": 0.0,
            "time": 17.919849157333374,
            "percY": 802.62,
            "percN": 0.0,
            "percU": 3161.34,
            "percUNK": 2088.45,
            "l": 0.003032179536916588,
            "u": 1.0
        },
        "a_15": {
            "yes": 50,
            "no": 0,
            "undecided": 684,
            "unknown": 5,
            "pyes": 0.00301677161137632,
            "pno": 0.0,
            "pundecided": 0.08236840624790787,
            "punknown": 4.4575741007999995e-09,
            "time": 17.829978704452515,
            "percY": 409.5,
            "percN": 0.0,
            "percU": 5601.96,
            "percUNK": 40.95,
            "l": 0.00301677161137632,
            "u": 1.0
        },
        "~a_17": {
            "yes": 2,
            "no": 38,
            "undecided": 699,
            "unknown": 0,
            "pyes": 0.0,
            "pno": 0.0029045901414384,
            "pundecided": 0.08248059217541989,
            "punknown": 0.0,
            "time": 19.734728574752808,
            "percY": 16.38,
            "percN": 311.22,
            "percU": 5724.81,
            "percUNK": 0.0,
            "l": 0.0,
            "u": 0.9970954098585616
        }
    },
    "data": {
        "n_samples": 819,
        "time": 57.18214273452759,
        "repeated_worlds": 80,
        "repeated_progs": 80,
        "unique_progs": 739
    }
}