{
    "status": {
        "a_0": {
            "yes": 668,
            "no": 0,
            "undecided": 93,
            "unknown": 0,
            "pyes": 0.6475560623341914,
            "pno": 0.0,
            "pundecided": 0.005624333013881921,
            "punknown": 0.0,
            "time": 18.111677408218384,
            "percY": 5470.92,
            "percN": 0.0,
            "percU": 761.67,
            "percUNK": 0.0,
            "l": 0.6475560623341914,
            "u": 1.0,
            "flag": "INTEREST"
        },
        "a_14": {
            "yes": 310,
            "no": 0,
            "undecided": 448,
            "unknown": 3,
            "pyes": 0.0001878763940767903,
            "pno": 0.0,
            "pundecided": 0.6529921643322617,
            "punknown": 3.5462173507199995e-07,
            "time": 18.235090494155884,
            "percY": 2538.9,
            "percN": 0.0,
            "percU": 3669.12,
            "percUNK": 24.57,
            "l": 0.0001878763940767903,
            "u": 1.0
        },
        "~a_19": {
            "yes": 36,
            "no": 49,
            "undecided": 676,
            "unknown": 0,
            "pyes": 3.0563421167946234e-06,
            "pno": 1.307188463768256e-06,
            "pundecided": 0.6531760318174928,
            "punknown": 0.0,
            "time": 18.40674901008606,
            "percY": 294.84,
            "percN": 401.31,
            "percU": 5536.44,
            "percUNK": 0.0,
            "l": 3.0563421167946234e-06,
            "u": 0.9999986928115362
        }
    },
    "data": {
        "n_samples": 819,
        "time": 56.22030997276306,
        "repeated_worlds": 58,
        "repeated_progs": 59,
        "unique_progs": 760
    }
}