{
    "status": {
        "d_74": {
            "yes": 645,
            "no": 0,
            "undecided": 59,
            "unknown": 36,
            "pyes": 0.048393513382500065,
            "pno": 0.0,
            "pundecided": 4.8802984724655724e-05,
            "punknown": 0.00021189932515072051,
            "time": 17.220189571380615,
            "percY": 5282.55,
            "percN": 0.0,
            "percU": 483.21,
            "percUNK": 294.84,
            "l": 0.048393513382500065,
            "u": 1.0
        },
        "~a_13": {
            "yes": 288,
            "no": 0,
            "undecided": 452,
            "unknown": 0,
            "pyes": 0.004332138030645503,
            "pno": 0.0,
            "pundecided": 0.04432207766172994,
            "punknown": 0.0,
            "time": 17.380911350250244,
            "percY": 2358.72,
            "percN": 0.0,
            "percU": 3701.88,
            "percUNK": 0.0,
            "l": 0.004332138030645503,
            "u": 1.0
        },
        "a_15": {
            "yes": 453,
            "no": 10,
            "undecided": 277,
            "unknown": 0,
            "pyes": 0.03651996840350518,
            "pno": 3.2919121385513998e-06,
            "pundecided": 0.01213095537673171,
            "punknown": 0.0,
            "time": 17.741703748703003,
            "percY": 3710.07,
            "percN": 81.9,
            "percU": 2268.63,
            "percUNK": 0.0,
            "l": 0.03651996840350518,
            "u": 0.9999967080878615
        }
    },
    "data": {
        "n_samples": 819,
        "time": 54.112284421920776,
        "repeated_worlds": 79,
        "repeated_progs": 79,
        "unique_progs": 740
    }
}