{
    "status": {
        "~d_60": {
            "yes": 650,
            "no": 0,
            "undecided": 0,
            "unknown": 96,
            "pyes": 0.6726162887403581,
            "pno": 0.0,
            "pundecided": 0.0,
            "punknown": 7.208521647017409e-05,
            "time": 17.39768624305725,
            "percY": 5323.5,
            "percN": 0.0,
            "percU": 0.0,
            "percUNK": 786.24,
            "l": 0.6726162887403581,
            "u": 1.0,
            "flag": "INTEREST"
        },
        "~a_11": {
            "yes": 310,
            "no": 0,
            "undecided": 434,
            "unknown": 2,
            "pyes": 0.6632187017655307,
            "pno": 0.0,
            "pundecided": 0.009469671751120432,
            "punknown": 4.40177836032e-10,
            "time": 17.458922624588013,
            "percY": 2538.9,
            "percN": 0.0,
            "percU": 3554.46,
            "percUNK": 16.38,
            "l": 0.6632187017655307,
            "u": 1.0,
            "flag": "INTEREST"
        },
        "a_17": {
            "yes": 21,
            "no": 317,
            "undecided": 408,
            "unknown": 0,
            "pyes": 6.30530294029632e-07,
            "pno": 0.008127248840397906,
            "pundecided": 0.6645604945861368,
            "punknown": 0.0,
            "time": 17.784315586090088,
            "percY": 171.99,
            "percN": 2596.23,
            "percU": 3341.52,
            "percUNK": 0.0,
            "l": 6.30530294029632e-07,
            "u": 0.991872751159602
        }
    },
    "data": {
        "n_samples": 819,
        "time": 54.229806423187256,
        "repeated_worlds": 73,
        "repeated_progs": 73,
        "unique_progs": 746
    }
}