{
    "status": {
        "d_39": {
            "yes": 90,
            "no": 0,
            "undecided": 391,
            "unknown": 258,
            "pyes": 0.05805352739619818,
            "pno": 0.0,
            "pundecided": 0.0018905610940314484,
            "punknown": 0.017165648958957346,
            "time": 17.001969814300537,
            "percY": 737.1,
            "percN": 0.0,
            "percU": 3202.29,
            "percUNK": 2113.02,
            "l": 0.05805352739619818,
            "u": 1.0
        },
        "a_13": {
            "yes": 35,
            "no": 0,
            "undecided": 681,
            "unknown": 23,
            "pyes": 4.7358487662360574e-08,
            "pno": 0.0,
            "pundecided": 0.07344416379649066,
            "punknown": 0.0036655262942085374,
            "time": 16.96705985069275,
            "percY": 286.65,
            "percN": 0.0,
            "percU": 5577.39,
            "percUNK": 188.37,
            "l": 4.7358487662360574e-08,
            "u": 1.0
        },
        "~a_15": {
            "yes": 281,
            "no": 166,
            "undecided": 292,
            "unknown": 0,
            "pyes": 0.07085751919206759,
            "pno": 0.003419604598055352,
            "pundecided": 0.0028326136590640294,
            "punknown": 0.0,
            "time": 18.06831693649292,
            "percY": 2301.39,
            "percN": 1359.54,
            "percU": 2391.48,
            "percUNK": 0.0,
            "l": 0.07085751919206759,
            "u": 0.9965803954019447
        }
    },
    "data": {
        "n_samples": 819,
        "time": 53.54383969306946,
        "repeated_worlds": 80,
        "repeated_progs": 80,
        "unique_progs": 739
    }
}