{
    "status": {
        "d_51": {
            "yes": 637,
            "no": 0,
            "undecided": 87,
            "unknown": 11,
            "pyes": 0.10568791294483791,
            "pno": 0.0,
            "pundecided": 0.001462787277066346,
            "punknown": 2.0200761977592264e-07,
            "time": 16.89842200279236,
            "percY": 5217.03,
            "percN": 0.0,
            "percU": 712.53,
            "percUNK": 90.09,
            "l": 0.10568791294483791,
            "u": 1.0
        },
        "~a_10": {
            "yes": 256,
            "no": 0,
            "undecided": 449,
            "unknown": 30,
            "pyes": 0.09445814270498462,
            "pno": 0.0,
            "pundecided": 0.012692192290897911,
            "punknown": 5.67233641482307e-07,
            "time": 16.90227460861206,
            "percY": 2096.64,
            "percN": 0.0,
            "percU": 3677.31,
            "percUNK": 245.7,
            "l": 0.09445814270498462,
            "u": 1.0
        },
        "~a_17": {
            "yes": 207,
            "no": 21,
            "undecided": 488,
            "unknown": 19,
            "pyes": 0.09121011196158434,
            "pno": 5.855351458273653e-06,
            "pundecided": 0.015927239597385904,
            "punknown": 7.695319095507174e-06,
            "time": 17.123461723327637,
            "percY": 1695.33,
            "percN": 171.99,
            "percU": 3996.72,
            "percUNK": 155.61,
            "l": 0.09121011196158434,
            "u": 0.9999941446485417
        }
    },
    "data": {
        "n_samples": 819,
        "time": 52.31757950782776,
        "repeated_worlds": 84,
        "repeated_progs": 84,
        "unique_progs": 735
    }
}