{
    "status": {
        "d_59": {
            "yes": 462,
            "no": 0,
            "undecided": 270,
            "unknown": 20,
            "pyes": 0.047872009560592566,
            "pno": 0.0,
            "pundecided": 0.0043477177849151494,
            "punknown": 1.8806580503085215e-06,
            "time": 19.18051791191101,
            "percY": 3783.78,
            "percN": 0.0,
            "percU": 2211.3,
            "percUNK": 163.8,
            "l": 0.047872009560592566,
            "u": 1.0
        },
        "~a_17": {
            "yes": 189,
            "no": 47,
            "undecided": 516,
            "unknown": 0,
            "pyes": 0.015529874919084372,
            "pno": 0.005417129026596644,
            "pundecided": 0.03127460405787697,
            "punknown": 0.0,
            "time": 20.88787269592285,
            "percY": 1547.91,
            "percN": 384.93,
            "percU": 4226.04,
            "percUNK": 0.0,
            "l": 0.015529874919084372,
            "u": 0.9945828709734034
        },
        "~a_16": {
            "yes": 121,
            "no": 138,
            "undecided": 488,
            "unknown": 5,
            "pyes": 0.004115122697519275,
            "pno": 0.009185047813548477,
            "pundecided": 0.038920970621309836,
            "punknown": 4.6687118039746327e-07,
            "time": 20.168944597244263,
            "percY": 990.99,
            "percN": 1130.22,
            "percU": 3996.72,
            "percUNK": 40.95,
            "l": 0.004115122697519275,
            "u": 0.9908149521864515
        }
    },
    "data": {
        "n_samples": 819,
        "time": 62.247758626937866,
        "repeated_worlds": 67,
        "repeated_progs": 67,
        "unique_progs": 752
    }
}