{
    "status": {
        "d_23": {
            "yes": 94,
            "no": 0,
            "undecided": 516,
            "unknown": 129,
            "pyes": 0.00047333827793080696,
            "pno": 0.0,
            "pundecided": 0.10757481143776583,
            "punknown": 0.0024720685221915964,
            "time": 17.083603620529175,
            "percY": 769.86,
            "percN": 0.0,
            "percU": 4226.04,
            "percUNK": 1056.51,
            "l": 0.00047333827793080696,
            "u": 1.0
        },
        "~a_16": {
            "yes": 25,
            "no": 0,
            "undecided": 443,
            "unknown": 271,
            "pyes": 0.0004428391515404024,
            "pno": 0.0,
            "pundecided": 0.056329786828206586,
            "punknown": 0.053747592258141304,
            "time": 17.14206027984619,
            "percY": 204.75,
            "percN": 0.0,
            "percU": 3628.17,
            "percUNK": 2219.49,
            "l": 0.0004428391515404024,
            "u": 1.0
        },
        "a_20": {
            "yes": 385,
            "no": 17,
            "undecided": 337,
            "unknown": 0,
            "pyes": 0.053741131125440836,
            "pno": 2.2499661101365128e-05,
            "pundecided": 0.05675658745134602,
            "punknown": 0.0,
            "time": 18.198551177978516,
            "percY": 3153.15,
            "percN": 139.23,
            "percU": 2760.03,
            "percUNK": 0.0,
            "l": 0.053741131125440836,
            "u": 0.9999775003388987
        }
    },
    "data": {
        "n_samples": 819,
        "time": 53.90846657752991,
        "repeated_worlds": 80,
        "repeated_progs": 80,
        "unique_progs": 739
    }
}