{
    "status": {
        "d_30": {
            "yes": 449,
            "no": 0,
            "undecided": 270,
            "unknown": 16,
            "pyes": 0.12441578476815571,
            "pno": 0.0,
            "pundecided": 0.012557785404209725,
            "punknown": 2.4017526535679996e-08,
            "time": 17.02695059776306,
            "percY": 3677.31,
            "percN": 0.0,
            "percU": 2211.3,
            "percUNK": 131.04,
            "l": 0.12441578476815571,
            "u": 1.0
        },
        "a_15": {
            "yes": 315,
            "no": 184,
            "undecided": 235,
            "unknown": 1,
            "pyes": 0.07260626413099482,
            "pno": 0.05372320219855827,
            "pundecided": 0.010644127860338887,
            "punknown": 0.0,
            "time": 17.268819570541382,
            "percY": 2579.85,
            "percN": 1506.96,
            "percU": 1924.65,
            "percUNK": 8.19,
            "l": 0.07260626413099482,
            "u": 0.9462767978014417
        },
        "a_19": {
            "yes": 21,
            "no": 11,
            "undecided": 703,
            "unknown": 0,
            "pyes": 0.003951996022447997,
            "pno": 0.011972098762093701,
            "pundecided": 0.12104949940535026,
            "punknown": 0.0,
            "time": 17.357043981552124,
            "percY": 171.99,
            "percN": 90.09,
            "percU": 5757.57,
            "percUNK": 0.0,
            "l": 0.003951996022447997,
            "u": 0.9880279012379063
        }
    },
    "data": {
        "n_samples": 819,
        "time": 53.3005473613739,
        "repeated_worlds": 84,
        "repeated_progs": 84,
        "unique_progs": 735
    }
}