{
    "status": {
        "d_24": {
            "yes": 100,
            "no": 0,
            "undecided": 640,
            "unknown": 14,
            "pyes": 0.0014751592740313282,
            "pno": 0.0,
            "pundecided": 0.6098003804365508,
            "punknown": 0.0015421596632096074,
            "time": 17.576585054397583,
            "percY": 819.0,
            "percN": 0.0,
            "percU": 5241.6,
            "percUNK": 114.66,
            "l": 0.0014751592740313282,
            "u": 1.0
        },
        "~a_11": {
            "yes": 63,
            "no": 0,
            "undecided": 688,
            "unknown": 3,
            "pyes": 0.00034720732114107953,
            "pno": 0.0,
            "pundecided": 0.6124691201262967,
            "punknown": 1.37192635367424e-06,
            "time": 17.55969548225403,
            "percY": 515.97,
            "percN": 0.0,
            "percU": 5634.72,
            "percUNK": 24.57,
            "l": 0.00034720732114107953,
            "u": 1.0
        },
        "a_20": {
            "yes": 220,
            "no": 82,
            "undecided": 452,
            "unknown": 0,
            "pyes": 0.07068063859895223,
            "pno": 0.04057447194896687,
            "pundecided": 0.5015625888258726,
            "punknown": 0.0,
            "time": 18.31352734565735,
            "percY": 1801.8,
            "percN": 671.58,
            "percU": 3701.88,
            "percUNK": 0.0,
            "l": 0.07068063859895223,
            "u": 0.9594255280510331
        }
    },
    "data": {
        "n_samples": 819,
        "time": 55.19631028175354,
        "repeated_worlds": 65,
        "repeated_progs": 65,
        "unique_progs": 754
    }
}