{
    "status": {
        "d_61": {
            "yes": 458,
            "no": 0,
            "undecided": 167,
            "unknown": 111,
            "pyes": 0.6895452210894465,
            "pno": 0.0,
            "pundecided": 0.0017971691353345614,
            "punknown": 0.001771227083699606,
            "time": 16.857195138931274,
            "percY": 3751.02,
            "percN": 0.0,
            "percU": 1367.73,
            "percUNK": 909.09,
            "l": 0.6895452210894465,
            "u": 1.0,
            "flag": "INTEREST"
        },
        "a_12": {
            "yes": 306,
            "no": 0,
            "undecided": 386,
            "unknown": 44,
            "pyes": 0.6875884971489404,
            "pno": 0.0,
            "pundecided": 0.005510388520954061,
            "punknown": 1.473163858686155e-05,
            "time": 16.97015118598938,
            "percY": 2506.14,
            "percN": 0.0,
            "percU": 3161.34,
            "percUNK": 360.36,
            "l": 0.6875884971489404,
            "u": 1.0,
            "flag": "INTEREST"
        },
        "a_15": {
            "yes": 53,
            "no": 44,
            "undecided": 634,
            "unknown": 5,
            "pyes": 8.482853821064141e-06,
            "pno": 0.00018066252924932752,
            "pundecided": 0.6929244715990068,
            "punknown": 3.2640304321512e-10,
            "time": 17.19673442840576,
            "percY": 434.07,
            "percN": 360.36,
            "percU": 5192.46,
            "percUNK": 40.95,
            "l": 8.482853821064141e-06,
            "u": 0.9998193374707507
        }
    },
    "data": {
        "n_samples": 819,
        "time": 52.469698429107666,
        "repeated_worlds": 83,
        "repeated_progs": 83,
        "unique_progs": 736
    }
}