{
    "status": {
        "~d_30": {
            "yes": 94,
            "no": 0,
            "undecided": 92,
            "unknown": 553,
            "pyes": 0.000168111256695566,
            "pno": 0.0,
            "pundecided": 0.0002421047538912938,
            "punknown": 0.12197575080406343,
            "time": 18.758403062820435,
            "percY": 769.86,
            "percN": 0.0,
            "percU": 753.48,
            "percUNK": 4529.07,
            "l": 0.000168111256695566,
            "u": 1.0
        },
        "~a_14": {
            "yes": 64,
            "no": 0,
            "undecided": 675,
            "unknown": 0,
            "pyes": 0.0,
            "pno": 0.0,
            "pundecided": 0.1223859668146503,
            "punknown": 0.0,
            "time": 18.699411392211914,
            "percY": 524.16,
            "percN": 0.0,
            "percU": 5528.25,
            "percUNK": 0.0,
            "l": 0.0,
            "u": 1.0
        },
        "~a_16": {
            "yes": 55,
            "no": 8,
            "undecided": 672,
            "unknown": 4,
            "pyes": 0.0,
            "pno": 0.0,
            "pundecided": 0.1223859668146503,
            "punknown": 0.0,
            "time": 18.824962615966797,
            "percY": 450.45,
            "percN": 65.52,
            "percU": 5503.68,
            "percUNK": 32.76,
            "l": 0.0,
            "u": 1.0
        }
    },
    "data": {
        "n_samples": 819,
        "time": 58.190191984176636,
        "repeated_worlds": 80,
        "repeated_progs": 80,
        "unique_progs": 739
    }
}