{
    "status": {
        "a_7": {
            "yes": 484,
            "no": 0,
            "undecided": 256,
            "unknown": 13,
            "pyes": 0.003389257199682947,
            "pno": 0.0,
            "pundecided": 0.0037300394452066967,
            "punknown": 6.1223167610432e-09,
            "time": 19.217859029769897,
            "percY": 3963.96,
            "percN": 0.0,
            "percU": 2096.64,
            "percUNK": 106.47,
            "l": 0.003389257199682947,
            "u": 1.0
        },
        "a_12": {
            "yes": 423,
            "no": 0,
            "undecided": 330,
            "unknown": 0,
            "pyes": 0.003383341293815226,
            "pno": 0.0,
            "pundecided": 0.003735961473391179,
            "punknown": 0.0,
            "time": 19.259096384048462,
            "percY": 3464.37,
            "percN": 0.0,
            "percU": 2702.7,
            "percUNK": 0.0,
            "l": 0.003383341293815226,
            "u": 1.0
        },
        "~a_18": {
            "yes": 43,
            "no": 59,
            "undecided": 650,
            "unknown": 1,
            "pyes": 1.1566571301757439e-09,
            "pno": 7.521616524883506e-07,
            "pundecided": 0.007118508442122223,
            "punknown": 4.1006774562324466e-08,
            "time": 19.602145195007324,
            "percY": 352.17,
            "percN": 483.21,
            "percU": 5323.5,
            "percUNK": 8.19,
            "l": 1.1566571301757439e-09,
            "u": 0.9999992478383475
        }
    },
    "data": {
        "n_samples": 819,
        "time": 60.14244318008423,
        "repeated_worlds": 66,
        "repeated_progs": 66,
        "unique_progs": 753
    }
}