{
    "status": {
        "d_68": {
            "yes": 458,
            "no": 0,
            "undecided": 215,
            "unknown": 69,
            "pyes": 0.08207905883462104,
            "pno": 0.0,
            "pundecided": 0.0006242353054272107,
            "punknown": 2.1703926616527112e-05,
            "time": 18.711719751358032,
            "percY": 3751.02,
            "percN": 0.0,
            "percU": 1760.85,
            "percUNK": 565.11,
            "l": 0.08207905883462104,
            "u": 1.0
        },
        "a_19": {
            "yes": 218,
            "no": 75,
            "undecided": 447,
            "unknown": 2,
            "pyes": 0.05659324174925119,
            "pno": 5.491983521609962e-05,
            "pundecided": 0.026076836482197486,
            "punknown": 0.0,
            "time": 19.194637775421143,
            "percY": 1785.42,
            "percN": 614.25,
            "percU": 3660.93,
            "percUNK": 16.38,
            "l": 0.05659324174925119,
            "u": 0.9999450801647839
        },
        "~a_19": {
            "yes": 75,
            "no": 218,
            "undecided": 447,
            "unknown": 2,
            "pyes": 5.491983521609962e-05,
            "pno": 0.05659324174925119,
            "pundecided": 0.026076836482197486,
            "punknown": 0.0,
            "time": 19.349605798721313,
            "percY": 614.25,
            "percN": 1785.42,
            "percU": 3660.93,
            "percUNK": 16.38,
            "l": 5.491983521609962e-05,
            "u": 0.9434067582507488
        }
    },
    "data": {
        "n_samples": 819,
        "time": 59.21043515205383,
        "repeated_worlds": 77,
        "repeated_progs": 77,
        "unique_progs": 742
    }
}