{
    "status": {
        "d_39": {
            "yes": 645,
            "no": 0,
            "undecided": 71,
            "unknown": 34,
            "pyes": 0.0916092100901511,
            "pno": 0.0,
            "pundecided": 0.00131280019424485,
            "punknown": 0.0004669147143173773,
            "time": 19.2511248588562,
            "percY": 5282.55,
            "percN": 0.0,
            "percU": 581.49,
            "percUNK": 278.46,
            "l": 0.0916092100901511,
            "u": 1.0
        },
        "a_20": {
            "yes": 284,
            "no": 31,
            "undecided": 435,
            "unknown": 0,
            "pyes": 0.04518824981876753,
            "pno": 0.00029569825405435964,
            "pundecided": 0.047904976925891324,
            "punknown": 0.0,
            "time": 21.319032907485962,
            "percY": 2325.96,
            "percN": 253.89,
            "percU": 3562.65,
            "percUNK": 0.0,
            "l": 0.04518824981876753,
            "u": 0.9997043017459456
        },
        "~a_23": {
            "yes": 199,
            "no": 33,
            "undecided": 518,
            "unknown": 0,
            "pyes": 0.04443806057726472,
            "pno": 2.104305200507264e-05,
            "pundecided": 0.048929821369443446,
            "punknown": 0.0,
            "time": 19.856120586395264,
            "percY": 1629.81,
            "percN": 270.27,
            "percU": 4242.42,
            "percUNK": 0.0,
            "l": 0.04443806057726472,
            "u": 0.9999789569479949
        }
    },
    "data": {
        "n_samples": 819,
        "time": 62.50611448287964,
        "repeated_worlds": 69,
        "repeated_progs": 69,
        "unique_progs": 750
    }
}