{
    "status": {
        "~a_7": {
            "yes": 101,
            "no": 0,
            "undecided": 0,
            "unknown": 641,
            "pyes": 0.0003377483838215897,
            "pno": 0.0,
            "pundecided": 0.0,
            "punknown": 0.03114249772039039,
            "time": 17.94187307357788,
            "percY": 827.19,
            "percN": 0.0,
            "percU": 0.0,
            "percUNK": 5249.79,
            "l": 0.0003377483838215897,
            "u": 1.0
        },
        "a_15": {
            "yes": 7,
            "no": 2,
            "undecided": 733,
            "unknown": 0,
            "pyes": 7.697517567544626e-06,
            "pno": 0.0001209844692983808,
            "pundecided": 0.031351564117346055,
            "punknown": 0.0,
            "time": 18.021753549575806,
            "percY": 57.33,
            "percN": 16.38,
            "percU": 6003.27,
            "percUNK": 0.0,
            "l": 7.697517567544626e-06,
            "u": 0.9998790155307016
        },
        "a_17": {
            "yes": 43,
            "no": 48,
            "undecided": 651,
            "unknown": 0,
            "pyes": 0.00030274413575729866,
            "pno": 1.850512278741074e-05,
            "pundecided": 0.031158996845667267,
            "punknown": 0.0,
            "time": 18.625301122665405,
            "percY": 352.17,
            "percN": 393.12,
            "percU": 5331.69,
            "percUNK": 0.0,
            "l": 0.00030274413575729866,
            "u": 0.9999814948772126
        }
    },
    "data": {
        "n_samples": 819,
        "time": 56.26479363441467,
        "repeated_worlds": 77,
        "repeated_progs": 77,
        "unique_progs": 742
    }
}