{
    "status": {
        "a_4": {
            "yes": 649,
            "no": 0,
            "undecided": 0,
            "unknown": 88,
            "pyes": 0.12118349163197596,
            "pno": 0.0,
            "pundecided": 0.0,
            "punknown": 0.008342625395306504,
            "time": 17.60270404815674,
            "percY": 5315.31,
            "percN": 0.0,
            "percU": 0.0,
            "percUNK": 720.72,
            "l": 0.12118349163197596,
            "u": 1.0
        },
        "~a_11": {
            "yes": 5,
            "no": 0,
            "undecided": 711,
            "unknown": 21,
            "pyes": 0.000155516745175704,
            "pno": 0.0,
            "pundecided": 0.12933771502779204,
            "punknown": 3.2885254314712804e-05,
            "time": 17.65604853630066,
            "percY": 40.95,
            "percN": 0.0,
            "percU": 5823.09,
            "percUNK": 171.99,
            "l": 0.000155516745175704,
            "u": 1.0
        },
        "~a_15": {
            "yes": 254,
            "no": 100,
            "undecided": 383,
            "unknown": 0,
            "pyes": 0.01882409286198687,
            "pno": 0.06093417097442296,
            "pundecided": 0.04976785319087263,
            "punknown": 0.0,
            "time": 18.184050798416138,
            "percY": 2080.26,
            "percN": 819.0,
            "percU": 3136.77,
            "percUNK": 0.0,
            "l": 0.01882409286198687,
            "u": 0.939065829025577
        }
    },
    "data": {
        "n_samples": 819,
        "time": 55.102654218673706,
        "repeated_worlds": 82,
        "repeated_progs": 82,
        "unique_progs": 737
    }
}