{
    "status": {
        "d_46": {
            "yes": 77,
            "no": 0,
            "undecided": 580,
            "unknown": 75,
            "pyes": 0.020998516145413346,
            "pno": 0.0,
            "pundecided": 0.009091112213707172,
            "punknown": 4.121973052670335e-07,
            "time": 17.639455795288086,
            "percY": 630.63,
            "percN": 0.0,
            "percU": 4750.2,
            "percUNK": 614.25,
            "l": 0.020998516145413346,
            "u": 1.0
        },
        "~a_18": {
            "yes": 5,
            "no": 236,
            "undecided": 487,
            "unknown": 4,
            "pyes": 0.0,
            "pno": 0.027644657429492972,
            "pundecided": 0.002445358366128791,
            "punknown": 2.4760804036177442e-08,
            "time": 18.019190073013306,
            "percY": 40.95,
            "percN": 1932.84,
            "percU": 3988.53,
            "percUNK": 32.76,
            "l": 0.0,
            "u": 0.972355342570507
        },
        "~a_17": {
            "yes": 45,
            "no": 12,
            "undecided": 675,
            "unknown": 0,
            "pyes": 0.0,
            "pno": 0.0,
            "pundecided": 0.0300900405564258,
            "punknown": 0.0,
            "time": 17.686949253082275,
            "percY": 368.55,
            "percN": 98.28,
            "percU": 5528.25,
            "percUNK": 0.0,
            "l": 0.0,
            "u": 1.0
        }
    },
    "data": {
        "n_samples": 819,
        "time": 54.8865704536438,
        "repeated_worlds": 87,
        "repeated_progs": 87,
        "unique_progs": 732
    }
}