{
    "status": {
        "~d_24": {
            "yes": 638,
            "no": 0,
            "undecided": 0,
            "unknown": 85,
            "pyes": 0.09469625001885784,
            "pno": 0.0,
            "pundecided": 0.0,
            "punknown": 2.504208824775329e-05,
            "time": 17.399975776672363,
            "percY": 5225.22,
            "percN": 0.0,
            "percU": 0.0,
            "percUNK": 696.15,
            "l": 0.09469625001885784,
            "u": 1.0
        },
        "a_17": {
            "yes": 38,
            "no": 7,
            "undecided": 678,
            "unknown": 0,
            "pyes": 7.516834797566773e-06,
            "pno": 2.468081588148e-09,
            "pundecided": 0.09471377280422642,
            "punknown": 0.0,
            "time": 17.521585702896118,
            "percY": 311.22,
            "percN": 57.33,
            "percU": 5552.82,
            "percUNK": 0.0,
            "l": 7.516834797566773e-06,
            "u": 0.9999999975319184
        },
        "~a_15": {
            "yes": 232,
            "no": 36,
            "undecided": 453,
            "unknown": 2,
            "pyes": 0.0046453226919333,
            "pno": 0.00038022730793285604,
            "pundecided": 0.08969553267204895,
            "punknown": 2.0943519041491207e-07,
            "time": 17.84893822669983,
            "percY": 1900.08,
            "percN": 294.84,
            "percU": 3710.07,
            "percUNK": 16.38,
            "l": 0.0046453226919333,
            "u": 0.9996197726920671
        }
    },
    "data": {
        "n_samples": 819,
        "time": 54.47091722488403,
        "repeated_worlds": 96,
        "repeated_progs": 96,
        "unique_progs": 723
    }
}