{
    "status": {
        "~d_11": {
            "yes": 15576,
            "no": 0,
            "undecided": 5311,
            "unknown": 4051,
            "pyes": 0.011847267071504911,
            "pno": 0.0,
            "pundecided": 0.005040760913136652,
            "punknown": 0.03910016585798445,
            "time": 360.0474123954773,
            "percY": 4083092.64,
            "percN": 0.0,
            "percU": 1392225.54,
            "percUNK": 1061929.14,
            "l": 0.011847267071504911,
            "u": 1.0
        },
        "a_9": {
            "yes": 565,
            "no": 43,
            "undecided": 23990,
            "unknown": 340,
            "pyes": 0.0003435734897127592,
            "pno": 4.3118658011100056e-07,
            "pundecided": 0.055643400446124196,
            "punknown": 7.88720208784771e-07,
            "time": 359.32986640930176,
            "percY": 148109.1,
            "percN": 11272.02,
            "percU": 6288738.6,
            "percUNK": 89127.6,
            "l": 0.0003435734897127592,
            "u": 0.9999995688134199
        },
        "a_7": {
            "yes": 13198,
            "no": 1052,
            "undecided": 9510,
            "unknown": 1178,
            "pyes": 0.04607671850790526,
            "pno": 6.293331554110304e-05,
            "pundecided": 0.009847543887908846,
            "punknown": 9.9813127079589e-07,
            "time": 361.27023482322693,
            "percY": 3459723.72,
            "percN": 275771.28,
            "percU": 2492951.4,
            "percUNK": 308800.92,
            "l": 0.04607671850790526,
            "u": 0.9999370666844589
        }
    },
    "data": {
        "n_samples": 26214,
        "time": 1111.753108739853,
        "repeated_worlds": 1276,
        "repeated_progs": 15462,
        "unique_progs": 10752
    }
}