{
    "status": {
        "d_10": {
            "yes": 15592,
            "no": 0,
            "undecided": 7955,
            "unknown": 1427,
            "pyes": 0.045349454597739675,
            "pno": 0.0,
            "pundecided": 0.006886865063858875,
            "punknown": 2.2394759254588104e-06,
            "time": 393.4922297000885,
            "percY": 4087286.88,
            "percN": 0.0,
            "percU": 2085323.7,
            "percUNK": 374073.78,
            "l": 0.045349454597739675,
            "u": 1.0
        },
        "a_5": {
            "yes": 1952,
            "no": 0,
            "undecided": 13720,
            "unknown": 9302,
            "pyes": 0.04017750270475661,
            "pno": 0.0,
            "pundecided": 0.009607910503795244,
            "punknown": 0.0024531459289720745,
            "time": 392.09801721572876,
            "percY": 511697.28,
            "percN": 0.0,
            "percU": 3596560.8,
            "percUNK": 2438426.28,
            "l": 0.04017750270475661,
            "u": 1.0
        },
        "a_8": {
            "yes": 8664,
            "no": 2982,
            "undecided": 13265,
            "unknown": 63,
            "pyes": 0.042494086289493506,
            "pno": 0.0003063058863346126,
            "pundecided": 0.009437903680373989,
            "punknown": 2.632813218936377e-07,
            "time": 398.9598615169525,
            "percY": 2271180.96,
            "percN": 781701.48,
            "percU": 3477287.1,
            "percUNK": 16514.82,
            "l": 0.042494086289493506,
            "u": 0.9996936941136654
        }
    },
    "data": {
        "n_samples": 26214,
        "time": 1216.7875761985779,
        "repeated_worlds": 1240,
        "repeated_progs": 11479,
        "unique_progs": 14735
    }
}