{
    "status": {
        "~a_0": {
            "yes": 21894,
            "no": 0,
            "undecided": 0,
            "unknown": 3117,
            "pyes": 0.08462682726897307,
            "pno": 0.0,
            "pundecided": 0.0,
            "punknown": 0.00029596981042331996,
            "time": 392.714457988739,
            "percY": 5739293.16,
            "percN": 0.0,
            "percU": 0.0,
            "percUNK": 817090.38,
            "l": 0.08462682726897307,
            "u": 1.0
        },
        "a_6": {
            "yes": 13667,
            "no": 0,
            "undecided": 11344,
            "unknown": 0,
            "pyes": 0.07948668593142535,
            "pno": 0.0,
            "pundecided": 0.005436111147971037,
            "punknown": 0.0,
            "time": 390.5443801879883,
            "percY": 3582667.38,
            "percN": 0.0,
            "percU": 2973716.16,
            "percUNK": 0.0,
            "l": 0.07948668593142535,
            "u": 1.0
        },
        "a_8": {
            "yes": 12598,
            "no": 160,
            "undecided": 12054,
            "unknown": 199,
            "pyes": 0.07868864347655599,
            "pno": 7.778860628383234e-11,
            "pundecided": 0.006234153525051905,
            "punknown": 0.0,
            "time": 394.005464553833,
            "percY": 3302439.72,
            "percN": 41942.4,
            "percU": 3159835.56,
            "percUNK": 52165.86,
            "l": 0.07868864347655599,
            "u": 0.9999999999222114
        }
    },
    "data": {
        "n_samples": 26214,
        "time": 1210.8462173938751,
        "repeated_worlds": 1203,
        "repeated_progs": 11732,
        "unique_progs": 14482
    }
}