{
    "status": {
        "~d_14": {
            "yes": 21721,
            "no": 0,
            "undecided": 2856,
            "unknown": 294,
            "pyes": 0.3856175728116909,
            "pno": 0.0,
            "pundecided": 0.003914884165158776,
            "punknown": 0.000708555983214747,
            "time": 313.9610047340393,
            "percY": 5693942.94,
            "percN": 0.0,
            "percU": 748671.84,
            "percUNK": 77069.16,
            "l": 0.3856175728116909,
            "u": 1.0
        },
        "a_7": {
            "yes": 17331,
            "no": 994,
            "undecided": 6452,
            "unknown": 94,
            "pyes": 0.38792854121851433,
            "pno": 3.865754189926035e-05,
            "pundecided": 0.0022707054312921357,
            "punknown": 3.1087683610716493e-06,
            "time": 312.81132340431213,
            "percY": 4543148.34,
            "percN": 260567.16,
            "percU": 1691327.28,
            "percUNK": 24641.16,
            "l": 0.38792854121851433,
            "u": 0.9999613424581008
        },
        "a_8": {
            "yes": 1898,
            "no": 140,
            "undecided": 22622,
            "unknown": 211,
            "pyes": 9.660949974335124e-05,
            "pno": 5.862020510765762e-06,
            "pundecided": 0.3901299673625788,
            "punknown": 8.574077233459794e-06,
            "time": 313.209349155426,
            "percY": 497541.72,
            "percN": 36699.6,
            "percU": 5930131.08,
            "percUNK": 55311.54,
            "l": 9.660949974335124e-05,
            "u": 0.9999941379794892
        }
    },
    "data": {
        "n_samples": 26214,
        "time": 970.427074432373,
        "repeated_worlds": 1343,
        "repeated_progs": 14426,
        "unique_progs": 11788
    }
}