{
    "status": {
        "~a_3": {
            "yes": 15550,
            "no": 0,
            "undecided": 0,
            "unknown": 9386,
            "pyes": 0.021049069195414313,
            "pno": 0.0,
            "pundecided": 0.0,
            "punknown": 0.08079276370297134,
            "time": 248.1419608592987,
            "percY": 4076277.0,
            "percN": 0.0,
            "percU": 0.0,
            "percUNK": 2460446.04,
            "l": 0.021049069195414313,
            "u": 1.0
        },
        "~a_6": {
            "yes": 10175,
            "no": 0,
            "undecided": 6587,
            "unknown": 8174,
            "pyes": 0.08274434062410324,
            "pno": 0.0,
            "pundecided": 0.010365266707485927,
            "punknown": 0.008732225566796625,
            "time": 248.8415288925171,
            "percY": 2667274.5,
            "percN": 0.0,
            "percU": 1726716.18,
            "percUNK": 2142732.36,
            "l": 0.08274434062410324,
            "u": 1.0
        },
        "~a_8": {
            "yes": 1407,
            "no": 941,
            "undecided": 22394,
            "unknown": 194,
            "pyes": 0.0017560720747596007,
            "pno": 4.231092535135884e-05,
            "pundecided": 0.10004337560621415,
            "punknown": 7.429205911984274e-08,
            "time": 249.53642535209656,
            "percY": 368830.98,
            "percN": 246673.74,
            "percU": 5870363.16,
            "percUNK": 50855.16,
            "l": 0.0017560720747596007,
            "u": 0.9999576890746487
        }
    },
    "data": {
        "n_samples": 26214,
        "time": 771.5474309921265,
        "repeated_worlds": 1278,
        "repeated_progs": 15416,
        "unique_progs": 10798
    }
}