{
    "status": {
        "~a_0": {
            "yes": 21743,
            "no": 0,
            "undecided": 2752,
            "unknown": 473,
            "pyes": 0.36645305964404784,
            "pno": 0.0,
            "pundecided": 9.120312794790642e-07,
            "punknown": 1.959552066884354e-07,
            "time": 415.402539730072,
            "percY": 5699710.02,
            "percN": 0.0,
            "percU": 721409.28,
            "percUNK": 123992.22,
            "l": 0.36645305964404784,
            "u": 1.0
        },
        "~a_8": {
            "yes": 9630,
            "no": 3243,
            "undecided": 11613,
            "unknown": 482,
            "pyes": 0.36249725640185265,
            "pno": 3.438450158548582e-05,
            "pundecided": 0.003920472001643616,
            "punknown": 2.0547254523395852e-06,
            "time": 421.03773641586304,
            "percY": 2524408.2,
            "percN": 850120.02,
            "percU": 3044231.82,
            "percUNK": 126351.48,
            "l": 0.36249725640185265,
            "u": 0.9999656154984146
        }
    },
    "data": {
        "n_samples": 26214,
        "time": 869.3618505001068,
        "repeated_worlds": 1246,
        "repeated_progs": 8194,
        "unique_progs": 18020
    }
}