{
    "status": {
        "~d_15": {
            "yes": 15634,
            "no": 0,
            "undecided": 5841,
            "unknown": 3453,
            "pyes": 0.04721686752778269,
            "pno": 0.0,
            "pundecided": 9.250491207621071e-06,
            "punknown": 0.0002157390206159598,
            "time": 322.42461681365967,
            "percY": 4098296.76,
            "percN": 0.0,
            "percU": 1531159.74,
            "percUNK": 905169.42,
            "l": 0.04721686752778269,
            "u": 1.0
        },
        "a_9": {
            "yes": 2212,
            "no": 9384,
            "undecided": 11780,
            "unknown": 1552,
            "pyes": 0.00022823831997557923,
            "pno": 0.02943000137509092,
            "pundecided": 0.01778330965516884,
            "punknown": 3.0768937078066015e-07,
            "time": 325.05638360977173,
            "percY": 579853.68,
            "percN": 2459921.76,
            "percU": 3088009.2,
            "percUNK": 406841.28,
            "l": 0.00022823831997557923,
            "u": 0.9705699986249091
        },
        "a_7": {
            "yes": 9587,
            "no": 5486,
            "undecided": 9845,
            "unknown": 10,
            "pyes": 0.014471680496839816,
            "pno": 0.0313533199360236,
            "pundecided": 0.0016168566067361922,
            "punknown": 6.58684359089685e-15,
            "time": 333.7552914619446,
            "percY": 2513136.18,
            "percN": 1438100.04,
            "percU": 2580768.3,
            "percUNK": 2621.4,
            "l": 0.014471680496839816,
            "u": 0.9686466800639764
        }
    },
    "data": {
        "n_samples": 26214,
        "time": 1010.3599858283997,
        "repeated_worlds": 1286,
        "repeated_progs": 12311,
        "unique_progs": 13903
    }
}