{
    "status": {
        "a_2": {
            "yes": 15732,
            "no": 0,
            "undecided": 5779,
            "unknown": 3509,
            "pyes": 0.507401839703096,
            "pno": 0.0,
            "pundecided": 0.0001158064553191452,
            "punknown": 0.0038051682633554393,
            "time": 356.4141757488251,
            "percY": 4123986.48,
            "percN": 0.0,
            "percU": 1514907.06,
            "percUNK": 919849.26,
            "l": 0.507401839703096,
            "u": 1.0,
            "flag": "INTEREST"
        },
        "~a_6": {
            "yes": 3098,
            "no": 0,
            "undecided": 0,
            "unknown": 21922,
            "pyes": 3.134574488500837e-05,
            "pno": 0.0,
            "pundecided": 0.0,
            "punknown": 0.5112914686768865,
            "time": 357.36775398254395,
            "percY": 812109.72,
            "percN": 0.0,
            "percU": 0.0,
            "percUNK": 5746633.08,
            "l": 3.134574488500837e-05,
            "u": 1.0
        },
        "a_7": {
            "yes": 4577,
            "no": 10422,
            "undecided": 9980,
            "unknown": 41,
            "pyes": 0.5027365739831952,
            "pno": 0.004356818342244538,
            "pundecided": 0.0042220522931118295,
            "punknown": 7.369803221459444e-06,
            "time": 359.83915424346924,
            "percY": 1199814.78,
            "percN": 2732023.08,
            "percU": 2616157.2,
            "percUNK": 10747.74,
            "l": 0.5027365739831952,
            "u": 0.9956431816577554,
            "flag": "INTEREST"
        }
    },
    "data": {
        "n_samples": 26214,
        "time": 1103.573222875595,
        "repeated_worlds": 1194,
        "repeated_progs": 10985,
        "unique_progs": 15229
    }
}