{
    "status": {
        "~d_15": {
            "yes": 15602,
            "no": 0,
            "undecided": 7710,
            "unknown": 1575,
            "pyes": 0.016286733213853342,
            "pno": 0.0,
            "pundecided": 0.030825179071578265,
            "punknown": 1.8471154541625075e-05,
            "time": 318.43217945098877,
            "percY": 4089908.28,
            "percN": 0.0,
            "percU": 2021099.4,
            "percUNK": 412870.5,
            "l": 0.016286733213853342,
            "u": 1.0
        },
        "a_5": {
            "yes": 2767,
            "no": 0,
            "undecided": 19080,
            "unknown": 3040,
            "pyes": 0.0003865647643171021,
            "pno": 0.0,
            "pundecided": 0.04673229904067515,
            "punknown": 1.1519634980817583e-05,
            "time": 318.2843539714813,
            "percY": 725341.38,
            "percN": 0.0,
            "percU": 5001631.2,
            "percUNK": 796905.6,
            "l": 0.0003865647643171021,
            "u": 1.0
        },
        "~a_7": {
            "yes": 666,
            "no": 2147,
            "undecided": 21248,
            "unknown": 826,
            "pyes": 1.3219451475793282e-07,
            "pno": 0.0003691854538995137,
            "pundecided": 0.046739832652605076,
            "punknown": 2.1233138953716475e-05,
            "time": 319.0027539730072,
            "percY": 174585.24,
            "percN": 562814.58,
            "percU": 5569950.72,
            "percUNK": 216527.64,
            "l": 1.3219451475793282e-07,
            "u": 0.9996308145461005
        }
    },
    "data": {
        "n_samples": 26214,
        "time": 984.4836173057556,
        "repeated_worlds": 1327,
        "repeated_progs": 12683,
        "unique_progs": 13531
    }
}