{
    "status": {
        "d_16": {
            "yes": 15530,
            "no": 0,
            "undecided": 5941,
            "unknown": 3462,
            "pyes": 0.0025029635340903986,
            "pno": 0.0,
            "pundecided": 0.02015305507767416,
            "punknown": 0.3485207785236478,
            "time": 221.1338231563568,
            "percY": 4071034.2,
            "percN": 0.0,
            "percU": 1557373.74,
            "percUNK": 907528.68,
            "l": 0.0025029635340903986,
            "u": 1.0
        },
        "~a_5": {
            "yes": 3083,
            "no": 0,
            "undecided": 6394,
            "unknown": 15456,
            "pyes": 0.3625303045943013,
            "pno": 0.0,
            "pundecided": 0.0013185800824425246,
            "punknown": 0.007327912458668367,
            "time": 221.21801471710205,
            "percY": 808177.62,
            "percN": 0.0,
            "percU": 1676123.16,
            "percUNK": 4051635.84,
            "l": 0.3625303045943013,
            "u": 1.0
        },
        "a_8": {
            "yes": 8574,
            "no": 2002,
            "undecided": 12718,
            "unknown": 1639,
            "pyes": 0.007926442459184047,
            "pno": 0.0005327190668243675,
            "pundecided": 0.36158862555220894,
            "punknown": 0.0011290100571941714,
            "time": 222.07050848007202,
            "percY": 2247588.36,
            "percN": 524804.28,
            "percU": 3333896.52,
            "percUNK": 429647.46,
            "l": 0.007926442459184047,
            "u": 0.9994672809331756
        }
    },
    "data": {
        "n_samples": 26214,
        "time": 688.6302590370178,
        "repeated_worlds": 1281,
        "repeated_progs": 16753,
        "unique_progs": 9461
    }
}