{
    "status": {
        "d_9": {
            "yes": 21731,
            "no": 0,
            "undecided": 2942,
            "unknown": 236,
            "pyes": 0.0445214206409233,
            "pno": 0.0,
            "pundecided": 0.035396422499275715,
            "punknown": 2.5902213903255555e-05,
            "time": 310.4363605976105,
            "percY": 5696564.34,
            "percN": 0.0,
            "percU": 771215.88,
            "percUNK": 61865.04,
            "l": 0.0445214206409233,
            "u": 1.0
        },
        "a_7": {
            "yes": 12204,
            "no": 1165,
            "undecided": 11352,
            "unknown": 188,
            "pyes": 0.07840908610837492,
            "pno": 9.451953009837635e-05,
            "pundecided": 0.0014382284104124431,
            "punknown": 1.9113052162356248e-06,
            "time": 312.24244928359985,
            "percY": 3199156.56,
            "percN": 305393.1,
            "percU": 2975813.28,
            "percUNK": 49282.32,
            "l": 0.07840908610837492,
            "u": 0.9999054804699016
        },
        "~a_8": {
            "yes": 1399,
            "no": 11682,
            "undecided": 10058,
            "unknown": 1770,
            "pyes": 0.002595887959155788,
            "pno": 0.03767904870758984,
            "pundecided": 0.03803530838537765,
            "punknown": 0.0016335003019790461,
            "time": 310.8744125366211,
            "percY": 366733.86,
            "percN": 3062319.48,
            "percU": 2636604.12,
            "percUNK": 463987.8,
            "l": 0.002595887959155788,
            "u": 0.9623209512924101
        }
    },
    "data": {
        "n_samples": 26214,
        "time": 963.9854018688202,
        "repeated_worlds": 1305,
        "repeated_progs": 17330,
        "unique_progs": 8884
    }
}