{
    "status": {
        "a_3": {
            "yes": 3090,
            "no": 0,
            "undecided": 21598,
            "unknown": 215,
            "pyes": 0.0002742530023356878,
            "pno": 0.0,
            "pundecided": 0.36905586811582625,
            "punknown": 4.873536359555388e-07,
            "time": 500.8887083530426,
            "percY": 810012.6,
            "percN": 0.0,
            "percU": 5661699.72,
            "percUNK": 56360.1,
            "l": 0.0002742530023356878,
            "u": 1.0
        },
        "a_5": {
            "yes": 2694,
            "no": 0,
            "undecided": 19084,
            "unknown": 3125,
            "pyes": 6.385974346430593e-06,
            "pno": 0.0,
            "pundecided": 0.01309028297778795,
            "punknown": 0.35623393951966303,
            "time": 501.9740376472473,
            "percY": 706205.16,
            "percN": 0.0,
            "percU": 5002679.76,
            "percUNK": 819187.5,
            "l": 6.385974346430593e-06,
            "u": 1.0
        },
        "a_7": {
            "yes": 595,
            "no": 1680,
            "undecided": 22404,
            "unknown": 224,
            "pyes": 1.0326604886018307e-05,
            "pno": 0.0002578182073273288,
            "pundecided": 0.3690484791947581,
            "punknown": 1.398446482596004e-05,
            "time": 503.5799791812897,
            "percY": 155973.3,
            "percN": 440395.2,
            "percU": 5872984.56,
            "percUNK": 58719.36,
            "l": 1.0326604886018307e-05,
            "u": 0.9997421817926727
        }
    },
    "data": {
        "n_samples": 26214,
        "time": 1543.1485526561737,
        "repeated_worlds": 1311,
        "repeated_progs": 11850,
        "unique_progs": 14364
    }
}