{
    "status": {
        "a_1": {
            "yes": 21765,
            "no": 0,
            "undecided": 2754,
            "unknown": 387,
            "pyes": 0.02500422011437777,
            "pno": 0.0,
            "pundecided": 0.0007845021963103011,
            "punknown": 1.8171044478191184e-06,
            "time": 271.4941210746765,
            "percY": 5705477.1,
            "percN": 0.0,
            "percU": 721933.56,
            "percUNK": 101448.18,
            "l": 0.02500422011437777,
            "u": 1.0
        },
        "~a_5": {
            "yes": 19016,
            "no": 0,
            "undecided": 2754,
            "unknown": 3136,
            "pyes": 0.024983637571038372,
            "pno": 0.0,
            "pundecided": 0.0007845021963103011,
            "punknown": 2.23996477872144e-05,
            "time": 271.8671054840088,
            "percY": 4984854.24,
            "percN": 0.0,
            "percU": 721933.56,
            "percUNK": 822071.04,
            "l": 0.024983637571038372,
            "u": 1.0
        },
        "a_8": {
            "yes": 11977,
            "no": 1605,
            "undecided": 11301,
            "unknown": 23,
            "pyes": 0.022868301350214438,
            "pno": 0.0006420037675737673,
            "pundecided": 0.0022802342662760623,
            "punknown": 3.107162001841871e-11,
            "time": 274.463134765625,
            "percY": 3139650.78,
            "percN": 420734.7,
            "percU": 2962444.14,
            "percUNK": 6029.22,
            "l": 0.022868301350214438,
            "u": 0.9993579962324263
        }
    },
    "data": {
        "n_samples": 26214,
        "time": 843.6100564002991,
        "repeated_worlds": 1308,
        "repeated_progs": 14451,
        "unique_progs": 11763
    }
}