{
    "status": {
        "a_0": {
            "yes": 15385,
            "no": 0,
            "undecided": 6049,
            "unknown": 3478,
            "pyes": 0.03799854989381445,
            "pno": 0.0,
            "pundecided": 0.0011022435652459559,
            "punknown": 0.00014369784752893815,
            "time": 334.93941950798035,
            "percY": 4033023.9,
            "percN": 0.0,
            "percU": 1585684.86,
            "percUNK": 911722.92,
            "l": 0.03799854989381445,
            "u": 1.0
        },
        "~a_7": {
            "yes": 2381,
            "no": 6293,
            "undecided": 16136,
            "unknown": 102,
            "pyes": 0.02440661764595157,
            "pno": 0.0042939006390096315,
            "pundecided": 0.010543964495229709,
            "punknown": 8.52639839363486e-09,
            "time": 339.78742384910583,
            "percY": 624155.34,
            "percN": 1649647.02,
            "percU": 4229891.04,
            "percUNK": 26738.28,
            "l": 0.02440661764595157,
            "u": 0.9957060993609904
        },
        "a_7": {
            "yes": 6293,
            "no": 2381,
            "undecided": 16136,
            "unknown": 102,
            "pyes": 0.0042939006390096315,
            "pno": 0.02440661764595157,
            "pundecided": 0.010543964495229709,
            "punknown": 8.52639839363486e-09,
            "time": 338.71642231941223,
            "percY": 1649647.02,
            "percN": 624155.34,
            "percU": 4229891.04,
            "percUNK": 26738.28,
            "l": 0.0042939006390096315,
            "u": 0.9755933823540485
        }
    },
    "data": {
        "n_samples": 26214,
        "time": 1042.6033954620361,
        "repeated_worlds": 1302,
        "repeated_progs": 11916,
        "unique_progs": 14298
    }
}