{
    "status": {
        "~a_0": {
            "yes": 15509,
            "no": 0,
            "undecided": 0,
            "unknown": 9450,
            "pyes": 0.031160098988720502,
            "pno": 0.0,
            "pundecided": 0.0,
            "punknown": 0.07298619619276882,
            "time": 378.26473331451416,
            "percY": 4065529.26,
            "percN": 0.0,
            "percU": 0.0,
            "percUNK": 2477223.0,
            "l": 0.031160098988720502,
            "u": 1.0
        },
        "a_8": {
            "yes": 1440,
            "no": 128,
            "undecided": 23391,
            "unknown": 0,
            "pyes": 0.0001192631471415893,
            "pno": 2.080428253470159e-06,
            "pundecided": 0.1040249516060943,
            "punknown": 0.0,
            "time": 378.235716342926,
            "percY": 377481.6,
            "percN": 33553.92,
            "percU": 6131716.74,
            "percUNK": 0.0,
            "l": 0.0001192631471415893,
            "u": 0.9999979195717466
        },
        "a_9": {
            "yes": 1717,
            "no": 696,
            "undecided": 22546,
            "unknown": 0,
            "pyes": 0.004225676934178594,
            "pno": 4.303679006341932e-06,
            "pundecided": 0.09991631456830424,
            "punknown": 0.0,
            "time": 378.8948748111725,
            "percY": 450094.38,
            "percN": 182449.44,
            "percU": 5910208.44,
            "percUNK": 0.0,
            "l": 0.004225676934178594,
            "u": 0.9999956963209936
        }
    },
    "data": {
        "n_samples": 26214,
        "time": 1166.840868473053,
        "repeated_worlds": 1255,
        "repeated_progs": 9967,
        "unique_progs": 16247
    }
}