{
    "status": {
        "d_16": {
            "yes": 15642,
            "no": 0,
            "undecided": 7521,
            "unknown": 1761,
            "pyes": 0.014033084780234106,
            "pno": 0.0,
            "pundecided": 0.07730948034391416,
            "punknown": 0.0001751931304714584,
            "time": 456.8281235694885,
            "percY": 4100393.88,
            "percN": 0.0,
            "percU": 1971554.94,
            "percUNK": 461628.54,
            "l": 0.014033084780234106,
            "u": 1.0
        },
        "~a_7": {
            "yes": 9239,
            "no": 3664,
            "undecided": 11043,
            "unknown": 978,
            "pyes": 0.01298637894743556,
            "pno": 0.0006938471903327527,
            "pundecided": 0.07779510141398634,
            "punknown": 4.2430702865182125e-05,
            "time": 459.75445795059204,
            "percY": 2421911.46,
            "percN": 960480.96,
            "percU": 2894812.02,
            "percUNK": 256372.92,
            "l": 0.01298637894743556,
            "u": 0.9993061528096673
        },
        "~a_8": {
            "yes": 2522,
            "no": 58,
            "undecided": 22098,
            "unknown": 246,
            "pyes": 0.014420034340771284,
            "pno": 9.982826455442281e-05,
            "pundecided": 0.07699762492082256,
            "punknown": 2.7072847136823085e-07,
            "time": 457.4802334308624,
            "percY": 661117.08,
            "percN": 15204.12,
            "percU": 5792769.72,
            "percUNK": 64486.44,
            "l": 0.014420034340771284,
            "u": 0.9999001717354455
        }
    },
    "data": {
        "n_samples": 26214,
        "time": 1408.7525098323822,
        "repeated_worlds": 1290,
        "repeated_progs": 6806,
        "unique_progs": 19408
    }
}