{
    "status": {
        "d_10": {
            "yes": 21852,
            "no": 0,
            "undecided": 805,
            "unknown": 2251,
            "pyes": 0.018577019033058226,
            "pno": 0.0,
            "pundecided": 2.4206861360178627e-06,
            "punknown": 4.264282350804517e-05,
            "time": 297.60503220558167,
            "percY": 5728283.28,
            "percN": 0.0,
            "percU": 211022.7,
            "percUNK": 590077.14,
            "l": 0.018577019033058226,
            "u": 1.0
        },
        "a_6": {
            "yes": 2134,
            "no": 0,
            "undecided": 20051,
            "unknown": 2723,
            "pyes": 0.0001776219143308434,
            "pno": 0.0,
            "pundecided": 0.018013914264668456,
            "punknown": 0.0004305463637029403,
            "time": 295.6119313240051,
            "percY": 559406.76,
            "percN": 0.0,
            "percU": 5256169.14,
            "percUNK": 713807.22,
            "l": 0.0001776219143308434,
            "u": 1.0
        },
        "~a_7": {
            "yes": 2218,
            "no": 10820,
            "undecided": 11416,
            "unknown": 454,
            "pyes": 0.005850125468539229,
            "pno": 0.009037186806434722,
            "pundecided": 0.003734735992922471,
            "punknown": 3.427480575270529e-08,
            "time": 298.8273811340332,
            "percY": 581426.52,
            "percN": 2836354.8,
            "percU": 2992590.24,
            "percUNK": 119011.56,
            "l": 0.005850125468539229,
            "u": 0.9909628131935653
        }
    },
    "data": {
        "n_samples": 26214,
        "time": 921.0468246936798,
        "repeated_worlds": 1306,
        "repeated_progs": 17249,
        "unique_progs": 8965
    }
}