{
    "status": {
        "~d_11": {
            "yes": 15629,
            "no": 0,
            "undecided": 7026,
            "unknown": 2313,
            "pyes": 0.02138224549701313,
            "pno": 0.0,
            "pundecided": 0.00037827649425843283,
            "punknown": 0.00011178997469822148,
            "time": 209.86459875106812,
            "percY": 4096986.06,
            "percN": 0.0,
            "percU": 1841795.64,
            "percUNK": 606329.82,
            "l": 0.02138224549701313,
            "u": 1.0
        },
        "~a_8": {
            "yes": 9060,
            "no": 3453,
            "undecided": 12350,
            "unknown": 105,
            "pyes": 0.011594212140267754,
            "pno": 0.0060509474699238985,
            "pundecided": 0.004227034997345943,
            "punknown": 1.1735843217277884e-07,
            "time": 212.15343761444092,
            "percY": 2374988.4,
            "percN": 905169.42,
            "percU": 3237429.0,
            "percUNK": 27524.7,
            "l": 0.011594212140267754,
            "u": 0.9939490525300761
        },
        "a_8": {
            "yes": 3453,
            "no": 9060,
            "undecided": 12350,
            "unknown": 105,
            "pyes": 0.0060509474699238985,
            "pno": 0.011594212140267754,
            "pundecided": 0.004227034997345943,
            "punknown": 1.1735843217277884e-07,
            "time": 212.45753169059753,
            "percY": 905169.42,
            "percN": 2374988.4,
            "percU": 3237429.0,
            "percUNK": 27524.7,
            "l": 0.0060509474699238985,
            "u": 0.9884057878597322
        }
    },
    "data": {
        "n_samples": 26214,
        "time": 661.3379008769989,
        "repeated_worlds": 1246,
        "repeated_progs": 19975,
        "unique_progs": 6239
    }
}