{
    "status": {
        "d_12": {
            "yes": 3112,
            "no": 0,
            "undecided": 13660,
            "unknown": 8199,
            "pyes": 2.4334407070068498e-06,
            "pno": 0.0,
            "pundecided": 0.004702008393330253,
            "punknown": 0.01246084244197312,
            "time": 606.0995783805847,
            "percY": 815779.68,
            "percN": 0.0,
            "percU": 3580832.4,
            "percUNK": 2149285.86,
            "l": 2.4334407070068498e-06,
            "u": 1.0
        },
        "a_8": {
            "yes": 1168,
            "no": 469,
            "undecided": 22925,
            "unknown": 409,
            "pyes": 3.94989404121595e-07,
            "pno": 8.517947995114483e-06,
            "pundecided": 0.017143706548722597,
            "punknown": 1.2664789888389239e-05,
            "time": 606.1046097278595,
            "percY": 306179.52,
            "percN": 122943.66,
            "percU": 6009559.5,
            "percUNK": 107215.26,
            "l": 3.94989404121595e-07,
            "u": 0.9999914820520048
        }
    },
    "data": {
        "n_samples": 26214,
        "time": 1251.1954536437988,
        "repeated_worlds": 1243,
        "repeated_progs": 7905,
        "unique_progs": 18309
    }
}