{
    "status": {
        "a_4": {
            "yes": 15487,
            "no": 0,
            "undecided": 0,
            "unknown": 9472,
            "pyes": 0.0865640499708251,
            "pno": 0.0,
            "pundecided": 0.0,
            "punknown": 0.002786111623167578,
            "time": 147.84877276420593,
            "percY": 4059762.18,
            "percN": 0.0,
            "percU": 0.0,
            "percUNK": 2482990.08,
            "l": 0.0865640499708251,
            "u": 1.0
        },
        "a_7": {
            "yes": 1868,
            "no": 0,
            "undecided": 13803,
            "unknown": 9288,
            "pyes": 0.03920884619806642,
            "pno": 0.0,
            "pundecided": 0.0028105777703207714,
            "punknown": 0.04733073762560555,
            "time": 147.5097095966339,
            "percY": 489677.52,
            "percN": 0.0,
            "percU": 3618318.42,
            "percUNK": 2434756.32,
            "l": 0.03920884619806642,
            "u": 1.0
        },
        "~a_8": {
            "yes": 2058,
            "no": 10466,
            "undecided": 11624,
            "unknown": 811,
            "pyes": 0.07815128355786947,
            "pno": 0.006620750525656757,
            "pundecided": 0.0045596059059323105,
            "punknown": 1.8521604534207545e-05,
            "time": 148.71661472320557,
            "percY": 539484.12,
            "percN": 2743557.24,
            "percU": 3047115.36,
            "percUNK": 212595.54,
            "l": 0.07815128355786947,
            "u": 0.9933792494743432
        }
    },
    "data": {
        "n_samples": 26214,
        "time": 464.8445243835449,
        "repeated_worlds": 1255,
        "repeated_progs": 21750,
        "unique_progs": 4464
    }
}