{
    "status": {
        "a_0": {
            "yes": 15591,
            "no": 0,
            "undecided": 0,
            "unknown": 9347,
            "pyes": 0.02279919026193186,
            "pno": 0.0,
            "pundecided": 0.0,
            "punknown": 0.004504404021998151,
            "time": 179.5904335975647,
            "percY": 4087024.74,
            "percN": 0.0,
            "percU": 0.0,
            "percUNK": 2450222.58,
            "l": 0.02279919026193186,
            "u": 1.0
        },
        "a_9": {
            "yes": 10966,
            "no": 0,
            "undecided": 4652,
            "unknown": 9320,
            "pyes": 0.006075410057260354,
            "pno": 0.0,
            "pundecided": 0.0004728414816724941,
            "punknown": 0.020755342744997282,
            "time": 178.75082850456238,
            "percY": 2874627.24,
            "percN": 0.0,
            "percU": 1219475.28,
            "percUNK": 2443144.8,
            "l": 0.006075410057260354,
            "u": 1.0
        },
        "~a_8": {
            "yes": 4856,
            "no": 7549,
            "undecided": 12533,
            "unknown": 0,
            "pyes": 0.015016450339685954,
            "pno": 0.00751810689119792,
            "pundecided": 0.004769037053046312,
            "punknown": 0.0,
            "time": 179.44353437423706,
            "percY": 1272951.84,
            "percN": 1978894.86,
            "percU": 3285400.62,
            "percUNK": 0.0,
            "l": 0.015016450339685954,
            "u": 0.9924818931088021
        }
    },
    "data": {
        "n_samples": 26214,
        "time": 560.7031025886536,
        "repeated_worlds": 1276,
        "repeated_progs": 20882,
        "unique_progs": 5332
    }
}