{
    "status": {
        "a_4": {
            "yes": 21879,
            "no": 0,
            "undecided": 0,
            "unknown": 3084,
            "pyes": 0.024774261832779268,
            "pno": 0.0,
            "pundecided": 0.0,
            "punknown": 0.0,
            "time": 296.10668659210205,
            "percY": 5735361.06,
            "percN": 0.0,
            "percU": 0.0,
            "percUNK": 808439.76,
            "l": 0.024774261832779268,
            "u": 1.0
        },
        "~a_8": {
            "yes": 4081,
            "no": 7735,
            "undecided": 13084,
            "unknown": 63,
            "pyes": 9.037333925610912e-05,
            "pno": 0.019958757069695122,
            "pundecided": 0.004725131423689268,
            "punknown": 1.3878020356172502e-13,
            "time": 296.9419479370117,
            "percY": 1069793.34,
            "percN": 2027652.9,
            "percU": 3429839.76,
            "percUNK": 16514.82,
            "l": 9.037333925610912e-05,
            "u": 0.9800412429303049
        },
        "a_7": {
            "yes": 4446,
            "no": 1065,
            "undecided": 19452,
            "unknown": 0,
            "pyes": 0.0007867140509411275,
            "pno": 7.107987584179257e-05,
            "pundecided": 0.02391646790599636,
            "punknown": 0.0,
            "time": 296.7258756160736,
            "percY": 1165474.44,
            "percN": 279179.1,
            "percU": 5099147.28,
            "percUNK": 0.0,
            "l": 0.0007867140509411275,
            "u": 0.9999289201241582
        }
    },
    "data": {
        "n_samples": 26214,
        "time": 917.914431810379,
        "repeated_worlds": 1251,
        "repeated_progs": 17367,
        "unique_progs": 8847
    }
}