{
    "status": {
        "d_36": {
            "yes": 262144,
            "no": 0,
            "undecided": 0,
            "unknown": 0,
            "pyes": 0.9999999999999412,
            "pno": 0.0,
            "pundecided": 0.0,
            "punknown": 0.0,
            "time": 4444.480253458023,
            "percY": 687194767.36,
            "percN": 0.0,
            "percU": 0.0,
            "percUNK": 0.0,
            "l": 0.9999999999999412,
            "u": 1.0,
            "flag": "INTEREST"
        },
        "a_11": {
            "yes": 262144,
            "no": 0,
            "undecided": 0,
            "unknown": 0,
            "pyes": 0.9999999999999412,
            "pno": 0.0,
            "pundecided": 0.0,
            "punknown": 0.0,
            "time": 4425.629977941513,
            "percY": 687194767.36,
            "percN": 0.0,
            "percU": 0.0,
            "percUNK": 0.0,
            "l": 0.9999999999999412,
            "u": 1.0,
            "flag": "INTEREST"
        },
        "~a_15": {
            "yes": 100352,
            "no": 103872,
            "undecided": 57920,
            "unknown": 0,
            "pyes": 0.8774378569594372,
            "pno": 0.11380549526934375,
            "pundecided": 0.008756647771186492,
            "punknown": 0.0,
            "time": 5252.584251642227,
            "percY": 263066746.88,
            "percN": 272294215.68,
            "percU": 151833804.8,
            "percUNK": 0.0,
            "l": 0.8774378569594372,
            "u": 0.8861945047306563,
            "flag": "INTEREST"
        }
    },
    "data": {
        "n_samples": 262144,
        "time": 14561.225558280945,
        "repeated_worlds": 0,
        "repeated_progs": 181416,
        "unique_progs": 80728
    }
}