{
    "status": {
        "d_24": {
            "yes": 262144,
            "no": 0,
            "undecided": 0,
            "unknown": 0,
            "pyes": 0.9999999999999257,
            "pno": 0.0,
            "pundecided": 0.0,
            "punknown": 0.0,
            "time": 1855.3728122711182,
            "percY": 687194767.36,
            "percN": 0.0,
            "percU": 0.0,
            "percUNK": 0.0,
            "l": 0.9999999999999257,
            "u": 1.0,
            "flag": "INTEREST"
        },
        "~a_17": {
            "yes": 86016,
            "no": 36864,
            "undecided": 139264,
            "unknown": 0,
            "pyes": 0.1826692209909306,
            "pno": 0.05666558101079057,
            "pundecided": 0.7606651979982355,
            "punknown": 0.0,
            "time": 2139.0311880111694,
            "percY": 225485783.04,
            "percN": 96636764.16,
            "percU": 365072220.16,
            "percUNK": 0.0,
            "l": 0.1826692209909306,
            "u": 0.9433344189892094
        },
        "~a_15": {
            "yes": 59392,
            "no": 0,
            "undecided": 202752,
            "unknown": 0,
            "pyes": 0.166651721084089,
            "pno": 0.0,
            "pundecided": 0.833348278915853,
            "punknown": 0.0,
            "time": 2284.7084913253784,
            "percY": 155692564.48,
            "percN": 0.0,
            "percU": 531502202.88,
            "percUNK": 0.0,
            "l": 0.166651721084089,
            "u": 1.0
        }
    },
    "data": {
        "n_samples": 262144,
        "time": 6637.449292182922,
        "repeated_worlds": 0,
        "repeated_progs": 227592,
        "unique_progs": 34552
    }
}