{
    "status": {
        "a_5": {
            "yes": 65536,
            "no": 0,
            "undecided": 0,
            "unknown": 196608,
            "pyes": 0.019200000000000383,
            "pno": 0.0,
            "pundecided": 0.0,
            "punknown": 0.9807999999999737,
            "time": 8096.031057834625,
            "percY": 171798691.84,
            "percN": 0.0,
            "percU": 0.0,
            "percUNK": 515396075.52,
            "l": 0.019200000000000383,
            "u": 1.0
        },
        "a_14": {
            "yes": 188928,
            "no": 7680,
            "undecided": 65536,
            "unknown": 0,
            "pyes": 0.9278308853273755,
            "pno": 0.0033635946725890107,
            "pundecided": 0.06880551999999751,
            "punknown": 0.0,
            "time": 9370.623095273972,
            "percY": 495263416.32,
            "percN": 20132659.2,
            "percU": 171798691.84,
            "percUNK": 0.0,
            "l": 0.9278308853273755,
            "u": 0.9966364053274109,
            "flag": "INTEREST"
        },
        "a_19": {
            "yes": 163840,
            "no": 0,
            "undecided": 98304,
            "unknown": 0,
            "pyes": 0.9354938239999675,
            "pno": 0.0,
            "pundecided": 0.06450617599999976,
            "punknown": 0.0,
            "time": 8050.055480957031,
            "percY": 429496729.6,
            "percN": 0.0,
            "percU": 257698037.76,
            "percUNK": 0.0,
            "l": 0.9354938239999675,
            "u": 1.0,
            "flag": "INTEREST"
        }
    },
    "data": {
        "n_samples": 262144,
        "time": 26064.605030298233,
        "repeated_worlds": 0,
        "repeated_progs": 119802,
        "unique_progs": 142342
    }
}