{
    "status": {
        "d_52": {
            "yes": 2048,
            "no": 0,
            "undecided": 2048,
            "unknown": 0,
            "pyes": 0.024361615199999957,
            "pno": 0.0,
            "pundecided": 0.9756383848000009,
            "punknown": 0.0,
            "time": 139.84344148635864,
            "percY": 83886.08,
            "percN": 0.0,
            "percU": 83886.08,
            "percUNK": 0.0,
            "l": 0.024361615199999957,
            "u": 1.0
        },
        "~a_20": {
            "yes": 1024,
            "no": 0,
            "undecided": 3072,
            "unknown": 0,
            "pyes": 0.09076939714024004,
            "pno": 0.0,
            "pundecided": 0.9092306028597636,
            "punknown": 0.0,
            "time": 160.7580976486206,
            "percY": 41943.04,
            "percN": 0.0,
            "percU": 125829.12,
            "percUNK": 0.0,
            "l": 0.09076939714024004,
            "u": 1.0
        },
        "a_20": {
            "yes": 0,
            "no": 1024,
            "undecided": 3072,
            "unknown": 0,
            "pyes": 0.0,
            "pno": 0.09076939714024004,
            "pundecided": 0.9092306028597636,
            "punknown": 0.0,
            "time": 170.43281888961792,
            "percY": 0.0,
            "percN": 41943.04,
            "percU": 125829.12,
            "percUNK": 0.0,
            "l": 0.0,
            "u": 0.90923060285976
        }
    },
    "data": {
        "n_samples": 4096,
        "time": 476.74115538597107,
        "repeated_worlds": 0,
        "repeated_progs": 0,
        "unique_progs": 4096
    }
}