{
    "status": {
        "d_33": {
            "yes": 2048,
            "no": 0,
            "undecided": 2048,
            "unknown": 0,
            "pyes": 0.10000000000000002,
            "pno": 0.0,
            "pundecided": 0.9000000000000001,
            "punknown": 0.0,
            "time": 138.6635706424713,
            "percY": 83886.08,
            "percN": 0.0,
            "percU": 83886.08,
            "percUNK": 0.0,
            "l": 0.10000000000000002,
            "u": 1.0
        },
        "~a_17": {
            "yes": 1376,
            "no": 672,
            "undecided": 2048,
            "unknown": 0,
            "pyes": 0.8340461491703833,
            "pno": 0.019845850829616745,
            "pundecided": 0.1461079999999999,
            "punknown": 0.0,
            "time": 157.12444615364075,
            "percY": 56360.96,
            "percN": 27525.12,
            "percU": 83886.08,
            "percUNK": 0.0,
            "l": 0.8340461491703833,
            "u": 0.9801541491703832,
            "flag": "INTEREST"
        },
        "a_18": {
            "yes": 1920,
            "no": 128,
            "undecided": 2048,
            "unknown": 0,
            "pyes": 0.8528221041740001,
            "pno": 0.001069895826,
            "pundecided": 0.1461079999999999,
            "punknown": 0.0,
            "time": 176.79476523399353,
            "percY": 78643.2,
            "percN": 5242.88,
            "percU": 83886.08,
            "percUNK": 0.0,
            "l": 0.8528221041740001,
            "u": 0.998930104174,
            "flag": "INTEREST"
        }
    },
    "data": {
        "n_samples": 4096,
        "time": 478.2023503780365,
        "repeated_worlds": 0,
        "repeated_progs": 0,
        "unique_progs": 4096
    }
}