{
    "status": {
        "d_66": {
            "yes": 2048,
            "no": 0,
            "undecided": 2048,
            "unknown": 0,
            "pyes": 0.7707455078400002,
            "pno": 0.0,
            "pundecided": 0.2292544921600004,
            "punknown": 0.0,
            "time": 139.3420271873474,
            "percY": 83886.08,
            "percN": 0.0,
            "percU": 83886.08,
            "percUNK": 0.0,
            "l": 0.7707455078400002,
            "u": 1.0,
            "flag": "INTEREST"
        },
        "a_16": {
            "yes": 128,
            "no": 320,
            "undecided": 3648,
            "unknown": 0,
            "pyes": 5.05255786684416e-05,
            "pno": 9.7157115778048e-06,
            "pundecided": 0.9999397587097548,
            "punknown": 0.0,
            "time": 140.86277270317078,
            "percY": 5242.88,
            "percN": 13107.2,
            "percU": 149422.08,
            "percUNK": 0.0,
            "l": 5.05255786684416e-05,
            "u": 0.9999902842884222
        },
        "~a_18": {
            "yes": 128,
            "no": 384,
            "undecided": 3584,
            "unknown": 0,
            "pyes": 6.460849949819395e-06,
            "pno": 5.837057267597261e-05,
            "pundecided": 0.9999351685773753,
            "punknown": 0.0,
            "time": 143.66615796089172,
            "percY": 5242.88,
            "percN": 15728.64,
            "percU": 146800.64,
            "percUNK": 0.0,
            "l": 6.460849949819395e-06,
            "u": 0.999941629427324
        }
    },
    "data": {
        "n_samples": 4096,
        "time": 429.34740471839905,
        "repeated_worlds": 0,
        "repeated_progs": 0,
        "unique_progs": 4096
    }
}