{
    "status": {
        "d_21": {
            "yes": 2048,
            "no": 0,
            "undecided": 2048,
            "unknown": 0,
            "pyes": 0.05789800000000001,
            "pno": 0.0,
            "pundecided": 0.9421020000000011,
            "punknown": 0.0,
            "time": 135.25068306922913,
            "percY": 83886.08,
            "percN": 0.0,
            "percU": 83886.08,
            "percUNK": 0.0,
            "l": 0.05789800000000001,
            "u": 1.0
        },
        "a_12": {
            "yes": 1024,
            "no": 0,
            "undecided": 3072,
            "unknown": 0,
            "pyes": 0.9114000000000004,
            "pno": 0.0,
            "pundecided": 0.08859999999999998,
            "punknown": 0.0,
            "time": 135.7995548248291,
            "percY": 41943.04,
            "percN": 0.0,
            "percU": 125829.12,
            "percUNK": 0.0,
            "l": 0.9114000000000004,
            "u": 1.0,
            "flag": "INTEREST"
        },
        "~a_18": {
            "yes": 128,
            "no": 896,
            "undecided": 3072,
            "unknown": 0,
            "pyes": 9.847463769599997e-05,
            "pno": 0.00975952536230399,
            "pundecided": 0.9901420000000005,
            "punknown": 0.0,
            "time": 156.441912651062,
            "percY": 5242.88,
            "percN": 36700.16,
            "percU": 125829.12,
            "percUNK": 0.0,
            "l": 9.847463769599997e-05,
            "u": 0.990240474637696
        }
    },
    "data": {
        "n_samples": 4096,
        "time": 432.97233748435974,
        "repeated_worlds": 0,
        "repeated_progs": 0,
        "unique_progs": 4096
    }
}