{
    "status": {
        "d_67": {
            "yes": 2048,
            "no": 0,
            "undecided": 2048,
            "unknown": 0,
            "pyes": 0.9199999999999995,
            "pno": 0.0,
            "pundecided": 0.0800000000000004,
            "punknown": 0.0,
            "time": 135.07516765594482,
            "percY": 83886.08,
            "percN": 0.0,
            "percU": 83886.08,
            "percUNK": 0.0,
            "l": 0.9199999999999995,
            "u": 1.0,
            "flag": "INTEREST"
        },
        "~a_16": {
            "yes": 1344,
            "no": 704,
            "undecided": 2048,
            "unknown": 0,
            "pyes": 0.028944243968639982,
            "pno": 0.0010557560313600011,
            "pundecided": 0.9700000000000012,
            "punknown": 0.0,
            "time": 145.39582920074463,
            "percY": 55050.24,
            "percN": 28835.84,
            "percU": 83886.08,
            "percUNK": 0.0,
            "l": 0.028944243968639982,
            "u": 0.99894424396864
        },
        "~a_17": {
            "yes": 512,
            "no": 1024,
            "undecided": 2560,
            "unknown": 0,
            "pyes": 0.1371742167664039,
            "pno": 0.06108802488923404,
            "pundecided": 0.8017377583443629,
            "punknown": 0.0,
            "time": 136.3238763809204,
            "percY": 20971.52,
            "percN": 41943.04,
            "percU": 104857.6,
            "percUNK": 0.0,
            "l": 0.1371742167664039,
            "u": 0.938911975110766
        }
    },
    "data": {
        "n_samples": 4096,
        "time": 422.62471413612366,
        "repeated_worlds": 0,
        "repeated_progs": 0,
        "unique_progs": 4096
    }
}