{
    "status": {
        "d_48": {
            "yes": 2048,
            "no": 0,
            "undecided": 2048,
            "unknown": 0,
            "pyes": 0.939999999999999,
            "pno": 0.0,
            "pundecided": 0.059999999999999894,
            "punknown": 0.0,
            "time": 137.00883841514587,
            "percY": 83886.08,
            "percN": 0.0,
            "percU": 83886.08,
            "percUNK": 0.0,
            "l": 0.939999999999999,
            "u": 1.0,
            "flag": "INTEREST"
        },
        "a_13": {
            "yes": 512,
            "no": 0,
            "undecided": 3584,
            "unknown": 0,
            "pyes": 0.0102757925826468,
            "pno": 0.0,
            "pundecided": 0.989724207417353,
            "punknown": 0.0,
            "time": 136.67066884040833,
            "percY": 20971.52,
            "percN": 0.0,
            "percU": 146800.64,
            "percUNK": 0.0,
            "l": 0.0102757925826468,
            "u": 1.0
        },
        "~a_17": {
            "yes": 512,
            "no": 512,
            "undecided": 3072,
            "unknown": 0,
            "pyes": 0.0018109097539631993,
            "pno": 0.047689090246036785,
            "pundecided": 0.9504999999999987,
            "punknown": 0.0,
            "time": 143.3485448360443,
            "percY": 20971.52,
            "percN": 20971.52,
            "percU": 125829.12,
            "percUNK": 0.0,
            "l": 0.0018109097539631993,
            "u": 0.9523109097539633
        }
    },
    "data": {
        "n_samples": 4096,
        "time": 422.69234919548035,
        "repeated_worlds": 0,
        "repeated_progs": 0,
        "unique_progs": 4096
    }
}