{
    "status": {
        "d_61": {
            "yes": 2048,
            "no": 0,
            "undecided": 2048,
            "unknown": 0,
            "pyes": 0.08999999999999989,
            "pno": 0.0,
            "pundecided": 0.9099999999999955,
            "punknown": 0.0,
            "time": 138.57597398757935,
            "percY": 83886.08,
            "percN": 0.0,
            "percU": 83886.08,
            "percUNK": 0.0,
            "l": 0.08999999999999989,
            "u": 1.0
        },
        "~a_10": {
            "yes": 1024,
            "no": 0,
            "undecided": 3072,
            "unknown": 0,
            "pyes": 0.9328049999999986,
            "pno": 0.0,
            "pundecided": 0.06719500000000007,
            "punknown": 0.0,
            "time": 139.20684003829956,
            "percY": 41943.04,
            "percN": 0.0,
            "percU": 125829.12,
            "percUNK": 0.0,
            "l": 0.9328049999999986,
            "u": 1.0,
            "flag": "INTEREST"
        },
        "~a_17": {
            "yes": 596,
            "no": 428,
            "undecided": 3072,
            "unknown": 0,
            "pyes": 0.15201757334204313,
            "pno": 0.6826060910419554,
            "pundecided": 0.16537633561599951,
            "punknown": 0.0,
            "time": 154.8460955619812,
            "percY": 24412.16,
            "percN": 17530.88,
            "percU": 125829.12,
            "percUNK": 0.0,
            "l": 0.15201757334204313,
            "u": 0.31739390895804465,
            "flag": "INTEREST"
        }
    },
    "data": {
        "n_samples": 4096,
        "time": 438.3067319393158,
        "repeated_worlds": 0,
        "repeated_progs": 0,
        "unique_progs": 4096
    }
}