{
    "status": {
        "d_30": {
            "yes": 2048,
            "no": 0,
            "undecided": 2048,
            "unknown": 0,
            "pyes": 0.03275544,
            "pno": 0.0,
            "pundecided": 0.96724456,
            "punknown": 0.0,
            "time": 136.07599258422852,
            "percY": 83886.08,
            "percN": 0.0,
            "percU": 83886.08,
            "percUNK": 0.0,
            "l": 0.03275544,
            "u": 1.0
        },
        "a_11": {
            "yes": 256,
            "no": 0,
            "undecided": 3840,
            "unknown": 0,
            "pyes": 5.855999999999996e-06,
            "pno": 0.0,
            "pundecided": 0.9999941440000016,
            "punknown": 0.0,
            "time": 141.4163007736206,
            "percY": 10485.76,
            "percN": 0.0,
            "percU": 157286.4,
            "percUNK": 0.0,
            "l": 5.855999999999996e-06,
            "u": 1.0
        },
        "~a_16": {
            "yes": 0,
            "no": 0,
            "undecided": 4096,
            "unknown": 0,
            "pyes": 0.0,
            "pno": 0.0,
            "pundecided": 1.0000000000000018,
            "punknown": 0.0,
            "time": 136.12322092056274,
            "percY": 0.0,
            "percN": 0.0,
            "percU": 167772.16,
            "percUNK": 0.0,
            "l": 0.0,
            "u": 1.0
        }
    },
    "data": {
        "n_samples": 4096,
        "time": 419.00297451019287,
        "repeated_worlds": 0,
        "repeated_progs": 0,
        "unique_progs": 4096
    }
}