{
    "status": {
        "d_62": {
            "yes": 2048,
            "no": 0,
            "undecided": 2048,
            "unknown": 0,
            "pyes": 0.059999999999999956,
            "pno": 0.0,
            "pundecided": 0.9400000000000015,
            "punknown": 0.0,
            "time": 70.46624255180359,
            "percY": 83886.08,
            "percN": 0.0,
            "percU": 83886.08,
            "percUNK": 0.0,
            "l": 0.059999999999999956,
            "u": 1.0
        },
        "a_19": {
            "yes": 1070,
            "no": 434,
            "undecided": 2592,
            "unknown": 0,
            "pyes": 0.011040372741214726,
            "pno": 0.044231052883984684,
            "pundecided": 0.9447285743748018,
            "punknown": 0.0,
            "time": 75.28086256980896,
            "percY": 43827.2,
            "percN": 17776.64,
            "percU": 106168.32,
            "percUNK": 0.0,
            "l": 0.011040372741214726,
            "u": 0.9557689471160153
        },
        "a_17": {
            "yes": 1536,
            "no": 512,
            "undecided": 2048,
            "unknown": 0,
            "pyes": 0.12061180537999978,
            "pno": 0.00038819462,
            "pundecided": 0.8790000000000008,
            "punknown": 0.0,
            "time": 71.25112104415894,
            "percY": 62914.56,
            "percN": 20971.52,
            "percU": 83886.08,
            "percUNK": 0.0,
            "l": 0.12061180537999978,
            "u": 0.99961180538
        }
    },
    "data": {
        "n_samples": 4096,
        "time": 221.63097286224365,
        "repeated_worlds": 0,
        "repeated_progs": 2048,
        "unique_progs": 2048
    }
}