{
    "status": {
        "a_20": {
            "yes": 2048,
            "no": 0,
            "undecided": 2048,
            "unknown": 0,
            "pyes": 0.02462635999999999,
            "pno": 0.0,
            "pundecided": 0.9753736400000003,
            "punknown": 0.0,
            "time": 138.27122950553894,
            "percY": 83886.08,
            "percN": 0.0,
            "percU": 83886.08,
            "percUNK": 0.0,
            "l": 0.02462635999999999,
            "u": 1.0
        },
        "a_12": {
            "yes": 2048,
            "no": 0,
            "undecided": 2048,
            "unknown": 0,
            "pyes": 0.011000000000000017,
            "pno": 0.0,
            "pundecided": 0.9889999999999997,
            "punknown": 0.0,
            "time": 138.12183141708374,
            "percY": 83886.08,
            "percN": 0.0,
            "percU": 83886.08,
            "percUNK": 0.0,
            "l": 0.011000000000000017,
            "u": 1.0
        },
        "a_18": {
            "yes": 1136,
            "no": 912,
            "undecided": 2048,
            "unknown": 0,
            "pyes": 0.7893797778580087,
            "pno": 0.12782022214199126,
            "pundecided": 0.0828000000000001,
            "punknown": 0.0,
            "time": 151.9534933567047,
            "percY": 46530.56,
            "percN": 37355.52,
            "percU": 83886.08,
            "percUNK": 0.0,
            "l": 0.7893797778580087,
            "u": 0.8721797778580087,
            "flag": "INTEREST"
        }
    },
    "data": {
        "n_samples": 4096,
        "time": 434.06684613227844,
        "repeated_worlds": 0,
        "repeated_progs": 0,
        "unique_progs": 4096
    }
}