{
    "status": {
        "d_29": {
            "yes": 2048,
            "no": 0,
            "undecided": 2048,
            "unknown": 0,
            "pyes": 0.11259316399999995,
            "pno": 0.0,
            "pundecided": 0.8874068360000001,
            "punknown": 0.0,
            "time": 137.69977140426636,
            "percY": 83886.08,
            "percN": 0.0,
            "percU": 83886.08,
            "percUNK": 0.0,
            "l": 0.11259316399999995,
            "u": 1.0
        },
        "a_12": {
            "yes": 1024,
            "no": 0,
            "undecided": 3072,
            "unknown": 0,
            "pyes": 0.005605492500000007,
            "pno": 0.0,
            "pundecided": 0.9943945075000004,
            "punknown": 0.0,
            "time": 138.22177052497864,
            "percY": 41943.04,
            "percN": 0.0,
            "percU": 125829.12,
            "percUNK": 0.0,
            "l": 0.005605492500000007,
            "u": 1.0
        },
        "~a_17": {
            "yes": 896,
            "no": 512,
            "undecided": 2688,
            "unknown": 0,
            "pyes": 0.027430237200000023,
            "pno": 0.00010314000000000009,
            "pundecided": 0.9724666228000007,
            "punknown": 0.0,
            "time": 165.30859470367432,
            "percY": 36700.16,
            "percN": 20971.52,
            "percU": 110100.48,
            "percUNK": 0.0,
            "l": 0.027430237200000023,
            "u": 0.99989686
        }
    },
    "data": {
        "n_samples": 4096,
        "time": 446.6931438446045,
        "repeated_worlds": 0,
        "repeated_progs": 0,
        "unique_progs": 4096
    }
}