{
    "status": {
        "d_48": {
            "yes": 2048,
            "no": 0,
            "undecided": 2048,
            "unknown": 0,
            "pyes": 0.06000000000000008,
            "pno": 0.0,
            "pundecided": 0.9400000000000011,
            "punknown": 0.0,
            "time": 140.26424908638,
            "percY": 83886.08,
            "percN": 0.0,
            "percU": 83886.08,
            "percUNK": 0.0,
            "l": 0.06000000000000008,
            "u": 1.0
        },
        "a_19": {
            "yes": 1472,
            "no": 576,
            "undecided": 2048,
            "unknown": 0,
            "pyes": 0.0815647284703071,
            "pno": 0.008435271529692893,
            "pundecided": 0.9100000000000003,
            "punknown": 0.0,
            "time": 150.95782780647278,
            "percY": 60293.12,
            "percN": 23592.96,
            "percU": 83886.08,
            "percUNK": 0.0,
            "l": 0.0815647284703071,
            "u": 0.9915647284703071
        },
        "a_18": {
            "yes": 832,
            "no": 768,
            "undecided": 2496,
            "unknown": 0,
            "pyes": 0.001164507423236687,
            "pno": 0.07780566031383886,
            "pundecided": 0.9210298322629252,
            "punknown": 0.0,
            "time": 154.75975227355957,
            "percY": 34078.72,
            "percN": 31457.28,
            "percU": 102236.16,
            "percUNK": 0.0,
            "l": 0.001164507423236687,
            "u": 0.9221943396861612
        }
    },
    "data": {
        "n_samples": 4096,
        "time": 451.68941020965576,
        "repeated_worlds": 0,
        "repeated_progs": 0,
        "unique_progs": 4096
    }
}