{
    "status": {
        "a_4": {
            "yes": 798279,
            "no": 0,
            "undecided": 0,
            "unknown": 798438,
            "pyes": 0.05732413834147601,
            "pno": 0.0,
            "pundecided": 0.0,
            "punknown": 0.034865733798478384,
            "time": 268.8584654331207,
            "percY": 13392894421.59,
            "percN": 0.0,
            "percU": 0.0,
            "percUNK": 13395561997.98,
            "l": 0.05732413834147601,
            "u": 1.0
        },
        "a_8": {
            "yes": 598909,
            "no": 199865,
            "undecided": 797943,
            "unknown": 0,
            "pyes": 0.03375189979565935,
            "pno": 0.014254762873276133,
            "pundecided": 0.04418320947101942,
            "punknown": 0.0,
            "time": 274.35461926460266,
            "percY": 10048022063.89,
            "percN": 3353177076.65,
            "percU": 13387257279.03,
            "percUNK": 0.0,
            "l": 0.03375189979565935,
            "u": 0.9857452371267239
        },
        "~a_8": {
            "yes": 199865,
            "no": 598909,
            "undecided": 797943,
            "unknown": 0,
            "pyes": 0.014254762873276133,
            "pno": 0.03375189979565935,
            "pundecided": 0.04418320947101942,
            "punknown": 0.0,
            "time": 275.2380790710449,
            "percY": 3353177076.65,
            "percN": 10048022063.89,
            "percU": 13387257279.03,
            "percUNK": 0.0,
            "l": 0.014254762873276133,
            "u": 0.9662481002043406
        }
    },
    "data": {
        "n_samples": 1677721,
        "time": 1545.2917382717133,
        "repeated_worlds": 81004,
        "repeated_progs": 1669529,
        "unique_progs": 8192
    }
}