{
    "status": {
        "a_1": {
            "yes": 798395,
            "no": 0,
            "undecided": 0,
            "unknown": 798343,
            "pyes": 0.0634568477284609,
            "pno": 0.0,
            "pundecided": 0.0,
            "punknown": 0.03265720847571539,
            "time": 165.77278184890747,
            "percY": 13394840577.95,
            "percN": 0.0,
            "percU": 0.0,
            "percUNK": 13393968163.03,
            "l": 0.0634568477284609,
            "u": 1.0
        },
        "~a_5": {
            "yes": 798417,
            "no": 0,
            "undecided": 798321,
            "unknown": 0,
            "pyes": 0.052249791696889376,
            "pno": 0.0,
            "pundecided": 0.0438642645072882,
            "punknown": 0.0,
            "time": 166.39429640769958,
            "percY": 13395209676.57,
            "percN": 0.0,
            "percU": 13393599064.41,
            "percUNK": 0.0,
            "l": 0.052249791696889376,
            "u": 1.0
        },
        "~a_8": {
            "yes": 273940,
            "no": 524171,
            "undecided": 798627,
            "unknown": 0,
            "pyes": 0.010847278643950846,
            "pno": 0.07346601037954603,
            "pundecided": 0.011800767180686312,
            "punknown": 0.0,
            "time": 167.92870712280273,
            "percY": 4595948907.4,
            "percN": 8794126942.91,
            "percU": 13398732890.67,
            "percUNK": 0.0,
            "l": 0.010847278643950846,
            "u": 0.926533989620454
        }
    },
    "data": {
        "n_samples": 1677721,
        "time": 1420.4259946346283,
        "repeated_worlds": 80983,
        "repeated_progs": 1673625,
        "unique_progs": 4096
    }
}