{
    "status": {
        "d_9": {
            "yes": 798169,
            "no": 0,
            "undecided": 798013,
            "unknown": 0,
            "pyes": 0.07502452806287843,
            "pno": 0.0,
            "pundecided": 0.01691284602523062,
            "punknown": 0.0,
            "time": 162.91327738761902,
            "percY": 13391048928.49,
            "percN": 0.0,
            "percU": 13388431683.73,
            "percUNK": 0.0,
            "l": 0.07502452806287843,
            "u": 1.0
        },
        "a_5": {
            "yes": 798636,
            "no": 0,
            "undecided": 797546,
            "unknown": 0,
            "pyes": 0.009939046587158069,
            "pno": 0.0,
            "pundecided": 0.0819983275009527,
            "punknown": 0.0,
            "time": 162.92385697364807,
            "percY": 13398883885.56,
            "percN": 0.0,
            "percU": 13380596726.66,
            "percUNK": 0.0,
            "l": 0.009939046587158069,
            "u": 1.0
        },
        "a_7": {
            "yes": 274734,
            "no": 523736,
            "undecided": 797712,
            "unknown": 0,
            "pyes": 0.003581657293885139,
            "pno": 0.024873139213402257,
            "pundecided": 0.0634825775808224,
            "punknown": 0.0,
            "time": 164.5855700969696,
            "percY": 4609270012.14,
            "percN": 8786828856.56,
            "percU": 13383381743.52,
            "percUNK": 0.0,
            "l": 0.003581657293885139,
            "u": 0.9751268607865977
        }
    },
    "data": {
        "n_samples": 1677721,
        "time": 1382.3346943855286,
        "repeated_worlds": 81539,
        "repeated_progs": 1673625,
        "unique_progs": 4096
    }
}