{
    "status": {
        "d_17": {
            "yes": 798940,
            "no": 0,
            "undecided": 797808,
            "unknown": 0,
            "pyes": 0.09597300748065603,
            "pno": 0.0,
            "pundecided": 0.004715834639760268,
            "punknown": 0.0,
            "time": 80.24612879753113,
            "percY": 13403984157.4,
            "percN": 0.0,
            "percU": 13384992355.68,
            "percUNK": 0.0,
            "l": 0.09597300748065603,
            "u": 1.0
        },
        "a_8": {
            "yes": 299065,
            "no": 499002,
            "undecided": 798681,
            "unknown": 0,
            "pyes": 0.023816445361873616,
            "pno": 0.007746875899102536,
            "pundecided": 0.06912552085944011,
            "punknown": 0.0,
            "time": 82.15580177307129,
            "percY": 5017476308.65,
            "percN": 8371861344.42,
            "percU": 13399638860.01,
            "percUNK": 0.0,
            "l": 0.023816445361873616,
            "u": 0.9922531241008975
        }
    },
    "data": {
        "n_samples": 1677721,
        "time": 1038.108798980713,
        "repeated_worlds": 80973,
        "repeated_progs": 1675673,
        "unique_progs": 2048
    }
}