{
    "status": {
        "~a_4": {
            "yes": 1596774,
            "no": 0,
            "undecided": 0,
            "unknown": 0,
            "pyes": 0.09922578389859489,
            "pno": 0.0,
            "pundecided": 0.0,
            "punknown": 0.0,
            "time": 16.927361011505127,
            "percY": 26789412720.54,
            "percN": 0.0,
            "percU": 0.0,
            "percUNK": 0.0,
            "l": 0.09922578389859489,
            "u": 1.0
        },
        "a_7": {
            "yes": 449818,
            "no": 348590,
            "undecided": 798366,
            "unknown": 0,
            "pyes": 0.004276873676666651,
            "pno": 0.003788701331457691,
            "pundecided": 0.09116020889047155,
            "punknown": 0.0,
            "time": 17.051801919937134,
            "percY": 7546691047.78,
            "percN": 5848367633.9,
            "percU": 13394354038.86,
            "percUNK": 0.0,
            "l": 0.004276873676666651,
            "u": 0.9962112986685423
        }
    },
    "data": {
        "n_samples": 1677721,
        "time": 704.9478816986084,
        "repeated_worlds": 80947,
        "repeated_progs": 1677209,
        "unique_progs": 512
    }
}