{
    "status": {
        "~d_11": {
            "yes": 798794,
            "no": 0,
            "undecided": 797711,
            "unknown": 0,
            "pyes": 0.046183584593407496,
            "pno": 0.0,
            "pundecided": 0.058125249359529535,
            "punknown": 0.0,
            "time": 133.71933364868164,
            "percY": 13401534684.74,
            "percN": 0.0,
            "percU": 13383364966.31,
            "percUNK": 0.0,
            "l": 0.046183584593407496,
            "u": 1.0
        },
        "a_7": {
            "yes": 448545,
            "no": 349944,
            "undecided": 798016,
            "unknown": 0,
            "pyes": 0.008322192319433016,
            "pno": 0.005905356073469345,
            "pundecided": 0.09008128556003211,
            "punknown": 0.0,
            "time": 135.92234468460083,
            "percY": 7525333659.45,
            "percN": 5871083976.24,
            "percU": 13388482015.36,
            "percUNK": 0.0,
            "l": 0.008322192319433016,
            "u": 0.9940946439265307
        },
        "~a_7": {
            "yes": 349944,
            "no": 448545,
            "undecided": 798016,
            "unknown": 0,
            "pyes": 0.005905356073469345,
            "pno": 0.008322192319433016,
            "pundecided": 0.09008128556003211,
            "punknown": 0.0,
            "time": 135.9903688430786,
            "percY": 5871083976.24,
            "percN": 7525333659.45,
            "percU": 13388482015.36,
            "percUNK": 0.0,
            "l": 0.005905356073469345,
            "u": 0.991677807680567
        }
    },
    "data": {
        "n_samples": 1677721,
        "time": 1088.54359292984,
        "repeated_worlds": 81216,
        "repeated_progs": 1673625,
        "unique_progs": 4096
    }
}