{
    "status": {
        "a_4": {
            "yes": 797585,
            "no": 0,
            "undecided": 798886,
            "unknown": 0,
            "pyes": 0.05011289324049013,
            "pno": 0.0,
            "pundecided": 0.044851120562603396,
            "punknown": 0.0,
            "time": 547.332498550415,
            "percY": 13381251037.85,
            "percN": 0.0,
            "percU": 13403078188.06,
            "percUNK": 0.0,
            "l": 0.05011289324049013,
            "u": 1.0
        },
        "~a_6": {
            "yes": 797585,
            "no": 0,
            "undecided": 798886,
            "unknown": 0,
            "pyes": 0.05011289324049013,
            "pno": 0.0,
            "pundecided": 0.044851120562603396,
            "punknown": 0.0,
            "time": 546.0505583286285,
            "percY": 13381251037.85,
            "percN": 0.0,
            "percU": 13403078188.06,
            "percUNK": 0.0,
            "l": 0.05011289324049013,
            "u": 1.0
        },
        "~a_9": {
            "yes": 100169,
            "no": 698684,
            "undecided": 797618,
            "unknown": 0,
            "pyes": 0.000441000907854921,
            "pno": 0.038715589484591494,
            "pundecided": 0.05580742341064983,
            "punknown": 0.0,
            "time": 558.4440655708313,
            "percY": 1680556348.49,
            "percN": 11721968191.64,
            "percU": 13381804685.78,
            "percUNK": 0.0,
            "l": 0.000441000907854921,
            "u": 0.9612844105154085
        }
    },
    "data": {
        "n_samples": 1677721,
        "time": 2404.2519466876984,
        "repeated_worlds": 81250,
        "repeated_progs": 1661337,
        "unique_progs": 16384
    }
}