{
    "status": {
        "~d_16": {
            "yes": 798773,
            "no": 0,
            "undecided": 798025,
            "unknown": 0,
            "pyes": 0.06537016997086315,
            "pno": 0.0,
            "pundecided": 0.03066269584002177,
            "punknown": 0.0,
            "time": 34.02146935462952,
            "percY": 13401182363.33,
            "percN": 0.0,
            "percU": 13388633010.25,
            "percUNK": 0.0,
            "l": 0.06537016997086315,
            "u": 1.0
        },
        "~a_6": {
            "yes": 798054,
            "no": 0,
            "undecided": 798744,
            "unknown": 0,
            "pyes": 0.03711955758796318,
            "pno": 0.0,
            "pundecided": 0.058913308222923434,
            "punknown": 0.0,
            "time": 33.62002682685852,
            "percY": 13389119549.34,
            "percN": 0.0,
            "percU": 13400695824.24,
            "percUNK": 0.0,
            "l": 0.03711955758796318,
            "u": 1.0
        },
        "~a_8": {
            "yes": 448951,
            "no": 349103,
            "undecided": 798744,
            "unknown": 0,
            "pyes": 0.011012892894644457,
            "pno": 0.026106664693316902,
            "pundecided": 0.058913308222923434,
            "punknown": 0.0,
            "time": 34.50341081619263,
            "percY": 7532145206.71,
            "percN": 5856974342.63,
            "percU": 13400695824.24,
            "percUNK": 0.0,
            "l": 0.011012892894644457,
            "u": 0.9738933353066831
        }
    },
    "data": {
        "n_samples": 1677721,
        "time": 782.8146357536316,
        "repeated_worlds": 80923,
        "repeated_progs": 1676697,
        "unique_progs": 1024
    }
}