{
    "status": {
        "a_1": {
            "yes": 268,
            "no": 0,
            "undecided": 0,
            "unknown": 235,
            "pyes": 0.81064978669839,
            "pno": 0.0,
            "pundecided": 0.0,
            "punknown": 0.1809182649241542,
            "time": 3.7896292209625244,
            "percY": 70253.52,
            "percN": 0.0,
            "percU": 0.0,
            "percUNK": 61602.9,
            "l": 0.81064978669839,
            "u": 1.0,
            "flag": "INTEREST"
        },
        "a_7": {
            "yes": 141,
            "no": 16,
            "undecided": 346,
            "unknown": 0,
            "pyes": 0.09969414127094296,
            "pno": 0.001608451233486268,
            "pundecided": 0.890265459118115,
            "punknown": 0.0,
            "time": 3.7786977291107178,
            "percY": 36961.74,
            "percN": 4194.24,
            "percU": 90700.44,
            "percUNK": 0.0,
            "l": 0.09969414127094296,
            "u": 0.9983915487665137
        }
    },
    "data": {
        "n_samples": 26214,
        "time": 7.931485652923584,
        "repeated_worlds": 25711,
        "repeated_progs": 26106,
        "unique_progs": 108
    }
}