{
    "status": {
        "~d_10": {
            "yes": 120,
            "no": 0,
            "undecided": 816,
            "unknown": 0,
            "pyes": 0.043856934782336356,
            "pno": 0.0,
            "pundecided": 0.9407177496490741,
            "punknown": 0.0,
            "time": 2.3670568466186523,
            "percY": 31456.8,
            "percN": 0.0,
            "percU": 213906.24,
            "percUNK": 0.0,
            "l": 0.043856934782336356,
            "u": 1.0
        },
        "~a_8": {
            "yes": 932,
            "no": 4,
            "undecided": 0,
            "unknown": 0,
            "pyes": 0.9844558138325202,
            "pno": 0.00011887059888956906,
            "pundecided": 0.0,
            "punknown": 0.0,
            "time": 2.4217867851257324,
            "percY": 244314.48,
            "percN": 1048.56,
            "percU": 0.0,
            "percUNK": 0.0,
            "l": 0.9844558138325202,
            "u": 0.9998811294011104,
            "flag": "INTEREST"
        },
        "~a_7": {
            "yes": 313,
            "no": 619,
            "undecided": 4,
            "unknown": 0,
            "pyes": 0.14640646872940255,
            "pno": 0.8380493451031175,
            "pundecided": 0.00011887059888956906,
            "punknown": 0.0,
            "time": 2.474696636199951,
            "percY": 82049.82,
            "percN": 162264.66,
            "percU": 1048.56,
            "percUNK": 0.0,
            "l": 0.14640646872940255,
            "u": 0.16195065489688254,
            "flag": "INTEREST"
        }
    },
    "data": {
        "n_samples": 26214,
        "time": 7.8231964111328125,
        "repeated_worlds": 25278,
        "repeated_progs": 26145,
        "unique_progs": 69
    }
}