{
    "status": {
        "d_9": {
            "yes": 613,
            "no": 0,
            "undecided": 86,
            "unknown": 0,
            "pyes": 0.9694187230584813,
            "pno": 0.0,
            "pundecided": 0.017247666205488472,
            "punknown": 0.0,
            "time": 3.210258722305298,
            "percY": 160691.82,
            "percN": 0.0,
            "percU": 22544.04,
            "percUNK": 0.0,
            "l": 0.9694187230584813,
            "u": 1.0,
            "flag": "INTEREST"
        },
        "a_5": {
            "yes": 14,
            "no": 0,
            "undecided": 685,
            "unknown": 0,
            "pyes": 0.001079096536714079,
            "pno": 0.0,
            "pundecided": 0.9855872927272558,
            "punknown": 0.0,
            "time": 3.2432949542999268,
            "percY": 3669.96,
            "percN": 0.0,
            "percU": 179565.9,
            "percUNK": 0.0,
            "l": 0.001079096536714079,
            "u": 1.0
        },
        "a_7": {
            "yes": 5,
            "no": 9,
            "undecided": 685,
            "unknown": 0,
            "pyes": 0.0001626579501361555,
            "pno": 0.0009164385865779235,
            "pundecided": 0.9855872927272558,
            "punknown": 0.0,
            "time": 3.2247633934020996,
            "percY": 1310.7,
            "percN": 2359.26,
            "percU": 179565.9,
            "percUNK": 0.0,
            "l": 0.0001626579501361555,
            "u": 0.999083561413422
        }
    },
    "data": {
        "n_samples": 26214,
        "time": 10.140565872192383,
        "repeated_worlds": 25515,
        "repeated_progs": 26122,
        "unique_progs": 92
    }
}