{
    "status": {
        "d_11": {
            "yes": 589,
            "no": 0,
            "undecided": 309,
            "unknown": 0,
            "pyes": 0.8823517853469963,
            "pno": 0.0,
            "pundecided": 0.10071454811402537,
            "punknown": 0.0,
            "time": 2.947295904159546,
            "percY": 154400.46,
            "percN": 0.0,
            "percU": 81001.26,
            "percUNK": 0.0,
            "l": 0.8823517853469963,
            "u": 1.0,
            "flag": "INTEREST"
        },
        "a_5": {
            "yes": 898,
            "no": 0,
            "undecided": 0,
            "unknown": 0,
            "pyes": 0.9830663334610218,
            "pno": 0.0,
            "pundecided": 0.0,
            "punknown": 0.0,
            "time": 2.9572343826293945,
            "percY": 235401.72,
            "percN": 0.0,
            "percU": 0.0,
            "percUNK": 0.0,
            "l": 0.9830663334610218,
            "u": 1.0,
            "flag": "INTEREST"
        },
        "~a_8": {
            "yes": 374,
            "no": 0,
            "undecided": 524,
            "unknown": 0,
            "pyes": 0.18547088467707745,
            "pno": 0.0,
            "pundecided": 0.7975954487839444,
            "punknown": 0.0,
            "time": 2.9663758277893066,
            "percY": 98040.36,
            "percN": 0.0,
            "percU": 137361.36,
            "percUNK": 0.0,
            "l": 0.18547088467707745,
            "u": 1.0
        }
    },
    "data": {
        "n_samples": 26214,
        "time": 9.417476415634155,
        "repeated_worlds": 25316,
        "repeated_progs": 26130,
        "unique_progs": 84
    }
}