{
    "status": {
        "~d_16": {
            "yes": 436,
            "no": 0,
            "undecided": 0,
            "unknown": 0,
            "pyes": 0.993272627921534,
            "pno": 0.0,
            "pundecided": 0.0,
            "punknown": 0.0,
            "time": 1.7705237865447998,
            "percY": 114293.04,
            "percN": 0.0,
            "percU": 0.0,
            "percUNK": 0.0,
            "l": 0.993272627921534,
            "u": 1.0,
            "flag": "INTEREST"
        },
        "~a_6": {
            "yes": 87,
            "no": 0,
            "undecided": 349,
            "unknown": 0,
            "pyes": 0.08677276222324799,
            "pno": 0.0,
            "pundecided": 0.9064998656982862,
            "punknown": 0.0,
            "time": 1.7253773212432861,
            "percY": 22806.18,
            "percN": 0.0,
            "percU": 91486.86,
            "percUNK": 0.0,
            "l": 0.08677276222324799,
            "u": 1.0
        },
        "~a_8": {
            "yes": 0,
            "no": 436,
            "undecided": 0,
            "unknown": 0,
            "pyes": 0.0,
            "pno": 0.993272627921534,
            "pundecided": 0.0,
            "punknown": 0.0,
            "time": 1.8417940139770508,
            "percY": 0.0,
            "percN": 114293.04,
            "percU": 0.0,
            "percUNK": 0.0,
            "l": 0.0,
            "u": 0.006727372078465965,
            "flag": "INTEREST"
        }
    },
    "data": {
        "n_samples": 26214,
        "time": 5.6374671459198,
        "repeated_worlds": 25778,
        "repeated_progs": 26164,
        "unique_progs": 50
    }
}