{
    "status": {
        "d_14": {
            "yes": 146,
            "no": 0,
            "undecided": 833,
            "unknown": 0,
            "pyes": 0.08198168800784589,
            "pno": 0.0,
            "pundecided": 0.9011547830908856,
            "punknown": 0.0,
            "time": 2.492030143737793,
            "percY": 38272.44,
            "percN": 0.0,
            "percU": 218362.62,
            "percUNK": 0.0,
            "l": 0.08198168800784589,
            "u": 1.0
        },
        "~a_8": {
            "yes": 801,
            "no": 157,
            "undecided": 21,
            "unknown": 0,
            "pyes": 0.953639728461835,
            "pno": 0.0251395504858259,
            "pundecided": 0.004357192151070589,
            "punknown": 0.0,
            "time": 2.569122791290283,
            "percY": 209974.14,
            "percN": 41155.98,
            "percU": 5504.94,
            "percUNK": 0.0,
            "l": 0.953639728461835,
            "u": 0.974860449514174,
            "flag": "INTEREST"
        },
        "a_7": {
            "yes": 696,
            "no": 248,
            "undecided": 35,
            "unknown": 0,
            "pyes": 0.8432268901413338,
            "pno": 0.1375708499414437,
            "pundecided": 0.002338731015953839,
            "punknown": 0.0,
            "time": 2.5688583850860596,
            "percY": 182449.44,
            "percN": 65010.72,
            "percU": 9174.9,
            "percUNK": 0.0,
            "l": 0.8432268901413338,
            "u": 0.8624291500585564,
            "flag": "INTEREST"
        }
    },
    "data": {
        "n_samples": 26214,
        "time": 8.232887506484985,
        "repeated_worlds": 25235,
        "repeated_progs": 26144,
        "unique_progs": 70
    }
}