{
    "status": {
        "a_4": {
            "yes": 518,
            "no": 0,
            "undecided": 0,
            "unknown": 431,
            "pyes": 0.8391873881431182,
            "pno": 0.0,
            "pundecided": 0.0,
            "punknown": 0.14419934506000098,
            "time": 2.8024909496307373,
            "percY": 135788.52,
            "percN": 0.0,
            "percU": 0.0,
            "percUNK": 112982.34,
            "l": 0.8391873881431182,
            "u": 1.0,
            "flag": "INTEREST"
        },
        "a_5": {
            "yes": 934,
            "no": 0,
            "undecided": 0,
            "unknown": 15,
            "pyes": 0.9827984984426869,
            "pno": 0.0,
            "pundecided": 0.0,
            "punknown": 0.0005882347604327668,
            "time": 2.8279809951782227,
            "percY": 244838.76,
            "percN": 0.0,
            "percU": 0.0,
            "percUNK": 3932.1,
            "l": 0.9827984984426869,
            "u": 1.0,
            "flag": "INTEREST"
        },
        "a_8": {
            "yes": 836,
            "no": 113,
            "undecided": 0,
            "unknown": 0,
            "pyes": 0.9349162913886054,
            "pno": 0.04847044181451428,
            "pundecided": 0.0,
            "punknown": 0.0,
            "time": 2.944850206375122,
            "percY": 219149.04,
            "percN": 29621.82,
            "percU": 0.0,
            "percUNK": 0.0,
            "l": 0.9349162913886054,
            "u": 0.9515295581854857,
            "flag": "INTEREST"
        }
    },
    "data": {
        "n_samples": 26214,
        "time": 9.184416770935059,
        "repeated_worlds": 25265,
        "repeated_progs": 26135,
        "unique_progs": 79
    }
}