{
    "status": {
        "d_12": {
            "yes": 1049,
            "no": 0,
            "undecided": 0,
            "unknown": 0,
            "pyes": 0.9822365635574205,
            "pno": 0.0,
            "pundecided": 0.0,
            "punknown": 0.0,
            "time": 1.3186578750610352,
            "percY": 274984.86,
            "percN": 0.0,
            "percU": 0.0,
            "percUNK": 0.0,
            "l": 0.9822365635574205,
            "u": 1.0,
            "flag": "INTEREST"
        },
        "a_7": {
            "yes": 1049,
            "no": 0,
            "undecided": 0,
            "unknown": 0,
            "pyes": 0.9822365635574205,
            "pno": 0.0,
            "pundecided": 0.0,
            "punknown": 0.0,
            "time": 1.355783462524414,
            "percY": 274984.86,
            "percN": 0.0,
            "percU": 0.0,
            "percUNK": 0.0,
            "l": 0.9822365635574205,
            "u": 1.0,
            "flag": "INTEREST"
        },
        "~a_9": {
            "yes": 1049,
            "no": 0,
            "undecided": 0,
            "unknown": 0,
            "pyes": 0.9822365635574205,
            "pno": 0.0,
            "pundecided": 0.0,
            "punknown": 0.0,
            "time": 1.3291239738464355,
            "percY": 274984.86,
            "percN": 0.0,
            "percU": 0.0,
            "percUNK": 0.0,
            "l": 0.9822365635574205,
            "u": 1.0,
            "flag": "INTEREST"
        }
    },
    "data": {
        "n_samples": 26214,
        "time": 4.486003398895264,
        "repeated_worlds": 25165,
        "repeated_progs": 26167,
        "unique_progs": 47
    }
}