{
    "status": {
        "~a_3": {
            "yes": 861,
            "no": 0,
            "undecided": 0,
            "unknown": 0,
            "pyes": 0.9834399738480399,
            "pno": 0.0,
            "pundecided": 0.0,
            "punknown": 0.0,
            "time": 4.242482662200928,
            "percY": 225702.54,
            "percN": 0.0,
            "percU": 0.0,
            "percUNK": 0.0,
            "l": 0.9834399738480399,
            "u": 1.0,
            "flag": "INTEREST"
        },
        "~a_6": {
            "yes": 668,
            "no": 0,
            "undecided": 193,
            "unknown": 0,
            "pyes": 0.9105780523739854,
            "pno": 0.0,
            "pundecided": 0.07286192147405478,
            "punknown": 0.0,
            "time": 4.184624910354614,
            "percY": 175109.52,
            "percN": 0.0,
            "percU": 50593.02,
            "percUNK": 0.0,
            "l": 0.9105780523739854,
            "u": 1.0,
            "flag": "INTEREST"
        },
        "a_8": {
            "yes": 667,
            "no": 1,
            "undecided": 193,
            "unknown": 0,
            "pyes": 0.9105582014275996,
            "pno": 1.9850946385853888e-05,
            "pundecided": 0.07286192147405478,
            "punknown": 0.0,
            "time": 4.235652685165405,
            "percY": 174847.38,
            "percN": 262.14,
            "percU": 50593.02,
            "percUNK": 0.0,
            "l": 0.9105582014275996,
            "u": 0.9999801490536141,
            "flag": "INTEREST"
        }
    },
    "data": {
        "n_samples": 26214,
        "time": 13.235573768615723,
        "repeated_worlds": 25353,
        "repeated_progs": 26079,
        "unique_progs": 135
    }
}