{
    "status": {
        "a_3": {
            "yes": 968,
            "no": 0,
            "undecided": 0,
            "unknown": 0,
            "pyes": 0.9825402601556469,
            "pno": 0.0,
            "pundecided": 0.0,
            "punknown": 0.0,
            "time": 4.230079889297485,
            "percY": 253751.52,
            "percN": 0.0,
            "percU": 0.0,
            "percUNK": 0.0,
            "l": 0.9825402601556469,
            "u": 1.0,
            "flag": "INTEREST"
        },
        "a_8": {
            "yes": 96,
            "no": 6,
            "undecided": 866,
            "unknown": 0,
            "pyes": 0.010788238655854484,
            "pno": 0.00021235282991735163,
            "pundecided": 0.9715396686698751,
            "punknown": 0.0,
            "time": 4.321221113204956,
            "percY": 25165.44,
            "percN": 1572.84,
            "percU": 227013.24,
            "percUNK": 0.0,
            "l": 0.010788238655854484,
            "u": 0.9997876471700826
        },
        "~a_7": {
            "yes": 104,
            "no": 737,
            "undecided": 127,
            "unknown": 0,
            "pyes": 0.06649503365187326,
            "pno": 0.8978600627931477,
            "pundecided": 0.018185163710625573,
            "punknown": 0.0,
            "time": 4.4207680225372314,
            "percY": 27262.56,
            "percN": 193197.18,
            "percU": 33291.78,
            "percUNK": 0.0,
            "l": 0.06649503365187326,
            "u": 0.10213993720685233,
            "flag": "INTEREST"
        }
    },
    "data": {
        "n_samples": 26214,
        "time": 13.57095980644226,
        "repeated_worlds": 25246,
        "repeated_progs": 26072,
        "unique_progs": 142
    }
}