{
    "status": {
        "~d_17": {
            "yes": 1134,
            "no": 0,
            "undecided": 0,
            "unknown": 0,
            "pyes": 0.9802000719203516,
            "pno": 0.0,
            "pundecided": 0.0,
            "punknown": 0.0,
            "time": 3.829029083251953,
            "percY": 297266.76,
            "percN": 0.0,
            "percU": 0.0,
            "percUNK": 0.0,
            "l": 0.9802000719203516,
            "u": 1.0,
            "flag": "INTEREST"
        },
        "~a_5": {
            "yes": 1134,
            "no": 0,
            "undecided": 0,
            "unknown": 0,
            "pyes": 0.9802000719203516,
            "pno": 0.0,
            "pundecided": 0.0,
            "punknown": 0.0,
            "time": 3.928100109100342,
            "percY": 297266.76,
            "percN": 0.0,
            "percU": 0.0,
            "percUNK": 0.0,
            "l": 0.9802000719203516,
            "u": 1.0,
            "flag": "INTEREST"
        },
        "a_8": {
            "yes": 23,
            "no": 1111,
            "undecided": 0,
            "unknown": 0,
            "pyes": 0.0024906341413090645,
            "pno": 0.9777094377790424,
            "pundecided": 0.0,
            "punknown": 0.0,
            "time": 4.098672389984131,
            "percY": 6029.22,
            "percN": 291237.54,
            "percU": 0.0,
            "percUNK": 0.0,
            "l": 0.0024906341413090645,
            "u": 0.0222905622209576,
            "flag": "INTEREST"
        }
    },
    "data": {
        "n_samples": 26214,
        "time": 12.564247369766235,
        "repeated_worlds": 25080,
        "repeated_progs": 26109,
        "unique_progs": 105
    }
}