{
    "status": {
        "d_17": {
            "yes": 968,
            "no": 0,
            "undecided": 0,
            "unknown": 0,
            "pyes": 0.9843077375222555,
            "pno": 0.0,
            "pundecided": 0.0,
            "punknown": 0.0,
            "time": 2.3653080463409424,
            "percY": 253751.52,
            "percN": 0.0,
            "percU": 0.0,
            "percUNK": 0.0,
            "l": 0.9843077375222555,
            "u": 1.0,
            "flag": "INTEREST"
        },
        "a_7": {
            "yes": 778,
            "no": 0,
            "undecided": 190,
            "unknown": 0,
            "pyes": 0.9023939600033334,
            "pno": 0.0,
            "pundecided": 0.08191377751892226,
            "punknown": 0.0,
            "time": 2.639270067214966,
            "percY": 203944.92,
            "percN": 0.0,
            "percU": 49806.6,
            "percUNK": 0.0,
            "l": 0.9023939600033334,
            "u": 1.0,
            "flag": "INTEREST"
        },
        "a_8": {
            "yes": 734,
            "no": 44,
            "undecided": 190,
            "unknown": 0,
            "pyes": 0.8948096610727454,
            "pno": 0.007584298930587988,
            "pundecided": 0.08191377751892226,
            "punknown": 0.0,
            "time": 2.3969314098358154,
            "percY": 192410.76,
            "percN": 11534.16,
            "percU": 49806.6,
            "percUNK": 0.0,
            "l": 0.8948096610727454,
            "u": 0.992415701069412,
            "flag": "INTEREST"
        }
    },
    "data": {
        "n_samples": 26214,
        "time": 7.970645427703857,
        "repeated_worlds": 25246,
        "repeated_progs": 26148,
        "unique_progs": 66
    }
}