{
    "status": {
        "~d_22": {
            "yes": 4096,
            "no": 0,
            "undecided": 0,
            "unknown": 0,
            "pyes": 0.9999999999999998,
            "pno": 0.0,
            "pundecided": 0.0,
            "punknown": 0.0,
            "time": 122.43854451179504,
            "percY": 167772.16,
            "percN": 0.0,
            "percU": 0.0,
            "percUNK": 0.0,
            "l": 0.9999999999999998,
            "u": 1.0,
            "flag": "INTEREST"
        },
        "a_10": {
            "yes": 256,
            "no": 0,
            "undecided": 3072,
            "unknown": 768,
            "pyes": 0.003478401023999999,
            "pno": 0.0,
            "pundecided": 0.9892158972159999,
            "punknown": 0.0073057017600000025,
            "time": 122.91282272338867,
            "percY": 10485.76,
            "percN": 0.0,
            "percU": 125829.12,
            "percUNK": 31457.28,
            "l": 0.003478401023999999,
            "u": 1.0
        },
        "~a_15": {
            "yes": 0,
            "no": 964,
            "undecided": 3132,
            "unknown": 0,
            "pyes": 0.0,
            "pno": 0.0006787202194766074,
            "pundecided": 0.999321279780523,
            "punknown": 0.0,
            "time": 184.20365285873413,
            "percY": 0.0,
            "percN": 39485.44,
            "percU": 128286.72,
            "percUNK": 0.0,
            "l": 0.0,
            "u": 0.9993212797805234
        }
    },
    "data": {
        "n_samples": 4096,
        "time": 436.022390127182,
        "repeated_worlds": 0,
        "repeated_progs": 424,
        "unique_progs": 3672
    }
}