{
    "status": {
        "a_4": {
            "yes": 3072,
            "no": 0,
            "undecided": 1024,
            "unknown": 0,
            "pyes": 0.9909,
            "pno": 0.0,
            "pundecided": 0.009099999999999992,
            "punknown": 0.0,
            "time": 100.26724290847778,
            "percY": 125829.12,
            "percN": 0.0,
            "percU": 41943.04,
            "percUNK": 0.0,
            "l": 0.9909,
            "u": 1.0,
            "flag": "INTEREST"
        },
        "~a_12": {
            "yes": 1024,
            "no": 0,
            "undecided": 3072,
            "unknown": 0,
            "pyes": 0.07449299999999993,
            "pno": 0.0,
            "pundecided": 0.9255070000000016,
            "punknown": 0.0,
            "time": 100.03866410255432,
            "percY": 41943.04,
            "percN": 0.0,
            "percU": 125829.12,
            "percUNK": 0.0,
            "l": 0.07449299999999993,
            "u": 1.0
        },
        "a_14": {
            "yes": 2560,
            "no": 0,
            "undecided": 1536,
            "unknown": 0,
            "pyes": 0.14330951999999983,
            "pno": 0.0,
            "pundecided": 0.8566904800000005,
            "punknown": 0.0,
            "time": 141.90485501289368,
            "percY": 104857.6,
            "percN": 0.0,
            "percU": 62914.56,
            "percUNK": 0.0,
            "l": 0.14330951999999983,
            "u": 1.0
        }
    },
    "data": {
        "n_samples": 4096,
        "time": 347.2806451320648,
        "repeated_worlds": 0,
        "repeated_progs": 1064,
        "unique_progs": 3032
    }
}