{
    "status": {
        "d_26": {
            "yes": 3072,
            "no": 0,
            "undecided": 768,
            "unknown": 256,
            "pyes": 0.9952435686,
            "pno": 0.0,
            "pundecided": 0.004508570368894314,
            "punknown": 0.00024786103110568806,
            "time": 114.56627750396729,
            "percY": 125829.12,
            "percN": 0.0,
            "percU": 31457.28,
            "percUNK": 10485.76,
            "l": 0.9952435686,
            "u": 1.0,
            "flag": "INTEREST"
        },
        "a_10": {
            "yes": 4096,
            "no": 0,
            "undecided": 0,
            "unknown": 0,
            "pyes": 1.0000000000000002,
            "pno": 0.0,
            "pundecided": 0.0,
            "punknown": 0.0,
            "time": 114.31749176979065,
            "percY": 167772.16,
            "percN": 0.0,
            "percU": 0.0,
            "percUNK": 0.0,
            "l": 1.0000000000000002,
            "u": 1.0,
            "flag": "INTEREST"
        },
        "a_18": {
            "yes": 560,
            "no": 256,
            "undecided": 3280,
            "unknown": 0,
            "pyes": 0.0,
            "pno": 0.0,
            "pundecided": 1.0000000000000002,
            "punknown": 0.0,
            "time": 123.66578817367554,
            "percY": 22937.6,
            "percN": 10485.76,
            "percU": 134348.8,
            "percUNK": 0.0,
            "l": 0.0,
            "u": 1.0
        }
    },
    "data": {
        "n_samples": 4096,
        "time": 358.1744122505188,
        "repeated_worlds": 0,
        "repeated_progs": 671,
        "unique_progs": 3425
    }
}