{
    "status": {
        "a_7": {
            "yes": 4096,
            "no": 0,
            "undecided": 0,
            "unknown": 0,
            "pyes": 1.0000000000000004,
            "pno": 0.0,
            "pundecided": 0.0,
            "punknown": 0.0,
            "time": 107.89713788032532,
            "percY": 167772.16,
            "percN": 0.0,
            "percU": 0.0,
            "percUNK": 0.0,
            "l": 1.0000000000000004,
            "u": 1.0,
            "flag": "INTEREST"
        },
        "a_11": {
            "yes": 4096,
            "no": 0,
            "undecided": 0,
            "unknown": 0,
            "pyes": 1.0000000000000004,
            "pno": 0.0,
            "pundecided": 0.0,
            "punknown": 0.0,
            "time": 108.3957040309906,
            "percY": 167772.16,
            "percN": 0.0,
            "percU": 0.0,
            "percUNK": 0.0,
            "l": 1.0000000000000004,
            "u": 1.0,
            "flag": "INTEREST"
        },
        "a_14": {
            "yes": 4032,
            "no": 64,
            "undecided": 0,
            "unknown": 0,
            "pyes": 0.9999421328055523,
            "pno": 5.786719444800001e-05,
            "pundecided": 0.0,
            "punknown": 0.0,
            "time": 165.06945753097534,
            "percY": 165150.72,
            "percN": 2621.44,
            "percU": 0.0,
            "percUNK": 0.0,
            "l": 0.9999421328055523,
            "u": 0.999942132805552,
            "flag": "INTEREST"
        }
    },
    "data": {
        "n_samples": 4096,
        "time": 386.9459071159363,
        "repeated_worlds": 0,
        "repeated_progs": 816,
        "unique_progs": 3280
    }
}