{
    "status": {
        "~a_1": {
            "yes": 3072,
            "no": 0,
            "undecided": 0,
            "unknown": 1024,
            "pyes": 0.9039791621679993,
            "pno": 0.0,
            "pundecided": 0.0,
            "punknown": 0.096020837832,
            "time": 75.72991991043091,
            "percY": 125829.12,
            "percN": 0.0,
            "percU": 0.0,
            "percUNK": 41943.04,
            "l": 0.9039791621679993,
            "u": 1.0,
            "flag": "INTEREST"
        },
        "a_12": {
            "yes": 4096,
            "no": 0,
            "undecided": 0,
            "unknown": 0,
            "pyes": 0.9999999999999994,
            "pno": 0.0,
            "pundecided": 0.0,
            "punknown": 0.0,
            "time": 75.8714702129364,
            "percY": 167772.16,
            "percN": 0.0,
            "percU": 0.0,
            "percUNK": 0.0,
            "l": 0.9999999999999994,
            "u": 1.0,
            "flag": "INTEREST"
        },
        "a_16": {
            "yes": 3840,
            "no": 256,
            "undecided": 0,
            "unknown": 0,
            "pyes": 0.9998238594221639,
            "pno": 0.00017614057783576817,
            "pundecided": 0.0,
            "punknown": 0.0,
            "time": 108.91336727142334,
            "percY": 157286.4,
            "percN": 10485.76,
            "percU": 0.0,
            "percUNK": 0.0,
            "l": 0.9998238594221639,
            "u": 0.9998238594221642,
            "flag": "INTEREST"
        }
    },
    "data": {
        "n_samples": 4096,
        "time": 265.56415724754333,
        "repeated_worlds": 0,
        "repeated_progs": 492,
        "unique_progs": 3604
    }
}