{
    "status": {
        "a_7": {
            "yes": 4096,
            "no": 0,
            "undecided": 0,
            "unknown": 0,
            "pyes": 0.9999999999999997,
            "pno": 0.0,
            "pundecided": 0.0,
            "punknown": 0.0,
            "time": 95.4912736415863,
            "percY": 167772.16,
            "percN": 0.0,
            "percU": 0.0,
            "percUNK": 0.0,
            "l": 0.9999999999999997,
            "u": 1.0,
            "flag": "INTEREST"
        },
        "~a_19": {
            "yes": 896,
            "no": 224,
            "undecided": 2976,
            "unknown": 0,
            "pyes": 0.12092633198575992,
            "pno": 0.003953395263822405,
            "pundecided": 0.8751202727504166,
            "punknown": 0.0,
            "time": 125.96350741386414,
            "percY": 36700.16,
            "percN": 9175.04,
            "percU": 121896.96,
            "percUNK": 0.0,
            "l": 0.12092633198575992,
            "u": 0.9960466047361776
        },
        "~a_14": {
            "yes": 1472,
            "no": 1560,
            "undecided": 1064,
            "unknown": 0,
            "pyes": 0.7457580240138114,
            "pno": 0.07711632204964396,
            "pundecided": 0.17712565393654495,
            "punknown": 0.0,
            "time": 116.4911277294159,
            "percY": 60293.12,
            "percN": 63897.6,
            "percU": 43581.44,
            "percUNK": 0.0,
            "l": 0.7457580240138114,
            "u": 0.9228836779503561,
            "flag": "INTEREST"
        }
    },
    "data": {
        "n_samples": 4096,
        "time": 343.6011941432953,
        "repeated_worlds": 0,
        "repeated_progs": 800,
        "unique_progs": 3296
    }
}