{
    "status": {
        "d_25": {
            "yes": 4096,
            "no": 0,
            "undecided": 0,
            "unknown": 0,
            "pyes": 1.000000000000002,
            "pno": 0.0,
            "pundecided": 0.0,
            "punknown": 0.0,
            "time": 97.23456811904907,
            "percY": 167772.16,
            "percN": 0.0,
            "percU": 0.0,
            "percUNK": 0.0,
            "l": 1.000000000000002,
            "u": 1.0,
            "flag": "INTEREST"
        },
        "a_13": {
            "yes": 4096,
            "no": 0,
            "undecided": 0,
            "unknown": 0,
            "pyes": 1.000000000000002,
            "pno": 0.0,
            "pundecided": 0.0,
            "punknown": 0.0,
            "time": 98.30521488189697,
            "percY": 167772.16,
            "percN": 0.0,
            "percU": 0.0,
            "percUNK": 0.0,
            "l": 1.000000000000002,
            "u": 1.0,
            "flag": "INTEREST"
        },
        "~a_14": {
            "yes": 0,
            "no": 1840,
            "undecided": 2256,
            "unknown": 0,
            "pyes": 0.0,
            "pno": 0.85106961436765,
            "pundecided": 0.14893038563235078,
            "punknown": 0.0,
            "time": 148.22566175460815,
            "percY": 0.0,
            "percN": 75366.4,
            "percU": 92405.76,
            "percUNK": 0.0,
            "l": 0.0,
            "u": 0.14893038563234995,
            "flag": "INTEREST"
        }
    },
    "data": {
        "n_samples": 4096,
        "time": 349.53960824012756,
        "repeated_worlds": 0,
        "repeated_progs": 688,
        "unique_progs": 3408
    }
}