{
    "status": {
        "d_50": {
            "yes": 4096,
            "no": 0,
            "undecided": 0,
            "unknown": 0,
            "pyes": 1.0000000000000007,
            "pno": 0.0,
            "pundecided": 0.0,
            "punknown": 0.0,
            "time": 75.20049619674683,
            "percY": 167772.16,
            "percN": 0.0,
            "percU": 0.0,
            "percUNK": 0.0,
            "l": 1.0000000000000007,
            "u": 1.0,
            "flag": "INTEREST"
        },
        "a_15": {
            "yes": 3808,
            "no": 288,
            "undecided": 0,
            "unknown": 0,
            "pyes": 0.9976771476353635,
            "pno": 0.0023228523646370665,
            "pundecided": 0.0,
            "punknown": 0.0,
            "time": 87.47538733482361,
            "percY": 155975.68,
            "percN": 11796.48,
            "percU": 0.0,
            "percUNK": 0.0,
            "l": 0.9976771476353635,
            "u": 0.997677147635363,
            "flag": "INTEREST"
        },
        "~a_17": {
            "yes": 832,
            "no": 0,
            "undecided": 3264,
            "unknown": 0,
            "pyes": 0.0012642493200000003,
            "pno": 0.0,
            "pundecided": 0.9987357506799998,
            "punknown": 0.0,
            "time": 79.06810021400452,
            "percY": 34078.72,
            "percN": 0.0,
            "percU": 133693.44,
            "percUNK": 0.0,
            "l": 0.0012642493200000003,
            "u": 1.0
        }
    },
    "data": {
        "n_samples": 4096,
        "time": 246.3681104183197,
        "repeated_worlds": 0,
        "repeated_progs": 899,
        "unique_progs": 3197
    }
}