{
    "status": {
        "d_32": {
            "yes": 3072,
            "no": 0,
            "undecided": 512,
            "unknown": 512,
            "pyes": 0.14314399999999994,
            "pno": 0.0,
            "pundecided": 0.8225817600000002,
            "punknown": 0.034274239999999984,
            "time": 107.22169208526611,
            "percY": 125829.12,
            "percN": 0.0,
            "percU": 20971.52,
            "percUNK": 20971.52,
            "l": 0.14314399999999994,
            "u": 1.0
        },
        "~a_17": {
            "yes": 2064,
            "no": 400,
            "undecided": 1632,
            "unknown": 0,
            "pyes": 0.14785115105081087,
            "pno": 0.0781721060946309,
            "pundecided": 0.7739767428545583,
            "punknown": 0.0,
            "time": 229.40297389030457,
            "percY": 84541.44,
            "percN": 16384.0,
            "percU": 66846.72,
            "percUNK": 0.0,
            "l": 0.14785115105081087,
            "u": 0.9218278939053691
        },
        "~a_16": {
            "yes": 1124,
            "no": 792,
            "undecided": 2180,
            "unknown": 0,
            "pyes": 0.022582832132835275,
            "pno": 0.03902542268873133,
            "pundecided": 0.9383917451784336,
            "punknown": 0.0,
            "time": 115.00405740737915,
            "percY": 46039.04,
            "percN": 32440.32,
            "percU": 89292.8,
            "percUNK": 0.0,
            "l": 0.022582832132835275,
            "u": 0.9609745773112687
        }
    },
    "data": {
        "n_samples": 4096,
        "time": 456.75777673721313,
        "repeated_worlds": 0,
        "repeated_progs": 933,
        "unique_progs": 3163
    }
}