{
    "status": {
        "d_39": {
            "yes": 4096,
            "no": 0,
            "undecided": 0,
            "unknown": 0,
            "pyes": 0.9999999999999998,
            "pno": 0.0,
            "pundecided": 0.0,
            "punknown": 0.0,
            "time": 118.72187542915344,
            "percY": 167772.16,
            "percN": 0.0,
            "percU": 0.0,
            "percUNK": 0.0,
            "l": 0.9999999999999998,
            "u": 1.0,
            "flag": "INTEREST"
        },
        "a_16": {
            "yes": 748,
            "no": 36,
            "undecided": 3312,
            "unknown": 0,
            "pyes": 0.047099544010106985,
            "pno": 5.444537897836519e-05,
            "pundecided": 0.9528460106109146,
            "punknown": 0.0,
            "time": 128.08792400360107,
            "percY": 30638.08,
            "percN": 1474.56,
            "percU": 135659.52,
            "percUNK": 0.0,
            "l": 0.047099544010106985,
            "u": 0.9999455546210216
        },
        "a_14": {
            "yes": 984,
            "no": 0,
            "undecided": 3112,
            "unknown": 0,
            "pyes": 0.050797312251887015,
            "pno": 0.0,
            "pundecided": 0.9492026877481132,
            "punknown": 0.0,
            "time": 135.0381784439087,
            "percY": 40304.64,
            "percN": 0.0,
            "percU": 127467.52,
            "percUNK": 0.0,
            "l": 0.050797312251887015,
            "u": 1.0
        }
    },
    "data": {
        "n_samples": 4096,
        "time": 388.46419620513916,
        "repeated_worlds": 0,
        "repeated_progs": 428,
        "unique_progs": 3668
    }
}