{
    "status": {
        "d_29": {
            "yes": 4096,
            "no": 0,
            "undecided": 0,
            "unknown": 0,
            "pyes": 0.9999999999999983,
            "pno": 0.0,
            "pundecided": 0.0,
            "punknown": 0.0,
            "time": 90.32428169250488,
            "percY": 167772.16,
            "percN": 0.0,
            "percU": 0.0,
            "percUNK": 0.0,
            "l": 0.9999999999999983,
            "u": 1.0,
            "flag": "INTEREST"
        },
        "~a_12": {
            "yes": 2560,
            "no": 0,
            "undecided": 1536,
            "unknown": 0,
            "pyes": 0.9300681038919985,
            "pno": 0.0,
            "pundecided": 0.06993189610800006,
            "punknown": 0.0,
            "time": 99.11901116371155,
            "percY": 104857.6,
            "percN": 0.0,
            "percU": 62914.56,
            "percUNK": 0.0,
            "l": 0.9300681038919985,
            "u": 1.0,
            "flag": "INTEREST"
        },
        "~a_15": {
            "yes": 2304,
            "no": 992,
            "undecided": 800,
            "unknown": 0,
            "pyes": 0.0878069770125603,
            "pno": 0.0012228075790456001,
            "pundecided": 0.910970215408394,
            "punknown": 0.0,
            "time": 100.61831092834473,
            "percY": 94371.84,
            "percN": 40632.32,
            "percU": 32768.0,
            "percUNK": 0.0,
            "l": 0.0878069770125603,
            "u": 0.9987771924209544
        }
    },
    "data": {
        "n_samples": 4096,
        "time": 294.95803594589233,
        "repeated_worlds": 0,
        "repeated_progs": 1304,
        "unique_progs": 2792
    }
}