{
    "status": {
        "d_37": {
            "yes": 4096,
            "no": 0,
            "undecided": 0,
            "unknown": 0,
            "pyes": 0.999999999999999,
            "pno": 0.0,
            "pundecided": 0.0,
            "punknown": 0.0,
            "time": 115.84323835372925,
            "percY": 167772.16,
            "percN": 0.0,
            "percU": 0.0,
            "percUNK": 0.0,
            "l": 0.999999999999999,
            "u": 1.0,
            "flag": "INTEREST"
        },
        "a_17": {
            "yes": 3712,
            "no": 24,
            "undecided": 360,
            "unknown": 0,
            "pyes": 0.9727969779391991,
            "pno": 0.00014054307936768,
            "pundecided": 0.027062478981432332,
            "punknown": 0.0,
            "time": 290.6731798648834,
            "percY": 152043.52,
            "percN": 983.04,
            "percU": 14745.6,
            "percUNK": 0.0,
            "l": 0.9727969779391991,
            "u": 0.9998594569206323,
            "flag": "INTEREST"
        },
        "a_16": {
            "yes": 2460,
            "no": 0,
            "undecided": 1636,
            "unknown": 0,
            "pyes": 0.1398290860847179,
            "pno": 0.0,
            "pundecided": 0.8601709139152819,
            "punknown": 0.0,
            "time": 257.13094091415405,
            "percY": 100761.6,
            "percN": 0.0,
            "percU": 67010.56,
            "percUNK": 0.0,
            "l": 0.1398290860847179,
            "u": 1.0
        }
    },
    "data": {
        "n_samples": 4096,
        "time": 670.0866792201996,
        "repeated_worlds": 0,
        "repeated_progs": 480,
        "unique_progs": 3616
    }
}