{
    "status": {
        "~d_15": {
            "yes": 16777216,
            "no": 0,
            "undecided": 0,
            "unknown": 0,
            "pyes": 0.9999999999984073,
            "pno": 0.0,
            "pundecided": 0.0,
            "punknown": 0.0,
            "time": 2.887458324432373,
            "percY": 2814749767106.56,
            "percN": 0.0,
            "percU": 0.0,
            "percUNK": 0.0,
            "l": 0.9999999999984073,
            "u": 1.0,
            "flag": "INTEREST"
        },
        "~a_8": {
            "yes": 14680064,
            "no": 0,
            "undecided": 2097152,
            "unknown": 0,
            "pyes": 0.9182936283686409,
            "pno": 0.0,
            "pundecided": 0.08170637162992148,
            "punknown": 0.0,
            "time": 3.0325424671173096,
            "percY": 2462906046218.24,
            "percN": 0.0,
            "percU": 351843720888.32,
            "percUNK": 0.0,
            "l": 0.9182936283686409,
            "u": 1.0,
            "flag": "INTEREST"
        },
        "a_8": {
            "yes": 0,
            "no": 14680064,
            "undecided": 2097152,
            "unknown": 0,
            "pyes": 0.0,
            "pno": 0.9182936283686409,
            "pundecided": 0.08170637162992148,
            "punknown": 0.0,
            "time": 3.0513670444488525,
            "percY": 0.0,
            "percN": 2462906046218.24,
            "percU": 351843720888.32,
            "percUNK": 0.0,
            "l": 0.0,
            "u": 0.08170637163135908,
            "flag": "INTEREST"
        }
    },
    "data": {
        "n_samples": 16777216,
        "time": 7166.112135410309,
        "repeated_worlds": 0,
        "repeated_progs": 16777108,
        "unique_progs": 108
    }
}