{
    "status": {
        "a_3": {
            "yes": 16777216,
            "no": 0,
            "undecided": 0,
            "unknown": 0,
            "pyes": 0.9999999999994553,
            "pno": 0.0,
            "pundecided": 0.0,
            "punknown": 0.0,
            "time": 4.78479790687561,
            "percY": 2814749767106.56,
            "percN": 0.0,
            "percU": 0.0,
            "percUNK": 0.0,
            "l": 0.9999999999994553,
            "u": 1.0,
            "flag": "INTEREST"
        },
        "a_6": {
            "yes": 12582912,
            "no": 0,
            "undecided": 4194304,
            "unknown": 0,
            "pyes": 0.6714634771961451,
            "pno": 0.0,
            "pundecided": 0.3285365228034958,
            "punknown": 0.0,
            "time": 4.894455671310425,
            "percY": 2111062325329.92,
            "percN": 0.0,
            "percU": 703687441776.64,
            "percUNK": 0.0,
            "l": 0.6714634771961451,
            "u": 1.0,
            "flag": "INTEREST"
        },
        "~a_8": {
            "yes": 12582912,
            "no": 0,
            "undecided": 4194304,
            "unknown": 0,
            "pyes": 0.6714634771961451,
            "pno": 0.0,
            "pundecided": 0.3285365228034958,
            "punknown": 0.0,
            "time": 4.910186290740967,
            "percY": 2111062325329.92,
            "percN": 0.0,
            "percU": 703687441776.64,
            "percUNK": 0.0,
            "l": 0.6714634771961451,
            "u": 1.0,
            "flag": "INTEREST"
        }
    },
    "data": {
        "n_samples": 16777216,
        "time": 7297.838765859604,
        "repeated_worlds": 0,
        "repeated_progs": 16777054,
        "unique_progs": 162
    }
}