{
    "status": {
        "d_16": {
            "yes": 4194304,
            "no": 0,
            "undecided": 12582912,
            "unknown": 0,
            "pyes": 0.21952208429827583,
            "pno": 0.0,
            "pundecided": 0.7804779157016968,
            "punknown": 0.0,
            "time": 9.463680505752563,
            "percY": 703687441776.64,
            "percN": 0.0,
            "percU": 2111062325329.92,
            "percUNK": 0.0,
            "l": 0.21952208429827583,
            "u": 1.0
        },
        "a_7": {
            "yes": 10223616,
            "no": 2359296,
            "undecided": 4194304,
            "unknown": 0,
            "pyes": 0.8850391518938355,
            "pno": 0.027235871513960654,
            "pundecided": 0.08772497659217968,
            "punknown": 0.0,
            "time": 9.716445684432983,
            "percY": 1715238139330.56,
            "percN": 395824185999.36,
            "percU": 703687441776.64,
            "percUNK": 0.0,
            "l": 0.8850391518938355,
            "u": 0.9727641284860393,
            "flag": "INTEREST"
        },
        "~a_7": {
            "yes": 2359296,
            "no": 10223616,
            "undecided": 4194304,
            "unknown": 0,
            "pyes": 0.027235871513960654,
            "pno": 0.8850391518938355,
            "pundecided": 0.08772497659217968,
            "punknown": 0.0,
            "time": 9.705390214920044,
            "percY": 395824185999.36,
            "percN": 1715238139330.56,
            "percU": 703687441776.64,
            "percUNK": 0.0,
            "l": 0.027235871513960654,
            "u": 0.11496084810616447,
            "flag": "INTEREST"
        }
    },
    "data": {
        "n_samples": 16777216,
        "time": 9587.507889986038,
        "repeated_worlds": 0,
        "repeated_progs": 16776944,
        "unique_progs": 272
    }
}