{
    "status": {
        "d_15": {
            "yes": 4194304,
            "no": 0,
            "undecided": 12582912,
            "unknown": 0,
            "pyes": 0.31840090933481546,
            "pno": 0.0,
            "pundecided": 0.6815990906644392,
            "punknown": 0.0,
            "time": 26.55809712409973,
            "percY": 703687441776.64,
            "percN": 0.0,
            "percU": 2111062325329.92,
            "percUNK": 0.0,
            "l": 0.31840090933481546,
            "u": 1.0
        },
        "a_8": {
            "yes": 3899392,
            "no": 0,
            "undecided": 12877824,
            "unknown": 0,
            "pyes": 0.44613074173374623,
            "pno": 0.0,
            "pundecided": 0.5538692582655405,
            "punknown": 0.0,
            "time": 26.91839861869812,
            "percY": 654209418526.72,
            "percN": 0.0,
            "percU": 2160540348579.84,
            "percUNK": 0.0,
            "l": 0.44613074173374623,
            "u": 1.0
        },
        "~a_8": {
            "yes": 0,
            "no": 3899392,
            "undecided": 12877824,
            "unknown": 0,
            "pyes": 0.0,
            "pno": 0.44613074173374623,
            "pundecided": 0.5538692582655405,
            "punknown": 0.0,
            "time": 27.060189485549927,
            "percY": 0.0,
            "percN": 654209418526.72,
            "percU": 2160540348579.84,
            "percUNK": 0.0,
            "l": 0.0,
            "u": 0.5538692582662538
        }
    },
    "data": {
        "n_samples": 16777216,
        "time": 7053.103050470352,
        "repeated_worlds": 0,
        "repeated_progs": 16775968,
        "unique_progs": 1248
    }
}