{
    "status": {
        "a_3": {
            "yes": 16777216,
            "no": 0,
            "undecided": 0,
            "unknown": 0,
            "pyes": 0.9999999999989168,
            "pno": 0.0,
            "pundecided": 0.0,
            "punknown": 0.0,
            "time": 18.648881196975708,
            "percY": 2814749767106.56,
            "percN": 0.0,
            "percU": 0.0,
            "percUNK": 0.0,
            "l": 0.9999999999989168,
            "u": 1.0,
            "flag": "INTEREST"
        },
        "a_8": {
            "yes": 4194304,
            "no": 0,
            "undecided": 12582912,
            "unknown": 0,
            "pyes": 0.008399999999998685,
            "pno": 0.0,
            "pundecided": 0.9915999999996359,
            "punknown": 0.0,
            "time": 18.382991313934326,
            "percY": 703687441776.64,
            "percN": 0.0,
            "percU": 2111062325329.92,
            "percUNK": 0.0,
            "l": 0.008399999999998685,
            "u": 1.0
        },
        "~a_7": {
            "yes": 3293184,
            "no": 13041664,
            "undecided": 442368,
            "unknown": 0,
            "pyes": 0.20571781026996125,
            "pno": 0.7939672932663563,
            "pundecided": 0.00031489646290406025,
            "punknown": 0.0,
            "time": 18.767738819122314,
            "percY": 552504592957.44,
            "percN": 2188028139274.24,
            "percU": 74217034874.88,
            "percUNK": 0.0,
            "l": 0.20571781026996125,
            "u": 0.2060327067336437,
            "flag": "INTEREST"
        }
    },
    "data": {
        "n_samples": 16777216,
        "time": 10541.778908729553,
        "repeated_worlds": 0,
        "repeated_progs": 16776608,
        "unique_progs": 608
    }
}