{
    "status": {
        "~d_14": {
            "yes": 16777216,
            "no": 0,
            "undecided": 0,
            "unknown": 0,
            "pyes": 0.9999999999973727,
            "pno": 0.0,
            "pundecided": 0.0,
            "punknown": 0.0,
            "time": 11.42695426940918,
            "percY": 2814749767106.56,
            "percN": 0.0,
            "percU": 0.0,
            "percUNK": 0.0,
            "l": 0.9999999999973727,
            "u": 1.0,
            "flag": "INTEREST"
        },
        "a_7": {
            "yes": 12582912,
            "no": 4194304,
            "undecided": 0,
            "unknown": 0,
            "pyes": 0.7717191045896767,
            "pno": 0.22828089540893554,
            "pundecided": 0.0,
            "punknown": 0.0,
            "time": 12.467891216278076,
            "percY": 2111062325329.92,
            "percN": 703687441776.64,
            "percU": 0.0,
            "percUNK": 0.0,
            "l": 0.7717191045896767,
            "u": 0.7717191045910645,
            "flag": "INTEREST"
        }
    },
    "data": {
        "n_samples": 16777216,
        "time": 11450.906476974487,
        "repeated_worlds": 0,
        "repeated_progs": 16776952,
        "unique_progs": 264
    }
}