{
    "status": {
        "~d_16": {
            "yes": 16777216,
            "no": 0,
            "undecided": 0,
            "unknown": 0,
            "pyes": 0.9999999999999021,
            "pno": 0.0,
            "pundecided": 0.0,
            "punknown": 0.0,
            "time": 5.309487819671631,
            "percY": 2814749767106.56,
            "percN": 0.0,
            "percU": 0.0,
            "percUNK": 0.0,
            "l": 0.9999999999999021,
            "u": 1.0,
            "flag": "INTEREST"
        },
        "a_6": {
            "yes": 12582912,
            "no": 0,
            "undecided": 4194304,
            "unknown": 0,
            "pyes": 0.882481140996145,
            "pno": 0.0,
            "pundecided": 0.11751885900385409,
            "punknown": 0.0,
            "time": 5.369888782501221,
            "percY": 2111062325329.92,
            "percN": 0.0,
            "percU": 703687441776.64,
            "percUNK": 0.0,
            "l": 0.882481140996145,
            "u": 1.0,
            "flag": "INTEREST"
        },
        "~a_7": {
            "yes": 14155776,
            "no": 2621440,
            "undecided": 0,
            "unknown": 0,
            "pyes": 0.5679434933645736,
            "pno": 0.4320565066354456,
            "pundecided": 0.0,
            "punknown": 0.0,
            "time": 5.610082626342773,
            "percY": 2374945115996.16,
            "percN": 439804651110.4,
            "percU": 0.0,
            "percUNK": 0.0,
            "l": 0.5679434933645736,
            "u": 0.5679434933645544,
            "flag": "INTEREST"
        }
    },
    "data": {
        "n_samples": 16777216,
        "time": 11511.90350651741,
        "repeated_worlds": 0,
        "repeated_progs": 16777096,
        "unique_progs": 120
    }
}