{
    "status": {
        "~d_16": {
            "yes": 4194304,
            "no": 0,
            "undecided": 12582912,
            "unknown": 0,
            "pyes": 0.0927999999999979,
            "pno": 0.0,
            "pundecided": 0.9071999999999332,
            "punknown": 0.0,
            "time": 37.47561717033386,
            "percY": 703687441776.64,
            "percN": 0.0,
            "percU": 2111062325329.92,
            "percUNK": 0.0,
            "l": 0.0927999999999979,
            "u": 1.0
        },
        "a_7": {
            "yes": 4194304,
            "no": 12582912,
            "undecided": 0,
            "unknown": 0,
            "pyes": 0.08167785384773263,
            "pno": 0.9183221461522356,
            "pundecided": 0.0,
            "punknown": 0.0,
            "time": 39.45946145057678,
            "percY": 703687441776.64,
            "percN": 2111062325329.92,
            "percU": 0.0,
            "percUNK": 0.0,
            "l": 0.08167785384773263,
            "u": 0.08167785384776438,
            "flag": "INTEREST"
        },
        "~a_8": {
            "yes": 13406208,
            "no": 3371008,
            "undecided": 0,
            "unknown": 0,
            "pyes": 0.6746082783750215,
            "pno": 0.3253917216249716,
            "pundecided": 0.0,
            "punknown": 0.0,
            "time": 39.465314626693726,
            "percY": 2249188473569.28,
            "percN": 565561293537.28,
            "percU": 0.0,
            "percUNK": 0.0,
            "l": 0.6746082783750215,
            "u": 0.6746082783750285,
            "flag": "INTEREST"
        }
    },
    "data": {
        "n_samples": 16777216,
        "time": 12102.843117713928,
        "repeated_worlds": 0,
        "repeated_progs": 16776384,
        "unique_progs": 832
    }
}