{
    "status": {
        "~a_9": {
            "yes": 16777216,
            "no": 0,
            "undecided": 0,
            "unknown": 0,
            "pyes": 0.999999999999791,
            "pno": 0.0,
            "pundecided": 0.0,
            "punknown": 0.0,
            "time": 4.173768758773804,
            "percY": 2814749767106.56,
            "percN": 0.0,
            "percU": 0.0,
            "percUNK": 0.0,
            "l": 0.999999999999791,
            "u": 1.0,
            "flag": "INTEREST"
        },
        "a_5": {
            "yes": 12582912,
            "no": 0,
            "undecided": 4194304,
            "unknown": 0,
            "pyes": 0.34139999999994575,
            "pno": 0.0,
            "pundecided": 0.6585999999999753,
            "punknown": 0.0,
            "time": 4.1566712856292725,
            "percY": 2111062325329.92,
            "percN": 0.0,
            "percU": 703687441776.64,
            "percUNK": 0.0,
            "l": 0.34139999999994575,
            "u": 1.0
        },
        "a_7": {
            "yes": 1081344,
            "no": 14811136,
            "undecided": 884736,
            "unknown": 0,
            "pyes": 0.05832513731177794,
            "pno": 0.9374614155819885,
            "pundecided": 0.004213447106043918,
            "punknown": 0.0,
            "time": 4.316049337387085,
            "percY": 181419418583.04,
            "percN": 2484896278773.76,
            "percU": 148434069749.76,
            "percUNK": 0.0,
            "l": 0.05832513731177794,
            "u": 0.06253858441801152,
            "flag": "INTEREST"
        }
    },
    "data": {
        "n_samples": 16777216,
        "time": 9082.343630075455,
        "repeated_worlds": 0,
        "repeated_progs": 16777096,
        "unique_progs": 120
    }
}