{
    "status": {
        "d_14": {
            "yes": 16777216,
            "no": 0,
            "undecided": 0,
            "unknown": 0,
            "pyes": 0.9999999999960894,
            "pno": 0.0,
            "pundecided": 0.0,
            "punknown": 0.0,
            "time": 12.400623559951782,
            "percY": 2814749767106.56,
            "percN": 0.0,
            "percU": 0.0,
            "percUNK": 0.0,
            "l": 0.9999999999960894,
            "u": 1.0,
            "flag": "INTEREST"
        },
        "a_7": {
            "yes": 5505024,
            "no": 2359296,
            "undecided": 8912896,
            "unknown": 0,
            "pyes": 0.07716883851444924,
            "pno": 0.18094190447004216,
            "pundecided": 0.741889257013663,
            "punknown": 0.0,
            "time": 12.827284574508667,
            "percY": 923589767331.84,
            "percN": 395824185999.36,
            "percU": 1495335813775.36,
            "percUNK": 0.0,
            "l": 0.07716883851444924,
            "u": 0.8190580955299578
        },
        "~a_7": {
            "yes": 2359296,
            "no": 5505024,
            "undecided": 8912896,
            "unknown": 0,
            "pyes": 0.18094190447004216,
            "pno": 0.07716883851444924,
            "pundecided": 0.741889257013663,
            "punknown": 0.0,
            "time": 12.857698440551758,
            "percY": 395824185999.36,
            "percN": 923589767331.84,
            "percU": 1495335813775.36,
            "percUNK": 0.0,
            "l": 0.18094190447004216,
            "u": 0.9228311614855508
        }
    },
    "data": {
        "n_samples": 16777216,
        "time": 9717.264226436615,
        "repeated_worlds": 0,
        "repeated_progs": 16776856,
        "unique_progs": 360
    }
}