{
    "status": {
        "~d_11": {
            "yes": 4194304,
            "no": 0,
            "undecided": 12582912,
            "unknown": 0,
            "pyes": 0.13499948335996836,
            "pno": 0.0,
            "pundecided": 0.8650005166393321,
            "punknown": 0.0,
            "time": 14.32663631439209,
            "percY": 703687441776.64,
            "percN": 0.0,
            "percU": 2111062325329.92,
            "percUNK": 0.0,
            "l": 0.13499948335996836,
            "u": 1.0
        },
        "a_9": {
            "yes": 10616832,
            "no": 1966080,
            "undecided": 4194304,
            "unknown": 0,
            "pyes": 0.2834960235592565,
            "pno": 0.06508572364044747,
            "pundecided": 0.6514182527999839,
            "punknown": 0.0,
            "time": 14.725773572921753,
            "percY": 1781208836997.12,
            "percN": 329853488332.8,
            "percU": 703687441776.64,
            "percUNK": 0.0,
            "l": 0.2834960235592565,
            "u": 0.9349142763595525
        },
        "~a_7": {
            "yes": 0,
            "no": 12582912,
            "undecided": 4194304,
            "unknown": 0,
            "pyes": 0.0,
            "pno": 0.7731420226791748,
            "pundecided": 0.22685797731999066,
            "punknown": 0.0,
            "time": 15.408416509628296,
            "percY": 0.0,
            "percN": 2111062325329.92,
            "percU": 703687441776.64,
            "percUNK": 0.0,
            "l": 0.0,
            "u": 0.22685797732082524,
            "flag": "INTEREST"
        }
    },
    "data": {
        "n_samples": 16777216,
        "time": 7766.901645898819,
        "repeated_worlds": 0,
        "repeated_progs": 16776724,
        "unique_progs": 492
    }
}