{
    "status": {
        "d_15": {
            "yes": 12582912,
            "no": 0,
            "undecided": 4194304,
            "unknown": 0,
            "pyes": 0.4468281942895012,
            "pno": 0.0,
            "pundecided": 0.5531718057099466,
            "punknown": 0.0,
            "time": 13.413358211517334,
            "percY": 2111062325329.92,
            "percN": 0.0,
            "percU": 703687441776.64,
            "percUNK": 0.0,
            "l": 0.4468281942895012,
            "u": 1.0
        },
        "a_5": {
            "yes": 16777216,
            "no": 0,
            "undecided": 0,
            "unknown": 0,
            "pyes": 0.9999999999986993,
            "pno": 0.0,
            "pundecided": 0.0,
            "punknown": 0.0,
            "time": 13.349820137023926,
            "percY": 2814749767106.56,
            "percN": 0.0,
            "percU": 0.0,
            "percUNK": 0.0,
            "l": 0.9999999999986993,
            "u": 1.0,
            "flag": "INTEREST"
        },
        "~a_9": {
            "yes": 4194304,
            "no": 0,
            "undecided": 12582912,
            "unknown": 0,
            "pyes": 0.04446017498159515,
            "pno": 0.0,
            "pundecided": 0.9555398250174737,
            "punknown": 0.0,
            "time": 13.4018714427948,
            "percY": 703687441776.64,
            "percN": 0.0,
            "percU": 2111062325329.92,
            "percUNK": 0.0,
            "l": 0.04446017498159515,
            "u": 1.0
        }
    },
    "data": {
        "n_samples": 16777216,
        "time": 7669.809937238693,
        "repeated_worlds": 0,
        "repeated_progs": 16776764,
        "unique_progs": 452
    }
}