{
    "status": {
        "~d_15": {
            "yes": 16777216,
            "no": 0,
            "undecided": 0,
            "unknown": 0,
            "pyes": 0.9999999999996325,
            "pno": 0.0,
            "pundecided": 0.0,
            "punknown": 0.0,
            "time": 6.653634548187256,
            "percY": 2814749767106.56,
            "percN": 0.0,
            "percU": 0.0,
            "percUNK": 0.0,
            "l": 0.9999999999996325,
            "u": 1.0,
            "flag": "INTEREST"
        },
        "~a_5": {
            "yes": 16777216,
            "no": 0,
            "undecided": 0,
            "unknown": 0,
            "pyes": 0.9999999999996325,
            "pno": 0.0,
            "pundecided": 0.0,
            "punknown": 0.0,
            "time": 6.607991695404053,
            "percY": 2814749767106.56,
            "percN": 0.0,
            "percU": 0.0,
            "percUNK": 0.0,
            "l": 0.9999999999996325,
            "u": 1.0,
            "flag": "INTEREST"
        },
        "~a_7": {
            "yes": 11993088,
            "no": 524288,
            "undecided": 4259840,
            "unknown": 0,
            "pyes": 0.30795509585947334,
            "pno": 0.012350339361296507,
            "pundecided": 0.6796945647791547,
            "punknown": 0.0,
            "time": 6.8055195808410645,
            "percY": 2012106278830.08,
            "percN": 87960930222.08,
            "percU": 714682558054.4,
            "percUNK": 0.0,
            "l": 0.30795509585947334,
            "u": 0.9876496606387035
        }
    },
    "data": {
        "n_samples": 16777216,
        "time": 9547.34778046608,
        "repeated_worlds": 0,
        "repeated_progs": 16777024,
        "unique_progs": 192
    }
}