{
    "status": {
        "~d_10": {
            "yes": 16777216,
            "no": 0,
            "undecided": 0,
            "unknown": 0,
            "pyes": 0.9999999999935837,
            "pno": 0.0,
            "pundecided": 0.0,
            "punknown": 0.0,
            "time": 16.906733989715576,
            "percY": 2814749767106.56,
            "percN": 0.0,
            "percU": 0.0,
            "percUNK": 0.0,
            "l": 0.9999999999935837,
            "u": 1.0,
            "flag": "INTEREST"
        },
        "a_7": {
            "yes": 12582912,
            "no": 0,
            "undecided": 4194304,
            "unknown": 0,
            "pyes": 0.8955794296656483,
            "pno": 0.0,
            "pundecided": 0.10442057032946443,
            "punknown": 0.0,
            "time": 17.213518142700195,
            "percY": 2111062325329.92,
            "percN": 0.0,
            "percU": 703687441776.64,
            "percUNK": 0.0,
            "l": 0.8955794296656483,
            "u": 1.0,
            "flag": "INTEREST"
        },
        "~a_7": {
            "yes": 0,
            "no": 12582912,
            "undecided": 4194304,
            "unknown": 0,
            "pyes": 0.0,
            "pno": 0.8955794296656483,
            "pundecided": 0.10442057032946443,
            "punknown": 0.0,
            "time": 17.381821393966675,
            "percY": 0.0,
            "percN": 2111062325329.92,
            "percU": 703687441776.64,
            "percUNK": 0.0,
            "l": 0.0,
            "u": 0.1044205703343517,
            "flag": "INTEREST"
        }
    },
    "data": {
        "n_samples": 16777216,
        "time": 7698.604672193527,
        "repeated_worlds": 0,
        "repeated_progs": 16776628,
        "unique_progs": 588
    }
}