{
    "status": {
        "a_4": {
            "yes": 16777216,
            "no": 0,
            "undecided": 0,
            "unknown": 0,
            "pyes": 1.0000000000000149,
            "pno": 0.0,
            "pundecided": 0.0,
            "punknown": 0.0,
            "time": 4.765589952468872,
            "percY": 2814749767106.56,
            "percN": 0.0,
            "percU": 0.0,
            "percUNK": 0.0,
            "l": 1.0000000000000149,
            "u": 1.0,
            "flag": "INTEREST"
        },
        "a_6": {
            "yes": 4194304,
            "no": 0,
            "undecided": 12582912,
            "unknown": 0,
            "pyes": 0.254100000000011,
            "pno": 0.0,
            "pundecided": 0.7458999999999593,
            "punknown": 0.0,
            "time": 4.786442995071411,
            "percY": 703687441776.64,
            "percN": 0.0,
            "percU": 2111062325329.92,
            "percUNK": 0.0,
            "l": 0.254100000000011,
            "u": 1.0
        },
        "a_8": {
            "yes": 13631488,
            "no": 3145728,
            "undecided": 0,
            "unknown": 0,
            "pyes": 0.8307411759999606,
            "pno": 0.1692588239999939,
            "pundecided": 0.0,
            "punknown": 0.0,
            "time": 5.037242412567139,
            "percY": 2286984185774.08,
            "percN": 527765581332.48,
            "percU": 0.0,
            "percUNK": 0.0,
            "l": 0.8307411759999606,
            "u": 0.8307411760000061,
            "flag": "INTEREST"
        }
    },
    "data": {
        "n_samples": 16777216,
        "time": 9205.677373886108,
        "repeated_worlds": 0,
        "repeated_progs": 16777052,
        "unique_progs": 164
    }
}