{
    "status": {
        "a_0": {
            "yes": 16777216,
            "no": 0,
            "undecided": 0,
            "unknown": 0,
            "pyes": 0.9999999999992986,
            "pno": 0.0,
            "pundecided": 0.0,
            "punknown": 0.0,
            "time": 14.92730188369751,
            "percY": 2814749767106.56,
            "percN": 0.0,
            "percU": 0.0,
            "percUNK": 0.0,
            "l": 0.9999999999992986,
            "u": 1.0,
            "flag": "INTEREST"
        },
        "~a_8": {
            "yes": 8650752,
            "no": 4980736,
            "undecided": 3145728,
            "unknown": 0,
            "pyes": 0.6982519450700394,
            "pno": 0.08701619763162409,
            "pundecided": 0.2147318572980744,
            "punknown": 0.0,
            "time": 15.39954400062561,
            "percY": 1451355348664.32,
            "percN": 835628837109.76,
            "percU": 527765581332.48,
            "percUNK": 0.0,
            "l": 0.6982519450700394,
            "u": 0.912983802368376,
            "flag": "INTEREST"
        },
        "a_7": {
            "yes": 196608,
            "no": 11796480,
            "undecided": 4784128,
            "unknown": 0,
            "pyes": 0.002297512237232642,
            "pno": 0.6633505518997423,
            "pundecided": 0.3343519358624693,
            "punknown": 0.0,
            "time": 15.390723705291748,
            "percY": 32985348833.28,
            "percN": 1979120929996.8,
            "percU": 802643488276.48,
            "percUNK": 0.0,
            "l": 0.002297512237232642,
            "u": 0.33664944810025765,
            "flag": "INTEREST"
        }
    },
    "data": {
        "n_samples": 16777216,
        "time": 9638.795485258102,
        "repeated_worlds": 0,
        "repeated_progs": 16776784,
        "unique_progs": 432
    }
}