{
    "status": {
        "a_0": {
            "yes": 16777216,
            "no": 0,
            "undecided": 0,
            "unknown": 0,
            "pyes": 0.9999999999983172,
            "pno": 0.0,
            "pundecided": 0.0,
            "punknown": 0.0,
            "time": 1.03544020652771,
            "percY": 2814749767106.56,
            "percN": 0.0,
            "percU": 0.0,
            "percUNK": 0.0,
            "l": 0.9999999999983172,
            "u": 1.0,
            "flag": "INTEREST"
        },
        "a_5": {
            "yes": 4194304,
            "no": 0,
            "undecided": 0,
            "unknown": 12582912,
            "pyes": 0.386641999999994,
            "pno": 0.0,
            "pundecided": 0.0,
            "punknown": 0.6133579999987329,
            "time": 1.061554193496704,
            "percY": 703687441776.64,
            "percN": 0.0,
            "percU": 0.0,
            "percUNK": 2111062325329.92,
            "l": 0.386641999999994,
            "u": 1.0
        },
        "a_9": {
            "yes": 15728640,
            "no": 1048576,
            "undecided": 0,
            "unknown": 0,
            "pyes": 0.999805600186849,
            "pno": 0.0001943998118399898,
            "pundecided": 0.0,
            "punknown": 0.0,
            "time": 1.0886497497558594,
            "percY": 2638827906662.4,
            "percN": 175921860444.16,
            "percU": 0.0,
            "percUNK": 0.0,
            "l": 0.999805600186849,
            "u": 0.99980560018816,
            "flag": "INTEREST"
        }
    },
    "data": {
        "n_samples": 16777216,
        "time": 8804.230835199356,
        "repeated_worlds": 0,
        "repeated_progs": 16777186,
        "unique_progs": 30
    }
}