{
    "status": {
        "d_12": {
            "yes": 4194304,
            "no": 0,
            "undecided": 3145728,
            "unknown": 9437184,
            "pyes": 0.20232576000000815,
            "pno": 0.0,
            "pundecided": 0.32760544337919956,
            "punknown": 0.47006879662077855,
            "time": 18.542463064193726,
            "percY": 703687441776.64,
            "percN": 0.0,
            "percU": 527765581332.48,
            "percUNK": 1583296743997.44,
            "l": 0.20232576000000815,
            "u": 1.0
        },
        "a_7": {
            "yes": 3145728,
            "no": 13631488,
            "undecided": 0,
            "unknown": 0,
            "pyes": 0.19358847357078132,
            "pno": 0.8064115264290417,
            "pundecided": 0.0,
            "punknown": 0.0,
            "time": 20.6730055809021,
            "percY": 527765581332.48,
            "percN": 2286984185774.08,
            "percU": 0.0,
            "percUNK": 0.0,
            "l": 0.19358847357078132,
            "u": 0.19358847357095832,
            "flag": "INTEREST"
        },
        "~a_7": {
            "yes": 13631488,
            "no": 3145728,
            "undecided": 0,
            "unknown": 0,
            "pyes": 0.8064115264290417,
            "pno": 0.19358847357078132,
            "pundecided": 0.0,
            "punknown": 0.0,
            "time": 19.807411909103394,
            "percY": 2286984185774.08,
            "percN": 527765581332.48,
            "percU": 0.0,
            "percUNK": 0.0,
            "l": 0.8064115264290417,
            "u": 0.8064115264292187,
            "flag": "INTEREST"
        }
    },
    "data": {
        "n_samples": 16777216,
        "time": 9836.407362699509,
        "repeated_worlds": 0,
        "repeated_progs": 16776676,
        "unique_progs": 540
    }
}