{
    "status": {
        "d_12": {
            "yes": 12582912,
            "no": 0,
            "undecided": 4194304,
            "unknown": 0,
            "pyes": 0.9564999999996916,
            "pno": 0.0,
            "pundecided": 0.043499999999997964,
            "punknown": 0.0,
            "time": 9.567664623260498,
            "percY": 2111062325329.92,
            "percN": 0.0,
            "percU": 703687441776.64,
            "percUNK": 0.0,
            "l": 0.9564999999996916,
            "u": 1.0,
            "flag": "INTEREST"
        },
        "a_8": {
            "yes": 1048576,
            "no": 3145728,
            "undecided": 12582912,
            "unknown": 0,
            "pyes": 0.0023575876532199182,
            "pno": 0.021052709601178856,
            "pundecided": 0.9765897027453326,
            "punknown": 0.0,
            "time": 9.784952163696289,
            "percY": 175921860444.16,
            "percN": 527765581332.48,
            "percU": 2111062325329.92,
            "percUNK": 0.0,
            "l": 0.0023575876532199182,
            "u": 0.9789472903988211
        },
        "~a_8": {
            "yes": 3145728,
            "no": 1048576,
            "undecided": 12582912,
            "unknown": 0,
            "pyes": 0.021052709601178856,
            "pno": 0.0023575876532199182,
            "pundecided": 0.9765897027453326,
            "punknown": 0.0,
            "time": 9.674670696258545,
            "percY": 527765581332.48,
            "percN": 175921860444.16,
            "percU": 2111062325329.92,
            "percUNK": 0.0,
            "l": 0.021052709601178856,
            "u": 0.9976424123467801
        }
    },
    "data": {
        "n_samples": 16777216,
        "time": 9789.601630687714,
        "repeated_worlds": 0,
        "repeated_progs": 16776940,
        "unique_progs": 276
    }
}