{
    "status": {
        "a_0": {
            "yes": 16777216,
            "no": 0,
            "undecided": 0,
            "unknown": 0,
            "pyes": 0.9999999999997775,
            "pno": 0.0,
            "pundecided": 0.0,
            "punknown": 0.0,
            "time": 5.067833662033081,
            "percY": 2814749767106.56,
            "percN": 0.0,
            "percU": 0.0,
            "percUNK": 0.0,
            "l": 0.9999999999997775,
            "u": 1.0,
            "flag": "INTEREST"
        },
        "~a_7": {
            "yes": 9437184,
            "no": 4194304,
            "undecided": 3145728,
            "unknown": 0,
            "pyes": 0.34763392067149057,
            "pno": 0.1393426356775903,
            "pundecided": 0.513023443650982,
            "punknown": 0.0,
            "time": 5.71226692199707,
            "percY": 1583296743997.44,
            "percN": 703687441776.64,
            "percU": 527765581332.48,
            "percUNK": 0.0,
            "l": 0.34763392067149057,
            "u": 0.8606573643224097
        }
    },
    "data": {
        "n_samples": 16777216,
        "time": 9209.589612483978,
        "repeated_worlds": 0,
        "repeated_progs": 16777072,
        "unique_progs": 144
    }
}