{
    "status": {
        "d_10": {
            "yes": 16777216,
            "no": 0,
            "undecided": 0,
            "unknown": 0,
            "pyes": 0.9999999999993896,
            "pno": 0.0,
            "pundecided": 0.0,
            "punknown": 0.0,
            "time": 8.425018548965454,
            "percY": 2814749767106.56,
            "percN": 0.0,
            "percU": 0.0,
            "percUNK": 0.0,
            "l": 0.9999999999993896,
            "u": 1.0,
            "flag": "INTEREST"
        },
        "a_8": {
            "yes": 11665408,
            "no": 0,
            "undecided": 5111808,
            "unknown": 0,
            "pyes": 0.8457133620393131,
            "pno": 0.0,
            "pundecided": 0.15428663796041622,
            "punknown": 0.0,
            "time": 8.887011051177979,
            "percY": 1957130697441.28,
            "percN": 0.0,
            "percU": 857619069665.28,
            "percUNK": 0.0,
            "l": 0.8457133620393131,
            "u": 1.0,
            "flag": "INTEREST"
        },
        "~a_7": {
            "yes": 3145728,
            "no": 13631488,
            "undecided": 0,
            "unknown": 0,
            "pyes": 0.526962947245532,
            "pno": 0.4730370527542113,
            "pundecided": 0.0,
            "punknown": 0.0,
            "time": 9.380627393722534,
            "percY": 527765581332.48,
            "percN": 2286984185774.08,
            "percU": 0.0,
            "percUNK": 0.0,
            "l": 0.526962947245532,
            "u": 0.5269629472457886,
            "flag": "INTEREST"
        }
    },
    "data": {
        "n_samples": 16777216,
        "time": 9411.173262357712,
        "repeated_worlds": 0,
        "repeated_progs": 16776976,
        "unique_progs": 240
    }
}