{
    "status": {
        "d_19": {
            "yes": 4194304,
            "no": 0,
            "undecided": 9437184,
            "unknown": 3145728,
            "pyes": 0.05655957631999645,
            "pno": 0.0,
            "pundecided": 0.826453811143668,
            "punknown": 0.11698661253631085,
            "time": 71.47021532058716,
            "percY": 703687441776.64,
            "percN": 0.0,
            "percU": 1583296743997.44,
            "percUNK": 527765581332.48,
            "l": 0.05655957631999645,
            "u": 1.0
        },
        "a_6": {
            "yes": 16777216,
            "no": 0,
            "undecided": 0,
            "unknown": 0,
            "pyes": 0.9999999999999911,
            "pno": 0.0,
            "pundecided": 0.0,
            "punknown": 0.0,
            "time": 71.71449565887451,
            "percY": 2814749767106.56,
            "percN": 0.0,
            "percU": 0.0,
            "percUNK": 0.0,
            "l": 0.9999999999999911,
            "u": 1.0,
            "flag": "INTEREST"
        },
        "a_7": {
            "yes": 16334848,
            "no": 442368,
            "undecided": 0,
            "unknown": 0,
            "pyes": 0.9961174782295091,
            "pno": 0.0038825217704986635,
            "pundecided": 0.0,
            "punknown": 0.0,
            "time": 74.0726089477539,
            "percY": 2740532732231.68,
            "percN": 74217034874.88,
            "percU": 0.0,
            "percUNK": 0.0,
            "l": 0.9961174782295091,
            "u": 0.9961174782295014,
            "flag": "INTEREST"
        }
    },
    "data": {
        "n_samples": 16777216,
        "time": 8281.489684581757,
        "repeated_worlds": 0,
        "repeated_progs": 16774720,
        "unique_progs": 2496
    }
}