{
    "status": {
        "d_14": {
            "yes": 3584,
            "no": 0,
            "undecided": 360,
            "unknown": 152,
            "pyes": 0.1805629816000004,
            "pno": 0.0,
            "pundecided": 0.8187790477345412,
            "punknown": 0.0006579706654587687,
            "time": 56.74286651611328,
            "percY": 146800.64,
            "percN": 0.0,
            "percU": 14745.6,
            "percUNK": 6225.92,
            "l": 0.1805629816000004,
            "u": 1.0
        },
        "a_8": {
            "yes": 42,
            "no": 4,
            "undecided": 3954,
            "unknown": 96,
            "pyes": 1.0527618576384001e-05,
            "pno": 0.0,
            "pundecided": 0.9999791470147856,
            "punknown": 1.0325366637949439e-05,
            "time": 56.73492765426636,
            "percY": 1720.32,
            "percN": 163.84,
            "percU": 161955.84,
            "percUNK": 3932.16,
            "l": 1.0527618576384001e-05,
            "u": 1.0
        },
        "~a_8": {
            "yes": 4,
            "no": 42,
            "undecided": 3954,
            "unknown": 96,
            "pyes": 0.0,
            "pno": 1.0527618576384001e-05,
            "pundecided": 0.9999791470147856,
            "punknown": 1.0325366637949439e-05,
            "time": 56.821149587631226,
            "percY": 163.84,
            "percN": 1720.32,
            "percU": 161955.84,
            "percUNK": 3932.16,
            "l": 0.0,
            "u": 0.9999894723814237
        }
    },
    "data": {
        "n_samples": 4096,
        "time": 174.3928828239441,
        "repeated_worlds": 0,
        "repeated_progs": 1672,
        "unique_progs": 2424
    }
}