{
    "status": {
        "d_14": {
            "yes": 2560,
            "no": 0,
            "undecided": 1376,
            "unknown": 160,
            "pyes": 0.3047662373295872,
            "pno": 0.0,
            "pundecided": 0.6924799648258242,
            "punknown": 0.002753797844589773,
            "time": 51.26524543762207,
            "percY": 104857.6,
            "percN": 0.0,
            "percU": 56360.96,
            "percUNK": 6553.6,
            "l": 0.3047662373295872,
            "u": 1.0
        },
        "a_6": {
            "yes": 1792,
            "no": 0,
            "undecided": 768,
            "unknown": 1536,
            "pyes": 0.04930003107673017,
            "pno": 0.0,
            "pundecided": 0.08106192341952576,
            "punknown": 0.8696380455037453,
            "time": 51.493032693862915,
            "percY": 73400.32,
            "percN": 0.0,
            "percU": 31457.28,
            "percUNK": 62914.56,
            "l": 0.04930003107673017,
            "u": 1.0
        },
        "a_8": {
            "yes": 40,
            "no": 338,
            "undecided": 3654,
            "unknown": 64,
            "pyes": 0.00013550950021324799,
            "pno": 0.001391679794597631,
            "pundecided": 0.9957495057285382,
            "punknown": 0.002723304976652697,
            "time": 51.66164040565491,
            "percY": 1638.4,
            "percN": 13844.48,
            "percU": 149667.84,
            "percUNK": 2621.44,
            "l": 0.00013550950021324799,
            "u": 0.9986083202054024
        }
    },
    "data": {
        "n_samples": 4096,
        "time": 158.6412262916565,
        "repeated_worlds": 0,
        "repeated_progs": 2001,
        "unique_progs": 2095
    }
}