{
    "status": {
        "d_10": {
            "yes": 2560,
            "no": 0,
            "undecided": 0,
            "unknown": 1536,
            "pyes": 0.10847343654026403,
            "pno": 0.0,
            "pundecided": 0.0,
            "punknown": 0.891526563459736,
            "time": 29.24178147315979,
            "percY": 104857.6,
            "percN": 0.0,
            "percU": 0.0,
            "percUNK": 62914.56,
            "l": 0.10847343654026403,
            "u": 1.0
        },
        "~a_7": {
            "yes": 348,
            "no": 2544,
            "undecided": 868,
            "unknown": 336,
            "pyes": 0.009369115348130312,
            "pno": 0.8179909785170845,
            "pundecided": 0.13676663331116387,
            "punknown": 0.03587327282361884,
            "time": 29.423818826675415,
            "percY": 14254.08,
            "percN": 104202.24,
            "percU": 35553.28,
            "percUNK": 13762.56,
            "l": 0.009369115348130312,
            "u": 0.18200902148291553,
            "flag": "INTEREST"
        }
    },
    "data": {
        "n_samples": 4096,
        "time": 91.20121479034424,
        "repeated_worlds": 0,
        "repeated_progs": 2812,
        "unique_progs": 1284
    }
}