{
    "status": {
        "d_11": {
            "yes": 2560,
            "no": 0,
            "undecided": 896,
            "unknown": 640,
            "pyes": 0.8927945999999998,
            "pno": 0.0,
            "pundecided": 0.03022967096864004,
            "punknown": 0.07697572903136014,
            "time": 74.19189810752869,
            "percY": 104857.6,
            "percN": 0.0,
            "percU": 36700.16,
            "percUNK": 26214.4,
            "l": 0.8927945999999998,
            "u": 1.0,
            "flag": "INTEREST"
        },
        "a_8": {
            "yes": 274,
            "no": 126,
            "undecided": 3664,
            "unknown": 32,
            "pyes": 0.039828309103206935,
            "pno": 0.001924821784655626,
            "pundecided": 0.8995871162539067,
            "punknown": 0.05865975285823103,
            "time": 74.4205493927002,
            "percY": 11223.04,
            "percN": 5160.96,
            "percU": 150077.44,
            "percUNK": 1310.72,
            "l": 0.039828309103206935,
            "u": 0.9980751782153444
        },
        "a_9": {
            "yes": 528,
            "no": 1260,
            "undecided": 2296,
            "unknown": 12,
            "pyes": 0.0060572006821828445,
            "pno": 0.8252462308787364,
            "pundecided": 0.16869503526533192,
            "punknown": 1.5331737489309356e-06,
            "time": 74.68871021270752,
            "percY": 21626.88,
            "percN": 51609.6,
            "percU": 94044.16,
            "percUNK": 491.52,
            "l": 0.0060572006821828445,
            "u": 0.1747537691212636,
            "flag": "INTEREST"
        }
    },
    "data": {
        "n_samples": 4096,
        "time": 228.05581188201904,
        "repeated_worlds": 0,
        "repeated_progs": 848,
        "unique_progs": 3248
    }
}