{
    "status": {
        "~d_16": {
            "yes": 512,
            "no": 0,
            "undecided": 384,
            "unknown": 3200,
            "pyes": 0.0054536472753696046,
            "pno": 0.0,
            "pundecided": 0.0008823259323541989,
            "punknown": 0.9936640267922795,
            "time": 49.86492466926575,
            "percY": 20971.52,
            "percN": 0.0,
            "percU": 15728.64,
            "percUNK": 131072.0,
            "l": 0.0054536472753696046,
            "u": 1.0
        },
        "a_6": {
            "yes": 2240,
            "no": 0,
            "undecided": 1730,
            "unknown": 126,
            "pyes": 0.15607212597245984,
            "pno": 0.0,
            "pundecided": 0.8066863021694904,
            "punknown": 0.03724157185804937,
            "time": 49.72385263442993,
            "percY": 91750.4,
            "percN": 0.0,
            "percU": 70860.8,
            "percUNK": 5160.96,
            "l": 0.15607212597245984,
            "u": 1.0
        },
        "~a_7": {
            "yes": 634,
            "no": 1194,
            "undecided": 2040,
            "unknown": 228,
            "pyes": 0.053372286847166085,
            "pno": 0.018243287934540112,
            "pundecided": 0.18436290208612327,
            "punknown": 0.7440215231321717,
            "time": 50.340534687042236,
            "percY": 25968.64,
            "percN": 48906.24,
            "percU": 83558.4,
            "percUNK": 9338.88,
            "l": 0.053372286847166085,
            "u": 0.9817567120654599
        }
    },
    "data": {
        "n_samples": 4096,
        "time": 153.69790816307068,
        "repeated_worlds": 0,
        "repeated_progs": 1906,
        "unique_progs": 2190
    }
}