{
    "status": {
        "d_14": {
            "yes": 3584,
            "no": 0,
            "undecided": 432,
            "unknown": 80,
            "pyes": 0.9996503200000001,
            "pno": 0.0,
            "pundecided": 0.0003428393749894792,
            "punknown": 6.8406250105209635e-06,
            "time": 60.099435567855835,
            "percY": 146800.64,
            "percN": 0.0,
            "percU": 17694.72,
            "percUNK": 3276.8,
            "l": 0.9996503200000001,
            "u": 1.0,
            "flag": "INTEREST"
        },
        "~a_7": {
            "yes": 369,
            "no": 6,
            "undecided": 3497,
            "unknown": 224,
            "pyes": 0.15261849324224253,
            "pno": 7.287267194317441e-07,
            "pundecided": 0.8473698795847161,
            "punknown": 1.0898446322073593e-05,
            "time": 60.16964554786682,
            "percY": 15114.24,
            "percN": 245.76,
            "percU": 143237.12,
            "percUNK": 9175.04,
            "l": 0.15261849324224253,
            "u": 0.9999992712732806
        },
        "a_8": {
            "yes": 196,
            "no": 216,
            "undecided": 3588,
            "unknown": 96,
            "pyes": 0.14953404174193485,
            "pno": 0.0031847188759089886,
            "pundecided": 0.846217474382102,
            "punknown": 0.001063765000054436,
            "time": 60.17428398132324,
            "percY": 8028.16,
            "percN": 8847.36,
            "percU": 146964.48,
            "percUNK": 3932.16,
            "l": 0.14953404174193485,
            "u": 0.996815281124091
        }
    },
    "data": {
        "n_samples": 4096,
        "time": 184.47929859161377,
        "repeated_worlds": 0,
        "repeated_progs": 1456,
        "unique_progs": 2640
    }
}