{
    "status": {
        "a_3": {
            "yes": 2560,
            "no": 0,
            "undecided": 1520,
            "unknown": 16,
            "pyes": 0.9405362256302359,
            "pno": 0.0,
            "pundecided": 0.05910622196850191,
            "punknown": 0.00035755240126375656,
            "time": 64.3555703163147,
            "percY": 104857.6,
            "percN": 0.0,
            "percU": 62259.2,
            "percUNK": 655.36,
            "l": 0.9405362256302359,
            "u": 1.0,
            "flag": "INTEREST"
        },
        "a_8": {
            "yes": 1444,
            "no": 72,
            "undecided": 2508,
            "unknown": 72,
            "pyes": 0.07336393328858236,
            "pno": 2.877260180350402e-05,
            "pundecided": 0.926172453190035,
            "punknown": 0.0004348409195827203,
            "time": 64.69558072090149,
            "percY": 59146.24,
            "percN": 2949.12,
            "percU": 102727.68,
            "percUNK": 2949.12,
            "l": 0.07336393328858236,
            "u": 0.9999712273981965
        },
        "~a_7": {
            "yes": 1259,
            "no": 919,
            "undecided": 1904,
            "unknown": 14,
            "pyes": 0.10688746460509532,
            "pno": 0.050477959091091894,
            "pundecided": 0.8003177807980688,
            "punknown": 0.04231679550574694,
            "time": 65.27336001396179,
            "percY": 51568.64,
            "percN": 37642.24,
            "percU": 77987.84,
            "percUNK": 573.44,
            "l": 0.10688746460509532,
            "u": 0.9495220409089081
        }
    },
    "data": {
        "n_samples": 4096,
        "time": 198.85317182540894,
        "repeated_worlds": 0,
        "repeated_progs": 1305,
        "unique_progs": 2791
    }
}