{
    "status": {
        "~d_15": {
            "yes": 3584,
            "no": 0,
            "undecided": 384,
            "unknown": 128,
            "pyes": 0.9995125568614481,
            "pno": 0.0,
            "pundecided": 0.0004462466621702406,
            "punknown": 4.119647638176e-05,
            "time": 31.471753120422363,
            "percY": 146800.64,
            "percN": 0.0,
            "percU": 15728.64,
            "percUNK": 5242.88,
            "l": 0.9995125568614481,
            "u": 1.0,
            "flag": "INTEREST"
        },
        "a_5": {
            "yes": 128,
            "no": 0,
            "undecided": 384,
            "unknown": 3584,
            "pyes": 0.044448582278696976,
            "pno": 0.0,
            "pundecided": 0.09600482274050307,
            "punknown": 0.8595465949808003,
            "time": 31.3692843914032,
            "percY": 5242.88,
            "percN": 0.0,
            "percU": 15728.64,
            "percUNK": 146800.64,
            "l": 0.044448582278696976,
            "u": 1.0
        },
        "a_7": {
            "yes": 2872,
            "no": 248,
            "undecided": 928,
            "unknown": 48,
            "pyes": 0.9830517636806138,
            "pno": 0.004260705171811531,
            "pundecided": 0.012686367423408755,
            "punknown": 1.1637241660800003e-06,
            "time": 31.947721242904663,
            "percY": 117637.12,
            "percN": 10158.08,
            "percU": 38010.88,
            "percUNK": 1966.08,
            "l": 0.9830517636806138,
            "u": 0.9957392948281885,
            "flag": "INTEREST"
        }
    },
    "data": {
        "n_samples": 4096,
        "time": 97.71402215957642,
        "repeated_worlds": 0,
        "repeated_progs": 2621,
        "unique_progs": 1475
    }
}