{
    "status": {
        "d_17": {
            "yes": 2560,
            "no": 0,
            "undecided": 768,
            "unknown": 768,
            "pyes": 0.7760464360000006,
            "pno": 0.0,
            "pundecided": 0.029300146258439963,
            "punknown": 0.1946534177415597,
            "time": 52.786383867263794,
            "percY": 104857.6,
            "percN": 0.0,
            "percU": 31457.28,
            "percUNK": 31457.28,
            "l": 0.7760464360000006,
            "u": 1.0,
            "flag": "INTEREST"
        },
        "a_7": {
            "yes": 1540,
            "no": 296,
            "undecided": 2188,
            "unknown": 72,
            "pyes": 0.04495184522182567,
            "pno": 0.09494606661908139,
            "pundecided": 0.8598661053288754,
            "punknown": 0.00023598283021658396,
            "time": 53.27611804008484,
            "percY": 63078.4,
            "percN": 12124.16,
            "percU": 89620.48,
            "percUNK": 2949.12,
            "l": 0.04495184522182567,
            "u": 0.9050539333809187
        }
    },
    "data": {
        "n_samples": 4096,
        "time": 163.85162115097046,
        "repeated_worlds": 0,
        "repeated_progs": 1941,
        "unique_progs": 2155
    }
}