{
    "status": {
        "~a_1": {
            "yes": 3584,
            "no": 0,
            "undecided": 0,
            "unknown": 512,
            "pyes": 0.9553724594019998,
            "pno": 0.0,
            "pundecided": 0.0,
            "punknown": 0.04462754059800001,
            "time": 41.938456296920776,
            "percY": 146800.64,
            "percN": 0.0,
            "percU": 0.0,
            "percUNK": 20971.52,
            "l": 0.9553724594019998,
            "u": 1.0,
            "flag": "INTEREST"
        },
        "a_5": {
            "yes": 2240,
            "no": 0,
            "undecided": 1792,
            "unknown": 64,
            "pyes": 0.8854295999359999,
            "pno": 0.0,
            "pundecided": 0.11454736501427001,
            "punknown": 2.3035049730000004e-05,
            "time": 41.938180923461914,
            "percY": 91750.4,
            "percN": 0.0,
            "percU": 73400.32,
            "percUNK": 2621.44,
            "l": 0.8854295999359999,
            "u": 1.0,
            "flag": "INTEREST"
        },
        "~a_8": {
            "yes": 1059,
            "no": 1029,
            "undecided": 1696,
            "unknown": 312,
            "pyes": 0.10135406790695614,
            "pno": 0.732990311800168,
            "pundecided": 0.16488456027592696,
            "punknown": 0.0007710600169490402,
            "time": 42.23125743865967,
            "percY": 43376.64,
            "percN": 42147.84,
            "percU": 69468.16,
            "percUNK": 12779.52,
            "l": 0.10135406790695614,
            "u": 0.26700968819983195,
            "flag": "INTEREST"
        }
    },
    "data": {
        "n_samples": 4096,
        "time": 129.45865035057068,
        "repeated_worlds": 0,
        "repeated_progs": 2175,
        "unique_progs": 1921
    }
}