{
    "status": {
        "a_2": {
            "yes": 3584,
            "no": 0,
            "undecided": 0,
            "unknown": 512,
            "pyes": 0.92681262,
            "pno": 0.0,
            "pundecided": 0.0,
            "punknown": 0.07318737999999997,
            "time": 44.458515644073486,
            "percY": 146800.64,
            "percN": 0.0,
            "percU": 0.0,
            "percUNK": 20971.52,
            "l": 0.92681262,
            "u": 1.0,
            "flag": "INTEREST"
        },
        "~a_7": {
            "yes": 192,
            "no": 64,
            "undecided": 3816,
            "unknown": 24,
            "pyes": 0.02502387611366402,
            "pno": 0.00048555108633599995,
            "pundecided": 0.9744901236416554,
            "punknown": 4.4915834450608123e-07,
            "time": 44.62756395339966,
            "percY": 7864.32,
            "percN": 2621.44,
            "percU": 156303.36,
            "percUNK": 983.04,
            "l": 0.02502387611366402,
            "u": 0.999514448913664
        },
        "a_8": {
            "yes": 903,
            "no": 587,
            "undecided": 2594,
            "unknown": 12,
            "pyes": 0.11569390811744958,
            "pno": 8.260065533412812e-05,
            "pundecided": 0.8842233410001762,
            "punknown": 1.5022704033792003e-07,
            "time": 45.17287468910217,
            "percY": 36986.88,
            "percN": 24043.52,
            "percU": 106250.24,
            "percUNK": 491.52,
            "l": 0.11569390811744958,
            "u": 0.9999173993446658
        }
    },
    "data": {
        "n_samples": 4096,
        "time": 137.77256321907043,
        "repeated_worlds": 0,
        "repeated_progs": 2083,
        "unique_progs": 2013
    }
}