{
    "status": {
        "a_4": {
            "yes": 2560,
            "no": 0,
            "undecided": 0,
            "unknown": 1536,
            "pyes": 0.08584978221820114,
            "pno": 0.0,
            "pundecided": 0.0,
            "punknown": 0.9141502177817995,
            "time": 39.9147047996521,
            "percY": 104857.6,
            "percN": 0.0,
            "percU": 0.0,
            "percUNK": 62914.56,
            "l": 0.08584978221820114,
            "u": 1.0
        },
        "~a_6": {
            "yes": 1892,
            "no": 0,
            "undecided": 2140,
            "unknown": 64,
            "pyes": 0.03491520150612016,
            "pno": 0.0,
            "pundecided": 0.9637975980283832,
            "punknown": 0.0012872004654956599,
            "time": 40.049861431121826,
            "percY": 77496.32,
            "percN": 0.0,
            "percU": 87654.4,
            "percUNK": 2621.44,
            "l": 0.03491520150612016,
            "u": 1.0
        },
        "~a_7": {
            "yes": 2228,
            "no": 802,
            "undecided": 1066,
            "unknown": 0,
            "pyes": 0.09500342863322209,
            "pno": 0.782541404418069,
            "pundecided": 0.12245516694870916,
            "punknown": 0.0,
            "time": 40.1566858291626,
            "percY": 91258.88,
            "percN": 32849.92,
            "percU": 43663.36,
            "percUNK": 0.0,
            "l": 0.09500342863322209,
            "u": 0.21745859558193104,
            "flag": "INTEREST"
        }
    },
    "data": {
        "n_samples": 4096,
        "time": 123.420907497406,
        "repeated_worlds": 0,
        "repeated_progs": 2236,
        "unique_progs": 1860
    }
}