{
    "status": {
        "d_16": {
            "yes": 3584,
            "no": 0,
            "undecided": 160,
            "unknown": 352,
            "pyes": 1.0,
            "pno": 0.0,
            "pundecided": 0.0,
            "punknown": 0.0,
            "time": 55.81891107559204,
            "percY": 146800.64,
            "percN": 0.0,
            "percU": 6553.6,
            "percUNK": 14417.92,
            "l": 1.0,
            "u": 1.0,
            "flag": "INTEREST"
        },
        "a_5": {
            "yes": 1664,
            "no": 0,
            "undecided": 896,
            "unknown": 1536,
            "pyes": 0.9265558317325938,
            "pno": 0.0,
            "pundecided": 0.020060552267406082,
            "punknown": 0.053383616,
            "time": 55.75365877151489,
            "percY": 68157.44,
            "percN": 0.0,
            "percU": 36700.16,
            "percUNK": 62914.56,
            "l": 0.9265558317325938,
            "u": 1.0,
            "flag": "INTEREST"
        },
        "~a_9": {
            "yes": 120,
            "no": 332,
            "undecided": 3524,
            "unknown": 120,
            "pyes": 0.029663152950956,
            "pno": 0.7131046073406366,
            "pundecided": 0.25722567965896725,
            "punknown": 6.560049440000001e-06,
            "time": 55.77035140991211,
            "percY": 4915.2,
            "percN": 13598.72,
            "percU": 144343.04,
            "percUNK": 4915.2,
            "l": 0.029663152950956,
            "u": 0.28689539265936337,
            "flag": "INTEREST"
        }
    },
    "data": {
        "n_samples": 4096,
        "time": 171.05653262138367,
        "repeated_worlds": 0,
        "repeated_progs": 1482,
        "unique_progs": 2614
    }
}