{
    "status": {
        "a_3": {
            "yes": 2560,
            "no": 0,
            "undecided": 0,
            "unknown": 1536,
            "pyes": 0.9457413147815787,
            "pno": 0.0,
            "pundecided": 0.0,
            "punknown": 0.054258685218422455,
            "time": 39.635817527770996,
            "percY": 104857.6,
            "percN": 0.0,
            "percU": 0.0,
            "percUNK": 62914.56,
            "l": 0.9457413147815787,
            "u": 1.0,
            "flag": "INTEREST"
        },
        "a_6": {
            "yes": 512,
            "no": 0,
            "undecided": 3544,
            "unknown": 40,
            "pyes": 0.0002816551323776008,
            "pno": 0.0,
            "pundecided": 0.9960538617639637,
            "punknown": 0.0036644831036605117,
            "time": 39.6530818939209,
            "percY": 20971.52,
            "percN": 0.0,
            "percU": 145162.24,
            "percUNK": 1638.4,
            "l": 0.0002816551323776008,
            "u": 1.0
        },
        "a_8": {
            "yes": 326,
            "no": 56,
            "undecided": 3618,
            "unknown": 96,
            "pyes": 0.00022491305813201098,
            "pno": 3.736333775999999e-08,
            "pundecided": 0.9986754516954495,
            "punknown": 0.0010995978830825994,
            "time": 39.74082708358765,
            "percY": 13352.96,
            "percN": 2293.76,
            "percU": 148193.28,
            "percUNK": 3932.16,
            "l": 0.00022491305813201098,
            "u": 0.9999999626366622
        }
    },
    "data": {
        "n_samples": 4096,
        "time": 122.24579167366028,
        "repeated_worlds": 0,
        "repeated_progs": 2245,
        "unique_progs": 1851
    }
}