{
    "status": {
        "a_0": {
            "yes": 512,
            "no": 0,
            "undecided": 2240,
            "unknown": 1344,
            "pyes": 0.017836000000000008,
            "pno": 0.0,
            "pundecided": 0.93255775842376,
            "punknown": 0.049606241576239996,
            "time": 45.73793315887451,
            "percY": 20971.52,
            "percN": 0.0,
            "percU": 91750.4,
            "percUNK": 55050.24,
            "l": 0.017836000000000008,
            "u": 1.0
        },
        "~a_6": {
            "yes": 256,
            "no": 0,
            "undecided": 3648,
            "unknown": 192,
            "pyes": 0.053577109862640006,
            "pno": 0.0,
            "pundecided": 0.9464126157193595,
            "punknown": 1.0274417999999999e-05,
            "time": 45.74475169181824,
            "percY": 10485.76,
            "percN": 0.0,
            "percU": 149422.08,
            "percUNK": 7864.32,
            "l": 0.053577109862640006,
            "u": 1.0
        },
        "a_9": {
            "yes": 420,
            "no": 220,
            "undecided": 3264,
            "unknown": 192,
            "pyes": 0.08454643717278586,
            "pno": 0.05346439004894369,
            "pundecided": 0.86197889836027,
            "punknown": 1.0274417999999999e-05,
            "time": 45.794700384140015,
            "percY": 17203.2,
            "percN": 9011.2,
            "percU": 133693.44,
            "percUNK": 7864.32,
            "l": 0.08454643717278586,
            "u": 0.9465356099510563
        }
    },
    "data": {
        "n_samples": 4096,
        "time": 140.70049214363098,
        "repeated_worlds": 0,
        "repeated_progs": 1971,
        "unique_progs": 2125
    }
}