{
    "status": {
        "a_3": {
            "yes": 3584,
            "no": 0,
            "undecided": 498,
            "unknown": 14,
            "pyes": 0.9995254480000001,
            "pno": 0.0,
            "pundecided": 0.00047446879808551464,
            "punknown": 8.320191448550401e-08,
            "time": 52.64916944503784,
            "percY": 146800.64,
            "percN": 0.0,
            "percU": 20398.08,
            "percUNK": 573.44,
            "l": 0.9995254480000001,
            "u": 1.0,
            "flag": "INTEREST"
        },
        "a_7": {
            "yes": 396,
            "no": 1424,
            "undecided": 2180,
            "unknown": 96,
            "pyes": 0.0033831556303041475,
            "pno": 0.8844239638717379,
            "pundecided": 0.08458095045024408,
            "punknown": 0.027611930047713833,
            "time": 52.83937191963196,
            "percY": 16220.16,
            "percN": 58327.04,
            "percU": 89292.8,
            "percUNK": 3932.16,
            "l": 0.0033831556303041475,
            "u": 0.11557603612826206,
            "flag": "INTEREST"
        }
    },
    "data": {
        "n_samples": 4096,
        "time": 161.85068941116333,
        "repeated_worlds": 0,
        "repeated_progs": 1631,
        "unique_progs": 2465
    }
}