{
    "status": {
        "~d_16": {
            "yes": 2560,
            "no": 0,
            "undecided": 0,
            "unknown": 1536,
            "pyes": 0.9480667763672734,
            "pno": 0.0,
            "pundecided": 0.0,
            "punknown": 0.051933223632726594,
            "time": 50.906699657440186,
            "percY": 104857.6,
            "percN": 0.0,
            "percU": 0.0,
            "percUNK": 62914.56,
            "l": 0.9480667763672734,
            "u": 1.0,
            "flag": "INTEREST"
        },
        "a_7": {
            "yes": 1136,
            "no": 448,
            "undecided": 2496,
            "unknown": 16,
            "pyes": 0.8729789744616249,
            "pno": 0.08030922291004798,
            "pundecided": 0.04671179655040716,
            "punknown": 6.077920192819201e-09,
            "time": 51.05380940437317,
            "percY": 46530.56,
            "percN": 18350.08,
            "percU": 102236.16,
            "percUNK": 655.36,
            "l": 0.8729789744616249,
            "u": 0.9196907770899521,
            "flag": "INTEREST"
        },
        "~a_7": {
            "yes": 448,
            "no": 1136,
            "undecided": 2496,
            "unknown": 16,
            "pyes": 0.08030922291004798,
            "pno": 0.8729789744616249,
            "pundecided": 0.04671179655040716,
            "punknown": 6.077920192819201e-09,
            "time": 51.28918766975403,
            "percY": 18350.08,
            "percN": 46530.56,
            "percU": 102236.16,
            "percUNK": 655.36,
            "l": 0.08030922291004798,
            "u": 0.12702102553837513,
            "flag": "INTEREST"
        }
    },
    "data": {
        "n_samples": 4096,
        "time": 157.40782022476196,
        "repeated_worlds": 0,
        "repeated_progs": 2015,
        "unique_progs": 2081
    }
}