{
    "status": {
        "~a_2": {
            "yes": 3584,
            "no": 0,
            "undecided": 0,
            "unknown": 512,
            "pyes": 0.9926048886675193,
            "pno": 0.0,
            "pundecided": 0.0,
            "punknown": 0.007395111332479997,
            "time": 54.69670057296753,
            "percY": 146800.64,
            "percN": 0.0,
            "percU": 0.0,
            "percUNK": 20971.52,
            "l": 0.9926048886675193,
            "u": 1.0,
            "flag": "INTEREST"
        },
        "a_5": {
            "yes": 512,
            "no": 0,
            "undecided": 384,
            "unknown": 3200,
            "pyes": 0.01978367999999997,
            "pno": 0.0,
            "pundecided": 0.06841644032000001,
            "punknown": 0.9117998796800006,
            "time": 54.53821349143982,
            "percY": 20971.52,
            "percN": 0.0,
            "percU": 15728.64,
            "percUNK": 131072.0,
            "l": 0.01978367999999997,
            "u": 1.0
        },
        "a_8": {
            "yes": 72,
            "no": 184,
            "undecided": 3648,
            "unknown": 192,
            "pyes": 0.05919308734568618,
            "pno": 0.004924861556713875,
            "pundecided": 0.9357940060415998,
            "punknown": 8.80450560000001e-05,
            "time": 54.709213972091675,
            "percY": 2949.12,
            "percN": 7536.64,
            "percU": 149422.08,
            "percUNK": 7864.32,
            "l": 0.05919308734568618,
            "u": 0.9950751384432861
        }
    },
    "data": {
        "n_samples": 4096,
        "time": 168.30881762504578,
        "repeated_worlds": 0,
        "repeated_progs": 1912,
        "unique_progs": 2184
    }
}