{
    "status": {
        "d_13": {
            "yes": 2560,
            "no": 0,
            "undecided": 768,
            "unknown": 768,
            "pyes": 0.888343210660001,
            "pno": 0.0,
            "pundecided": 0.1093359649316999,
            "punknown": 0.0023208244082999954,
            "time": 58.156755685806274,
            "percY": 104857.6,
            "percN": 0.0,
            "percU": 31457.28,
            "percUNK": 31457.28,
            "l": 0.888343210660001,
            "u": 1.0,
            "flag": "INTEREST"
        },
        "a_8": {
            "yes": 1436,
            "no": 104,
            "undecided": 2540,
            "unknown": 16,
            "pyes": 0.8468493437494287,
            "pno": 0.0006661751920707127,
            "pundecided": 0.1524700633484796,
            "punknown": 1.4417710020000001e-05,
            "time": 58.587220430374146,
            "percY": 58818.56,
            "percN": 4259.84,
            "percU": 104038.4,
            "percUNK": 655.36,
            "l": 0.8468493437494287,
            "u": 0.9993338248079293,
            "flag": "INTEREST"
        },
        "~a_8": {
            "yes": 104,
            "no": 1436,
            "undecided": 2540,
            "unknown": 16,
            "pyes": 0.0006661751920707127,
            "pno": 0.8468493437494287,
            "pundecided": 0.1524700633484796,
            "punknown": 1.4417710020000001e-05,
            "time": 58.61884665489197,
            "percY": 4259.84,
            "percN": 58818.56,
            "percU": 104038.4,
            "percUNK": 655.36,
            "l": 0.0006661751920707127,
            "u": 0.15315065625057134,
            "flag": "INTEREST"
        }
    },
    "data": {
        "n_samples": 4096,
        "time": 179.89942073822021,
        "repeated_worlds": 0,
        "repeated_progs": 1779,
        "unique_progs": 2317
    }
}