{
    "status": {
        "a_4": {
            "yes": 2560,
            "no": 0,
            "undecided": 0,
            "unknown": 1536,
            "pyes": 0.9869120739878402,
            "pno": 0.0,
            "pundecided": 0.0,
            "punknown": 0.013087926012160016,
            "time": 56.44877028465271,
            "percY": 104857.6,
            "percN": 0.0,
            "percU": 0.0,
            "percUNK": 62914.56,
            "l": 0.9869120739878402,
            "u": 1.0,
            "flag": "INTEREST"
        },
        "~a_5": {
            "yes": 1664,
            "no": 0,
            "undecided": 896,
            "unknown": 1536,
            "pyes": 0.8915301632755201,
            "pno": 0.0,
            "pundecided": 0.0007395628787199995,
            "punknown": 0.10773027384576003,
            "time": 56.32671880722046,
            "percY": 68157.44,
            "percN": 0.0,
            "percU": 36700.16,
            "percUNK": 62914.56,
            "l": 0.8915301632755201,
            "u": 1.0,
            "flag": "INTEREST"
        },
        "a_8": {
            "yes": 2460,
            "no": 992,
            "undecided": 580,
            "unknown": 64,
            "pyes": 0.83986908348923,
            "pno": 0.16007391911005742,
            "pundecided": 5.446310055266306e-05,
            "punknown": 2.53430016e-06,
            "time": 56.99280261993408,
            "percY": 100761.6,
            "percN": 40632.32,
            "percU": 23756.8,
            "percUNK": 2621.44,
            "l": 0.83986908348923,
            "u": 0.8399260808899426,
            "flag": "INTEREST"
        }
    },
    "data": {
        "n_samples": 4096,
        "time": 174.00181603431702,
        "repeated_worlds": 0,
        "repeated_progs": 1824,
        "unique_progs": 2272
    }
}