{
    "status": {
        "d_11": {
            "yes": 4,
            "no": 0,
            "undecided": 6,
            "unknown": 0,
            "pyes": 1.549167161380162,
            "pno": 0.0,
            "pundecided": 0.0005646420948691201,
            "punknown": 0.0,
            "time": 0.20995426177978516,
            "percY": 0.24,
            "percN": 0.0,
            "percU": 0.36,
            "percUNK": 0.0,
            "l": 1.549167161380162,
            "u": 1.0,
            "flag": "INTEREST"
        },
        "a_6": {
            "yes": 10,
            "no": 0,
            "undecided": 0,
            "unknown": 0,
            "pyes": 1.5497318034750311,
            "pno": 0.0,
            "pundecided": 0.0,
            "punknown": 0.0,
            "time": 0.2048325538635254,
            "percY": 0.6,
            "percN": 0.0,
            "percU": 0.0,
            "percUNK": 0.0,
            "l": 1.5497318034750311,
            "u": 1.0,
            "flag": "INTEREST"
        },
        "~a_8": {
            "yes": 10,
            "no": 0,
            "undecided": 0,
            "unknown": 0,
            "pyes": 1.5497318034750311,
            "pno": 0.0,
            "pundecided": 0.0,
            "punknown": 0.0,
            "time": 0.21013116836547852,
            "percY": 0.6,
            "percN": 0.0,
            "percU": 0.0,
            "percUNK": 0.0,
            "l": 1.5497318034750311,
            "u": 1.0,
            "flag": "INTEREST"
        }
    },
    "data": {
        "n_samples": 6,
        "time": 0.34018397331237793,
        "repeated_programs": 1,
        "inconsistent_programs": 0,
        "worlds_consulted": 21
    }
}