{
    "status": {
        "d_15": {
            "yes": 42,
            "no": 0,
            "undecided": 0,
            "unknown": 0,
            "pyes": 0.013282626218805261,
            "pno": 0.0,
            "pundecided": 0.0,
            "punknown": 0.0,
            "time": 0.8800721168518066,
            "percY": 9.24,
            "percN": 0.0,
            "percU": 0.0,
            "percUNK": 0.0,
            "l": 0.013282626218805261,
            "u": 1.0
        },
        "a_8": {
            "yes": 16,
            "no": 0,
            "undecided": 26,
            "unknown": 0,
            "pyes": 0.00775750636394272,
            "pno": 0.0,
            "pundecided": 0.00552511985486254,
            "punknown": 0.0,
            "time": 0.8651485443115234,
            "percY": 3.52,
            "percN": 0.0,
            "percU": 5.72,
            "percUNK": 0.0,
            "l": 0.00775750636394272,
            "u": 1.0
        }
    },
    "data": {
        "n_samples": 22,
        "time": 1.0137019157409668,
        "repeated_programs": 1,
        "inconsistent_programs": 0,
        "worlds_consulted": 159
    }
}