{
    "status": {
        "d_15": {
            "yes": 16,
            "no": 0,
            "undecided": 25,
            "unknown": 3,
            "pyes": 3.74640518020608e-05,
            "pno": 0.0,
            "pundecided": 0.0001822832584482816,
            "punknown": 0.0,
            "time": 0.9620523452758789,
            "percY": 6.08,
            "percN": 0.0,
            "percU": 9.5,
            "percUNK": 1.14,
            "l": 3.74640518020608e-05,
            "u": 1.0
        },
        "a_5": {
            "yes": 44,
            "no": 0,
            "undecided": 0,
            "unknown": 0,
            "pyes": 0.0002197473102503424,
            "pno": 0.0,
            "pundecided": 0.0,
            "punknown": 0.0,
            "time": 0.965977668762207,
            "percY": 16.72,
            "percN": 0.0,
            "percU": 0.0,
            "percUNK": 0.0,
            "l": 0.0002197473102503424,
            "u": 1.0
        },
        "a_7": {
            "yes": 20,
            "no": 23,
            "undecided": 1,
            "unknown": 0,
            "pyes": 3.74640518020608e-05,
            "pno": 0.0001822832584482816,
            "pundecided": 0.0,
            "punknown": 0.0,
            "time": 1.031538963317871,
            "percY": 7.6,
            "percN": 8.74,
            "percU": 0.38,
            "percUNK": 0.0,
            "l": 3.74640518020608e-05,
            "u": 0.9998177167415517
        }
    },
    "data": {
        "n_samples": 38,
        "time": 2.3481698036193848,
        "repeated_programs": 6,
        "inconsistent_programs": 20,
        "worlds_consulted": 76
    }
}