{
    "status": {
        "~d_9": {
            "yes": 23,
            "no": 0,
            "undecided": 1,
            "unknown": 0,
            "pyes": 0.0002582452753185063,
            "pno": 0.0,
            "pundecided": 0.0,
            "punknown": 0.0,
            "time": 0.5432174205780029,
            "percY": 4.6,
            "percN": 0.0,
            "percU": 0.2,
            "percUNK": 0.0,
            "l": 0.0002582452753185063,
            "u": 1.0
        },
        "a_8": {
            "yes": 18,
            "no": 3,
            "undecided": 3,
            "unknown": 0,
            "pyes": 0.00023399403324155915,
            "pno": 0.0,
            "pundecided": 2.4251242076947194e-05,
            "punknown": 0.0,
            "time": 0.577643632888794,
            "percY": 3.6,
            "percN": 0.6,
            "percU": 0.6,
            "percUNK": 0.0,
            "l": 0.00023399403324155915,
            "u": 1.0
        },
        "~a_8": {
            "yes": 3,
            "no": 18,
            "undecided": 3,
            "unknown": 0,
            "pyes": 0.0,
            "pno": 0.00023399403324155915,
            "pundecided": 2.4251242076947194e-05,
            "punknown": 0.0,
            "time": 0.5687007904052734,
            "percY": 0.6,
            "percN": 3.6,
            "percU": 0.6,
            "percUNK": 0.0,
            "l": 0.0,
            "u": 0.9997660059667585
        }
    },
    "data": {
        "n_samples": 20,
        "time": 1.3069639205932617,
        "repeated_programs": 3,
        "inconsistent_programs": 10,
        "worlds_consulted": 17
    }
}