{
    "status": {
        "d_9": {
            "yes": 38,
            "no": 0,
            "undecided": 0,
            "unknown": 0,
            "pyes": 0.005099248290509912,
            "pno": 0.0,
            "pundecided": 0.0,
            "punknown": 0.0,
            "time": 0.7853775024414062,
            "percY": 7.98,
            "percN": 0.0,
            "percU": 0.0,
            "percUNK": 0.0,
            "l": 0.005099248290509912,
            "u": 1.0
        },
        "a_6": {
            "yes": 36,
            "no": 0,
            "undecided": 0,
            "unknown": 2,
            "pyes": 0.005099178596159576,
            "pno": 0.0,
            "pundecided": 0.0,
            "punknown": 6.9694350336e-08,
            "time": 0.7712063789367676,
            "percY": 7.56,
            "percN": 0.0,
            "percU": 0.0,
            "percUNK": 0.42,
            "l": 0.005099178596159576,
            "u": 1.0
        },
        "a_8": {
            "yes": 16,
            "no": 22,
            "undecided": 0,
            "unknown": 0,
            "pyes": 0.005095642836636863,
            "pno": 3.6054538730496e-06,
            "pundecided": 0.0,
            "punknown": 0.0,
            "time": 0.8074150085449219,
            "percY": 3.36,
            "percN": 4.62,
            "percU": 0.0,
            "percUNK": 0.0,
            "l": 0.005095642836636863,
            "u": 0.999996394546127
        }
    },
    "data": {
        "n_samples": 21,
        "time": 1.2864689826965332,
        "repeated_programs": 2,
        "inconsistent_programs": 0,
        "worlds_consulted": 45
    }
}