{
    "status": {
        "d_12": {
            "yes": 50,
            "no": 0,
            "undecided": 0,
            "unknown": 0,
            "pyes": 0.002188415123423588,
            "pno": 0.0,
            "pundecided": 0.0,
            "punknown": 0.0,
            "time": 1.0581622123718262,
            "percY": 18.0,
            "percN": 0.0,
            "percU": 0.0,
            "percUNK": 0.0,
            "l": 0.002188415123423588,
            "u": 1.0
        },
        "a_7": {
            "yes": 46,
            "no": 0,
            "undecided": 4,
            "unknown": 0,
            "pyes": 0.0021802253612855102,
            "pno": 0.0,
            "pundecided": 8.189762138078207e-06,
            "punknown": 0.0,
            "time": 1.0585405826568604,
            "percY": 16.56,
            "percN": 0.0,
            "percU": 1.44,
            "percUNK": 0.0,
            "l": 0.0021802253612855102,
            "u": 1.0
        },
        "~a_7": {
            "yes": 0,
            "no": 46,
            "undecided": 4,
            "unknown": 0,
            "pyes": 0.0,
            "pno": 0.0021802253612855102,
            "pundecided": 8.189762138078207e-06,
            "punknown": 0.0,
            "time": 1.0717332363128662,
            "percY": 0.0,
            "percN": 16.56,
            "percU": 1.44,
            "percUNK": 0.0,
            "l": 0.0,
            "u": 0.9978197746387145
        }
    },
    "data": {
        "n_samples": 36,
        "time": 2.1265742778778076,
        "repeated_programs": 6,
        "inconsistent_programs": 10,
        "worlds_consulted": 82
    }
}