{
    "status": {
        "~a_1": {
            "yes": 4,
            "no": 0,
            "undecided": 0,
            "unknown": 0,
            "pyes": 1.3802833805316526,
            "pno": 0.0,
            "pundecided": 0.0,
            "punknown": 0.0,
            "time": 0.08733272552490234,
            "percY": 0.08,
            "percN": 0.0,
            "percU": 0.0,
            "percUNK": 0.0,
            "l": 1.3802833805316526,
            "u": 1.0,
            "flag": "INTEREST"
        },
        "a_6": {
            "yes": 2,
            "no": 0,
            "undecided": 2,
            "unknown": 0,
            "pyes": 1.3802833805316526,
            "pno": 0.0,
            "pundecided": 0.0,
            "punknown": 0.0,
            "time": 0.08888864517211914,
            "percY": 0.04,
            "percN": 0.0,
            "percU": 0.04,
            "percUNK": 0.0,
            "l": 1.3802833805316526,
            "u": 1.0,
            "flag": "INTEREST"
        },
        "a_9": {
            "yes": 2,
            "no": 0,
            "undecided": 2,
            "unknown": 0,
            "pyes": 0.0,
            "pno": 0.0,
            "pundecided": 1.3802833805316526,
            "punknown": 0.0,
            "time": 0.08717918395996094,
            "percY": 0.04,
            "percN": 0.0,
            "percU": 0.04,
            "percUNK": 0.0,
            "l": 0.0,
            "u": 1.0
        }
    },
    "data": {
        "n_samples": 2,
        "time": 0.1377086639404297,
        "repeated_programs": 0,
        "inconsistent_programs": 0,
        "worlds_consulted": 2
    }
}