{
    "status": {
        "~d_13": {
            "yes": 66,
            "no": 0,
            "undecided": 10,
            "unknown": 0,
            "pyes": 5.772151290239999e-05,
            "pno": 0.0,
            "pundecided": 1.2930322880000006e-06,
            "punknown": 0.0,
            "time": 1.5946552753448486,
            "percY": 43.56,
            "percN": 0.0,
            "percU": 6.6,
            "percUNK": 0.0,
            "l": 5.772151290239999e-05,
            "u": 1.0
        },
        "~a_9": {
            "yes": 39,
            "no": 0,
            "undecided": 37,
            "unknown": 0,
            "pyes": 1.1158246368e-05,
            "pno": 0.0,
            "pundecided": 4.7856298822399995e-05,
            "punknown": 0.0,
            "time": 1.6298623085021973,
            "percY": 25.74,
            "percN": 0.0,
            "percU": 24.42,
            "percUNK": 0.0,
            "l": 1.1158246368e-05,
            "u": 1.0
        },
        "a_9": {
            "yes": 0,
            "no": 39,
            "undecided": 37,
            "unknown": 0,
            "pyes": 0.0,
            "pno": 1.1158246368e-05,
            "pundecided": 4.7856298822399995e-05,
            "punknown": 0.0,
            "time": 1.6413664817810059,
            "percY": 0.0,
            "percN": 25.74,
            "percU": 24.42,
            "percUNK": 0.0,
            "l": 0.0,
            "u": 0.999988841753632
        }
    },
    "data": {
        "n_samples": 66,
        "time": 4.304600954055786,
        "repeated_programs": 5,
        "inconsistent_programs": 46,
        "worlds_consulted": 88
    }
}