{
    "status": {
        "d_15": {
            "yes": 77,
            "no": 0,
            "undecided": 38,
            "unknown": 0,
            "pyes": 0.18028394597389197,
            "pno": 0.0,
            "pundecided": 0.13034356119143503,
            "punknown": 0.0,
            "time": 2.4241838455200195,
            "percY": 52.36,
            "percN": 0.0,
            "percU": 25.84,
            "percUNK": 0.0,
            "l": 0.18028394597389197,
            "u": 1.0
        },
        "a_8": {
            "yes": 70,
            "no": 0,
            "undecided": 45,
            "unknown": 0,
            "pyes": 0.31036578896759576,
            "pno": 0.0,
            "pundecided": 0.0002617181977311698,
            "punknown": 0.0,
            "time": 2.6160035133361816,
            "percY": 47.6,
            "percN": 0.0,
            "percU": 30.6,
            "percUNK": 0.0,
            "l": 0.31036578896759576,
            "u": 1.0
        }
    },
    "data": {
        "n_samples": 68,
        "time": 3.1122448444366455,
        "repeated_programs": 7,
        "inconsistent_programs": 7,
        "worlds_consulted": 392
    }
}