{
    "status": {
        "a_0": {
            "yes": 8,
            "no": 0,
            "undecided": 0,
            "unknown": 0,
            "pyes": 0.14613485881910399,
            "pno": 0.0,
            "pundecided": 0.0,
            "punknown": 0.0,
            "time": 0.16834545135498047,
            "percY": 0.32,
            "percN": 0.0,
            "percU": 0.0,
            "percUNK": 0.0,
            "l": 0.14613485881910399,
            "u": 1.0
        },
        "~a_8": {
            "yes": 4,
            "no": 0,
            "undecided": 0,
            "unknown": 4,
            "pyes": 0.0005576765264927999,
            "pno": 0.0,
            "pundecided": 0.0,
            "punknown": 0.14557718229261116,
            "time": 0.16531991958618164,
            "percY": 0.16,
            "percN": 0.0,
            "percU": 0.0,
            "percUNK": 0.16,
            "l": 0.0005576765264927999,
            "u": 1.0
        },
        "a_7": {
            "yes": 2,
            "no": 6,
            "undecided": 0,
            "unknown": 0,
            "pyes": 0.0048189392439264,
            "pno": 0.14131591957517758,
            "pundecided": 0.0,
            "punknown": 0.0,
            "time": 0.17753028869628906,
            "percY": 0.08,
            "percN": 0.24,
            "percU": 0.0,
            "percUNK": 0.0,
            "l": 0.0048189392439264,
            "u": 0.8586840804248224
        }
    },
    "data": {
        "n_samples": 4,
        "time": 0.27709317207336426,
        "repeated_programs": 0,
        "inconsistent_programs": 0,
        "worlds_consulted": 19
    }
}