{
    "status": {
        "d_17": {
            "yes": 22,
            "no": 0,
            "undecided": 0,
            "unknown": 0,
            "pyes": 0.009182157197907099,
            "pno": 0.0,
            "pundecided": 0.0,
            "punknown": 0.0,
            "time": 0.46921634674072266,
            "percY": 3.52,
            "percN": 0.0,
            "percU": 0.0,
            "percUNK": 0.0,
            "l": 0.009182157197907099,
            "u": 1.0
        },
        "~a_5": {
            "yes": 13,
            "no": 0,
            "undecided": 9,
            "unknown": 0,
            "pyes": 0.0022813857147187203,
            "pno": 0.0,
            "pundecided": 0.006900771483188375,
            "punknown": 0.0,
            "time": 0.47417736053466797,
            "percY": 2.08,
            "percN": 0.0,
            "percU": 1.44,
            "percUNK": 0.0,
            "l": 0.0022813857147187203,
            "u": 1.0
        },
        "~a_8": {
            "yes": 14,
            "no": 8,
            "undecided": 0,
            "unknown": 0,
            "pyes": 0.009105881381168166,
            "pno": 7.627581673893122e-05,
            "pundecided": 0.0,
            "punknown": 0.0,
            "time": 0.5055179595947266,
            "percY": 2.24,
            "percN": 1.28,
            "percU": 0.0,
            "percUNK": 0.0,
            "l": 0.009105881381168166,
            "u": 0.999923724183261
        }
    },
    "data": {
        "n_samples": 16,
        "time": 1.0643959045410156,
        "repeated_programs": 1,
        "inconsistent_programs": 8,
        "worlds_consulted": 17
    }
}