{
    "status": {
        "d_11": {
            "yes": 12,
            "no": 0,
            "undecided": 28,
            "unknown": 0,
            "pyes": 1.0216408790880002e-05,
            "pno": 0.0,
            "pundecided": 0.003527729447100732,
            "punknown": 0.0,
            "time": 0.8827340602874756,
            "percY": 3.12,
            "percN": 0.0,
            "percU": 7.28,
            "percUNK": 0.0,
            "l": 1.0216408790880002e-05,
            "u": 1.0
        },
        "a_6": {
            "yes": 36,
            "no": 0,
            "undecided": 4,
            "unknown": 0,
            "pyes": 0.0012944646473268366,
            "pno": 0.0,
            "pundecided": 0.002243481208564776,
            "punknown": 0.0,
            "time": 0.9007682800292969,
            "percY": 9.36,
            "percN": 0.0,
            "percU": 1.04,
            "percUNK": 0.0,
            "l": 0.0012944646473268366,
            "u": 1.0
        },
        "a_7": {
            "yes": 4,
            "no": 36,
            "undecided": 0,
            "unknown": 0,
            "pyes": 3.1052681909568e-06,
            "pno": 0.003534840587700656,
            "pundecided": 0.0,
            "punknown": 0.0,
            "time": 0.8875706195831299,
            "percY": 1.04,
            "percN": 9.36,
            "percU": 0.0,
            "percUNK": 0.0,
            "l": 3.1052681909568e-06,
            "u": 0.9964651594122993
        }
    },
    "data": {
        "n_samples": 26,
        "time": 1.7768940925598145,
        "repeated_programs": 2,
        "inconsistent_programs": 8,
        "worlds_consulted": 132
    }
}