{
    "status": {
        "a_3": {
            "yes": 24,
            "no": 0,
            "undecided": 0,
            "unknown": 0,
            "pyes": 0.01068353780679536,
            "pno": 0.0,
            "pundecided": 0.0,
            "punknown": 0.0,
            "time": 0.5192775726318359,
            "percY": 3.12,
            "percN": 0.0,
            "percU": 0.0,
            "percUNK": 0.0,
            "l": 0.01068353780679536,
            "u": 1.0
        },
        "~a_8": {
            "yes": 6,
            "no": 16,
            "undecided": 2,
            "unknown": 0,
            "pyes": 0.0008363452785791999,
            "pno": 0.009811820481475522,
            "pundecided": 3.5372046740640004e-05,
            "punknown": 0.0,
            "time": 0.600557804107666,
            "percY": 0.78,
            "percN": 2.08,
            "percU": 0.26,
            "percUNK": 0.0,
            "l": 0.0008363452785791999,
            "u": 0.9901881795185244
        },
        "~a_7": {
            "yes": 24,
            "no": 0,
            "undecided": 0,
            "unknown": 0,
            "pyes": 0.01068353780679536,
            "pno": 0.0,
            "pundecided": 0.0,
            "punknown": 0.0,
            "time": 0.53582763671875,
            "percY": 3.12,
            "percN": 0.0,
            "percU": 0.0,
            "percUNK": 0.0,
            "l": 0.01068353780679536,
            "u": 1.0
        }
    },
    "data": {
        "n_samples": 13,
        "time": 0.9295878410339355,
        "repeated_programs": 1,
        "inconsistent_programs": 0,
        "worlds_consulted": 76
    }
}