{
    "status": {
        "a_2": {
            "yes": 506,
            "no": 0,
            "undecided": 0,
            "unknown": 692,
            "pyes": 0.6884488313872406,
            "pno": 0.0,
            "pundecided": 0.0,
            "punknown": 0.3020787456798411,
            "time": 16.983505725860596,
            "percY": 265285.68,
            "percN": 0.0,
            "percU": 0.0,
            "percUNK": 362801.76,
            "l": 0.6884488313872406,
            "u": 1.0,
            "flag": "INTEREST"
        },
        "a_6": {
            "yes": 870,
            "no": 0,
            "undecided": 11,
            "unknown": 317,
            "pyes": 0.8759954189084168,
            "pno": 0.0,
            "pundecided": 0.0005145827330452264,
            "punknown": 0.11401757542561929,
            "time": 17.059232473373413,
            "percY": 456123.6,
            "percN": 0.0,
            "percU": 5767.08,
            "percUNK": 166196.76,
            "l": 0.8759954189084168,
            "u": 1.0,
            "flag": "INTEREST"
        },
        "a_7": {
            "yes": 3,
            "no": 3,
            "undecided": 1192,
            "unknown": 0,
            "pyes": 4.192691579487917e-06,
            "pno": 9.046966531324839e-05,
            "pundecided": 0.9904329147101889,
            "punknown": 0.0,
            "time": 16.93663763999939,
            "percY": 1572.84,
            "percN": 1572.84,
            "percU": 624941.76,
            "percUNK": 0.0,
            "l": 4.192691579487917e-06,
            "u": 0.9999095303346868
        }
    },
    "data": {
        "n_samples": 52428,
        "time": 52.51512551307678,
        "repeated_worlds": 51230,
        "repeated_progs": 51972,
        "unique_progs": 456
    }
}