{
    "status": {
        "~a_0": {
            "yes": 1279,
            "no": 0,
            "undecided": 0,
            "unknown": 92,
            "pyes": 0.9828601079576773,
            "pno": 0.0,
            "pundecided": 0.0,
            "punknown": 0.005166490516007161,
            "time": 27.899150133132935,
            "percY": 670554.12,
            "percN": 0.0,
            "percU": 0.0,
            "percUNK": 48233.76,
            "l": 0.9828601079576773,
            "u": 1.0,
            "flag": "INTEREST"
        },
        "a_5": {
            "yes": 52,
            "no": 0,
            "undecided": 1284,
            "unknown": 35,
            "pyes": 0.00256763905489204,
            "pno": 0.0,
            "pundecided": 0.9828016941539689,
            "punknown": 0.0026572652648233753,
            "time": 27.67324709892273,
            "percY": 27262.56,
            "percN": 0.0,
            "percU": 673175.52,
            "percUNK": 18349.8,
            "l": 0.00256763905489204,
            "u": 1.0
        },
        "~a_8": {
            "yes": 58,
            "no": 0,
            "undecided": 1313,
            "unknown": 0,
            "pyes": 0.002748266236498167,
            "pno": 0.0,
            "pundecided": 0.9852783322371862,
            "punknown": 0.0,
            "time": 27.632688760757446,
            "percY": 30408.24,
            "percN": 0.0,
            "percU": 688379.64,
            "percUNK": 0.0,
            "l": 0.002748266236498167,
            "u": 1.0
        }
    },
    "data": {
        "n_samples": 52428,
        "time": 85.25545024871826,
        "repeated_worlds": 51057,
        "repeated_progs": 51684,
        "unique_progs": 744
    }
}