{
    "status": {
        "a_3": {
            "yes": 1015,
            "no": 0,
            "undecided": 0,
            "unknown": 125,
            "pyes": 0.9745445753646832,
            "pno": 0.0,
            "pundecided": 0.0,
            "punknown": 0.01529356208218247,
            "time": 26.78704261779785,
            "percY": 532144.2,
            "percN": 0.0,
            "percU": 0.0,
            "percUNK": 65535.0,
            "l": 0.9745445753646832,
            "u": 1.0,
            "flag": "INTEREST"
        },
        "~a_6": {
            "yes": 153,
            "no": 0,
            "undecided": 40,
            "unknown": 947,
            "pyes": 0.5455938287266047,
            "pno": 0.0,
            "pundecided": 0.008177297587326927,
            "punknown": 0.43606701113293284,
            "time": 26.89584183692932,
            "percY": 80214.84,
            "percN": 0.0,
            "percU": 20971.2,
            "percUNK": 496493.16,
            "l": 0.5455938287266047,
            "u": 1.0,
            "flag": "INTEREST"
        },
        "~a_9": {
            "yes": 256,
            "no": 366,
            "undecided": 421,
            "unknown": 97,
            "pyes": 0.6345430287741612,
            "pno": 0.15683907940807296,
            "pundecided": 0.15404686236739856,
            "punknown": 0.04440916689723158,
            "time": 27.03421401977539,
            "percY": 134215.68,
            "percN": 191886.48,
            "percU": 220721.88,
            "percUNK": 50855.16,
            "l": 0.6345430287741612,
            "u": 0.843160920591927,
            "flag": "INTEREST"
        }
    },
    "data": {
        "n_samples": 52428,
        "time": 82.50644540786743,
        "repeated_worlds": 51288,
        "repeated_progs": 51723,
        "unique_progs": 705
    }
}