{
    "status": {
        "d_11": {
            "yes": 816,
            "no": 0,
            "undecided": 132,
            "unknown": 367,
            "pyes": 0.7999890458340542,
            "pno": 0.0,
            "pundecided": 0.013077805547844093,
            "punknown": 0.17580205884658656,
            "time": 32.025354862213135,
            "percY": 427812.48,
            "percN": 0.0,
            "percU": 69204.96,
            "percUNK": 192410.76,
            "l": 0.7999890458340542,
            "u": 1.0,
            "flag": "INTEREST"
        },
        "a_7": {
            "yes": 524,
            "no": 188,
            "undecided": 595,
            "unknown": 8,
            "pyes": 0.23946403849989734,
            "pno": 0.5631410272467491,
            "pundecided": 0.18614963927132983,
            "punknown": 0.00011420521050844438,
            "time": 32.13634419441223,
            "percY": 274722.72,
            "percN": 98564.64,
            "percU": 311946.6,
            "percUNK": 4194.24,
            "l": 0.23946403849989734,
            "u": 0.4368589727532509,
            "flag": "INTEREST"
        },
        "a_8": {
            "yes": 691,
            "no": 33,
            "undecided": 591,
            "unknown": 0,
            "pyes": 0.7981658660539143,
            "pno": 0.006044885523604393,
            "pundecided": 0.18465815865096633,
            "punknown": 0.0,
            "time": 31.82659149169922,
            "percY": 362277.48,
            "percN": 17301.24,
            "percU": 309849.48,
            "percUNK": 0.0,
            "l": 0.7981658660539143,
            "u": 0.9939551144763956,
            "flag": "INTEREST"
        }
    },
    "data": {
        "n_samples": 52428,
        "time": 98.06979417800903,
        "repeated_worlds": 51113,
        "repeated_progs": 51583,
        "unique_progs": 845
    }
}