{
    "status": {
        "~d_14": {
            "yes": 900,
            "no": 0,
            "undecided": 293,
            "unknown": 92,
            "pyes": 0.8190695411269615,
            "pno": 0.0,
            "pundecided": 0.09490858820142281,
            "punknown": 0.07452467677995259,
            "time": 25.031325101852417,
            "percY": 471852.0,
            "percN": 0.0,
            "percU": 153614.04,
            "percUNK": 48233.76,
            "l": 0.8190695411269615,
            "u": 1.0,
            "flag": "INTEREST"
        },
        "a_7": {
            "yes": 1034,
            "no": 27,
            "undecided": 224,
            "unknown": 0,
            "pyes": 0.9341213768824573,
            "pno": 0.0036024762732757712,
            "pundecided": 0.05077895295260277,
            "punknown": 0.0,
            "time": 25.14701008796692,
            "percY": 542105.52,
            "percN": 14155.56,
            "percU": 117438.72,
            "percUNK": 0.0,
            "l": 0.9341213768824573,
            "u": 0.9963975237267242,
            "flag": "INTEREST"
        },
        "a_8": {
            "yes": 15,
            "no": 6,
            "undecided": 1255,
            "unknown": 9,
            "pyes": 0.0005605418608840806,
            "pno": 0.0001790364409646035,
            "pundecided": 0.9875103302571074,
            "punknown": 0.0002528975493801036,
            "time": 24.97779679298401,
            "percY": 7864.2,
            "percN": 3145.68,
            "percU": 657971.4,
            "percUNK": 4718.52,
            "l": 0.0005605418608840806,
            "u": 0.9998209635590354
        }
    },
    "data": {
        "n_samples": 52428,
        "time": 77.06907606124878,
        "repeated_worlds": 51143,
        "repeated_progs": 51771,
        "unique_progs": 657
    }
}