{
    "status": {
        "a_1": {
            "yes": 577,
            "no": 0,
            "undecided": 0,
            "unknown": 509,
            "pyes": 0.7931755702836434,
            "pno": 0.0,
            "pundecided": 0.0,
            "punknown": 0.1975551416508507,
            "time": 23.715580463409424,
            "percY": 302509.56,
            "percN": 0.0,
            "percU": 0.0,
            "percUNK": 266858.52,
            "l": 0.7931755702836434,
            "u": 1.0,
            "flag": "INTEREST"
        },
        "a_8": {
            "yes": 771,
            "no": 81,
            "undecided": 233,
            "unknown": 1,
            "pyes": 0.9198533470962067,
            "pno": 0.008130566501930286,
            "pundecided": 0.06274243703110952,
            "punknown": 4.361305247821934e-06,
            "time": 24.298056602478027,
            "percY": 404219.88,
            "percN": 42466.68,
            "percU": 122157.24,
            "percUNK": 524.28,
            "l": 0.9198533470962067,
            "u": 0.9918694334980697,
            "flag": "INTEREST"
        }
    },
    "data": {
        "n_samples": 52428,
        "time": 49.67654871940613,
        "repeated_worlds": 51342,
        "repeated_progs": 51800,
        "unique_progs": 628
    }
}