{
    "status": {
        "~d_9": {
            "yes": 1031,
            "no": 0,
            "undecided": 336,
            "unknown": 163,
            "pyes": 0.850419865775195,
            "pno": 0.0,
            "pundecided": 0.11596846792092143,
            "punknown": 0.01911528078488607,
            "time": 31.032553911209106,
            "percY": 540532.68,
            "percN": 0.0,
            "percU": 176158.08,
            "percUNK": 85457.64,
            "l": 0.850419865775195,
            "u": 1.0,
            "flag": "INTEREST"
        },
        "~a_5": {
            "yes": 64,
            "no": 0,
            "undecided": 1464,
            "unknown": 2,
            "pyes": 0.004502488009812227,
            "pno": 0.0,
            "pundecided": 0.9809706191610669,
            "punknown": 3.050731012355824e-05,
            "time": 31.119508981704712,
            "percY": 33553.92,
            "percN": 0.0,
            "percU": 767545.92,
            "percUNK": 1048.56,
            "l": 0.004502488009812227,
            "u": 1.0
        },
        "~a_8": {
            "yes": 43,
            "no": 19,
            "undecided": 1468,
            "unknown": 0,
            "pyes": 0.00120159186563516,
            "pno": 0.0032947840538397823,
            "pundecided": 0.9810072385615277,
            "punknown": 0.0,
            "time": 30.88441276550293,
            "percY": 22544.04,
            "percN": 9961.32,
            "percU": 769643.04,
            "percUNK": 0.0,
            "l": 0.00120159186563516,
            "u": 0.9967052159461602
        }
    },
    "data": {
        "n_samples": 52428,
        "time": 95.31284523010254,
        "repeated_worlds": 50898,
        "repeated_progs": 51604,
        "unique_progs": 824
    }
}