{
    "status": {
        "a_3": {
            "yes": 795,
            "no": 0,
            "undecided": 151,
            "unknown": 22,
            "pyes": 0.8940291254521278,
            "pno": 0.0,
            "pundecided": 0.09749583012470063,
            "punknown": 0.0006461220935467187,
            "time": 15.11639666557312,
            "percY": 416802.6,
            "percN": 0.0,
            "percU": 79166.28,
            "percUNK": 11534.16,
            "l": 0.8940291254521278,
            "u": 1.0,
            "flag": "INTEREST"
        },
        "a_5": {
            "yes": 34,
            "no": 0,
            "undecided": 934,
            "unknown": 0,
            "pyes": 0.004257679056287916,
            "pno": 0.0,
            "pundecided": 0.9879133986140869,
            "punknown": 0.0,
            "time": 15.131799697875977,
            "percY": 17825.52,
            "percN": 0.0,
            "percU": 489677.52,
            "percUNK": 0.0,
            "l": 0.004257679056287916,
            "u": 1.0
        },
        "a_8": {
            "yes": 27,
            "no": 3,
            "undecided": 875,
            "unknown": 63,
            "pyes": 0.0039735564082028375,
            "pno": 5.885696240835636e-05,
            "pundecided": 0.9476761777675008,
            "punknown": 0.04046248653226312,
            "time": 15.044649839401245,
            "percY": 14155.56,
            "percN": 1572.84,
            "percU": 458745.0,
            "percUNK": 33029.64,
            "l": 0.0039735564082028375,
            "u": 0.9999411430375916
        }
    },
    "data": {
        "n_samples": 52428,
        "time": 46.502715826034546,
        "repeated_worlds": 51460,
        "repeated_progs": 52022,
        "unique_progs": 406
    }
}