{
    "status": {
        "d_14": {
            "yes": 1282,
            "no": 0,
            "undecided": 12,
            "unknown": 123,
            "pyes": 0.9420139777424881,
            "pno": 0.0,
            "pundecided": 0.0003722512715095972,
            "punknown": 0.04412531238699042,
            "time": 19.3072190284729,
            "percY": 672126.96,
            "percN": 0.0,
            "percU": 6291.36,
            "percUNK": 64486.44,
            "l": 0.9420139777424881,
            "u": 1.0,
            "flag": "INTEREST"
        },
        "~a_7": {
            "yes": 427,
            "no": 189,
            "undecided": 801,
            "unknown": 0,
            "pyes": 0.07606062710057297,
            "pno": 0.03108667202814148,
            "pundecided": 0.8793642422722745,
            "punknown": 0.0,
            "time": 19.287058353424072,
            "percY": 223867.56,
            "percN": 99088.92,
            "percU": 419948.28,
            "percUNK": 0.0,
            "l": 0.07606062710057297,
            "u": 0.9689133279718585
        },
        "a_8": {
            "yes": 546,
            "no": 34,
            "undecided": 835,
            "unknown": 2,
            "pyes": 0.1335317433991875,
            "pno": 0.004255325446239298,
            "pundecided": 0.8486670531247807,
            "punknown": 5.7419430781433786e-05,
            "time": 19.31469202041626,
            "percY": 286256.88,
            "percN": 17825.52,
            "percU": 437773.8,
            "percUNK": 1048.56,
            "l": 0.1335317433991875,
            "u": 0.9957446745537607
        }
    },
    "data": {
        "n_samples": 52428,
        "time": 59.64532136917114,
        "repeated_worlds": 51011,
        "repeated_progs": 51922,
        "unique_progs": 506
    }
}