{
    "status": {
        "a_2": {
            "yes": 820,
            "no": 0,
            "undecided": 0,
            "unknown": 497,
            "pyes": 0.19673327155535306,
            "pno": 0.0,
            "pundecided": 0.0,
            "punknown": 0.7914762114953247,
            "time": 24.90609574317932,
            "percY": 429909.6,
            "percN": 0.0,
            "percU": 0.0,
            "percUNK": 260567.16,
            "l": 0.19673327155535306,
            "u": 1.0
        },
        "a_5": {
            "yes": 112,
            "no": 0,
            "undecided": 1205,
            "unknown": 0,
            "pyes": 0.05388886982274522,
            "pno": 0.0,
            "pundecided": 0.9343206132279323,
            "punknown": 0.0,
            "time": 24.944999933242798,
            "percY": 58719.36,
            "percN": 0.0,
            "percU": 631757.4,
            "percUNK": 0.0,
            "l": 0.05388886982274522,
            "u": 1.0
        },
        "~a_7": {
            "yes": 33,
            "no": 64,
            "undecided": 1220,
            "unknown": 0,
            "pyes": 0.004469305358508806,
            "pno": 0.04604565632251595,
            "pundecided": 0.9376945213696528,
            "punknown": 0.0,
            "time": 24.948862552642822,
            "percY": 17301.24,
            "percN": 33553.92,
            "percU": 639621.6,
            "percUNK": 0.0,
            "l": 0.004469305358508806,
            "u": 0.953954343677484
        }
    },
    "data": {
        "n_samples": 52428,
        "time": 76.609201669693,
        "repeated_worlds": 51111,
        "repeated_progs": 51763,
        "unique_progs": 665
    }
}