{
    "status": {
        "a_8": {
            "yes": 464,
            "no": 0,
            "undecided": 452,
            "unknown": 204,
            "pyes": 0.09418394770174564,
            "pno": 0.0,
            "pundecided": 0.8258703594569993,
            "punknown": 0.0693260422604056,
            "time": 9.076760530471802,
            "percY": 243265.92,
            "percN": 0.0,
            "percU": 236974.56,
            "percUNK": 106953.12,
            "l": 0.09418394770174564,
            "u": 1.0
        },
        "~a_9": {
            "yes": 67,
            "no": 64,
            "undecided": 987,
            "unknown": 2,
            "pyes": 0.009421234562643344,
            "pno": 0.0029428086491987493,
            "pundecided": 0.9769550342506058,
            "punknown": 6.12719567026782e-05,
            "time": 9.081149578094482,
            "percY": 35126.76,
            "percN": 33553.92,
            "percU": 517464.36,
            "percUNK": 1048.56,
            "l": 0.009421234562643344,
            "u": 0.9970571913508013
        },
        "a_9": {
            "yes": 64,
            "no": 67,
            "undecided": 987,
            "unknown": 2,
            "pyes": 0.0029428086491987493,
            "pno": 0.009421234562643344,
            "pundecided": 0.9769550342506058,
            "punknown": 6.12719567026782e-05,
            "time": 9.113592863082886,
            "percY": 33553.92,
            "percN": 35126.76,
            "percU": 517464.36,
            "percUNK": 1048.56,
            "l": 0.0029428086491987493,
            "u": 0.9905787654373567
        }
    },
    "data": {
        "n_samples": 52428,
        "time": 28.330315351486206,
        "repeated_worlds": 51308,
        "repeated_progs": 52190,
        "unique_progs": 238
    }
}