{
    "status": {
        "d_12": {
            "yes": 1023,
            "no": 0,
            "undecided": 5,
            "unknown": 178,
            "pyes": 0.9428986961547043,
            "pno": 0.0,
            "pundecided": 0.00019591564047933248,
            "punknown": 0.04606787876542358,
            "time": 19.969420671463013,
            "percY": 536338.44,
            "percN": 0.0,
            "percU": 2621.4,
            "percUNK": 93321.84,
            "l": 0.9428986961547043,
            "u": 1.0,
            "flag": "INTEREST"
        },
        "a_5": {
            "yes": 384,
            "no": 0,
            "undecided": 818,
            "unknown": 4,
            "pyes": 0.1401782321807132,
            "pno": 0.0,
            "pundecided": 0.8489096942583012,
            "punknown": 7.456412159311225e-05,
            "time": 20.016939878463745,
            "percY": 201323.52,
            "percN": 0.0,
            "percU": 428861.04,
            "percUNK": 2097.12,
            "l": 0.1401782321807132,
            "u": 1.0
        },
        "~a_8": {
            "yes": 95,
            "no": 161,
            "undecided": 843,
            "unknown": 107,
            "pyes": 0.016692874058521826,
            "pno": 0.06030283147876165,
            "pundecided": 0.9035927426518489,
            "punknown": 0.008574042371475292,
            "time": 20.08375334739685,
            "percY": 49806.6,
            "percN": 84409.08,
            "percU": 441968.04,
            "percUNK": 56097.96,
            "l": 0.016692874058521826,
            "u": 0.9396971685212383
        }
    },
    "data": {
        "n_samples": 52428,
        "time": 61.63878393173218,
        "repeated_worlds": 51222,
        "repeated_progs": 51900,
        "unique_progs": 528
    }
}