{
    "status": {
        "~d_11": {
            "yes": 324,
            "no": 0,
            "undecided": 438,
            "unknown": 155,
            "pyes": 0.15407117119027536,
            "pno": 0.0,
            "pundecided": 0.7962833553724502,
            "punknown": 0.042125846848268374,
            "time": 19.969871044158936,
            "percY": 169866.72,
            "percN": 0.0,
            "percU": 229634.64,
            "percUNK": 81263.4,
            "l": 0.15407117119027536,
            "u": 1.0
        },
        "a_7": {
            "yes": 0,
            "no": 0,
            "undecided": 916,
            "unknown": 1,
            "pyes": 0.0,
            "pno": 0.0,
            "pundecided": 0.99245857369578,
            "punknown": 2.1799715213915716e-05,
            "time": 20.08516025543213,
            "percY": 0.0,
            "percN": 0.0,
            "percU": 480240.48,
            "percUNK": 524.28,
            "l": 0.0,
            "u": 1.0
        }
    },
    "data": {
        "n_samples": 52428,
        "time": 41.39417266845703,
        "repeated_worlds": 51511,
        "repeated_progs": 51896,
        "unique_progs": 532
    }
}