{
    "status": {
        "~a_3": {
            "yes": 225,
            "no": 0,
            "undecided": 238,
            "unknown": 698,
            "pyes": 0.06362431006037197,
            "pno": 0.0,
            "pundecided": 0.14616955757521585,
            "punknown": 0.7798431805886746,
            "time": 35.327171087265015,
            "percY": 117963.0,
            "percN": 0.0,
            "percU": 124778.64,
            "percUNK": 365947.44,
            "l": 0.06362431006037197,
            "u": 1.0
        },
        "~a_6": {
            "yes": 330,
            "no": 0,
            "undecided": 114,
            "unknown": 717,
            "pyes": 0.07247386748430089,
            "pno": 0.0,
            "pundecided": 0.0095991348108758,
            "punknown": 0.9075640459290855,
            "time": 35.342167377471924,
            "percY": 173012.4,
            "percN": 0.0,
            "percU": 59767.92,
            "percUNK": 375908.76,
            "l": 0.07247386748430089,
            "u": 1.0
        },
        "a_9": {
            "yes": 210,
            "no": 316,
            "undecided": 630,
            "unknown": 5,
            "pyes": 0.045918604411846926,
            "pno": 0.6407600005009817,
            "pundecided": 0.3029066775668281,
            "punknown": 5.176574460535068e-05,
            "time": 35.430503845214844,
            "percY": 110098.8,
            "percN": 165672.48,
            "percU": 330296.4,
            "percUNK": 2621.4,
            "l": 0.045918604411846926,
            "u": 0.3592399994990183,
            "flag": "INTEREST"
        }
    },
    "data": {
        "n_samples": 52428,
        "time": 108.18617010116577,
        "repeated_worlds": 51267,
        "repeated_progs": 51496,
        "unique_progs": 932
    }
}