{
    "status": {
        "~d_9": {
            "yes": 429,
            "no": 0,
            "undecided": 615,
            "unknown": 1,
            "pyes": 0.16903000727850956,
            "pno": 0.0,
            "pundecided": 0.8222054984686841,
            "punknown": 0.00014440524068142519,
            "time": 20.9171359539032,
            "percY": 224916.12,
            "percN": 0.0,
            "percU": 322432.2,
            "percUNK": 524.28,
            "l": 0.16903000727850956,
            "u": 1.0
        },
        "a_7": {
            "yes": 46,
            "no": 99,
            "undecided": 777,
            "unknown": 123,
            "pyes": 0.003516452567049541,
            "pno": 0.019273483412421185,
            "pundecided": 0.896342377594614,
            "punknown": 0.0722475974137906,
            "time": 20.972704887390137,
            "percY": 24116.88,
            "percN": 51903.72,
            "percU": 407365.56,
            "percUNK": 64486.44,
            "l": 0.003516452567049541,
            "u": 0.9807265165875788
        },
        "a_8": {
            "yes": 286,
            "no": 115,
            "undecided": 642,
            "unknown": 2,
            "pyes": 0.15809800680481517,
            "pno": 0.08219898122093228,
            "pundecided": 0.7509242358844559,
            "punknown": 0.00015868707767189582,
            "time": 20.954540014266968,
            "percY": 149944.08,
            "percN": 60292.2,
            "percU": 336587.76,
            "percUNK": 1048.56,
            "l": 0.15809800680481517,
            "u": 0.9178010187790677
        }
    },
    "data": {
        "n_samples": 52428,
        "time": 64.34759855270386,
        "repeated_worlds": 51383,
        "repeated_progs": 51879,
        "unique_progs": 549
    }
}