{
    "status": {
        "a_0": {
            "yes": 521,
            "no": 0,
            "undecided": 373,
            "unknown": 650,
            "pyes": 0.1052665848939406,
            "pno": 0.0,
            "pundecided": 0.11116230986406564,
            "punknown": 0.770712799787452,
            "time": 32.247581243515015,
            "percY": 273149.88,
            "percN": 0.0,
            "percU": 195556.44,
            "percUNK": 340782.0,
            "l": 0.1052665848939406,
            "u": 1.0
        },
        "a_8": {
            "yes": 265,
            "no": 119,
            "undecided": 1159,
            "unknown": 1,
            "pyes": 0.05112778562869156,
            "pno": 0.010079422152101013,
            "pundecided": 0.9259242440364014,
            "punknown": 1.0242728264094596e-05,
            "time": 32.452296018600464,
            "percY": 138934.2,
            "percN": 62389.32,
            "percU": 607640.52,
            "percUNK": 524.28,
            "l": 0.05112778562869156,
            "u": 0.989920577847899
        }
    },
    "data": {
        "n_samples": 52428,
        "time": 66.96499633789062,
        "repeated_worlds": 50884,
        "repeated_progs": 51571,
        "unique_progs": 857
    }
}