{
    "status": {
        "a_1": {
            "yes": 690,
            "no": 0,
            "undecided": 0,
            "unknown": 162,
            "pyes": 0.9677883221002672,
            "pno": 0.0,
            "pundecided": 0.0,
            "punknown": 0.024855640152448365,
            "time": 20.340450048446655,
            "percY": 361753.2,
            "percN": 0.0,
            "percU": 0.0,
            "percUNK": 84933.36,
            "l": 0.9677883221002672,
            "u": 1.0,
            "flag": "INTEREST"
        },
        "a_7": {
            "yes": 31,
            "no": 6,
            "undecided": 815,
            "unknown": 0,
            "pyes": 0.0014240448662655935,
            "pno": 0.005108946997578907,
            "pundecided": 0.9861109703888713,
            "punknown": 0.0,
            "time": 20.212742805480957,
            "percY": 16252.68,
            "percN": 3145.68,
            "percU": 427288.2,
            "percUNK": 0.0,
            "l": 0.0014240448662655935,
            "u": 0.9948910530024211
        },
        "a_8": {
            "yes": 49,
            "no": 18,
            "undecided": 785,
            "unknown": 0,
            "pyes": 0.008497150431270108,
            "pno": 0.000494823288366456,
            "pundecided": 0.9836519885330794,
            "punknown": 0.0,
            "time": 20.244139909744263,
            "percY": 25689.72,
            "percN": 9437.04,
            "percU": 411559.8,
            "percUNK": 0.0,
            "l": 0.008497150431270108,
            "u": 0.9995051767116335
        }
    },
    "data": {
        "n_samples": 52428,
        "time": 62.093923807144165,
        "repeated_worlds": 51576,
        "repeated_progs": 51891,
        "unique_progs": 537
    }
}