{
    "status": {
        "d_21": {
            "yes": 277,
            "no": 0,
            "undecided": 90,
            "unknown": 327,
            "pyes": 0.10667858164211054,
            "pno": 0.0,
            "pundecided": 0.02694323385495928,
            "punknown": 0.8609491177103703,
            "time": 19.185870885849,
            "percY": 145225.56,
            "percN": 0.0,
            "percU": 47185.2,
            "percUNK": 171439.56,
            "l": 0.10667858164211054,
            "u": 1.0
        },
        "a_5": {
            "yes": 459,
            "no": 0,
            "undecided": 169,
            "unknown": 66,
            "pyes": 0.8962818352376276,
            "pno": 0.0,
            "pundecided": 0.06765976239941551,
            "punknown": 0.030629335570397393,
            "time": 19.166053771972656,
            "percY": 240644.52,
            "percN": 0.0,
            "percU": 88603.32,
            "percUNK": 34602.48,
            "l": 0.8962818352376276,
            "u": 1.0,
            "flag": "INTEREST"
        },
        "a_10": {
            "yes": 38,
            "no": 570,
            "undecided": 81,
            "unknown": 5,
            "pyes": 0.05532391383009603,
            "pno": 0.930846733833147,
            "pundecided": 0.008258497776180191,
            "punknown": 0.00014178776801807214,
            "time": 19.243048429489136,
            "percY": 19922.64,
            "percN": 298839.6,
            "percU": 42466.68,
            "percUNK": 2621.4,
            "l": 0.05532391383009603,
            "u": 0.06915326616685302,
            "flag": "INTEREST"
        }
    },
    "data": {
        "n_samples": 52428,
        "time": 58.748347759246826,
        "repeated_worlds": 51734,
        "repeated_progs": 51923,
        "unique_progs": 505
    }
}