{
    "status": {
        "~d_14": {
            "yes": 134,
            "no": 0,
            "undecided": 607,
            "unknown": 114,
            "pyes": 0.021195193172812744,
            "pno": 0.0,
            "pundecided": 0.9529642123066213,
            "punknown": 0.01860336605921199,
            "time": 8.808957815170288,
            "percY": 70253.52,
            "percN": 0.0,
            "percU": 318237.96,
            "percUNK": 59767.92,
            "l": 0.021195193172812744,
            "u": 1.0
        },
        "~a_7": {
            "yes": 32,
            "no": 10,
            "undecided": 783,
            "unknown": 30,
            "pyes": 0.0021459497623897467,
            "pno": 0.0002821079678745288,
            "pundecided": 0.9889141439933734,
            "punknown": 0.0014205698150080953,
            "time": 8.767148494720459,
            "percY": 16776.96,
            "percN": 5242.8,
            "percU": 410511.24,
            "percUNK": 15728.4,
            "l": 0.0021459497623897467,
            "u": 0.9997178920321255
        },
        "~a_8": {
            "yes": 84,
            "no": 2,
            "undecided": 201,
            "unknown": 568,
            "pyes": 0.018214342698796675,
            "pno": 5.843805659864243e-06,
            "pundecided": 0.029586313959295098,
            "punknown": 0.9449562710748941,
            "time": 8.75043272972107,
            "percY": 44039.52,
            "percN": 1048.56,
            "percU": 105380.28,
            "percUNK": 297791.04,
            "l": 0.018214342698796675,
            "u": 0.9999941561943402
        }
    },
    "data": {
        "n_samples": 52428,
        "time": 27.266319751739502,
        "repeated_worlds": 51573,
        "repeated_progs": 52194,
        "unique_progs": 234
    }
}