{
    "status": {
        "~d_46": {
            "yes": 347,
            "no": 0,
            "undecided": 1234,
            "unknown": 0,
            "pyes": 0.11648330746011942,
            "pno": 0.0,
            "pundecided": 0.8692247246556667,
            "punknown": 0.0,
            "time": 41.511234521865845,
            "percY": 181925.16,
            "percN": 0.0,
            "percU": 646961.52,
            "percUNK": 0.0,
            "l": 0.11648330746011942,
            "u": 1.0
        },
        "a_17": {
            "yes": 685,
            "no": 82,
            "undecided": 814,
            "unknown": 0,
            "pyes": 0.1535629555395565,
            "pno": 0.00821738905039375,
            "pundecided": 0.8239276875258356,
            "punknown": 0.0,
            "time": 45.53761649131775,
            "percY": 359131.8,
            "percN": 42990.96,
            "percU": 426763.92,
            "percUNK": 0.0,
            "l": 0.1535629555395565,
            "u": 0.9917826109496063
        },
        "~a_15": {
            "yes": 201,
            "no": 0,
            "undecided": 1380,
            "unknown": 0,
            "pyes": 0.03473077084854609,
            "pno": 0.0,
            "pundecided": 0.9509772612672396,
            "punknown": 0.0,
            "time": 58.508599042892456,
            "percY": 105380.28,
            "percN": 0.0,
            "percU": 723506.4,
            "percUNK": 0.0,
            "l": 0.03473077084854609,
            "u": 1.0
        }
    },
    "data": {
        "n_samples": 52428,
        "time": 148.33139181137085,
        "repeated_worlds": 50847,
        "repeated_progs": 51171,
        "unique_progs": 1257
    }
}