{
    "status": {
        "a_4": {
            "yes": 915,
            "no": 0,
            "undecided": 0,
            "unknown": 0,
            "pyes": 0.9915616888312074,
            "pno": 0.0,
            "pundecided": 0.0,
            "punknown": 0.0,
            "time": 23.237241744995117,
            "percY": 479716.2,
            "percN": 0.0,
            "percU": 0.0,
            "percUNK": 0.0,
            "l": 0.9915616888312074,
            "u": 1.0,
            "flag": "INTEREST"
        },
        "a_15": {
            "yes": 149,
            "no": 321,
            "undecided": 445,
            "unknown": 0,
            "pyes": 0.01367278298472398,
            "pno": 0.761993509864183,
            "pundecided": 0.21589539598230048,
            "punknown": 0.0,
            "time": 34.59957695007324,
            "percY": 78117.72,
            "percN": 168293.88,
            "percU": 233304.6,
            "percUNK": 0.0,
            "l": 0.01367278298472398,
            "u": 0.23800649013581698,
            "flag": "INTEREST"
        },
        "a_16": {
            "yes": 440,
            "no": 374,
            "undecided": 101,
            "unknown": 0,
            "pyes": 0.105041774020844,
            "pno": 0.8508375888296711,
            "pundecided": 0.035682325980691904,
            "punknown": 0.0,
            "time": 27.507455348968506,
            "percY": 230683.2,
            "percN": 196080.72,
            "percU": 52952.28,
            "percUNK": 0.0,
            "l": 0.105041774020844,
            "u": 0.1491624111703289,
            "flag": "INTEREST"
        }
    },
    "data": {
        "n_samples": 52428,
        "time": 86.81770515441895,
        "repeated_worlds": 51513,
        "repeated_progs": 51633,
        "unique_progs": 795
    }
}