{
    "status": {
        "d_37": {
            "yes": 988,
            "no": 0,
            "undecided": 0,
            "unknown": 0,
            "pyes": 0.9914321726880236,
            "pno": 0.0,
            "pundecided": 0.0,
            "punknown": 0.0,
            "time": 27.439956188201904,
            "percY": 517988.64,
            "percN": 0.0,
            "percU": 0.0,
            "percUNK": 0.0,
            "l": 0.9914321726880236,
            "u": 1.0,
            "flag": "INTEREST"
        },
        "a_15": {
            "yes": 85,
            "no": 0,
            "undecided": 263,
            "unknown": 640,
            "pyes": 0.01170834690233593,
            "pno": 0.0,
            "pundecided": 0.07994468299973034,
            "punknown": 0.8997791427859575,
            "time": 27.474809169769287,
            "percY": 44563.8,
            "percN": 0.0,
            "percU": 137885.64,
            "percUNK": 335539.2,
            "l": 0.01170834690233593,
            "u": 1.0
        },
        "a_17": {
            "yes": 762,
            "no": 11,
            "undecided": 215,
            "unknown": 0,
            "pyes": 0.9261053499846462,
            "pno": 0.00012326890316449886,
            "pundecided": 0.06520355380021282,
            "punknown": 0.0,
            "time": 31.51622176170349,
            "percY": 399501.36,
            "percN": 5767.08,
            "percU": 112720.2,
            "percUNK": 0.0,
            "l": 0.9261053499846462,
            "u": 0.9998767310968355,
            "flag": "INTEREST"
        }
    },
    "data": {
        "n_samples": 52428,
        "time": 88.16069459915161,
        "repeated_worlds": 51440,
        "repeated_progs": 51502,
        "unique_progs": 926
    }
}