{
    "status": {
        "d_24": {
            "yes": 3072,
            "no": 0,
            "undecided": 768,
            "unknown": 256,
            "pyes": 0.9592814445399996,
            "pno": 0.0,
            "pundecided": 0.0385893629352,
            "punknown": 0.0021291925248,
            "time": 132.00985383987427,
            "percY": 125829.12,
            "percN": 0.0,
            "percU": 31457.28,
            "percUNK": 10485.76,
            "l": 0.9592814445399996,
            "u": 1.0,
            "flag": "INTEREST"
        },
        "a_17": {
            "yes": 432,
            "no": 96,
            "undecided": 3568,
            "unknown": 0,
            "pyes": 0.004792325462610431,
            "pno": 0.0008147816990475265,
            "pundecided": 0.9943928928383422,
            "punknown": 0.0,
            "time": 155.28514504432678,
            "percY": 17694.72,
            "percN": 3932.16,
            "percU": 146145.28,
            "percUNK": 0.0,
            "l": 0.004792325462610431,
            "u": 0.9991852183009525
        },
        "a_19": {
            "yes": 32,
            "no": 944,
            "undecided": 3120,
            "unknown": 0,
            "pyes": 0.0010343004442376603,
            "pno": 0.02002158063990454,
            "pundecided": 0.9789441189158581,
            "punknown": 0.0,
            "time": 147.25218105316162,
            "percY": 1310.72,
            "percN": 38666.24,
            "percU": 127795.2,
            "percUNK": 0.0,
            "l": 0.0010343004442376603,
            "u": 0.9799784193600954
        }
    },
    "data": {
        "n_samples": 4096,
        "time": 441.55119276046753,
        "repeated_worlds": 0,
        "repeated_progs": 224,
        "unique_progs": 3872
    }
}