{
    "status": {
        "a_16": {
            "yes": 4096,
            "no": 0,
            "undecided": 0,
            "unknown": 0,
            "pyes": 0.9999999999999982,
            "pno": 0.0,
            "pundecided": 0.0,
            "punknown": 0.0,
            "time": 122.82512021064758,
            "percY": 167772.16,
            "percN": 0.0,
            "percU": 0.0,
            "percUNK": 0.0,
            "l": 0.9999999999999982,
            "u": 1.0,
            "flag": "INTEREST"
        },
        "a_15": {
            "yes": 1472,
            "no": 256,
            "undecided": 2368,
            "unknown": 0,
            "pyes": 0.047869379505832636,
            "pno": 0.13418608082796735,
            "pundecided": 0.8179445396661978,
            "punknown": 0.0,
            "time": 160.89370226860046,
            "percY": 60293.12,
            "percN": 10485.76,
            "percU": 96993.28,
            "percUNK": 0.0,
            "l": 0.047869379505832636,
            "u": 0.8658139191720327
        },
        "a_19": {
            "yes": 1896,
            "no": 0,
            "undecided": 2200,
            "unknown": 0,
            "pyes": 0.8933101423667964,
            "pno": 0.0,
            "pundecided": 0.10668985763320185,
            "punknown": 0.0,
            "time": 131.59000945091248,
            "percY": 77660.16,
            "percN": 0.0,
            "percU": 90112.0,
            "percUNK": 0.0,
            "l": 0.8933101423667964,
            "u": 1.0,
            "flag": "INTEREST"
        }
    },
    "data": {
        "n_samples": 4096,
        "time": 421.8231256008148,
        "repeated_worlds": 0,
        "repeated_progs": 636,
        "unique_progs": 3460
    }
}