{
    "status": {
        "d_50": {
            "yes": 4096,
            "no": 0,
            "undecided": 0,
            "unknown": 0,
            "pyes": 1.0000000000000009,
            "pno": 0.0,
            "pundecided": 0.0,
            "punknown": 0.0,
            "time": 132.1442527770996,
            "percY": 167772.16,
            "percN": 0.0,
            "percU": 0.0,
            "percUNK": 0.0,
            "l": 1.0000000000000009,
            "u": 1.0,
            "flag": "INTEREST"
        },
        "a_12": {
            "yes": 1024,
            "no": 0,
            "undecided": 3072,
            "unknown": 0,
            "pyes": 0.004063884576000001,
            "pno": 0.0,
            "pundecided": 0.9959361154240008,
            "punknown": 0.0,
            "time": 132.19908905029297,
            "percY": 41943.04,
            "percN": 0.0,
            "percU": 125829.12,
            "percUNK": 0.0,
            "l": 0.004063884576000001,
            "u": 1.0
        },
        "~a_18": {
            "yes": 3200,
            "no": 0,
            "undecided": 896,
            "unknown": 0,
            "pyes": 0.9199705433472519,
            "pno": 0.0,
            "pundecided": 0.08002945665274873,
            "punknown": 0.0,
            "time": 144.40575504302979,
            "percY": 131072.0,
            "percN": 0.0,
            "percU": 36700.16,
            "percUNK": 0.0,
            "l": 0.9199705433472519,
            "u": 1.0,
            "flag": "INTEREST"
        }
    },
    "data": {
        "n_samples": 4096,
        "time": 415.2380151748657,
        "repeated_worlds": 0,
        "repeated_progs": 364,
        "unique_progs": 3732
    }
}