{
    "status": {
        "d_61": {
            "yes": 4096,
            "no": 0,
            "undecided": 0,
            "unknown": 0,
            "pyes": 1.0000000000000007,
            "pno": 0.0,
            "pundecided": 0.0,
            "punknown": 0.0,
            "time": 126.90131092071533,
            "percY": 167772.16,
            "percN": 0.0,
            "percU": 0.0,
            "percUNK": 0.0,
            "l": 1.0000000000000007,
            "u": 1.0,
            "flag": "INTEREST"
        },
        "a_18": {
            "yes": 1696,
            "no": 224,
            "undecided": 2176,
            "unknown": 0,
            "pyes": 0.14009714616413377,
            "pno": 0.0088999304818305,
            "pundecided": 0.851002923354037,
            "punknown": 0.0,
            "time": 152.72005772590637,
            "percY": 69468.16,
            "percN": 9175.04,
            "percU": 89128.96,
            "percUNK": 0.0,
            "l": 0.14009714616413377,
            "u": 0.9911000695181695
        },
        "a_16": {
            "yes": 0,
            "no": 4096,
            "undecided": 0,
            "unknown": 0,
            "pyes": 0.0,
            "pno": 1.0000000000000007,
            "pundecided": 0.0,
            "punknown": 0.0,
            "time": 152.5147852897644,
            "percY": 0.0,
            "percN": 167772.16,
            "percU": 0.0,
            "percUNK": 0.0,
            "l": 0.0,
            "u": -6.661338147750939e-16,
            "flag": "INTEREST"
        }
    },
    "data": {
        "n_samples": 4096,
        "time": 438.4645097255707,
        "repeated_worlds": 0,
        "repeated_progs": 464,
        "unique_progs": 3632
    }
}