{
    "status": {
        "d_72": {
            "yes": 4096,
            "no": 0,
            "undecided": 0,
            "unknown": 0,
            "pyes": 0.9999999999999988,
            "pno": 0.0,
            "pundecided": 0.0,
            "punknown": 0.0,
            "time": 128.28443717956543,
            "percY": 167772.16,
            "percN": 0.0,
            "percU": 0.0,
            "percUNK": 0.0,
            "l": 0.9999999999999988,
            "u": 1.0,
            "flag": "INTEREST"
        },
        "a_13": {
            "yes": 1024,
            "no": 0,
            "undecided": 3072,
            "unknown": 0,
            "pyes": 0.08820000000000006,
            "pno": 0.0,
            "pundecided": 0.9117999999999991,
            "punknown": 0.0,
            "time": 128.79224014282227,
            "percY": 41943.04,
            "percN": 0.0,
            "percU": 125829.12,
            "percUNK": 0.0,
            "l": 0.08820000000000006,
            "u": 1.0
        },
        "a_18": {
            "yes": 790,
            "no": 0,
            "undecided": 3306,
            "unknown": 0,
            "pyes": 0.0827057004599872,
            "pno": 0.0,
            "pundecided": 0.9172942995400107,
            "punknown": 0.0,
            "time": 149.97592425346375,
            "percY": 32358.4,
            "percN": 0.0,
            "percU": 135413.76,
            "percUNK": 0.0,
            "l": 0.0827057004599872,
            "u": 1.0
        }
    },
    "data": {
        "n_samples": 4096,
        "time": 413.6215238571167,
        "repeated_worlds": 0,
        "repeated_progs": 360,
        "unique_progs": 3736
    }
}