{
    "status": {
        "d_34": {
            "yes": 3072,
            "no": 0,
            "undecided": 512,
            "unknown": 512,
            "pyes": 0.20477052860000006,
            "pno": 0.0,
            "pundecided": 0.12081218576962083,
            "punknown": 0.6744172856303795,
            "time": 137.54163479804993,
            "percY": 125829.12,
            "percN": 0.0,
            "percU": 20971.52,
            "percUNK": 20971.52,
            "l": 0.20477052860000006,
            "u": 1.0
        },
        "a_10": {
            "yes": 4096,
            "no": 0,
            "undecided": 0,
            "unknown": 0,
            "pyes": 1.0000000000000002,
            "pno": 0.0,
            "pundecided": 0.0,
            "punknown": 0.0,
            "time": 137.8950388431549,
            "percY": 167772.16,
            "percN": 0.0,
            "percU": 0.0,
            "percUNK": 0.0,
            "l": 1.0000000000000002,
            "u": 1.0,
            "flag": "INTEREST"
        },
        "a_18": {
            "yes": 3028,
            "no": 580,
            "undecided": 488,
            "unknown": 0,
            "pyes": 0.9943862422162734,
            "pno": 0.0023179153680711324,
            "pundecided": 0.0032958424156558125,
            "punknown": 0.0,
            "time": 211.51540637016296,
            "percY": 124026.88,
            "percN": 23756.8,
            "percU": 19988.48,
            "percUNK": 0.0,
            "l": 0.9943862422162734,
            "u": 0.9976820846319289,
            "flag": "INTEREST"
        }
    },
    "data": {
        "n_samples": 4096,
        "time": 493.6930115222931,
        "repeated_worlds": 0,
        "repeated_progs": 184,
        "unique_progs": 3912
    }
}