{
    "status": {
        "d_41": {
            "yes": 4096,
            "no": 0,
            "undecided": 0,
            "unknown": 0,
            "pyes": 1.0000000000000016,
            "pno": 0.0,
            "pundecided": 0.0,
            "punknown": 0.0,
            "time": 116.6464033126831,
            "percY": 167772.16,
            "percN": 0.0,
            "percU": 0.0,
            "percUNK": 0.0,
            "l": 1.0000000000000016,
            "u": 1.0,
            "flag": "INTEREST"
        },
        "a_18": {
            "yes": 1364,
            "no": 852,
            "undecided": 1880,
            "unknown": 0,
            "pyes": 0.16648595050196371,
            "pno": 0.0028809617873132545,
            "pundecided": 0.8306330877107231,
            "punknown": 0.0,
            "time": 132.49632334709167,
            "percY": 55869.44,
            "percN": 34897.92,
            "percU": 77004.8,
            "percUNK": 0.0,
            "l": 0.16648595050196371,
            "u": 0.9971190382126868
        },
        "~a_17": {
            "yes": 32,
            "no": 992,
            "undecided": 3072,
            "unknown": 0,
            "pyes": 1.403454868606157e-06,
            "pno": 0.0127455748743858,
            "pundecided": 0.9872530216707468,
            "punknown": 0.0,
            "time": 126.76665353775024,
            "percY": 1310.72,
            "percN": 40632.32,
            "percU": 125829.12,
            "percUNK": 0.0,
            "l": 1.403454868606157e-06,
            "u": 0.9872544251256142
        }
    },
    "data": {
        "n_samples": 4096,
        "time": 382.35187458992004,
        "repeated_worlds": 0,
        "repeated_progs": 710,
        "unique_progs": 3386
    }
}