{
    "status": {
        "~d_26": {
            "yes": 4096,
            "no": 0,
            "undecided": 0,
            "unknown": 0,
            "pyes": 0.9999999999999982,
            "pno": 0.0,
            "pundecided": 0.0,
            "punknown": 0.0,
            "time": 119.35082292556763,
            "percY": 167772.16,
            "percN": 0.0,
            "percU": 0.0,
            "percUNK": 0.0,
            "l": 0.9999999999999982,
            "u": 1.0,
            "flag": "INTEREST"
        },
        "a_15": {
            "yes": 2284,
            "no": 0,
            "undecided": 1812,
            "unknown": 0,
            "pyes": 0.20001396487054268,
            "pno": 0.0,
            "pundecided": 0.7999860351294563,
            "punknown": 0.0,
            "time": 154.91118359565735,
            "percY": 93552.64,
            "percN": 0.0,
            "percU": 74219.52,
            "percUNK": 0.0,
            "l": 0.20001396487054268,
            "u": 1.0
        },
        "a_18": {
            "yes": 2136,
            "no": 1224,
            "undecided": 736,
            "unknown": 0,
            "pyes": 0.1979126817602043,
            "pno": 0.7259612624035171,
            "pundecided": 0.07612605583627775,
            "punknown": 0.0,
            "time": 155.7536814212799,
            "percY": 87490.56,
            "percN": 50135.04,
            "percU": 30146.56,
            "percUNK": 0.0,
            "l": 0.1979126817602043,
            "u": 0.2740387375964829,
            "flag": "INTEREST"
        }
    },
    "data": {
        "n_samples": 4096,
        "time": 436.46036553382874,
        "repeated_worlds": 0,
        "repeated_progs": 684,
        "unique_progs": 3412
    }
}