{
    "status": {
        "d_63": {
            "yes": 4096,
            "no": 0,
            "undecided": 0,
            "unknown": 0,
            "pyes": 1.0000000000000004,
            "pno": 0.0,
            "pundecided": 0.0,
            "punknown": 0.0,
            "time": 140.7248020172119,
            "percY": 167772.16,
            "percN": 0.0,
            "percU": 0.0,
            "percUNK": 0.0,
            "l": 1.0000000000000004,
            "u": 1.0,
            "flag": "INTEREST"
        },
        "a_17": {
            "yes": 1480,
            "no": 2496,
            "undecided": 120,
            "unknown": 0,
            "pyes": 0.9051421065794505,
            "pno": 0.09166264839356168,
            "pundecided": 0.0031952450269879707,
            "punknown": 0.0,
            "time": 238.88283371925354,
            "percY": 60620.8,
            "percN": 102236.16,
            "percU": 4915.2,
            "percUNK": 0.0,
            "l": 0.9051421065794505,
            "u": 0.9083373516064384,
            "flag": "INTEREST"
        }
    },
    "data": {
        "n_samples": 4096,
        "time": 624.949254989624,
        "repeated_worlds": 0,
        "repeated_progs": 64,
        "unique_progs": 4032
    }
}