{
    "status": {
        "~a_1": {
            "yes": 4096,
            "no": 0,
            "undecided": 0,
            "unknown": 0,
            "pyes": 1.0000000000000007,
            "pno": 0.0,
            "pundecided": 0.0,
            "punknown": 0.0,
            "time": 139.762859582901,
            "percY": 167772.16,
            "percN": 0.0,
            "percU": 0.0,
            "percUNK": 0.0,
            "l": 1.0000000000000007,
            "u": 1.0,
            "flag": "INTEREST"
        },
        "a_21": {
            "yes": 800,
            "no": 32,
            "undecided": 3264,
            "unknown": 0,
            "pyes": 0.07865835036418589,
            "pno": 0.0003240807998423039,
            "pundecided": 0.9210175688359715,
            "punknown": 0.0,
            "time": 166.24305653572083,
            "percY": 32768.0,
            "percN": 1310.72,
            "percU": 133693.44,
            "percUNK": 0.0,
            "l": 0.07865835036418589,
            "u": 0.9996759192001577
        },
        "a_18": {
            "yes": 96,
            "no": 160,
            "undecided": 3840,
            "unknown": 0,
            "pyes": 0.06828709232482395,
            "pno": 0.6989796552925536,
            "pundecided": 0.23273325238262255,
            "punknown": 0.0,
            "time": 143.7928171157837,
            "percY": 3932.16,
            "percN": 6553.6,
            "percU": 157286.4,
            "percUNK": 0.0,
            "l": 0.06828709232482395,
            "u": 0.30102034470744643,
            "flag": "INTEREST"
        }
    },
    "data": {
        "n_samples": 4096,
        "time": 456.8070216178894,
        "repeated_worlds": 0,
        "repeated_progs": 128,
        "unique_progs": 3968
    }
}