{
    "status": {
        "~d_21": {
            "yes": 4096,
            "no": 0,
            "undecided": 0,
            "unknown": 0,
            "pyes": 1.000000000000005,
            "pno": 0.0,
            "pundecided": 0.0,
            "punknown": 0.0,
            "time": 123.39273977279663,
            "percY": 167772.16,
            "percN": 0.0,
            "percU": 0.0,
            "percUNK": 0.0,
            "l": 1.000000000000005,
            "u": 1.0,
            "flag": "INTEREST"
        },
        "a_17": {
            "yes": 1600,
            "no": 320,
            "undecided": 2176,
            "unknown": 0,
            "pyes": 0.07968475769029325,
            "pno": 0.002890903494007757,
            "pundecided": 0.9174243388157026,
            "punknown": 0.0,
            "time": 136.9267063140869,
            "percY": 65536.0,
            "percN": 13107.2,
            "percU": 89128.96,
            "percUNK": 0.0,
            "l": 0.07968475769029325,
            "u": 0.9971090965059922
        },
        "a_16": {
            "yes": 608,
            "no": 984,
            "undecided": 2504,
            "unknown": 0,
            "pyes": 0.010784497906039388,
            "pno": 0.07058421833227013,
            "pundecided": 0.9186312837616935,
            "punknown": 0.0,
            "time": 136.4121310710907,
            "percY": 24903.68,
            "percN": 40304.64,
            "percU": 102563.84,
            "percUNK": 0.0,
            "l": 0.010784497906039388,
            "u": 0.9294157816677299
        }
    },
    "data": {
        "n_samples": 4096,
        "time": 402.5124373435974,
        "repeated_worlds": 0,
        "repeated_progs": 512,
        "unique_progs": 3584
    }
}