{
    "status": {
        "~d_62": {
            "yes": 3072,
            "no": 0,
            "undecided": 1024,
            "unknown": 0,
            "pyes": 0.9736178777732792,
            "pno": 0.0,
            "pundecided": 0.026382122226719998,
            "punknown": 0.0,
            "time": 134.85166358947754,
            "percY": 125829.12,
            "percN": 0.0,
            "percU": 41943.04,
            "percUNK": 0.0,
            "l": 0.9736178777732792,
            "u": 1.0,
            "flag": "INTEREST"
        },
        "~a_12": {
            "yes": 2944,
            "no": 0,
            "undecided": 1152,
            "unknown": 0,
            "pyes": 0.9712565398298237,
            "pno": 0.0,
            "pundecided": 0.02874346017017506,
            "punknown": 0.0,
            "time": 138.10733366012573,
            "percY": 120586.24,
            "percN": 0.0,
            "percU": 47185.92,
            "percUNK": 0.0,
            "l": 0.9712565398298237,
            "u": 1.0,
            "flag": "INTEREST"
        },
        "a_18": {
            "yes": 768,
            "no": 0,
            "undecided": 3328,
            "unknown": 0,
            "pyes": 0.025350528960000018,
            "pno": 0.0,
            "pundecided": 0.9746494710399993,
            "punknown": 0.0,
            "time": 147.565678358078,
            "percY": 31457.28,
            "percN": 0.0,
            "percU": 136314.88,
            "percUNK": 0.0,
            "l": 0.025350528960000018,
            "u": 1.0
        }
    },
    "data": {
        "n_samples": 4096,
        "time": 427.1959173679352,
        "repeated_worlds": 0,
        "repeated_progs": 158,
        "unique_progs": 3938
    }
}