{
    "status": {
        "a_3": {
            "yes": 4096,
            "no": 0,
            "undecided": 0,
            "unknown": 0,
            "pyes": 1.000000000000001,
            "pno": 0.0,
            "pundecided": 0.0,
            "punknown": 0.0,
            "time": 130.59763765335083,
            "percY": 167772.16,
            "percN": 0.0,
            "percU": 0.0,
            "percUNK": 0.0,
            "l": 1.000000000000001,
            "u": 1.0,
            "flag": "INTEREST"
        },
        "a_17": {
            "yes": 2688,
            "no": 640,
            "undecided": 768,
            "unknown": 0,
            "pyes": 0.9180161164640438,
            "pno": 0.03345660962184206,
            "pundecided": 0.048527273914114,
            "punknown": 0.0,
            "time": 150.08932995796204,
            "percY": 110100.48,
            "percN": 26214.4,
            "percU": 31457.28,
            "percUNK": 0.0,
            "l": 0.9180161164640438,
            "u": 0.966543390378158,
            "flag": "INTEREST"
        },
        "a_18": {
            "yes": 576,
            "no": 416,
            "undecided": 3104,
            "unknown": 0,
            "pyes": 0.8140068887547441,
            "pno": 0.0718594745459763,
            "pundecided": 0.11413363669928009,
            "punknown": 0.0,
            "time": 135.66747450828552,
            "percY": 23592.96,
            "percN": 17039.36,
            "percU": 127139.84,
            "percUNK": 0.0,
            "l": 0.8140068887547441,
            "u": 0.9281405254540237,
            "flag": "INTEREST"
        }
    },
    "data": {
        "n_samples": 4096,
        "time": 422.8822510242462,
        "repeated_worlds": 0,
        "repeated_progs": 344,
        "unique_progs": 3752
    }
}