{
    "status": {
        "d_62": {
            "yes": 4096,
            "no": 0,
            "undecided": 0,
            "unknown": 0,
            "pyes": 0.9999999999999992,
            "pno": 0.0,
            "pundecided": 0.0,
            "punknown": 0.0,
            "time": 129.87309885025024,
            "percY": 167772.16,
            "percN": 0.0,
            "percU": 0.0,
            "percUNK": 0.0,
            "l": 0.9999999999999992,
            "u": 1.0,
            "flag": "INTEREST"
        },
        "a_17": {
            "yes": 928,
            "no": 0,
            "undecided": 3168,
            "unknown": 0,
            "pyes": 0.03877985002060976,
            "pno": 0.0,
            "pundecided": 0.9612201499793902,
            "punknown": 0.0,
            "time": 138.78513979911804,
            "percY": 38010.88,
            "percN": 0.0,
            "percU": 129761.28,
            "percUNK": 0.0,
            "l": 0.03877985002060976,
            "u": 1.0
        },
        "~a_16": {
            "yes": 1536,
            "no": 1792,
            "undecided": 768,
            "unknown": 0,
            "pyes": 0.15491500924746646,
            "pno": 0.841530177902448,
            "pundecided": 0.00355481285008464,
            "punknown": 0.0,
            "time": 211.90710520744324,
            "percY": 62914.56,
            "percN": 73400.32,
            "percU": 31457.28,
            "percUNK": 0.0,
            "l": 0.15491500924746646,
            "u": 0.158469822097552,
            "flag": "INTEREST"
        }
    },
    "data": {
        "n_samples": 4096,
        "time": 487.0245819091797,
        "repeated_worlds": 0,
        "repeated_progs": 348,
        "unique_progs": 3748
    }
}