{
    "status": {
        "~d_38": {
            "yes": 4096,
            "no": 0,
            "undecided": 0,
            "unknown": 0,
            "pyes": 1.0000000000000004,
            "pno": 0.0,
            "pundecided": 0.0,
            "punknown": 0.0,
            "time": 135.31765246391296,
            "percY": 167772.16,
            "percN": 0.0,
            "percU": 0.0,
            "percUNK": 0.0,
            "l": 1.0000000000000004,
            "u": 1.0,
            "flag": "INTEREST"
        },
        "~a_19": {
            "yes": 4096,
            "no": 0,
            "undecided": 0,
            "unknown": 0,
            "pyes": 1.0000000000000004,
            "pno": 0.0,
            "pundecided": 0.0,
            "punknown": 0.0,
            "time": 602.4569838047028,
            "percY": 167772.16,
            "percN": 0.0,
            "percU": 0.0,
            "percUNK": 0.0,
            "l": 1.0000000000000004,
            "u": 1.0,
            "flag": "INTEREST"
        },
        "~a_15": {
            "yes": 0,
            "no": 4096,
            "undecided": 0,
            "unknown": 0,
            "pyes": 0.0,
            "pno": 1.0000000000000004,
            "pundecided": 0.0,
            "punknown": 0.0,
            "time": 301.7760331630707,
            "percY": 0.0,
            "percN": 167772.16,
            "percU": 0.0,
            "percUNK": 0.0,
            "l": 0.0,
            "u": -4.440892098500626e-16,
            "flag": "INTEREST"
        }
    },
    "data": {
        "n_samples": 4096,
        "time": 1046.5531458854675,
        "repeated_worlds": 0,
        "repeated_progs": 215,
        "unique_progs": 3881
    }
}