{
    "status": {
        "d_55": {
            "yes": 4096,
            "no": 0,
            "undecided": 0,
            "unknown": 0,
            "pyes": 1.0000000000000013,
            "pno": 0.0,
            "pundecided": 0.0,
            "punknown": 0.0,
            "time": 141.8433985710144,
            "percY": 167772.16,
            "percN": 0.0,
            "percU": 0.0,
            "percUNK": 0.0,
            "l": 1.0000000000000013,
            "u": 1.0,
            "flag": "INTEREST"
        },
        "a_15": {
            "yes": 1792,
            "no": 2048,
            "undecided": 256,
            "unknown": 0,
            "pyes": 0.7467554955200002,
            "pno": 0.2455462644799993,
            "pundecided": 0.00769824,
            "punknown": 0.0,
            "time": 270.30118775367737,
            "percY": 73400.32,
            "percN": 83886.08,
            "percU": 10485.76,
            "percUNK": 0.0,
            "l": 0.7467554955200002,
            "u": 0.7544537355200007,
            "flag": "INTEREST"
        },
        "~a_18": {
            "yes": 0,
            "no": 2964,
            "undecided": 1132,
            "unknown": 0,
            "pyes": 0.0,
            "pno": 0.9406397605458906,
            "pundecided": 0.05936023945411149,
            "punknown": 0.0,
            "time": 172.49002051353455,
            "percY": 0.0,
            "percN": 121405.44,
            "percU": 46366.72,
            "percUNK": 0.0,
            "l": 0.0,
            "u": 0.0593602394541094,
            "flag": "INTEREST"
        }
    },
    "data": {
        "n_samples": 4096,
        "time": 591.9829225540161,
        "repeated_worlds": 0,
        "repeated_progs": 80,
        "unique_progs": 4016
    }
}