{
    "status": {
        "d_56": {
            "yes": 1024,
            "no": 0,
            "undecided": 3072,
            "unknown": 0,
            "pyes": 0.0014408548485599984,
            "pno": 0.0,
            "pundecided": 0.9985591451514406,
            "punknown": 0.0,
            "time": 127.37074637413025,
            "percY": 41943.04,
            "percN": 0.0,
            "percU": 125829.12,
            "percUNK": 0.0,
            "l": 0.0014408548485599984,
            "u": 1.0
        },
        "~a_18": {
            "yes": 2304,
            "no": 0,
            "undecided": 1792,
            "unknown": 0,
            "pyes": 0.07394378049664001,
            "pno": 0.0,
            "pundecided": 0.9260562195033603,
            "punknown": 0.0,
            "time": 235.51729345321655,
            "percY": 94371.84,
            "percN": 0.0,
            "percU": 73400.32,
            "percUNK": 0.0,
            "l": 0.07394378049664001,
            "u": 1.0
        },
        "a_16": {
            "yes": 0,
            "no": 1248,
            "undecided": 2848,
            "unknown": 0,
            "pyes": 0.0,
            "pno": 0.05743465519742324,
            "pundecided": 0.9425653448025793,
            "punknown": 0.0,
            "time": 159.9517149925232,
            "percY": 0.0,
            "percN": 51118.08,
            "percU": 116654.08,
            "percUNK": 0.0,
            "l": 0.0,
            "u": 0.9425653448025768
        }
    },
    "data": {
        "n_samples": 4096,
        "time": 529.2623021602631,
        "repeated_worlds": 0,
        "repeated_progs": 476,
        "unique_progs": 3620
    }
}