{
    "status": {
        "d_30": {
            "yes": 4096,
            "no": 0,
            "undecided": 0,
            "unknown": 0,
            "pyes": 0.9999999999999986,
            "pno": 0.0,
            "pundecided": 0.0,
            "punknown": 0.0,
            "time": 107.71040868759155,
            "percY": 167772.16,
            "percN": 0.0,
            "percU": 0.0,
            "percUNK": 0.0,
            "l": 0.9999999999999986,
            "u": 1.0,
            "flag": "INTEREST"
        },
        "a_18": {
            "yes": 816,
            "no": 0,
            "undecided": 3280,
            "unknown": 0,
            "pyes": 0.006722840067840007,
            "pno": 0.0,
            "pundecided": 0.9932771599321596,
            "punknown": 0.0,
            "time": 139.33969736099243,
            "percY": 33423.36,
            "percN": 0.0,
            "percU": 134348.8,
            "percUNK": 0.0,
            "l": 0.006722840067840007,
            "u": 1.0
        },
        "a_15": {
            "yes": 640,
            "no": 416,
            "undecided": 3040,
            "unknown": 0,
            "pyes": 0.13643677152000008,
            "pno": 0.030260145545870407,
            "pundecided": 0.8333030829341285,
            "punknown": 0.0,
            "time": 115.6057562828064,
            "percY": 26214.4,
            "percN": 17039.36,
            "percU": 124518.4,
            "percUNK": 0.0,
            "l": 0.13643677152000008,
            "u": 0.9697398544541296
        }
    },
    "data": {
        "n_samples": 4096,
        "time": 368.8012375831604,
        "repeated_worlds": 0,
        "repeated_progs": 1056,
        "unique_progs": 3040
    }
}