{
    "status": {
        "d_24": {
            "yes": 4096,
            "no": 0,
            "undecided": 0,
            "unknown": 0,
            "pyes": 0.9999999999999992,
            "pno": 0.0,
            "pundecided": 0.0,
            "punknown": 0.0,
            "time": 134.37195324897766,
            "percY": 167772.16,
            "percN": 0.0,
            "percU": 0.0,
            "percUNK": 0.0,
            "l": 0.9999999999999992,
            "u": 1.0,
            "flag": "INTEREST"
        },
        "a_17": {
            "yes": 1812,
            "no": 820,
            "undecided": 1464,
            "unknown": 0,
            "pyes": 0.9299362279812895,
            "pno": 0.06865828722932389,
            "pundecided": 0.0014054847893861732,
            "punknown": 0.0,
            "time": 198.102956533432,
            "percY": 74219.52,
            "percN": 33587.2,
            "percU": 59965.44,
            "percUNK": 0.0,
            "l": 0.9299362279812895,
            "u": 0.9313417127706761,
            "flag": "INTEREST"
        },
        "a_16": {
            "yes": 96,
            "no": 92,
            "undecided": 3908,
            "unknown": 0,
            "pyes": 0.0010284927152434276,
            "pno": 0.0036024529698070657,
            "pundecided": 0.9953690543149483,
            "punknown": 0.0,
            "time": 145.0313539505005,
            "percY": 3932.16,
            "percN": 3768.32,
            "percU": 160071.68,
            "percUNK": 0.0,
            "l": 0.0010284927152434276,
            "u": 0.9963975470301929
        }
    },
    "data": {
        "n_samples": 4096,
        "time": 484.7174563407898,
        "repeated_worlds": 0,
        "repeated_progs": 256,
        "unique_progs": 3840
    }
}