{
    "status": {
        "d_58": {
            "yes": 4096,
            "no": 0,
            "undecided": 0,
            "unknown": 0,
            "pyes": 0.9999999999999993,
            "pno": 0.0,
            "pundecided": 0.0,
            "punknown": 0.0,
            "time": 124.39879989624023,
            "percY": 167772.16,
            "percN": 0.0,
            "percU": 0.0,
            "percUNK": 0.0,
            "l": 0.9999999999999993,
            "u": 1.0,
            "flag": "INTEREST"
        },
        "a_13": {
            "yes": 2304,
            "no": 0,
            "undecided": 1536,
            "unknown": 256,
            "pyes": 0.8048897366807994,
            "pno": 0.0,
            "pundecided": 0.11439481731920016,
            "punknown": 0.08071544599999995,
            "time": 124.61741423606873,
            "percY": 94371.84,
            "percN": 0.0,
            "percU": 62914.56,
            "percUNK": 10485.76,
            "l": 0.8048897366807994,
            "u": 1.0,
            "flag": "INTEREST"
        },
        "a_16": {
            "yes": 1200,
            "no": 256,
            "undecided": 2640,
            "unknown": 0,
            "pyes": 0.02945854899464136,
            "pno": 0.0008206106684627878,
            "pundecided": 0.969720840336895,
            "punknown": 0.0,
            "time": 142.3607370853424,
            "percY": 49152.0,
            "percN": 10485.76,
            "percU": 108134.4,
            "percUNK": 0.0,
            "l": 0.02945854899464136,
            "u": 0.9991793893315372
        }
    },
    "data": {
        "n_samples": 4096,
        "time": 398.0163097381592,
        "repeated_worlds": 0,
        "repeated_progs": 612,
        "unique_progs": 3484
    }
}