{
    "status": {
        "~a_4": {
            "yes": 4096,
            "no": 0,
            "undecided": 0,
            "unknown": 0,
            "pyes": 0.9999999999999978,
            "pno": 0.0,
            "pundecided": 0.0,
            "punknown": 0.0,
            "time": 131.49515509605408,
            "percY": 167772.16,
            "percN": 0.0,
            "percU": 0.0,
            "percUNK": 0.0,
            "l": 0.9999999999999978,
            "u": 1.0,
            "flag": "INTEREST"
        },
        "~a_15": {
            "yes": 512,
            "no": 0,
            "undecided": 3584,
            "unknown": 0,
            "pyes": 0.0,
            "pno": 0.0,
            "pundecided": 0.9999999999999978,
            "punknown": 0.0,
            "time": 156.88086581230164,
            "percY": 20971.52,
            "percN": 0.0,
            "percU": 146800.64,
            "percUNK": 0.0,
            "l": 0.0,
            "u": 1.0
        },
        "a_17": {
            "yes": 1024,
            "no": 0,
            "undecided": 3072,
            "unknown": 0,
            "pyes": 0.0,
            "pno": 0.0,
            "pundecided": 0.9999999999999978,
            "punknown": 0.0,
            "time": 138.34562182426453,
            "percY": 41943.04,
            "percN": 0.0,
            "percU": 125829.12,
            "percUNK": 0.0,
            "l": 0.0,
            "u": 1.0
        }
    },
    "data": {
        "n_samples": 4096,
        "time": 433.3257830142975,
        "repeated_worlds": 0,
        "repeated_progs": 272,
        "unique_progs": 3824
    }
}