{
    "status": {
        "~d_40": {
            "yes": 3072,
            "no": 0,
            "undecided": 1024,
            "unknown": 0,
            "pyes": 0.9977260000000024,
            "pno": 0.0,
            "pundecided": 0.0022740000000000017,
            "punknown": 0.0,
            "time": 115.71679997444153,
            "percY": 125829.12,
            "percN": 0.0,
            "percU": 41943.04,
            "percUNK": 0.0,
            "l": 0.9977260000000024,
            "u": 1.0,
            "flag": "INTEREST"
        },
        "a_15": {
            "yes": 2048,
            "no": 584,
            "undecided": 1464,
            "unknown": 0,
            "pyes": 0.877723441496488,
            "pno": 0.08009237391880047,
            "pundecided": 0.04218418458471206,
            "punknown": 0.0,
            "time": 118.6840558052063,
            "percY": 83886.08,
            "percN": 23920.64,
            "percU": 59965.44,
            "percUNK": 0.0,
            "l": 0.877723441496488,
            "u": 0.9199076260811996,
            "flag": "INTEREST"
        }
    },
    "data": {
        "n_samples": 4096,
        "time": 359.13913083076477,
        "repeated_worlds": 0,
        "repeated_progs": 782,
        "unique_progs": 3314
    }
}