{
    "status": {
        "~a_1": {
            "yes": 131072,
            "no": 0,
            "undecided": 0,
            "unknown": 131072,
            "pyes": 0.9699999999999982,
            "pno": 0.0,
            "pundecided": 0.0,
            "punknown": 0.030000000000000086,
            "time": 45.79472613334656,
            "percY": 343597383.68,
            "percN": 0.0,
            "percU": 0.0,
            "percUNK": 343597383.68,
            "l": 0.9699999999999982,
            "u": 1.0,
            "flag": "INTEREST"
        },
        "a_5": {
            "yes": 131072,
            "no": 0,
            "undecided": 131072,
            "unknown": 0,
            "pyes": 0.8679999999999927,
            "pno": 0.0,
            "pundecided": 0.13200000000000187,
            "punknown": 0.0,
            "time": 46.8899564743042,
            "percY": 343597383.68,
            "percN": 0.0,
            "percU": 343597383.68,
            "percUNK": 0.0,
            "l": 0.8679999999999927,
            "u": 1.0,
            "flag": "INTEREST"
        },
        "a_7": {
            "yes": 131072,
            "no": 0,
            "undecided": 131072,
            "unknown": 0,
            "pyes": 0.8679999999999927,
            "pno": 0.0,
            "pundecided": 0.13200000000000187,
            "punknown": 0.0,
            "time": 47.07899260520935,
            "percY": 343597383.68,
            "percN": 0.0,
            "percU": 343597383.68,
            "percUNK": 0.0,
            "l": 0.8679999999999927,
            "u": 1.0,
            "flag": "INTEREST"
        }
    },
    "data": {
        "n_samples": 262144,
        "time": 278.5153317451477,
        "repeated_worlds": 0,
        "repeated_progs": 261120,
        "unique_progs": 1024
    }
}