{
    "status": {
        "d_18": {
            "yes": 131072,
            "no": 0,
            "undecided": 131072,
            "unknown": 0,
            "pyes": 0.07959999999999703,
            "pno": 0.0,
            "pundecided": 0.9203999999999822,
            "punknown": 0.0,
            "time": 92.49564146995544,
            "percY": 343597383.68,
            "percN": 0.0,
            "percU": 343597383.68,
            "percUNK": 0.0,
            "l": 0.07959999999999703,
            "u": 1.0
        },
        "~a_8": {
            "yes": 73728,
            "no": 57344,
            "undecided": 131072,
            "unknown": 0,
            "pyes": 0.0028184849833434934,
            "pno": 0.01768151501665629,
            "pundecided": 0.9794999999999924,
            "punknown": 0.0,
            "time": 93.74233865737915,
            "percY": 193273528.32,
            "percN": 150323855.36,
            "percU": 343597383.68,
            "percUNK": 0.0,
            "l": 0.0028184849833434934,
            "u": 0.9823184849833437
        }
    },
    "data": {
        "n_samples": 262144,
        "time": 429.91374373435974,
        "repeated_worlds": 0,
        "repeated_progs": 260096,
        "unique_progs": 2048
    }
}