{
    "status": {
        "~d_12": {
            "yes": 131072,
            "no": 0,
            "undecided": 131072,
            "unknown": 0,
            "pyes": 0.9793268999999657,
            "pno": 0.0,
            "pundecided": 0.02067309999999941,
            "punknown": 0.0,
            "time": 92.30534362792969,
            "percY": 343597383.68,
            "percN": 0.0,
            "percU": 343597383.68,
            "percUNK": 0.0,
            "l": 0.9793268999999657,
            "u": 1.0,
            "flag": "INTEREST"
        },
        "a_7": {
            "yes": 73728,
            "no": 57344,
            "undecided": 131072,
            "unknown": 0,
            "pyes": 0.07460562879999695,
            "pno": 0.005394371200000011,
            "pundecided": 0.9199999999999855,
            "punknown": 0.0,
            "time": 94.85790061950684,
            "percY": 193273528.32,
            "percN": 150323855.36,
            "percU": 343597383.68,
            "percUNK": 0.0,
            "l": 0.07460562879999695,
            "u": 0.9946056288
        },
        "a_8": {
            "yes": 73728,
            "no": 57344,
            "undecided": 131072,
            "unknown": 0,
            "pyes": 0.056232568644128365,
            "pno": 0.003447591355871473,
            "pundecided": 0.9403198399999578,
            "punknown": 0.0,
            "time": 94.02899074554443,
            "percY": 193273528.32,
            "percN": 150323855.36,
            "percU": 343597383.68,
            "percUNK": 0.0,
            "l": 0.056232568644128365,
            "u": 0.9965524086441285
        }
    },
    "data": {
        "n_samples": 262144,
        "time": 433.720064163208,
        "repeated_worlds": 0,
        "repeated_progs": 260096,
        "unique_progs": 2048
    }
}