{
    "status": {
        "a_3": {
            "yes": 131072,
            "no": 0,
            "undecided": 0,
            "unknown": 131072,
            "pyes": 0.06641915579719893,
            "pno": 0.0,
            "pundecided": 0.0,
            "punknown": 0.9335808442027931,
            "time": 23.429211378097534,
            "percY": 343597383.68,
            "percN": 0.0,
            "percU": 0.0,
            "percUNK": 343597383.68,
            "l": 0.06641915579719893,
            "u": 1.0
        },
        "a_6": {
            "yes": 262144,
            "no": 0,
            "undecided": 0,
            "unknown": 0,
            "pyes": 0.9999999999999818,
            "pno": 0.0,
            "pundecided": 0.0,
            "punknown": 0.0,
            "time": 23.767834424972534,
            "percY": 687194767.36,
            "percN": 0.0,
            "percU": 0.0,
            "percUNK": 0.0,
            "l": 0.9999999999999818,
            "u": 1.0,
            "flag": "INTEREST"
        },
        "~a_8": {
            "yes": 147456,
            "no": 114688,
            "undecided": 0,
            "unknown": 0,
            "pyes": 0.07344584263599833,
            "pno": 0.9265541573639986,
            "pundecided": 0.0,
            "punknown": 0.0,
            "time": 24.822813749313354,
            "percY": 386547056.64,
            "percN": 300647710.72,
            "percU": 0.0,
            "percUNK": 0.0,
            "l": 0.07344584263599833,
            "u": 0.0734458426360014,
            "flag": "INTEREST"
        }
    },
    "data": {
        "n_samples": 262144,
        "time": 209.81458067893982,
        "repeated_worlds": 0,
        "repeated_progs": 261632,
        "unique_progs": 512
    }
}