{
    "status": {
        "~a_0": {
            "yes": 131072,
            "no": 0,
            "undecided": 0,
            "unknown": 131072,
            "pyes": 0.08999999999999676,
            "pno": 0.0,
            "pundecided": 0.0,
            "punknown": 0.9099999999999915,
            "time": 22.744585275650024,
            "percY": 343597383.68,
            "percN": 0.0,
            "percU": 0.0,
            "percUNK": 343597383.68,
            "l": 0.08999999999999676,
            "u": 1.0
        },
        "~a_9": {
            "yes": 86016,
            "no": 45056,
            "undecided": 131072,
            "unknown": 0,
            "pyes": 0.6723498976279834,
            "pno": 0.08765379237200598,
            "pundecided": 0.23999630999999247,
            "punknown": 0.0,
            "time": 23.86724090576172,
            "percY": 225485783.04,
            "percN": 118111600.64,
            "percU": 343597383.68,
            "percUNK": 0.0,
            "l": 0.6723498976279834,
            "u": 0.912346207627994,
            "flag": "INTEREST"
        }
    },
    "data": {
        "n_samples": 262144,
        "time": 203.53255677223206,
        "repeated_worlds": 0,
        "repeated_progs": 261632,
        "unique_progs": 512
    }
}