{
    "status": {
        "a_3": {
            "yes": 131072,
            "no": 0,
            "undecided": 0,
            "unknown": 131072,
            "pyes": 0.9399999999999655,
            "pno": 0.0,
            "pundecided": 0.0,
            "punknown": 0.05999999999999828,
            "time": 45.27079892158508,
            "percY": 343597383.68,
            "percN": 0.0,
            "percU": 0.0,
            "percUNK": 343597383.68,
            "l": 0.9399999999999655,
            "u": 1.0,
            "flag": "INTEREST"
        },
        "a_5": {
            "yes": 131072,
            "no": 0,
            "undecided": 131072,
            "unknown": 0,
            "pyes": 0.07999999999999287,
            "pno": 0.0,
            "pundecided": 0.9199999999999532,
            "punknown": 0.0,
            "time": 45.701844215393066,
            "percY": 343597383.68,
            "percN": 0.0,
            "percU": 343597383.68,
            "percUNK": 0.0,
            "l": 0.07999999999999287,
            "u": 1.0
        },
        "a_7": {
            "yes": 98304,
            "no": 32768,
            "undecided": 131072,
            "unknown": 0,
            "pyes": 0.07354420999999524,
            "pno": 0.006455789999999998,
            "pundecided": 0.9199999999999532,
            "punknown": 0.0,
            "time": 46.87522315979004,
            "percY": 257698037.76,
            "percN": 85899345.92,
            "percU": 343597383.68,
            "percUNK": 0.0,
            "l": 0.07354420999999524,
            "u": 0.99354421
        }
    },
    "data": {
        "n_samples": 262144,
        "time": 284.89366912841797,
        "repeated_worlds": 0,
        "repeated_progs": 261120,
        "unique_progs": 1024
    }
}