{
    "status": {
        "d_9": {
            "yes": 131072,
            "no": 0,
            "undecided": 131072,
            "unknown": 0,
            "pyes": 0.8254215553433313,
            "pno": 0.0,
            "pundecided": 0.17457844465663425,
            "punknown": 0.0,
            "time": 22.77670669555664,
            "percY": 343597383.68,
            "percN": 0.0,
            "percU": 343597383.68,
            "percUNK": 0.0,
            "l": 0.8254215553433313,
            "u": 1.0,
            "flag": "INTEREST"
        },
        "a_8": {
            "yes": 131072,
            "no": 0,
            "undecided": 131072,
            "unknown": 0,
            "pyes": 0.03999999999999926,
            "pno": 0.0,
            "pundecided": 0.9599999999999839,
            "punknown": 0.0,
            "time": 22.96484351158142,
            "percY": 343597383.68,
            "percN": 0.0,
            "percU": 343597383.68,
            "percUNK": 0.0,
            "l": 0.03999999999999926,
            "u": 1.0
        },
        "a_7": {
            "yes": 98304,
            "no": 32768,
            "undecided": 131072,
            "unknown": 0,
            "pyes": 0.03963142122209267,
            "pno": 0.0003685787779072033,
            "pundecided": 0.9599999999999839,
            "punknown": 0.0,
            "time": 23.71051263809204,
            "percY": 257698037.76,
            "percN": 85899345.92,
            "percU": 343597383.68,
            "percUNK": 0.0,
            "l": 0.03963142122209267,
            "u": 0.9996314212220928
        }
    },
    "data": {
        "n_samples": 262144,
        "time": 207.07521891593933,
        "repeated_worlds": 0,
        "repeated_progs": 261632,
        "unique_progs": 512
    }
}