{
    "status": {
        "a_1": {
            "yes": 131072,
            "no": 0,
            "undecided": 0,
            "unknown": 131072,
            "pyes": 0.9399999999999623,
            "pno": 0.0,
            "pundecided": 0.0,
            "punknown": 0.05999999999999724,
            "time": 44.918118476867676,
            "percY": 343597383.68,
            "percN": 0.0,
            "percU": 0.0,
            "percUNK": 343597383.68,
            "l": 0.9399999999999623,
            "u": 1.0,
            "flag": "INTEREST"
        },
        "~a_7": {
            "yes": 86016,
            "no": 45056,
            "undecided": 131072,
            "unknown": 0,
            "pyes": 0.1677622160746879,
            "pno": 0.7636077039253143,
            "pundecided": 0.06863007999999397,
            "punknown": 0.0,
            "time": 47.04385542869568,
            "percY": 225485783.04,
            "percN": 118111600.64,
            "percU": 343597383.68,
            "percUNK": 0.0,
            "l": 0.1677622160746879,
            "u": 0.2363922960746857,
            "flag": "INTEREST"
        },
        "a_8": {
            "yes": 98304,
            "no": 32768,
            "undecided": 131072,
            "unknown": 0,
            "pyes": 0.030811975718943018,
            "pno": 0.009024024281056038,
            "pundecided": 0.9601639999999798,
            "punknown": 0.0,
            "time": 45.20808696746826,
            "percY": 257698037.76,
            "percN": 85899345.92,
            "percU": 343597383.68,
            "percUNK": 0.0,
            "l": 0.030811975718943018,
            "u": 0.9909759757189439
        }
    },
    "data": {
        "n_samples": 262144,
        "time": 284.0159103870392,
        "repeated_worlds": 0,
        "repeated_progs": 261120,
        "unique_progs": 1024
    }
}