{
    "status": {
        "d_12": {
            "yes": 131072,
            "no": 0,
            "undecided": 131072,
            "unknown": 0,
            "pyes": 0.18615599999999746,
            "pno": 0.0,
            "pundecided": 0.8138440000000129,
            "punknown": 0.0,
            "time": 90.38035154342651,
            "percY": 343597383.68,
            "percN": 0.0,
            "percU": 343597383.68,
            "percUNK": 0.0,
            "l": 0.18615599999999746,
            "u": 1.0
        },
        "~a_8": {
            "yes": 114688,
            "no": 16384,
            "undecided": 131072,
            "unknown": 0,
            "pyes": 0.6632913753947777,
            "pno": 0.004230398605230004,
            "pundecided": 0.33247822599999904,
            "punknown": 0.0,
            "time": 93.44278407096863,
            "percY": 300647710.72,
            "percN": 42949672.96,
            "percU": 343597383.68,
            "percUNK": 0.0,
            "l": 0.6632913753947777,
            "u": 0.99576960139477,
            "flag": "INTEREST"
        },
        "a_8": {
            "yes": 16384,
            "no": 114688,
            "undecided": 131072,
            "unknown": 0,
            "pyes": 0.004230398605230004,
            "pno": 0.6632913753947777,
            "pundecided": 0.33247822599999904,
            "punknown": 0.0,
            "time": 93.53467631340027,
            "percY": 42949672.96,
            "percN": 300647710.72,
            "percU": 343597383.68,
            "percUNK": 0.0,
            "l": 0.004230398605230004,
            "u": 0.33670862460522233,
            "flag": "INTEREST"
        }
    },
    "data": {
        "n_samples": 262144,
        "time": 426.8474991321564,
        "repeated_worlds": 0,
        "repeated_progs": 260096,
        "unique_progs": 2048
    }
}