{
    "status": {
        "a_0": {
            "yes": 131072,
            "no": 0,
            "undecided": 131072,
            "unknown": 0,
            "pyes": 0.9699999999999545,
            "pno": 0.0,
            "pundecided": 0.029999999999999243,
            "punknown": 0.0,
            "time": 24.095498085021973,
            "percY": 343597383.68,
            "percN": 0.0,
            "percU": 343597383.68,
            "percUNK": 0.0,
            "l": 0.9699999999999545,
            "u": 1.0,
            "flag": "INTEREST"
        },
        "~a_8": {
            "yes": 49152,
            "no": 81920,
            "undecided": 131072,
            "unknown": 0,
            "pyes": 0.9452113708914135,
            "pno": 0.02478862910857559,
            "pundecided": 0.029999999999999243,
            "punknown": 0.0,
            "time": 23.629067182540894,
            "percY": 128849018.88,
            "percN": 214748364.8,
            "percU": 343597383.68,
            "percUNK": 0.0,
            "l": 0.9452113708914135,
            "u": 0.9752113708914244,
            "flag": "INTEREST"
        },
        "a_7": {
            "yes": 98304,
            "no": 32768,
            "undecided": 131072,
            "unknown": 0,
            "pyes": 0.04872584999999984,
            "pno": 0.9031621499999989,
            "pundecided": 0.048111999999999565,
            "punknown": 0.0,
            "time": 23.233004570007324,
            "percY": 257698037.76,
            "percN": 85899345.92,
            "percU": 343597383.68,
            "percUNK": 0.0,
            "l": 0.04872584999999984,
            "u": 0.09683785000000111,
            "flag": "INTEREST"
        }
    },
    "data": {
        "n_samples": 262144,
        "time": 217.2688558101654,
        "repeated_worlds": 0,
        "repeated_progs": 261632,
        "unique_progs": 512
    }
}