{
    "status": {
        "~d_11": {
            "yes": 131072,
            "no": 0,
            "undecided": 131072,
            "unknown": 0,
            "pyes": 0.10090999999999152,
            "pno": 0.0,
            "pundecided": 0.8990899999999088,
            "punknown": 0.0,
            "time": 90.71859908103943,
            "percY": 343597383.68,
            "percN": 0.0,
            "percU": 343597383.68,
            "percUNK": 0.0,
            "l": 0.10090999999999152,
            "u": 1.0
        },
        "~a_7": {
            "yes": 98304,
            "no": 32768,
            "undecided": 131072,
            "unknown": 0,
            "pyes": 0.19101241724691975,
            "pno": 0.7219875827530488,
            "pundecided": 0.0869999999999937,
            "punknown": 0.0,
            "time": 93.78152751922607,
            "percY": 257698037.76,
            "percN": 85899345.92,
            "percU": 343597383.68,
            "percUNK": 0.0,
            "l": 0.19101241724691975,
            "u": 0.27801241724695125,
            "flag": "INTEREST"
        },
        "~a_8": {
            "yes": 131072,
            "no": 0,
            "undecided": 131072,
            "unknown": 0,
            "pyes": 0.6992945263472777,
            "pno": 0.0,
            "pundecided": 0.30070547365257194,
            "punknown": 0.0,
            "time": 93.68240571022034,
            "percY": 343597383.68,
            "percN": 0.0,
            "percU": 343597383.68,
            "percUNK": 0.0,
            "l": 0.6992945263472777,
            "u": 1.0,
            "flag": "INTEREST"
        }
    },
    "data": {
        "n_samples": 262144,
        "time": 428.18829798698425,
        "repeated_worlds": 0,
        "repeated_progs": 260096,
        "unique_progs": 2048
    }
}