{
    "status": {
        "~d_11": {
            "yes": 131072,
            "no": 0,
            "undecided": 131072,
            "unknown": 0,
            "pyes": 0.030999999999999382,
            "pno": 0.0,
            "pundecided": 0.9689999999999943,
            "punknown": 0.0,
            "time": 75.8399555683136,
            "percY": 343597383.68,
            "percN": 0.0,
            "percU": 343597383.68,
            "percUNK": 0.0,
            "l": 0.030999999999999382,
            "u": 1.0
        },
        "a_5": {
            "yes": 98304,
            "no": 0,
            "undecided": 163840,
            "unknown": 0,
            "pyes": 0.10856000000000035,
            "pno": 0.0,
            "pundecided": 0.8914399999999981,
            "punknown": 0.0,
            "time": 76.3417317867279,
            "percY": 257698037.76,
            "percN": 0.0,
            "percU": 429496729.6,
            "percUNK": 0.0,
            "l": 0.10856000000000035,
            "u": 1.0
        },
        "~a_7": {
            "yes": 98304,
            "no": 32768,
            "undecided": 131072,
            "unknown": 0,
            "pyes": 0.10856000000000035,
            "pno": 0.8114399999999969,
            "pundecided": 0.08000000000000085,
            "punknown": 0.0,
            "time": 76.6755588054657,
            "percY": 257698037.76,
            "percN": 85899345.92,
            "percU": 343597383.68,
            "percUNK": 0.0,
            "l": 0.10856000000000035,
            "u": 0.18856000000000306,
            "flag": "INTEREST"
        }
    },
    "data": {
        "n_samples": 262144,
        "time": 362.0701332092285,
        "repeated_worlds": 0,
        "repeated_progs": 260096,
        "unique_progs": 2048
    }
}