{
    "status": {
        "d_12": {
            "yes": 131072,
            "no": 0,
            "undecided": 131072,
            "unknown": 0,
            "pyes": 0.05605390817999836,
            "pno": 0.0,
            "pundecided": 0.9439460918199846,
            "punknown": 0.0,
            "time": 4.626892566680908,
            "percY": 343597383.68,
            "percN": 0.0,
            "percU": 343597383.68,
            "percUNK": 0.0,
            "l": 0.05605390817999836,
            "u": 1.0
        },
        "a_6": {
            "yes": 131072,
            "no": 0,
            "undecided": 131072,
            "unknown": 0,
            "pyes": 0.10697215999999939,
            "pno": 0.0,
            "pundecided": 0.893027839999996,
            "punknown": 0.0,
            "time": 4.630513668060303,
            "percY": 343597383.68,
            "percN": 0.0,
            "percU": 343597383.68,
            "percUNK": 0.0,
            "l": 0.10697215999999939,
            "u": 1.0
        },
        "a_7": {
            "yes": 81920,
            "no": 49152,
            "undecided": 131072,
            "unknown": 0,
            "pyes": 0.10288680233917406,
            "pno": 0.0040853576608255926,
            "pundecided": 0.893027839999996,
            "punknown": 0.0,
            "time": 4.774082183837891,
            "percY": 214748364.8,
            "percN": 128849018.88,
            "percU": 343597383.68,
            "percUNK": 0.0,
            "l": 0.10288680233917406,
            "u": 0.9959146423391744
        }
    },
    "data": {
        "n_samples": 262144,
        "time": 113.38781499862671,
        "repeated_worlds": 0,
        "repeated_progs": 261888,
        "unique_progs": 256
    }
}