{
    "status": {
        "~a_1": {
            "yes": 131072,
            "no": 0,
            "undecided": 0,
            "unknown": 131072,
            "pyes": 0.029999999999999798,
            "pno": 0.0,
            "pundecided": 0.0,
            "punknown": 0.9700000000000032,
            "time": 23.75494647026062,
            "percY": 343597383.68,
            "percN": 0.0,
            "percU": 0.0,
            "percUNK": 343597383.68,
            "l": 0.029999999999999798,
            "u": 1.0
        },
        "a_7": {
            "yes": 114688,
            "no": 16384,
            "undecided": 131072,
            "unknown": 0,
            "pyes": 0.8097362850304033,
            "pno": 0.1209637149696,
            "pundecided": 0.06929999999999975,
            "punknown": 0.0,
            "time": 24.187255382537842,
            "percY": 300647710.72,
            "percN": 42949672.96,
            "percU": 343597383.68,
            "percUNK": 0.0,
            "l": 0.8097362850304033,
            "u": 0.8790362850304,
            "flag": "INTEREST"
        },
        "~a_8": {
            "yes": 73728,
            "no": 57344,
            "undecided": 131072,
            "unknown": 0,
            "pyes": 0.7650084457752012,
            "pno": 0.16569155422479973,
            "pundecided": 0.06929999999999975,
            "punknown": 0.0,
            "time": 24.021756649017334,
            "percY": 193273528.32,
            "percN": 150323855.36,
            "percU": 343597383.68,
            "percUNK": 0.0,
            "l": 0.7650084457752012,
            "u": 0.8343084457752002,
            "flag": "INTEREST"
        }
    },
    "data": {
        "n_samples": 262144,
        "time": 216.0380506515503,
        "repeated_worlds": 0,
        "repeated_progs": 261632,
        "unique_progs": 512
    }
}