{
    "status": {
        "a_3": {
            "yes": 131072,
            "no": 0,
            "undecided": 0,
            "unknown": 131072,
            "pyes": 0.9799999999999947,
            "pno": 0.0,
            "pundecided": 0.0,
            "punknown": 0.020000000000000115,
            "time": 4.586871862411499,
            "percY": 343597383.68,
            "percN": 0.0,
            "percU": 0.0,
            "percUNK": 343597383.68,
            "l": 0.9799999999999947,
            "u": 1.0,
            "flag": "INTEREST"
        },
        "a_5": {
            "yes": 131072,
            "no": 0,
            "undecided": 131072,
            "unknown": 0,
            "pyes": 0.07999999999999745,
            "pno": 0.0,
            "pundecided": 0.9199999999999943,
            "punknown": 0.0,
            "time": 4.577605962753296,
            "percY": 343597383.68,
            "percN": 0.0,
            "percU": 343597383.68,
            "percUNK": 0.0,
            "l": 0.07999999999999745,
            "u": 1.0
        },
        "a_8": {
            "yes": 65536,
            "no": 49152,
            "undecided": 147456,
            "unknown": 0,
            "pyes": 0.17153011047899966,
            "pno": 0.7337818491639969,
            "pundecided": 0.09468804035699754,
            "punknown": 0.0,
            "time": 4.7052247524261475,
            "percY": 171798691.84,
            "percN": 128849018.88,
            "percU": 386547056.64,
            "percUNK": 0.0,
            "l": 0.17153011047899966,
            "u": 0.2662181508360031,
            "flag": "INTEREST"
        }
    },
    "data": {
        "n_samples": 262144,
        "time": 115.72169899940491,
        "repeated_worlds": 0,
        "repeated_progs": 261888,
        "unique_progs": 256
    }
}