{
    "status": {
        "~d_15": {
            "yes": 131072,
            "no": 0,
            "undecided": 131072,
            "unknown": 0,
            "pyes": 0.012399999999999689,
            "pno": 0.0,
            "pundecided": 0.9876000000000061,
            "punknown": 0.0,
            "time": 4.592186212539673,
            "percY": 343597383.68,
            "percN": 0.0,
            "percU": 343597383.68,
            "percUNK": 0.0,
            "l": 0.012399999999999689,
            "u": 1.0
        },
        "~a_8": {
            "yes": 196608,
            "no": 65536,
            "undecided": 0,
            "unknown": 0,
            "pyes": 0.9346919872000051,
            "pno": 0.06530801279999937,
            "pundecided": 0.0,
            "punknown": 0.0,
            "time": 4.679839372634888,
            "percY": 515396075.52,
            "percN": 171798691.84,
            "percU": 0.0,
            "percUNK": 0.0,
            "l": 0.9346919872000051,
            "u": 0.9346919872000006,
            "flag": "INTEREST"
        },
        "~a_7": {
            "yes": 73728,
            "no": 57344,
            "undecided": 131072,
            "unknown": 0,
            "pyes": 0.728146318905157,
            "pno": 0.19185368109484344,
            "pundecided": 0.07999999999999803,
            "punknown": 0.0,
            "time": 4.6883134841918945,
            "percY": 193273528.32,
            "percN": 150323855.36,
            "percU": 343597383.68,
            "percUNK": 0.0,
            "l": 0.728146318905157,
            "u": 0.8081463189051565,
            "flag": "INTEREST"
        }
    },
    "data": {
        "n_samples": 262144,
        "time": 111.03723740577698,
        "repeated_worlds": 0,
        "repeated_progs": 261888,
        "unique_progs": 256
    }
}