{
    "status": {
        "~d_10": {
            "yes": 131072,
            "no": 0,
            "undecided": 131072,
            "unknown": 0,
            "pyes": 0.9003862472254046,
            "pno": 0.0,
            "pundecided": 0.09961375277455128,
            "punknown": 0.0,
            "time": 12.55866003036499,
            "percY": 343597383.68,
            "percN": 0.0,
            "percU": 343597383.68,
            "percUNK": 0.0,
            "l": 0.9003862472254046,
            "u": 1.0,
            "flag": "INTEREST"
        },
        "a_8": {
            "yes": 131072,
            "no": 0,
            "undecided": 131072,
            "unknown": 0,
            "pyes": 0.0879999999999992,
            "pno": 0.0,
            "pundecided": 0.9119999999999882,
            "punknown": 0.0,
            "time": 12.342608451843262,
            "percY": 343597383.68,
            "percN": 0.0,
            "percU": 343597383.68,
            "percUNK": 0.0,
            "l": 0.0879999999999992,
            "u": 1.0
        },
        "~a_8": {
            "yes": 0,
            "no": 131072,
            "undecided": 131072,
            "unknown": 0,
            "pyes": 0.0,
            "pno": 0.0879999999999992,
            "pundecided": 0.9119999999999882,
            "punknown": 0.0,
            "time": 12.131360054016113,
            "percY": 0.0,
            "percN": 343597383.68,
            "percU": 343597383.68,
            "percUNK": 0.0,
            "l": 0.0,
            "u": 0.9120000000000008
        }
    },
    "data": {
        "n_samples": 262144,
        "time": 188.45985794067383,
        "repeated_worlds": 0,
        "repeated_progs": 261888,
        "unique_progs": 256
    }
}