{
    "status": {
        "a_0": {
            "yes": 131072,
            "no": 0,
            "undecided": 131072,
            "unknown": 0,
            "pyes": 0.009999999999999084,
            "pno": 0.0,
            "pundecided": 0.9899999999999706,
            "punknown": 0.0,
            "time": 66.86178874969482,
            "percY": 343597383.68,
            "percN": 0.0,
            "percU": 343597383.68,
            "percUNK": 0.0,
            "l": 0.009999999999999084,
            "u": 1.0
        },
        "a_6": {
            "yes": 131072,
            "no": 0,
            "undecided": 131072,
            "unknown": 0,
            "pyes": 0.9399999999999457,
            "pno": 0.0,
            "pundecided": 0.059999999999996535,
            "punknown": 0.0,
            "time": 66.28898572921753,
            "percY": 343597383.68,
            "percN": 0.0,
            "percU": 343597383.68,
            "percUNK": 0.0,
            "l": 0.9399999999999457,
            "u": 1.0,
            "flag": "INTEREST"
        },
        "a_9": {
            "yes": 98304,
            "no": 32768,
            "undecided": 131072,
            "unknown": 0,
            "pyes": 0.0009839999999999736,
            "pno": 0.009015999999999889,
            "pundecided": 0.9899999999999706,
            "punknown": 0.0,
            "time": 67.38507223129272,
            "percY": 257698037.76,
            "percN": 85899345.92,
            "percU": 343597383.68,
            "percUNK": 0.0,
            "l": 0.0009839999999999736,
            "u": 0.9909840000000001
        }
    },
    "data": {
        "n_samples": 262144,
        "time": 304.230348110199,
        "repeated_worlds": 0,
        "repeated_progs": 258048,
        "unique_progs": 4096
    }
}