{
    "status": {
        "d_18": {
            "yes": 131072,
            "no": 0,
            "undecided": 131072,
            "unknown": 0,
            "pyes": 0.10000000000000032,
            "pno": 0.0,
            "pundecided": 0.8999999999999976,
            "punknown": 0.0,
            "time": 47.20731997489929,
            "percY": 343597383.68,
            "percN": 0.0,
            "percU": 343597383.68,
            "percUNK": 0.0,
            "l": 0.10000000000000032,
            "u": 1.0
        },
        "a_5": {
            "yes": 131072,
            "no": 0,
            "undecided": 131072,
            "unknown": 0,
            "pyes": 0.8269999999999992,
            "pno": 0.0,
            "pundecided": 0.1729999999999992,
            "punknown": 0.0,
            "time": 46.574973344802856,
            "percY": 343597383.68,
            "percN": 0.0,
            "percU": 343597383.68,
            "percUNK": 0.0,
            "l": 0.8269999999999992,
            "u": 1.0,
            "flag": "INTEREST"
        },
        "a_8": {
            "yes": 114688,
            "no": 16384,
            "undecided": 131072,
            "unknown": 0,
            "pyes": 0.823717353272839,
            "pno": 0.00328264672716,
            "pundecided": 0.1729999999999992,
            "punknown": 0.0,
            "time": 46.124221324920654,
            "percY": 300647710.72,
            "percN": 42949672.96,
            "percU": 343597383.68,
            "percUNK": 0.0,
            "l": 0.823717353272839,
            "u": 0.99671735327284,
            "flag": "INTEREST"
        }
    },
    "data": {
        "n_samples": 262144,
        "time": 293.5130350589752,
        "repeated_worlds": 0,
        "repeated_progs": 261120,
        "unique_progs": 1024
    }
}