{
    "status": {
        "d_18": {
            "yes": 131072,
            "no": 0,
            "undecided": 131072,
            "unknown": 0,
            "pyes": 0.13897635520000018,
            "pno": 0.0,
            "pundecided": 0.8610236447999844,
            "punknown": 0.0,
            "time": 23.33128786087036,
            "percY": 343597383.68,
            "percN": 0.0,
            "percU": 343597383.68,
            "percUNK": 0.0,
            "l": 0.13897635520000018,
            "u": 1.0
        },
        "a_6": {
            "yes": 131072,
            "no": 0,
            "undecided": 131072,
            "unknown": 0,
            "pyes": 0.9499999999999738,
            "pno": 0.0,
            "pundecided": 0.04999999999999915,
            "punknown": 0.0,
            "time": 22.992475509643555,
            "percY": 343597383.68,
            "percN": 0.0,
            "percU": 343597383.68,
            "percUNK": 0.0,
            "l": 0.9499999999999738,
            "u": 1.0,
            "flag": "INTEREST"
        },
        "~a_9": {
            "yes": 45056,
            "no": 86016,
            "undecided": 131072,
            "unknown": 0,
            "pyes": 0.013802410395217445,
            "pno": 0.9361975896047607,
            "pundecided": 0.04999999999999915,
            "punknown": 0.0,
            "time": 23.534791707992554,
            "percY": 118111600.64,
            "percN": 225485783.04,
            "percU": 343597383.68,
            "percUNK": 0.0,
            "l": 0.013802410395217445,
            "u": 0.06380241039523926,
            "flag": "INTEREST"
        }
    },
    "data": {
        "n_samples": 262144,
        "time": 222.0792953968048,
        "repeated_worlds": 0,
        "repeated_progs": 261632,
        "unique_progs": 512
    }
}