{
    "status": {
        "d_19": {
            "yes": 131072,
            "no": 0,
            "undecided": 131072,
            "unknown": 0,
            "pyes": 0.9199999999999956,
            "pno": 0.0,
            "pundecided": 0.07999999999999553,
            "punknown": 0.0,
            "time": 46.42638349533081,
            "percY": 343597383.68,
            "percN": 0.0,
            "percU": 343597383.68,
            "percUNK": 0.0,
            "l": 0.9199999999999956,
            "u": 1.0,
            "flag": "INTEREST"
        },
        "a_6": {
            "yes": 262144,
            "no": 0,
            "undecided": 0,
            "unknown": 0,
            "pyes": 0.9999999999999739,
            "pno": 0.0,
            "pundecided": 0.0,
            "punknown": 0.0,
            "time": 45.92567801475525,
            "percY": 687194767.36,
            "percN": 0.0,
            "percU": 0.0,
            "percUNK": 0.0,
            "l": 0.9999999999999739,
            "u": 1.0,
            "flag": "INTEREST"
        },
        "~a_8": {
            "yes": 86016,
            "no": 45056,
            "undecided": 131072,
            "unknown": 0,
            "pyes": 0.06764986423534174,
            "pno": 0.002350135764656386,
            "pundecided": 0.9299999999999858,
            "punknown": 0.0,
            "time": 48.18402171134949,
            "percY": 225485783.04,
            "percN": 118111600.64,
            "percU": 343597383.68,
            "percUNK": 0.0,
            "l": 0.06764986423534174,
            "u": 0.9976498642353436
        }
    },
    "data": {
        "n_samples": 262144,
        "time": 296.505907535553,
        "repeated_worlds": 0,
        "repeated_progs": 261120,
        "unique_progs": 1024
    }
}