{
    "status": {
        "a_1": {
            "yes": 131072,
            "no": 0,
            "undecided": 0,
            "unknown": 131072,
            "pyes": 0.9191605599999279,
            "pno": 0.0,
            "pundecided": 0.0,
            "punknown": 0.08083943999998976,
            "time": 11.474288940429688,
            "percY": 343597383.68,
            "percN": 0.0,
            "percU": 0.0,
            "percUNK": 343597383.68,
            "l": 0.9191605599999279,
            "u": 1.0,
            "flag": "INTEREST"
        },
        "a_6": {
            "yes": 65536,
            "no": 0,
            "undecided": 196608,
            "unknown": 0,
            "pyes": 0.022526581951999435,
            "pno": 0.0,
            "pundecided": 0.9774734180478861,
            "punknown": 0.0,
            "time": 11.539985418319702,
            "percY": 171798691.84,
            "percN": 0.0,
            "percU": 515396075.52,
            "percUNK": 0.0,
            "l": 0.022526581951999435,
            "u": 1.0
        },
        "a_8": {
            "yes": 65536,
            "no": 65536,
            "undecided": 131072,
            "unknown": 0,
            "pyes": 0.0018437028479999715,
            "pno": 0.022526581951999435,
            "pundecided": 0.9756297151999592,
            "punknown": 0.0,
            "time": 11.533909320831299,
            "percY": 171798691.84,
            "percN": 171798691.84,
            "percU": 343597383.68,
            "percUNK": 0.0,
            "l": 0.0018437028479999715,
            "u": 0.9774734180480006
        }
    },
    "data": {
        "n_samples": 262144,
        "time": 170.1607346534729,
        "repeated_worlds": 0,
        "repeated_progs": 261888,
        "unique_progs": 256
    }
}