{
    "status": {
        "d_16": {
            "yes": 276,
            "no": 0,
            "undecided": 457,
            "unknown": 15,
            "pyes": 0.12056440196247836,
            "pno": 0.0,
            "pundecided": 0.8476528434517927,
            "punknown": 0.0006592455041094094,
            "time": 17.696667194366455,
            "percY": 36175.32,
            "percN": 0.0,
            "percU": 59898.99,
            "percUNK": 1966.05,
            "l": 0.12056440196247836,
            "u": 1.0
        },
        "a_6": {
            "yes": 374,
            "no": 0,
            "undecided": 329,
            "unknown": 45,
            "pyes": 0.733269840856251,
            "pno": 0.0,
            "pundecided": 0.22007514441175013,
            "punknown": 0.015531505650379656,
            "time": 17.66067099571228,
            "percY": 49020.18,
            "percN": 0.0,
            "percU": 43122.03,
            "percUNK": 5898.15,
            "l": 0.733269840856251,
            "u": 1.0,
            "flag": "INTEREST"
        },
        "a_9": {
            "yes": 346,
            "no": 124,
            "undecided": 270,
            "unknown": 8,
            "pyes": 0.7266378525599098,
            "pno": 0.0690258584171332,
            "pundecided": 0.17247397894277622,
            "punknown": 0.0007388009985617902,
            "time": 17.695122957229614,
            "percY": 45350.22,
            "percN": 16252.68,
            "percU": 35388.9,
            "percUNK": 1048.56,
            "l": 0.7266378525599098,
            "u": 0.9309741415828668,
            "flag": "INTEREST"
        }
    },
    "data": {
        "n_samples": 13107,
        "time": 54.298344373703,
        "repeated_worlds": 12359,
        "repeated_progs": 12639,
        "unique_progs": 468
    }
}