{
    "status": {
        "a_1": {
            "yes": 215,
            "no": 0,
            "undecided": 0,
            "unknown": 603,
            "pyes": 0.09734196871352484,
            "pno": 0.0,
            "pundecided": 0.0,
            "punknown": 0.8695864725552709,
            "time": 16.316899299621582,
            "percY": 28180.05,
            "percN": 0.0,
            "percU": 0.0,
            "percUNK": 79035.21,
            "l": 0.09734196871352484,
            "u": 1.0
        },
        "a_7": {
            "yes": 242,
            "no": 9,
            "undecided": 565,
            "unknown": 2,
            "pyes": 0.1568263092895323,
            "pno": 0.003569166581890268,
            "pundecided": 0.8065277958203496,
            "punknown": 5.169577023100408e-06,
            "time": 16.345228672027588,
            "percY": 31718.94,
            "percN": 1179.63,
            "percU": 74054.55,
            "percUNK": 262.14,
            "l": 0.1568263092895323,
            "u": 0.9964308334181098
        },
        "a_8": {
            "yes": 161,
            "no": 230,
            "undecided": 427,
            "unknown": 0,
            "pyes": 0.08961025001219107,
            "pno": 0.1516718050530965,
            "pundecided": 0.7256463862035076,
            "punknown": 0.0,
            "time": 16.43516731262207,
            "percY": 21102.27,
            "percN": 30146.1,
            "percU": 55966.89,
            "percUNK": 0.0,
            "l": 0.08961025001219107,
            "u": 0.8483281949469035
        }
    },
    "data": {
        "n_samples": 13107,
        "time": 50.34228587150574,
        "repeated_worlds": 12289,
        "repeated_progs": 12674,
        "unique_progs": 433
    }
}