{
    "status": {
        "d_12": {
            "yes": 158,
            "no": 0,
            "undecided": 0,
            "unknown": 517,
            "pyes": 0.0555273203376835,
            "pno": 0.0,
            "pundecided": 0.0,
            "punknown": 0.9177112636139096,
            "time": 13.631278276443481,
            "percY": 20709.06,
            "percN": 0.0,
            "percU": 0.0,
            "percUNK": 67763.19,
            "l": 0.0555273203376835,
            "u": 1.0
        },
        "a_6": {
            "yes": 341,
            "no": 0,
            "undecided": 285,
            "unknown": 49,
            "pyes": 0.7344925148882461,
            "pno": 0.0,
            "pundecided": 0.22981152225216225,
            "punknown": 0.008934546811184925,
            "time": 13.626562356948853,
            "percY": 44694.87,
            "percN": 0.0,
            "percU": 37354.95,
            "percUNK": 6422.43,
            "l": 0.7344925148882461,
            "u": 1.0,
            "flag": "INTEREST"
        },
        "~a_7": {
            "yes": 0,
            "no": 19,
            "undecided": 656,
            "unknown": 0,
            "pyes": 0.0,
            "pno": 0.004655472143097516,
            "pundecided": 0.9685831118084955,
            "punknown": 0.0,
            "time": 13.748342037200928,
            "percY": 0.0,
            "percN": 2490.33,
            "percU": 85981.92,
            "percUNK": 0.0,
            "l": 0.0,
            "u": 0.9953445278569025
        }
    },
    "data": {
        "n_samples": 13107,
        "time": 42.06966471672058,
        "repeated_worlds": 12432,
        "repeated_progs": 12741,
        "unique_progs": 366
    }
}