{
    "status": {
        "a_1": {
            "yes": 429,
            "no": 0,
            "undecided": 0,
            "unknown": 2,
            "pyes": 0.9854379477973855,
            "pno": 0.0,
            "pundecided": 0.0,
            "punknown": 0.00018875533853162388,
            "time": 6.624536514282227,
            "percY": 56229.03,
            "percN": 0.0,
            "percU": 0.0,
            "percUNK": 262.14,
            "l": 0.9854379477973855,
            "u": 1.0,
            "flag": "INTEREST"
        },
        "a_7": {
            "yes": 272,
            "no": 47,
            "undecided": 108,
            "unknown": 4,
            "pyes": 0.8825412140240154,
            "pno": 0.010903249878815205,
            "pundecided": 0.09189421491505632,
            "punknown": 0.0002880243180304754,
            "time": 6.696710824966431,
            "percY": 35651.04,
            "percN": 6160.29,
            "percU": 14155.56,
            "percUNK": 524.28,
            "l": 0.8825412140240154,
            "u": 0.9890967501211848,
            "flag": "INTEREST"
        },
        "~a_7": {
            "yes": 47,
            "no": 272,
            "undecided": 108,
            "unknown": 4,
            "pyes": 0.010903249878815205,
            "pno": 0.8825412140240154,
            "pundecided": 0.09189421491505632,
            "punknown": 0.0002880243180304754,
            "time": 6.674328088760376,
            "percY": 6160.29,
            "percN": 35651.04,
            "percU": 14155.56,
            "percUNK": 524.28,
            "l": 0.010903249878815205,
            "u": 0.11745878597598458,
            "flag": "INTEREST"
        }
    },
    "data": {
        "n_samples": 13107,
        "time": 20.59228754043579,
        "repeated_worlds": 12676,
        "repeated_progs": 12931,
        "unique_progs": 176
    }
}