{
    "status": {
        "~a_3": {
            "yes": 45,
            "no": 0,
            "undecided": 0,
            "unknown": 725,
            "pyes": 0.004428598384347034,
            "pno": 0.0,
            "pundecided": 0.0,
            "punknown": 0.9626262622076608,
            "time": 4.3180975914001465,
            "percY": 5898.15,
            "percN": 0.0,
            "percU": 0.0,
            "percUNK": 95025.75,
            "l": 0.004428598384347034,
            "u": 1.0
        },
        "a_6": {
            "yes": 14,
            "no": 0,
            "undecided": 344,
            "unknown": 412,
            "pyes": 0.0025771324535800925,
            "pno": 0.0,
            "pundecided": 0.13916989822424305,
            "punknown": 0.8253078299141842,
            "time": 4.281295537948608,
            "percY": 1834.98,
            "percN": 0.0,
            "percU": 45088.08,
            "percUNK": 54000.84,
            "l": 0.0025771324535800925,
            "u": 1.0
        },
        "a_7": {
            "yes": 472,
            "no": 0,
            "undecided": 137,
            "unknown": 161,
            "pyes": 0.8232143593533697,
            "pno": 0.0,
            "pundecided": 0.07284880953820398,
            "punknown": 0.07099169170043387,
            "time": 4.36794114112854,
            "percY": 61865.04,
            "percN": 0.0,
            "percU": 17956.59,
            "percUNK": 21102.27,
            "l": 0.8232143593533697,
            "u": 1.0,
            "flag": "INTEREST"
        }
    },
    "data": {
        "n_samples": 13107,
        "time": 13.64220142364502,
        "repeated_worlds": 12337,
        "repeated_progs": 12993,
        "unique_progs": 114
    }
}