{
    "status": {
        "d_11": {
            "yes": 127,
            "no": 0,
            "undecided": 420,
            "unknown": 107,
            "pyes": 0.04684069809087573,
            "pno": 0.0,
            "pundecided": 0.8314991718366443,
            "punknown": 0.09779841485926316,
            "time": 17.71139168739319,
            "percY": 16645.89,
            "percN": 0.0,
            "percU": 55049.4,
            "percUNK": 14024.49,
            "l": 0.04684069809087573,
            "u": 1.0
        },
        "a_8": {
            "yes": 35,
            "no": 17,
            "undecided": 602,
            "unknown": 0,
            "pyes": 0.011072002971655474,
            "pno": 0.001577887501108143,
            "pundecided": 0.9634883943140201,
            "punknown": 0.0,
            "time": 17.856594562530518,
            "percY": 4587.45,
            "percN": 2228.19,
            "percU": 78904.14,
            "percUNK": 0.0,
            "l": 0.011072002971655474,
            "u": 0.9984221124988919
        }
    },
    "data": {
        "n_samples": 13107,
        "time": 36.73691201210022,
        "repeated_worlds": 12453,
        "repeated_progs": 12639,
        "unique_progs": 468
    }
}