{
    "status": {
        "a_2": {
            "yes": 65,
            "no": 0,
            "undecided": 544,
            "unknown": 0,
            "pyes": 0.059575482597477754,
            "pno": 0.0,
            "pundecided": 0.9184302254898602,
            "punknown": 0.0,
            "time": 10.489118814468384,
            "percY": 8519.55,
            "percN": 0.0,
            "percU": 71302.08,
            "percUNK": 0.0,
            "l": 0.059575482597477754,
            "u": 1.0
        },
        "a_5": {
            "yes": 159,
            "no": 0,
            "undecided": 433,
            "unknown": 17,
            "pyes": 0.06869394752906186,
            "pno": 0.0,
            "pundecided": 0.9057470805151894,
            "punknown": 0.003564680043086886,
            "time": 10.51816463470459,
            "percY": 20840.13,
            "percN": 0.0,
            "percU": 56753.31,
            "percUNK": 2228.19,
            "l": 0.06869394752906186,
            "u": 1.0
        },
        "~a_8": {
            "yes": 155,
            "no": 97,
            "undecided": 357,
            "unknown": 0,
            "pyes": 0.06260672728806756,
            "pno": 0.05234612083146975,
            "pundecided": 0.8630528599678011,
            "punknown": 0.0,
            "time": 10.519574642181396,
            "percY": 20315.85,
            "percN": 12713.79,
            "percU": 46791.99,
            "percUNK": 0.0,
            "l": 0.06260672728806756,
            "u": 0.9476538791685303
        }
    },
    "data": {
        "n_samples": 13107,
        "time": 32.4504714012146,
        "repeated_worlds": 12498,
        "repeated_progs": 12830,
        "unique_progs": 277
    }
}