{
    "status": {
        "~d_15": {
            "yes": 336,
            "no": 0,
            "undecided": 10,
            "unknown": 250,
            "pyes": 0.1897742609267932,
            "pno": 0.0,
            "pundecided": 0.004844333291169229,
            "punknown": 0.7824198622489993,
            "time": 9.090479612350464,
            "percY": 44039.52,
            "percN": 0.0,
            "percU": 1310.7,
            "percUNK": 32767.5,
            "l": 0.1897742609267932,
            "u": 1.0
        },
        "a_8": {
            "yes": 35,
            "no": 0,
            "undecided": 561,
            "unknown": 0,
            "pyes": 0.005611863566768221,
            "pno": 0.0,
            "pundecided": 0.9714265929001934,
            "punknown": 0.0,
            "time": 9.110734701156616,
            "percY": 4587.45,
            "percN": 0.0,
            "percU": 73530.27,
            "percUNK": 0.0,
            "l": 0.005611863566768221,
            "u": 1.0
        },
        "~a_8": {
            "yes": 0,
            "no": 35,
            "undecided": 561,
            "unknown": 0,
            "pyes": 0.0,
            "pno": 0.005611863566768221,
            "pundecided": 0.9714265929001934,
            "punknown": 0.0,
            "time": 9.014007329940796,
            "percY": 0.0,
            "percN": 4587.45,
            "percU": 73530.27,
            "percUNK": 0.0,
            "l": 0.0,
            "u": 0.9943881364332318
        }
    },
    "data": {
        "n_samples": 13107,
        "time": 28.050578117370605,
        "repeated_worlds": 12511,
        "repeated_progs": 12867,
        "unique_progs": 240
    }
}