{
    "status": {
        "a_0": {
            "yes": 491,
            "no": 0,
            "undecided": 0,
            "unknown": 2,
            "pyes": 0.9808684809223469,
            "pno": 0.0,
            "pundecided": 0.0,
            "punknown": 5.226382901815815e-05,
            "time": 9.974299192428589,
            "percY": 64355.37,
            "percN": 0.0,
            "percU": 0.0,
            "percUNK": 262.14,
            "l": 0.9808684809223469,
            "u": 1.0,
            "flag": "INTEREST"
        },
        "a_7": {
            "yes": 146,
            "no": 0,
            "undecided": 343,
            "unknown": 4,
            "pyes": 0.09481769466824905,
            "pno": 0.0,
            "pundecided": 0.8859078016293541,
            "punknown": 0.00019524845376202342,
            "time": 9.982348680496216,
            "percY": 19136.22,
            "percN": 0.0,
            "percU": 44957.01,
            "percUNK": 524.28,
            "l": 0.09481769466824905,
            "u": 1.0
        },
        "a_8": {
            "yes": 102,
            "no": 14,
            "undecided": 333,
            "unknown": 44,
            "pyes": 0.0845905442871383,
            "pno": 0.00228709703691273,
            "pundecided": 0.8476180559736758,
            "punknown": 0.04642504745363824,
            "time": 9.939865112304688,
            "percY": 13369.14,
            "percN": 1834.98,
            "percU": 43646.31,
            "percUNK": 5767.08,
            "l": 0.0845905442871383,
            "u": 0.9977129029630872
        }
    },
    "data": {
        "n_samples": 13107,
        "time": 30.65823197364807,
        "repeated_worlds": 12614,
        "repeated_progs": 12842,
        "unique_progs": 265
    }
}