{
    "status": {
        "~a_3": {
            "yes": 103,
            "no": 0,
            "undecided": 0,
            "unknown": 719,
            "pyes": 0.06919596553667708,
            "pno": 0.0,
            "pundecided": 0.0,
            "punknown": 0.8973668029229912,
            "time": 15.340675354003906,
            "percY": 13500.21,
            "percN": 0.0,
            "percU": 0.0,
            "percUNK": 94239.33,
            "l": 0.06919596553667708,
            "u": 1.0
        },
        "a_5": {
            "yes": 740,
            "no": 0,
            "undecided": 80,
            "unknown": 2,
            "pyes": 0.9434591535275048,
            "pno": 0.0,
            "pundecided": 0.023097769433524602,
            "punknown": 5.845498638653769e-06,
            "time": 15.512707710266113,
            "percY": 96991.8,
            "percN": 0.0,
            "percU": 10485.6,
            "percUNK": 262.14,
            "l": 0.9434591535275048,
            "u": 1.0,
            "flag": "INTEREST"
        },
        "a_7": {
            "yes": 61,
            "no": 106,
            "undecided": 643,
            "unknown": 12,
            "pyes": 0.024045500525940018,
            "pno": 0.05046017872971115,
            "pundecided": 0.8913050843096026,
            "punknown": 0.0007520048944139155,
            "time": 15.572315216064453,
            "percY": 7995.27,
            "percN": 13893.42,
            "percU": 84278.01,
            "percUNK": 1572.84,
            "l": 0.024045500525940018,
            "u": 0.9495398212702888
        }
    },
    "data": {
        "n_samples": 13107,
        "time": 47.70994758605957,
        "repeated_worlds": 12285,
        "repeated_progs": 12705,
        "unique_progs": 402
    }
}