{
    "status": {
        "~a_1": {
            "yes": 511,
            "no": 0,
            "undecided": 12,
            "unknown": 62,
            "pyes": 0.9530009714156433,
            "pno": 0.0,
            "pundecided": 0.0018160689060166167,
            "punknown": 0.02474134014148864,
            "time": 12.723138570785522,
            "percY": 66976.77,
            "percN": 0.0,
            "percU": 1572.84,
            "percUNK": 8126.34,
            "l": 0.9530009714156433,
            "u": 1.0,
            "flag": "INTEREST"
        },
        "a_6": {
            "yes": 134,
            "no": 0,
            "undecided": 12,
            "unknown": 439,
            "pyes": 0.08099994716731888,
            "pno": 0.0,
            "pundecided": 0.0018160689060166167,
            "punknown": 0.8967423643898131,
            "time": 12.710882663726807,
            "percY": 17563.38,
            "percN": 0.0,
            "percU": 1572.84,
            "percUNK": 57539.73,
            "l": 0.08099994716731888,
            "u": 1.0
        },
        "~a_9": {
            "yes": 456,
            "no": 10,
            "undecided": 113,
            "unknown": 6,
            "pyes": 0.8859242680693424,
            "pno": 0.0016336011574216045,
            "pundecided": 0.08996293486106861,
            "punknown": 0.002037576375315602,
            "time": 12.834205865859985,
            "percY": 59767.92,
            "percN": 1310.7,
            "percU": 14810.91,
            "percUNK": 786.42,
            "l": 0.8859242680693424,
            "u": 0.9983663988425784,
            "flag": "INTEREST"
        }
    },
    "data": {
        "n_samples": 13107,
        "time": 39.246392250061035,
        "repeated_worlds": 12522,
        "repeated_progs": 12769,
        "unique_progs": 338
    }
}