{
    "status": {
        "d_17": {
            "yes": 559,
            "no": 0,
            "undecided": 230,
            "unknown": 4,
            "pyes": 0.8798662806666284,
            "pno": 0.0,
            "pundecided": 0.09065675123154363,
            "punknown": 0.00018942898399049523,
            "time": 16.289420127868652,
            "percY": 73268.13,
            "percN": 0.0,
            "percU": 30146.1,
            "percUNK": 524.28,
            "l": 0.8798662806666284,
            "u": 1.0,
            "flag": "INTEREST"
        },
        "a_7": {
            "yes": 16,
            "no": 0,
            "undecided": 777,
            "unknown": 0,
            "pyes": 0.001076094064314688,
            "pno": 0.0,
            "pundecided": 0.9696363668178476,
            "punknown": 0.0,
            "time": 16.36730647087097,
            "percY": 2097.12,
            "percN": 0.0,
            "percU": 101841.39,
            "percUNK": 0.0,
            "l": 0.001076094064314688,
            "u": 1.0
        }
    },
    "data": {
        "n_samples": 13107,
        "time": 33.92729187011719,
        "repeated_worlds": 12314,
        "repeated_progs": 12678,
        "unique_progs": 429
    }
}