{
    "status": {
        "d_13": {
            "yes": 473,
            "no": 0,
            "undecided": 113,
            "unknown": 12,
            "pyes": 0.8857284966029781,
            "pno": 0.0,
            "pundecided": 0.08930380526804542,
            "punknown": 0.0008441905108869106,
            "time": 7.985366344451904,
            "percY": 61996.11,
            "percN": 0.0,
            "percU": 14810.91,
            "percUNK": 1572.84,
            "l": 0.8857284966029781,
            "u": 1.0,
            "flag": "INTEREST"
        },
        "a_9": {
            "yes": 529,
            "no": 32,
            "undecided": 37,
            "unknown": 0,
            "pyes": 0.9655091531074139,
            "pno": 0.002531835815014598,
            "pundecided": 0.00783550345948198,
            "punknown": 0.0,
            "time": 8.079204320907593,
            "percY": 69336.03,
            "percN": 4194.24,
            "percU": 4849.59,
            "percUNK": 0.0,
            "l": 0.9655091531074139,
            "u": 0.9974681641849854,
            "flag": "INTEREST"
        },
        "~a_9": {
            "yes": 32,
            "no": 529,
            "undecided": 37,
            "unknown": 0,
            "pyes": 0.002531835815014598,
            "pno": 0.9655091531074139,
            "pundecided": 0.00783550345948198,
            "punknown": 0.0,
            "time": 8.042259216308594,
            "percY": 4194.24,
            "percN": 69336.03,
            "percU": 4849.59,
            "percUNK": 0.0,
            "l": 0.002531835815014598,
            "u": 0.03449084689258608,
            "flag": "INTEREST"
        }
    },
    "data": {
        "n_samples": 13107,
        "time": 24.860372066497803,
        "repeated_worlds": 12509,
        "repeated_progs": 12898,
        "unique_progs": 209
    }
}