{
    "status": {
        "d_10": {
            "yes": 763,
            "no": 0,
            "undecided": 1,
            "unknown": 24,
            "pyes": 0.9689352738924268,
            "pno": 0.0,
            "pundecided": 7.874029898872072e-06,
            "punknown": 0.0019376453797316153,
            "time": 15.364553213119507,
            "percY": 100006.41,
            "percN": 0.0,
            "percU": 131.07,
            "percUNK": 3145.68,
            "l": 0.9689352738924268,
            "u": 1.0,
            "flag": "INTEREST"
        },
        "a_6": {
            "yes": 115,
            "no": 0,
            "undecided": 122,
            "unknown": 551,
            "pyes": 0.07243692853903823,
            "pno": 0.0,
            "pundecided": 0.04554365189389022,
            "punknown": 0.8529002128691293,
            "time": 15.283964395523071,
            "percY": 15073.05,
            "percN": 0.0,
            "percU": 15990.54,
            "percUNK": 72219.57,
            "l": 0.07243692853903823,
            "u": 1.0
        },
        "~a_8": {
            "yes": 12,
            "no": 92,
            "undecided": 684,
            "unknown": 0,
            "pyes": 0.0014628637073215377,
            "pno": 0.03892333292668147,
            "pundecided": 0.9304945966680537,
            "punknown": 0.0,
            "time": 15.274601221084595,
            "percY": 1572.84,
            "percN": 12058.44,
            "percU": 89651.88,
            "percUNK": 0.0,
            "l": 0.0014628637073215377,
            "u": 0.9610766670733185
        }
    },
    "data": {
        "n_samples": 13107,
        "time": 47.21640229225159,
        "repeated_worlds": 12319,
        "repeated_progs": 12705,
        "unique_progs": 402
    }
}