{
    "status": {
        "~d_11": {
            "yes": 581,
            "no": 0,
            "undecided": 19,
            "unknown": 19,
            "pyes": 0.9717839177071309,
            "pno": 0.0,
            "pundecided": 0.0010931897020547354,
            "punknown": 0.0049102781499165025,
            "time": 9.76815152168274,
            "percY": 76151.67,
            "percN": 0.0,
            "percU": 2490.33,
            "percUNK": 2490.33,
            "l": 0.9717839177071309,
            "u": 1.0,
            "flag": "INTEREST"
        },
        "~a_8": {
            "yes": 313,
            "no": 212,
            "undecided": 94,
            "unknown": 0,
            "pyes": 0.17162729832655302,
            "pno": 0.7530181816595901,
            "pundecided": 0.05314190557295904,
            "punknown": 0.0,
            "time": 10.40632677078247,
            "percY": 41024.91,
            "percN": 27786.84,
            "percU": 12320.58,
            "percUNK": 0.0,
            "l": 0.17162729832655302,
            "u": 0.2469818183404099,
            "flag": "INTEREST"
        },
        "a_8": {
            "yes": 212,
            "no": 313,
            "undecided": 94,
            "unknown": 0,
            "pyes": 0.7530181816595901,
            "pno": 0.17162729832655302,
            "pundecided": 0.05314190557295904,
            "punknown": 0.0,
            "time": 10.40430998802185,
            "percY": 27786.84,
            "percN": 41024.91,
            "percU": 12320.58,
            "percUNK": 0.0,
            "l": 0.7530181816595901,
            "u": 0.828372701673447,
            "flag": "INTEREST"
        }
    },
    "data": {
        "n_samples": 13107,
        "time": 31.459856033325195,
        "repeated_worlds": 12488,
        "repeated_progs": 12851,
        "unique_progs": 256
    }
}