{
    "status": {
        "d_13": {
            "yes": 498,
            "no": 0,
            "undecided": 0,
            "unknown": 0,
            "pyes": 0.9815940362650329,
            "pno": 0.0,
            "pundecided": 0.0,
            "punknown": 0.0,
            "time": 8.88005805015564,
            "percY": 65272.86,
            "percN": 0.0,
            "percU": 0.0,
            "percUNK": 0.0,
            "l": 0.9815940362650329,
            "u": 1.0,
            "flag": "INTEREST"
        },
        "a_5": {
            "yes": 441,
            "no": 0,
            "undecided": 21,
            "unknown": 36,
            "pyes": 0.9735402023677997,
            "pno": 0.0,
            "pundecided": 0.002877477352430534,
            "punknown": 0.005176356544802813,
            "time": 8.931575298309326,
            "percY": 57801.87,
            "percN": 0.0,
            "percU": 2752.47,
            "percUNK": 4718.52,
            "l": 0.9735402023677997,
            "u": 1.0,
            "flag": "INTEREST"
        },
        "~a_7": {
            "yes": 177,
            "no": 306,
            "undecided": 15,
            "unknown": 0,
            "pyes": 0.1205643120673263,
            "pno": 0.8605031910097792,
            "pundecided": 0.000526533187927299,
            "punknown": 0.0,
            "time": 8.84095287322998,
            "percY": 23199.39,
            "percN": 40107.42,
            "percU": 1966.05,
            "percUNK": 0.0,
            "l": 0.1205643120673263,
            "u": 0.13949680899022077,
            "flag": "INTEREST"
        }
    },
    "data": {
        "n_samples": 13107,
        "time": 27.3646399974823,
        "repeated_worlds": 12609,
        "repeated_progs": 12874,
        "unique_progs": 233
    }
}