{
    "status": {
        "a_0": {
            "yes": 85,
            "no": 0,
            "undecided": 502,
            "unknown": 91,
            "pyes": 0.0418645186654652,
            "pno": 0.0,
            "pundecided": 0.904135592395847,
            "punknown": 0.028637269469393094,
            "time": 8.174067258834839,
            "percY": 11140.95,
            "percN": 0.0,
            "percU": 65797.14,
            "percUNK": 11927.37,
            "l": 0.0418645186654652,
            "u": 1.0
        },
        "a_9": {
            "yes": 202,
            "no": 1,
            "undecided": 475,
            "unknown": 0,
            "pyes": 0.11021416055472272,
            "pno": 1.9137411156828547e-05,
            "pundecided": 0.8644040825648261,
            "punknown": 0.0,
            "time": 8.148890256881714,
            "percY": 26476.14,
            "percN": 131.07,
            "percU": 62258.25,
            "percUNK": 0.0,
            "l": 0.11021416055472272,
            "u": 0.9999808625888432
        },
        "~a_9": {
            "yes": 1,
            "no": 202,
            "undecided": 475,
            "unknown": 0,
            "pyes": 1.9137411156828547e-05,
            "pno": 0.11021416055472272,
            "pundecided": 0.8644040825648261,
            "punknown": 0.0,
            "time": 8.111032962799072,
            "percY": 131.07,
            "percN": 26476.14,
            "percU": 62258.25,
            "percUNK": 0.0,
            "l": 1.9137411156828547e-05,
            "u": 0.8897858394452773
        }
    },
    "data": {
        "n_samples": 13107,
        "time": 25.234339237213135,
        "repeated_worlds": 12429,
        "repeated_progs": 12891,
        "unique_progs": 216
    }
}