{
    "status": {
        "d_10": {
            "yes": 575,
            "no": 0,
            "undecided": 13,
            "unknown": 13,
            "pyes": 0.9781583180608745,
            "pno": 0.0,
            "pundecided": 0.0012851709273570646,
            "punknown": 0.0005588594808378365,
            "time": 11.104273796081543,
            "percY": 75365.25,
            "percN": 0.0,
            "percU": 1703.91,
            "percUNK": 1703.91,
            "l": 0.9781583180608745,
            "u": 1.0,
            "flag": "INTEREST"
        },
        "a_6": {
            "yes": 320,
            "no": 0,
            "undecided": 271,
            "unknown": 10,
            "pyes": 0.7796596738529996,
            "pno": 0.0,
            "pundecided": 0.19979135387255148,
            "punknown": 0.0005513207435184443,
            "time": 11.13034176826477,
            "percY": 41942.4,
            "percN": 0.0,
            "percU": 35519.97,
            "percUNK": 1310.7,
            "l": 0.7796596738529996,
            "u": 1.0,
            "flag": "INTEREST"
        },
        "~a_8": {
            "yes": 226,
            "no": 169,
            "undecided": 115,
            "unknown": 91,
            "pyes": 0.24568156352623505,
            "pno": 0.14591289051096687,
            "pundecided": 0.019461858237683097,
            "punknown": 0.568946036194185,
            "time": 11.3523530960083,
            "percY": 29621.82,
            "percN": 22150.83,
            "percU": 15073.05,
            "percUNK": 11927.37,
            "l": 0.24568156352623505,
            "u": 0.8540871094890331
        }
    },
    "data": {
        "n_samples": 13107,
        "time": 34.49622297286987,
        "repeated_worlds": 12506,
        "repeated_progs": 12810,
        "unique_progs": 297
    }
}