{
    "status": {
        "~d_16": {
            "yes": 205,
            "no": 0,
            "undecided": 567,
            "unknown": 15,
            "pyes": 0.061282681623552965,
            "pno": 0.0,
            "pundecided": 0.9031319297651242,
            "punknown": 0.001864463409066723,
            "time": 15.974127292633057,
            "percY": 26869.35,
            "percN": 0.0,
            "percU": 74316.69,
            "percUNK": 1966.05,
            "l": 0.061282681623552965,
            "u": 1.0
        },
        "a_5": {
            "yes": 434,
            "no": 0,
            "undecided": 207,
            "unknown": 146,
            "pyes": 0.8413039088897057,
            "pno": 0.0,
            "pundecided": 0.08832458768448948,
            "punknown": 0.03665057822354942,
            "time": 16.0807785987854,
            "percY": 56884.38,
            "percN": 0.0,
            "percU": 27131.49,
            "percUNK": 19136.22,
            "l": 0.8413039088897057,
            "u": 1.0,
            "flag": "INTEREST"
        },
        "~a_7": {
            "yes": 27,
            "no": 646,
            "undecided": 113,
            "unknown": 1,
            "pyes": 0.0014482690943474247,
            "pno": 0.9439241315641356,
            "pundecided": 0.020813830474549558,
            "punknown": 9.284366471146463e-05,
            "time": 16.82849621772766,
            "percY": 3538.89,
            "percN": 84671.22,
            "percU": 14810.91,
            "percUNK": 131.07,
            "l": 0.0014482690943474247,
            "u": 0.05607586843586443,
            "flag": "INTEREST"
        }
    },
    "data": {
        "n_samples": 13107,
        "time": 50.13884949684143,
        "repeated_worlds": 12320,
        "repeated_progs": 12687,
        "unique_progs": 420
    }
}