{
    "status": {
        "d_18": {
            "yes": 40,
            "no": 0,
            "undecided": 116,
            "unknown": 627,
            "pyes": 0.007979170740548306,
            "pno": 0.0,
            "pundecided": 0.05102872136939739,
            "punknown": 0.908817155512003,
            "time": 21.40283203125,
            "percY": 5242.8,
            "percN": 0.0,
            "percU": 15204.12,
            "percUNK": 82180.89,
            "l": 0.007979170740548306,
            "u": 1.0
        },
        "~a_7": {
            "yes": 0,
            "no": 1,
            "undecided": 782,
            "unknown": 0,
            "pyes": 0.0,
            "pno": 4.525060972154393e-05,
            "pundecided": 0.9677797970122274,
            "punknown": 0.0,
            "time": 21.408078908920288,
            "percY": 0.0,
            "percN": 131.07,
            "percU": 102496.74,
            "percUNK": 0.0,
            "l": 0.0,
            "u": 0.9999547493902785
        }
    },
    "data": {
        "n_samples": 13107,
        "time": 44.198086738586426,
        "repeated_worlds": 12324,
        "repeated_progs": 12537,
        "unique_progs": 570
    }
}