{
    "status": {
        "d_14": {
            "yes": 500,
            "no": 0,
            "undecided": 25,
            "unknown": 170,
            "pyes": 0.844149213343778,
            "pno": 0.0,
            "pundecided": 0.003470892342224253,
            "punknown": 0.1217837341094695,
            "time": 20.499452352523804,
            "percY": 65535.0,
            "percN": 0.0,
            "percU": 3276.75,
            "percUNK": 22281.9,
            "l": 0.844149213343778,
            "u": 1.0,
            "flag": "INTEREST"
        },
        "a_6": {
            "yes": 322,
            "no": 0,
            "undecided": 373,
            "unknown": 0,
            "pyes": 0.7962244331502741,
            "pno": 0.0,
            "pundecided": 0.17317940664519746,
            "punknown": 0.0,
            "time": 20.350714921951294,
            "percY": 42204.54,
            "percN": 0.0,
            "percU": 48889.11,
            "percUNK": 0.0,
            "l": 0.7962244331502741,
            "u": 1.0,
            "flag": "INTEREST"
        },
        "a_8": {
            "yes": 139,
            "no": 13,
            "undecided": 543,
            "unknown": 0,
            "pyes": 0.09254264762680442,
            "pno": 0.002946947885709451,
            "pundecided": 0.8739142442829579,
            "punknown": 0.0,
            "time": 20.46768355369568,
            "percY": 18218.73,
            "percN": 1703.91,
            "percU": 71171.01,
            "percUNK": 0.0,
            "l": 0.09254264762680442,
            "u": 0.9970530521142905
        }
    },
    "data": {
        "n_samples": 13107,
        "time": 62.621253967285156,
        "repeated_worlds": 12412,
        "repeated_progs": 12563,
        "unique_progs": 544
    }
}