{
    "status": {
        "d_17": {
            "yes": 535,
            "no": 0,
            "undecided": 0,
            "unknown": 62,
            "pyes": 0.922861739150961,
            "pno": 0.0,
            "pundecided": 0.0,
            "punknown": 0.053848622765916336,
            "time": 16.567522764205933,
            "percY": 70122.45,
            "percN": 0.0,
            "percU": 0.0,
            "percUNK": 8126.34,
            "l": 0.922861739150961,
            "u": 1.0,
            "flag": "INTEREST"
        },
        "~a_7": {
            "yes": 122,
            "no": 5,
            "undecided": 404,
            "unknown": 66,
            "pyes": 0.026521579262220454,
            "pno": 0.00013459382520286076,
            "pundecided": 0.8910527712425002,
            "punknown": 0.05900141758695399,
            "time": 16.548049926757812,
            "percY": 15990.54,
            "percN": 655.35,
            "percU": 52952.28,
            "percUNK": 8650.62,
            "l": 0.026521579262220454,
            "u": 0.9998654061747971
        }
    },
    "data": {
        "n_samples": 13107,
        "time": 34.105520486831665,
        "repeated_worlds": 12510,
        "repeated_progs": 12660,
        "unique_progs": 447
    }
}