{
    "status": {
        "~d_45": {
            "yes": 336,
            "no": 0,
            "undecided": 32,
            "unknown": 28,
            "pyes": 0.06161300786785345,
            "pno": 0.0,
            "pundecided": 0.00010539804667171235,
            "punknown": 7.758870860482559e-08,
            "time": 11.476109027862549,
            "percY": 685.44,
            "percN": 0.0,
            "percU": 65.28,
            "percUNK": 57.12,
            "l": 0.06161300786785345,
            "u": 1.0
        },
        "a_19": {
            "yes": 168,
            "no": 68,
            "undecided": 160,
            "unknown": 0,
            "pyes": 0.001108031203378504,
            "pno": 0.0002585043488080549,
            "pundecided": 0.06035194795104723,
            "punknown": 0.0,
            "time": 13.458667755126953,
            "percY": 342.72,
            "percN": 138.72,
            "percU": 326.4,
            "percUNK": 0.0,
            "l": 0.001108031203378504,
            "u": 0.999741495651192
        },
        "~a_19": {
            "yes": 68,
            "no": 168,
            "undecided": 160,
            "unknown": 0,
            "pyes": 0.0002585043488080549,
            "pno": 0.001108031203378504,
            "pundecided": 0.06035194795104723,
            "punknown": 0.0,
            "time": 13.819296836853027,
            "percY": 138.72,
            "percN": 342.72,
            "percU": 326.4,
            "percUNK": 0.0,
            "l": 0.0002585043488080549,
            "u": 0.9988919687966215
        }
    },
    "data": {
        "n_samples": 204,
        "time": 126.98669004440308,
        "repeated_programs": 6,
        "inconsistent_programs": 0,
        "worlds_consulted": 198
    }
}