{
    "status": {
        "d_11": {
            "yes": 340,
            "no": 0,
            "undecided": 280,
            "unknown": 4,
            "pyes": 0.160501394918658,
            "pno": 0.0,
            "pundecided": 0.008139855231652744,
            "punknown": 3.091757068533786e-07,
            "time": 14.001940965652466,
            "percY": 1390.6,
            "percN": 0.0,
            "percU": 1145.2,
            "percUNK": 16.36,
            "l": 0.160501394918658,
            "u": 1.0
        },
        "~a_8": {
            "yes": 167,
            "no": 142,
            "undecided": 315,
            "unknown": 0,
            "pyes": 0.05932997451935358,
            "pno": 0.054561688143562125,
            "pundecided": 0.054749896663101746,
            "punknown": 0.0,
            "time": 14.273189783096313,
            "percY": 683.03,
            "percN": 580.78,
            "percU": 1288.35,
            "percUNK": 0.0,
            "l": 0.05932997451935358,
            "u": 0.9454383118564379
        },
        "a_7": {
            "yes": 201,
            "no": 108,
            "undecided": 315,
            "unknown": 0,
            "pyes": 0.031582561341712924,
            "pno": 0.08230910132120278,
            "pundecided": 0.054749896663101746,
            "punknown": 0.0,
            "time": 14.27688980102539,
            "percY": 822.09,
            "percN": 441.72,
            "percU": 1288.35,
            "percUNK": 0.0,
            "l": 0.031582561341712924,
            "u": 0.9176908986787973
        }
    },
    "data": {
        "n_samples": 409,
        "time": 27.503238677978516,
        "repeated_programs": 41,
        "inconsistent_programs": 112,
        "worlds_consulted": 239
    }
}