{
    "status": {
        "a_4": {
            "yes": 300,
            "no": 0,
            "undecided": 286,
            "unknown": 0,
            "pyes": 0.2358684241740319,
            "pno": 0.0,
            "pundecided": 0.08402852728574797,
            "punknown": 0.0,
            "time": 13.204198837280273,
            "percY": 1227.0,
            "percN": 0.0,
            "percU": 1169.74,
            "percUNK": 0.0,
            "l": 0.2358684241740319,
            "u": 1.0
        },
        "a_8": {
            "yes": 157,
            "no": 106,
            "undecided": 323,
            "unknown": 0,
            "pyes": 0.17349893316334544,
            "pno": 0.041656943095336116,
            "pundecided": 0.10474107520109802,
            "punknown": 0.0,
            "time": 13.438133239746094,
            "percY": 642.13,
            "percN": 433.54,
            "percU": 1321.07,
            "percUNK": 0.0,
            "l": 0.17349893316334544,
            "u": 0.9583430569046639
        },
        "~a_7": {
            "yes": 125,
            "no": 138,
            "undecided": 320,
            "unknown": 3,
            "pyes": 0.20216056653695874,
            "pno": 0.012995309721722808,
            "pundecided": 0.1041628973831592,
            "punknown": 0.0005781778179388157,
            "time": 13.483907222747803,
            "percY": 511.25,
            "percN": 564.42,
            "percU": 1308.8,
            "percUNK": 12.27,
            "l": 0.20216056653695874,
            "u": 0.9870046902782772
        }
    },
    "data": {
        "n_samples": 409,
        "time": 27.50647497177124,
        "repeated_programs": 42,
        "inconsistent_programs": 148,
        "worlds_consulted": 212
    }
}