{
    "status": {
        "~d_16": {
            "yes": 80,
            "no": 0,
            "undecided": 58,
            "unknown": 5,
            "pyes": 0.13130491074601558,
            "pno": 0.0,
            "pundecided": 0.06965929984616127,
            "punknown": 0.0003199729488270353,
            "time": 4.262702465057373,
            "percY": 81.6,
            "percN": 0.0,
            "percU": 59.16,
            "percUNK": 5.1,
            "l": 0.13130491074601558,
            "u": 1.0
        },
        "a_5": {
            "yes": 75,
            "no": 0,
            "undecided": 68,
            "unknown": 0,
            "pyes": 0.01615194066837365,
            "pno": 0.0,
            "pundecided": 0.1851322428726303,
            "punknown": 0.0,
            "time": 4.245676755905151,
            "percY": 76.5,
            "percN": 0.0,
            "percU": 69.36,
            "percUNK": 0.0,
            "l": 0.01615194066837365,
            "u": 1.0
        },
        "a_8": {
            "yes": 34,
            "no": 41,
            "undecided": 68,
            "unknown": 0,
            "pyes": 0.006452685004363148,
            "pno": 0.009699255664010503,
            "pundecided": 0.1851322428726303,
            "punknown": 0.0,
            "time": 4.375771760940552,
            "percY": 34.68,
            "percN": 41.82,
            "percU": 69.36,
            "percUNK": 0.0,
            "l": 0.006452685004363148,
            "u": 0.9903007443359895
        }
    },
    "data": {
        "n_samples": 102,
        "time": 8.904757261276245,
        "repeated_programs": 11,
        "inconsistent_programs": 39,
        "worlds_consulted": 51
    }
}