{
    "status": {
        "a_1": {
            "yes": 137,
            "no": 0,
            "undecided": 0,
            "unknown": 0,
            "pyes": 0.26169810997288334,
            "pno": 0.0,
            "pundecided": 0.0,
            "punknown": 0.0,
            "time": 4.187487363815308,
            "percY": 139.74,
            "percN": 0.0,
            "percU": 0.0,
            "percUNK": 0.0,
            "l": 0.26169810997288334,
            "u": 1.0
        },
        "~a_8": {
            "yes": 68,
            "no": 65,
            "undecided": 0,
            "unknown": 4,
            "pyes": 0.011336039434889086,
            "pno": 0.24983503672617227,
            "pundecided": 0.0,
            "punknown": 0.000527033811822057,
            "time": 4.411216497421265,
            "percY": 69.36,
            "percN": 66.3,
            "percU": 0.0,
            "percUNK": 4.08,
            "l": 0.011336039434889086,
            "u": 0.7501649632738278
        },
        "~a_7": {
            "yes": 75,
            "no": 58,
            "undecided": 0,
            "unknown": 4,
            "pyes": 0.03992479463336881,
            "pno": 0.2212462815276925,
            "pundecided": 0.0,
            "punknown": 0.000527033811822057,
            "time": 4.370119571685791,
            "percY": 76.5,
            "percN": 59.16,
            "percU": 0.0,
            "percUNK": 4.08,
            "l": 0.03992479463336881,
            "u": 0.7787537184723075
        }
    },
    "data": {
        "n_samples": 102,
        "time": 9.042762517929077,
        "repeated_programs": 13,
        "inconsistent_programs": 41,
        "worlds_consulted": 48
    }
}