{
    "status": {
        "d_19": {
            "yes": 585,
            "no": 0,
            "undecided": 487,
            "unknown": 68,
            "pyes": 0.03525073824257324,
            "pno": 0.0,
            "pundecided": 0.11486016239506205,
            "punknown": 0.0,
            "time": 34.71134376525879,
            "percY": 4791.15,
            "percN": 0.0,
            "percU": 3988.53,
            "percUNK": 556.92,
            "l": 0.03525073824257324,
            "u": 1.0
        },
        "a_6": {
            "yes": 664,
            "no": 0,
            "undecided": 474,
            "unknown": 2,
            "pyes": 0.1384182809802219,
            "pno": 0.0,
            "pundecided": 0.011691445953335681,
            "punknown": 1.173704077594128e-06,
            "time": 34.45612692832947,
            "percY": 5438.16,
            "percN": 0.0,
            "percU": 3882.06,
            "percUNK": 16.38,
            "l": 0.1384182809802219,
            "u": 1.0
        },
        "a_8": {
            "yes": 523,
            "no": 226,
            "undecided": 388,
            "unknown": 3,
            "pyes": 0.012442055491287683,
            "pno": 0.02280750904720795,
            "pundecided": 0.11486016239506205,
            "punknown": 1.173704077594128e-06,
            "time": 35.15865612030029,
            "percY": 4283.37,
            "percN": 1850.94,
            "percU": 3177.72,
            "percUNK": 24.57,
            "l": 0.012442055491287683,
            "u": 0.977192490952792
        }
    },
    "data": {
        "n_samples": 819,
        "time": 76.48901772499084,
        "repeated_programs": 65,
        "inconsistent_programs": 368,
        "worlds_consulted": 384
    }
}