{
    "status": {
        "d_11": {
            "yes": 61,
            "no": 0,
            "undecided": 73,
            "unknown": 4,
            "pyes": 0.07103901618519597,
            "pno": 0.0,
            "pundecided": 0.3030193525788551,
            "punknown": 0.0,
            "time": 3.871603012084961,
            "percY": 62.22,
            "percN": 0.0,
            "percU": 74.46,
            "percUNK": 4.08,
            "l": 0.07103901618519597,
            "u": 1.0
        },
        "a_8": {
            "yes": 57,
            "no": 0,
            "undecided": 79,
            "unknown": 2,
            "pyes": 0.05705276011510889,
            "pno": 0.0,
            "pundecided": 0.3030193525788551,
            "punknown": 0.013986256070087067,
            "time": 3.9434492588043213,
            "percY": 58.14,
            "percN": 0.0,
            "percU": 80.58,
            "percUNK": 2.04,
            "l": 0.05705276011510889,
            "u": 1.0
        },
        "~a_7": {
            "yes": 23,
            "no": 34,
            "undecided": 79,
            "unknown": 2,
            "pyes": 0.005198698384982899,
            "pno": 0.05185406173012598,
            "pundecided": 0.3030193525788551,
            "punknown": 0.013986256070087067,
            "time": 4.005378484725952,
            "percY": 23.46,
            "percN": 34.68,
            "percU": 80.58,
            "percUNK": 2.04,
            "l": 0.005198698384982899,
            "u": 0.948145938269874
        }
    },
    "data": {
        "n_samples": 102,
        "time": 8.59827208518982,
        "repeated_programs": 10,
        "inconsistent_programs": 46,
        "worlds_consulted": 46
    }
}