{
    "status": {
        "d_15": {
            "yes": 521,
            "no": 0,
            "undecided": 568,
            "unknown": 4,
            "pyes": 0.04370741287777418,
            "pno": 0.0,
            "pundecided": 0.004543009670315454,
            "punknown": 0.0,
            "time": 29.664329767227173,
            "percY": 4266.99,
            "percN": 0.0,
            "percU": 4651.92,
            "percUNK": 32.76,
            "l": 0.04370741287777418,
            "u": 1.0
        },
        "~a_6": {
            "yes": 540,
            "no": 0,
            "undecided": 553,
            "unknown": 0,
            "pyes": 0.01488634047642311,
            "pno": 0.0,
            "pundecided": 0.03336408207166656,
            "punknown": 0.0,
            "time": 29.55827236175537,
            "percY": 4422.6,
            "percN": 0.0,
            "percU": 4529.07,
            "percUNK": 0.0,
            "l": 0.01488634047642311,
            "u": 1.0
        },
        "~a_7": {
            "yes": 1093,
            "no": 0,
            "undecided": 0,
            "unknown": 0,
            "pyes": 0.0482504225480897,
            "pno": 0.0,
            "pundecided": 0.0,
            "punknown": 0.0,
            "time": 30.36513876914978,
            "percY": 8951.67,
            "percN": 0.0,
            "percU": 0.0,
            "percUNK": 0.0,
            "l": 0.0482504225480897,
            "u": 1.0
        }
    },
    "data": {
        "n_samples": 819,
        "time": 67.93300366401672,
        "repeated_programs": 78,
        "inconsistent_programs": 389,
        "worlds_consulted": 352
    }
}