{
    "status": {
        "d_17": {
            "yes": 72,
            "no": 0,
            "undecided": 0,
            "unknown": 10,
            "pyes": 0.011835258666783692,
            "pno": 0.0,
            "pundecided": 0.0,
            "punknown": 8.542176237746592e-08,
            "time": 2.597543954849243,
            "percY": 35.28,
            "percN": 0.0,
            "percU": 0.0,
            "percUNK": 4.9,
            "l": 0.011835258666783692,
            "u": 1.0
        },
        "~a_6": {
            "yes": 52,
            "no": 0,
            "undecided": 0,
            "unknown": 30,
            "pyes": 4.0703020353241024e-05,
            "pno": 0.0,
            "pundecided": 0.0,
            "punknown": 0.011794641068192828,
            "time": 2.6385245323181152,
            "percY": 25.48,
            "percN": 0.0,
            "percU": 0.0,
            "percUNK": 14.7,
            "l": 4.0703020353241024e-05,
            "u": 1.0
        },
        "~a_8": {
            "yes": 24,
            "no": 0,
            "undecided": 58,
            "unknown": 0,
            "pyes": 9.613526827434377e-06,
            "pno": 0.0,
            "pundecided": 0.011825730561718635,
            "punknown": 0.0,
            "time": 2.686119556427002,
            "percY": 11.76,
            "percN": 0.0,
            "percU": 28.42,
            "percUNK": 0.0,
            "l": 9.613526827434377e-06,
            "u": 1.0
        }
    },
    "data": {
        "n_samples": 49,
        "time": 5.103951930999756,
        "repeated_programs": 3,
        "inconsistent_programs": 10,
        "worlds_consulted": 265
    }
}