{
    "status": {
        "a_3": {
            "yes": 29,
            "no": 0,
            "undecided": 6,
            "unknown": 0,
            "pyes": 0.0181367727956792,
            "pno": 0.0,
            "pundecided": 0.007485418969227357,
            "punknown": 0.0,
            "time": 1.083406925201416,
            "percY": 6.09,
            "percN": 0.0,
            "percU": 1.26,
            "percUNK": 0.0,
            "l": 0.0181367727956792,
            "u": 1.0
        },
        "a_5": {
            "yes": 26,
            "no": 0,
            "undecided": 0,
            "unknown": 9,
            "pyes": 0.02458641547575158,
            "pno": 0.0,
            "pundecided": 0.0,
            "punknown": 0.0010357762891549764,
            "time": 1.003321647644043,
            "percY": 5.46,
            "percN": 0.0,
            "percU": 0.0,
            "percUNK": 1.89,
            "l": 0.02458641547575158,
            "u": 1.0
        },
        "~a_7": {
            "yes": 10,
            "no": 18,
            "undecided": 7,
            "unknown": 0,
            "pyes": 4.9585871084696264e-05,
            "pno": 0.018087186924594503,
            "pundecided": 0.007485418969227357,
            "punknown": 0.0,
            "time": 1.1244444847106934,
            "percY": 2.1,
            "percN": 3.78,
            "percU": 1.47,
            "percUNK": 0.0,
            "l": 4.9585871084696264e-05,
            "u": 0.9819128130754055
        }
    },
    "data": {
        "n_samples": 21,
        "time": 2.4775304794311523,
        "repeated_programs": 1,
        "inconsistent_programs": 5,
        "worlds_consulted": 438
    }
}