{
    "status": {
        "~d_18": {
            "yes": 70,
            "no": 0,
            "undecided": 32,
            "unknown": 0,
            "pyes": 0.007580658575419395,
            "pno": 0.0,
            "pundecided": 0.0002083782948834357,
            "punknown": 0.0,
            "time": 3.2438926696777344,
            "percY": 37.8,
            "percN": 0.0,
            "percU": 17.28,
            "percUNK": 0.0,
            "l": 0.007580658575419395,
            "u": 1.0
        },
        "a_7": {
            "yes": 38,
            "no": 4,
            "undecided": 60,
            "unknown": 0,
            "pyes": 0.0007155362787372287,
            "pno": 3.15219063898637e-06,
            "pundecided": 0.0070703484009266146,
            "punknown": 0.0,
            "time": 3.3943281173706055,
            "percY": 20.52,
            "percN": 2.16,
            "percU": 32.4,
            "percUNK": 0.0,
            "l": 0.0007155362787372287,
            "u": 0.999996847809361
        },
        "~a_7": {
            "yes": 4,
            "no": 38,
            "undecided": 60,
            "unknown": 0,
            "pyes": 3.15219063898637e-06,
            "pno": 0.0007155362787372287,
            "pundecided": 0.0070703484009266146,
            "punknown": 0.0,
            "time": 3.3434395790100098,
            "percY": 2.16,
            "percN": 20.52,
            "percU": 32.4,
            "percUNK": 0.0,
            "l": 3.15219063898637e-06,
            "u": 0.9992844637212628
        }
    },
    "data": {
        "n_samples": 54,
        "time": 6.458581924438477,
        "repeated_programs": 3,
        "inconsistent_programs": 0,
        "worlds_consulted": 922
    }
}