{
    "status": {
        "d_11": {
            "yes": 46,
            "no": 0,
            "undecided": 0,
            "unknown": 0,
            "pyes": 0.09434504696019982,
            "pno": 0.0,
            "pundecided": 0.0,
            "punknown": 0.0,
            "time": 1.489480972290039,
            "percY": 10.58,
            "percN": 0.0,
            "percU": 0.0,
            "percUNK": 0.0,
            "l": 0.09434504696019982,
            "u": 1.0
        },
        "a_7": {
            "yes": 6,
            "no": 8,
            "undecided": 32,
            "unknown": 0,
            "pyes": 0.04073741064540144,
            "pno": 0.04533259410139083,
            "pundecided": 0.008275042213407543,
            "punknown": 0.0,
            "time": 1.5033612251281738,
            "percY": 1.38,
            "percN": 1.84,
            "percU": 7.36,
            "percUNK": 0.0,
            "l": 0.04073741064540144,
            "u": 0.9546674058986092
        },
        "~a_7": {
            "yes": 8,
            "no": 6,
            "undecided": 32,
            "unknown": 0,
            "pyes": 0.04533259410139083,
            "pno": 0.04073741064540144,
            "pundecided": 0.008275042213407543,
            "punknown": 0.0,
            "time": 1.496535301208496,
            "percY": 1.84,
            "percN": 1.38,
            "percU": 7.36,
            "percUNK": 0.0,
            "l": 0.04533259410139083,
            "u": 0.9592625893545985
        }
    },
    "data": {
        "n_samples": 23,
        "time": 3.7910280227661133,
        "repeated_programs": 0,
        "inconsistent_programs": 0,
        "worlds_consulted": 1196
    }
}