{
    "status": {
        "~d_12": {
            "yes": 40,
            "no": 0,
            "undecided": 8,
            "unknown": 0,
            "pyes": 0.11897107210896035,
            "pno": 0.0,
            "pundecided": 0.1056805691200246,
            "punknown": 0.0,
            "time": 1.392672061920166,
            "percY": 12.4,
            "percN": 0.0,
            "percU": 2.48,
            "percUNK": 0.0,
            "l": 0.11897107210896035,
            "u": 1.0
        },
        "a_7": {
            "yes": 40,
            "no": 0,
            "undecided": 2,
            "unknown": 6,
            "pyes": 0.2246516381212632,
            "pno": 0.0,
            "pundecided": 0.0,
            "punknown": 3.1077217571870214e-09,
            "time": 1.4499168395996094,
            "percY": 12.4,
            "percN": 0.0,
            "percU": 0.62,
            "percUNK": 1.86,
            "l": 0.2246516381212632,
            "u": 1.0
        },
        "~a_9": {
            "yes": 16,
            "no": 25,
            "undecided": 7,
            "unknown": 0,
            "pyes": 0.015449284190941746,
            "pno": 0.10636297653135693,
            "pundecided": 0.10283938050668628,
            "punknown": 0.0,
            "time": 1.627340316772461,
            "percY": 4.96,
            "percN": 7.75,
            "percU": 2.17,
            "percUNK": 0.0,
            "l": 0.015449284190941746,
            "u": 0.893637023468643
        }
    },
    "data": {
        "n_samples": 31,
        "time": 3.5876870155334473,
        "repeated_programs": 1,
        "inconsistent_programs": 12,
        "worlds_consulted": 555
    }
}