{
    "status": {
        "~d_9": {
            "yes": 26,
            "no": 0,
            "undecided": 8,
            "unknown": 0,
            "pyes": 0.024206068245081973,
            "pno": 0.0,
            "pundecided": 0.00046113212968969654,
            "punknown": 0.0,
            "time": 0.7282142639160156,
            "percY": 4.42,
            "percN": 0.0,
            "percU": 1.36,
            "percUNK": 0.0,
            "l": 0.024206068245081973,
            "u": 1.0
        },
        "a_8": {
            "yes": 8,
            "no": 2,
            "undecided": 24,
            "unknown": 0,
            "pyes": 0.023155868431483977,
            "pno": 0.00014298976636500192,
            "pundecided": 0.001368342176922689,
            "punknown": 0.0,
            "time": 0.7704153060913086,
            "percY": 1.36,
            "percN": 0.34,
            "percU": 4.08,
            "percUNK": 0.0,
            "l": 0.023155868431483977,
            "u": 0.999857010233635
        },
        "~a_8": {
            "yes": 2,
            "no": 8,
            "undecided": 24,
            "unknown": 0,
            "pyes": 0.00014298976636500192,
            "pno": 0.023155868431483977,
            "pundecided": 0.001368342176922689,
            "punknown": 0.0,
            "time": 0.7794389724731445,
            "percY": 0.34,
            "percN": 1.36,
            "percU": 4.08,
            "percUNK": 0.0,
            "l": 0.00014298976636500192,
            "u": 0.976844131568516
        }
    },
    "data": {
        "n_samples": 17,
        "time": 1.3905208110809326,
        "repeated_programs": 0,
        "inconsistent_programs": 0,
        "worlds_consulted": 208
    }
}