{
    "status": {
        "~d_18": {
            "yes": 86,
            "no": 0,
            "undecided": 0,
            "unknown": 0,
            "pyes": 0.029084999778635223,
            "pno": 0.0,
            "pundecided": 0.0,
            "punknown": 0.0,
            "time": 1.9906792640686035,
            "percY": 38.7,
            "percN": 0.0,
            "percU": 0.0,
            "percUNK": 0.0,
            "l": 0.029084999778635223,
            "u": 1.0
        },
        "a_6": {
            "yes": 86,
            "no": 0,
            "undecided": 0,
            "unknown": 0,
            "pyes": 0.029084999778635223,
            "pno": 0.0,
            "pundecided": 0.0,
            "punknown": 0.0,
            "time": 1.9656414985656738,
            "percY": 38.7,
            "percN": 0.0,
            "percU": 0.0,
            "percUNK": 0.0,
            "l": 0.029084999778635223,
            "u": 1.0
        },
        "a_9": {
            "yes": 82,
            "no": 4,
            "undecided": 0,
            "unknown": 0,
            "pyes": 0.029084996212908668,
            "pno": 3.565726552329735e-09,
            "pundecided": 0.0,
            "punknown": 0.0,
            "time": 1.9731760025024414,
            "percY": 36.9,
            "percN": 1.8,
            "percU": 0.0,
            "percUNK": 0.0,
            "l": 0.029084996212908668,
            "u": 0.9999999964342734
        }
    },
    "data": {
        "n_samples": 45,
        "time": 3.6795156002044678,
        "repeated_programs": 2,
        "inconsistent_programs": 0,
        "worlds_consulted": 637
    }
}