{
    "status": {
        "~d_14": {
            "yes": 34,
            "no": 0,
            "undecided": 0,
            "unknown": 0,
            "pyes": 0.05483965571900439,
            "pno": 0.0,
            "pundecided": 0.0,
            "punknown": 0.0,
            "time": 0.9821419715881348,
            "percY": 7.14,
            "percN": 0.0,
            "percU": 0.0,
            "percUNK": 0.0,
            "l": 0.05483965571900439,
            "u": 1.0
        },
        "a_7": {
            "yes": 8,
            "no": 7,
            "undecided": 19,
            "unknown": 0,
            "pyes": 1.8738319094120917e-05,
            "pno": 1.5258421149903917e-06,
            "pundecided": 0.054819391557795284,
            "punknown": 0.0,
            "time": 1.0249724388122559,
            "percY": 1.68,
            "percN": 1.47,
            "percU": 3.99,
            "percUNK": 0.0,
            "l": 1.8738319094120917e-05,
            "u": 0.999998474157885
        }
    },
    "data": {
        "n_samples": 21,
        "time": 1.2780513763427734,
        "repeated_programs": 3,
        "inconsistent_programs": 2,
        "worlds_consulted": 68
    }
}