{
    "status": {
        "a_3": {
            "yes": 24,
            "no": 0,
            "undecided": 38,
            "unknown": 0,
            "pyes": 0.028336767056133107,
            "pno": 0.0,
            "pundecided": 0.10613427729868352,
            "punknown": 0.0,
            "time": 1.6582427024841309,
            "percY": 8.16,
            "percN": 0.0,
            "percU": 12.92,
            "percUNK": 0.0,
            "l": 0.028336767056133107,
            "u": 1.0
        },
        "a_6": {
            "yes": 24,
            "no": 0,
            "undecided": 38,
            "unknown": 0,
            "pyes": 0.028336767056133107,
            "pno": 0.0,
            "pundecided": 0.10613427729868352,
            "punknown": 0.0,
            "time": 1.6790885925292969,
            "percY": 8.16,
            "percN": 0.0,
            "percU": 12.92,
            "percUNK": 0.0,
            "l": 0.028336767056133107,
            "u": 1.0
        },
        "a_7": {
            "yes": 24,
            "no": 0,
            "undecided": 38,
            "unknown": 0,
            "pyes": 0.028336767056133107,
            "pno": 0.0,
            "pundecided": 0.10613427729868352,
            "punknown": 0.0,
            "time": 1.6513657569885254,
            "percY": 8.16,
            "percN": 0.0,
            "percU": 12.92,
            "percUNK": 0.0,
            "l": 0.028336767056133107,
            "u": 1.0
        }
    },
    "data": {
        "n_samples": 34,
        "time": 3.499458074569702,
        "repeated_programs": 3,
        "inconsistent_programs": 0,
        "worlds_consulted": 850
    }
}