{
    "status": {
        "d_9": {
            "yes": 110,
            "no": 0,
            "undecided": 0,
            "unknown": 0,
            "pyes": 0.002679454252210756,
            "pno": 0.0,
            "pundecided": 0.0,
            "punknown": 0.0,
            "time": 3.115921974182129,
            "percY": 62.7,
            "percN": 0.0,
            "percU": 0.0,
            "percUNK": 0.0,
            "l": 0.002679454252210756,
            "u": 1.0
        },
        "~a_8": {
            "yes": 76,
            "no": 2,
            "undecided": 32,
            "unknown": 0,
            "pyes": 0.002637260945812866,
            "pno": 4.203811695766358e-05,
            "pundecided": 1.5518944022702456e-07,
            "punknown": 0.0,
            "time": 3.0577359199523926,
            "percY": 43.32,
            "percN": 1.14,
            "percU": 18.24,
            "percUNK": 0.0,
            "l": 0.002637260945812866,
            "u": 0.9999579618830423
        }
    },
    "data": {
        "n_samples": 57,
        "time": 4.426786422729492,
        "repeated_programs": 2,
        "inconsistent_programs": 0,
        "worlds_consulted": 885
    }
}