{
    "status": {
        "d_17": {
            "yes": 43,
            "no": 0,
            "undecided": 0,
            "unknown": 0,
            "pyes": 2.4187158295048128e-05,
            "pno": 0.0,
            "pundecided": 0.0,
            "punknown": 0.0,
            "time": 1.194674015045166,
            "percY": 12.04,
            "percN": 0.0,
            "percU": 0.0,
            "percUNK": 0.0,
            "l": 2.4187158295048128e-05,
            "u": 1.0
        },
        "a_5": {
            "yes": 28,
            "no": 0,
            "undecided": 15,
            "unknown": 0,
            "pyes": 2.1401718032268538e-05,
            "pno": 0.0,
            "pundecided": 2.7854402627795856e-06,
            "punknown": 0.0,
            "time": 1.1687288284301758,
            "percY": 7.84,
            "percN": 0.0,
            "percU": 4.2,
            "percUNK": 0.0,
            "l": 2.1401718032268538e-05,
            "u": 1.0
        },
        "a_9": {
            "yes": 18,
            "no": 10,
            "undecided": 15,
            "unknown": 0,
            "pyes": 2.1240988743141242e-05,
            "pno": 1.6072928912729605e-07,
            "pundecided": 2.7854402627795856e-06,
            "punknown": 0.0,
            "time": 1.1899244785308838,
            "percY": 5.04,
            "percN": 2.8,
            "percU": 4.2,
            "percUNK": 0.0,
            "l": 2.1240988743141242e-05,
            "u": 0.9999998392707109
        }
    },
    "data": {
        "n_samples": 28,
        "time": 2.559995412826538,
        "repeated_programs": 0,
        "inconsistent_programs": 13,
        "worlds_consulted": 88
    }
}