{
    "status": {
        "a_9": {
            "yes": 128,
            "no": 0,
            "undecided": 154,
            "unknown": 0,
            "pyes": 0.017135986781046764,
            "pno": 0.0,
            "pundecided": 0.0002302804549346013,
            "punknown": 0.0,
            "time": 8.175257205963135,
            "percY": 186.88,
            "percN": 0.0,
            "percU": 224.84,
            "percUNK": 0.0,
            "l": 0.017135986781046764,
            "u": 1.0
        },
        "~a_7": {
            "yes": 146,
            "no": 26,
            "undecided": 110,
            "unknown": 0,
            "pyes": 0.013757691394585953,
            "pno": 0.00017967431002303052,
            "pundecided": 0.003428901531372396,
            "punknown": 0.0,
            "time": 8.156063556671143,
            "percY": 213.16,
            "percN": 37.96,
            "percU": 160.6,
            "percUNK": 0.0,
            "l": 0.013757691394585953,
            "u": 0.9998203256899769
        },
        "~a_8": {
            "yes": 20,
            "no": 108,
            "undecided": 154,
            "unknown": 0,
            "pyes": 3.4982841251150445e-05,
            "pno": 0.017101003939795613,
            "pundecided": 0.0002302804549346013,
            "punknown": 0.0,
            "time": 8.404403686523438,
            "percY": 29.2,
            "percN": 157.68,
            "percU": 224.84,
            "percUNK": 0.0,
            "l": 3.4982841251150445e-05,
            "u": 0.9828989960602044
        }
    },
    "data": {
        "n_samples": 146,
        "time": 16.991003274917603,
        "repeated_programs": 5,
        "inconsistent_programs": 0,
        "worlds_consulted": 2606
    }
}