{
    "status": {
        "d_11": {
            "yes": 4,
            "no": 0,
            "undecided": 0,
            "unknown": 0,
            "pyes": 0.23320768141404014,
            "pno": 0.0,
            "pundecided": 0.0,
            "punknown": 0.0,
            "time": 0.12273836135864258,
            "percY": 0.08,
            "percN": 0.0,
            "percU": 0.0,
            "percUNK": 0.0,
            "l": 0.23320768141404014,
            "u": 1.0
        },
        "~a_6": {
            "yes": 4,
            "no": 0,
            "undecided": 0,
            "unknown": 0,
            "pyes": 0.23320768141404014,
            "pno": 0.0,
            "pundecided": 0.0,
            "punknown": 0.0,
            "time": 0.11165285110473633,
            "percY": 0.08,
            "percN": 0.0,
            "percU": 0.0,
            "percUNK": 0.0,
            "l": 0.23320768141404014,
            "u": 1.0
        },
        "~a_7": {
            "yes": 0,
            "no": 4,
            "undecided": 0,
            "unknown": 0,
            "pyes": 0.0,
            "pno": 0.23320768141404014,
            "pundecided": 0.0,
            "punknown": 0.0,
            "time": 0.09900951385498047,
            "percY": 0.0,
            "percN": 0.08,
            "percU": 0.0,
            "percUNK": 0.0,
            "l": 0.0,
            "u": 0.7667923185859599
        }
    },
    "data": {
        "n_samples": 2,
        "time": 0.25310420989990234,
        "repeated_programs": 0,
        "inconsistent_programs": 0,
        "worlds_consulted": 90
    }
}