{
    "status": {
        "~a_4": {
            "yes": 52,
            "no": 0,
            "undecided": 0,
            "unknown": 19,
            "pyes": 0.13665935663313442,
            "pno": 0.0,
            "pundecided": 0.0,
            "punknown": 1.2399794738927046,
            "time": 1.7979750633239746,
            "percY": 21.32,
            "percN": 0.0,
            "percU": 0.0,
            "percUNK": 7.79,
            "l": 0.13665935663313442,
            "u": 1.0
        },
        "~a_9": {
            "yes": 39,
            "no": 18,
            "undecided": 14,
            "unknown": 0,
            "pyes": 0.11730988969657723,
            "pno": 0.003772805713565993,
            "pundecided": 1.255556135115696,
            "punknown": 0.0,
            "time": 1.7312147617340088,
            "percY": 15.99,
            "percN": 7.38,
            "percU": 5.74,
            "percUNK": 0.0,
            "l": 0.11730988969657723,
            "u": 0.996227194286434
        },
        "~a_7": {
            "yes": 29,
            "no": 5,
            "undecided": 37,
            "unknown": 0,
            "pyes": 0.0034955001698064037,
            "pno": 0.0,
            "pundecided": 1.373143330356033,
            "punknown": 0.0,
            "time": 1.834667682647705,
            "percY": 11.89,
            "percN": 2.05,
            "percU": 15.17,
            "percUNK": 0.0,
            "l": 0.0034955001698064037,
            "u": 1.0
        }
    },
    "data": {
        "n_samples": 41,
        "time": 5.445005416870117,
        "repeated_programs": 1,
        "inconsistent_programs": 9,
        "worlds_consulted": 2418
    }
}