{
    "status": {
        "a_2": {
            "yes": 206,
            "no": 0,
            "undecided": 6,
            "unknown": 0,
            "pyes": 0.0012055706841509152,
            "pno": 0.0,
            "pundecided": 2.225248134674804e-06,
            "punknown": 0.0,
            "time": 6.801018714904785,
            "percY": 224.54,
            "percN": 0.0,
            "percU": 6.54,
            "percUNK": 0.0,
            "l": 0.0012055706841509152,
            "u": 1.0
        },
        "~a_5": {
            "yes": 116,
            "no": 0,
            "undecided": 96,
            "unknown": 0,
            "pyes": 0.0011261451849323835,
            "pno": 0.0,
            "pundecided": 8.165074735320662e-05,
            "punknown": 0.0,
            "time": 6.777029037475586,
            "percY": 126.44,
            "percN": 0.0,
            "percU": 104.64,
            "percUNK": 0.0,
            "l": 0.0011261451849323835,
            "u": 1.0
        },
        "a_8": {
            "yes": 130,
            "no": 70,
            "undecided": 12,
            "unknown": 0,
            "pyes": 0.0008104686286412188,
            "pno": 0.0003821493690448847,
            "pundecided": 1.5177934599486219e-05,
            "punknown": 0.0,
            "time": 7.2107062339782715,
            "percY": 141.7,
            "percN": 76.3,
            "percU": 13.08,
            "percUNK": 0.0,
            "l": 0.0008104686286412188,
            "u": 0.9996178506309551
        }
    },
    "data": {
        "n_samples": 109,
        "time": 13.015570163726807,
        "repeated_programs": 3,
        "inconsistent_programs": 0,
        "worlds_consulted": 1109
    }
}