{
    "status": {
        "~a_1": {
            "yes": 14,
            "no": 0,
            "undecided": 0,
            "unknown": 30,
            "pyes": 3.7922406924900216e-05,
            "pno": 0.0,
            "pundecided": 0.0,
            "punknown": 0.03517864184482631,
            "time": 1.5180435180664062,
            "percY": 3.5,
            "percN": 0.0,
            "percU": 0.0,
            "percUNK": 7.5,
            "l": 3.7922406924900216e-05,
            "u": 1.0
        },
        "a_9": {
            "yes": 20,
            "no": 12,
            "undecided": 12,
            "unknown": 0,
            "pyes": 0.008568471833499926,
            "pno": 0.026590172598735494,
            "pundecided": 5.7919819515796715e-05,
            "punknown": 0.0,
            "time": 1.6483769416809082,
            "percY": 5.0,
            "percN": 3.0,
            "percU": 3.0,
            "percUNK": 0.0,
            "l": 0.008568471833499926,
            "u": 0.9734098274012645
        }
    },
    "data": {
        "n_samples": 25,
        "time": 2.125103235244751,
        "repeated_programs": 3,
        "inconsistent_programs": 0,
        "worlds_consulted": 241
    }
}