{
    "status": {
        "d_19": {
            "yes": 45,
            "no": 0,
            "undecided": 234,
            "unknown": 0,
            "pyes": 0.0,
            "pno": 0.0,
            "pundecided": 1.1071312794693684,
            "punknown": 0.0,
            "time": 8.257222652435303,
            "percY": 91.8,
            "percN": 0.0,
            "percU": 477.36,
            "percUNK": 0.0,
            "l": 0.0,
            "u": 1.0
        },
        "~a_13": {
            "yes": 201,
            "no": 0,
            "undecided": 78,
            "unknown": 0,
            "pyes": 1.1033939406605289,
            "pno": 0.0,
            "pundecided": 0.003737338808839385,
            "punknown": 0.0,
            "time": 8.421960353851318,
            "percY": 410.04,
            "percN": 0.0,
            "percU": 159.12,
            "percUNK": 0.0,
            "l": 1.1033939406605289,
            "u": 1.0,
            "flag": "INTEREST"
        },
        "a_17": {
            "yes": 51,
            "no": 26,
            "undecided": 202,
            "unknown": 0,
            "pyes": 0.0008047912139732177,
            "pno": 1.369131897155904e-05,
            "pundecided": 1.1063127969364237,
            "punknown": 0.0,
            "time": 9.244923114776611,
            "percY": 104.04,
            "percN": 53.04,
            "percU": 412.08,
            "percUNK": 0.0,
            "l": 0.0008047912139732177,
            "u": 0.9999863086810284
        }
    },
    "data": {
        "n_samples": 204,
        "time": 24.21531105041504,
        "repeated_programs": 4,
        "inconsistent_programs": 121,
        "worlds_consulted": 79
    }
}