{
    "status": {
        "~d_59": {
            "yes": 151,
            "no": 0,
            "undecided": 146,
            "unknown": 0,
            "pyes": 0.0001715981489896028,
            "pno": 0.0,
            "pundecided": 9.847025445086912e-05,
            "punknown": 0.0,
            "time": 8.93107008934021,
            "percY": 308.04,
            "percN": 0.0,
            "percU": 297.84,
            "percUNK": 0.0,
            "l": 0.0001715981489896028,
            "u": 1.0
        },
        "~a_19": {
            "yes": 98,
            "no": 44,
            "undecided": 155,
            "unknown": 0,
            "pyes": 0.00016750384570078582,
            "pno": 7.960418661417562e-05,
            "pundecided": 2.296037112551049e-05,
            "punknown": 0.0,
            "time": 10.344123840332031,
            "percY": 199.92,
            "percN": 89.76,
            "percU": 316.2,
            "percUNK": 0.0,
            "l": 0.00016750384570078582,
            "u": 0.9999203958133859
        },
        "~a_16": {
            "yes": 33,
            "no": 101,
            "undecided": 163,
            "unknown": 0,
            "pyes": 4.045272535217087e-08,
            "pno": 4.8887257529206505e-05,
            "pundecided": 0.00022114069318591312,
            "punknown": 0.0,
            "time": 9.685117244720459,
            "percY": 67.32,
            "percN": 206.04,
            "percU": 332.52,
            "percUNK": 0.0,
            "l": 4.045272535217087e-08,
            "u": 0.9999511127424708
        }
    },
    "data": {
        "n_samples": 204,
        "time": 25.878384590148926,
        "repeated_programs": 3,
        "inconsistent_programs": 105,
        "worlds_consulted": 96
    }
}