{
    "status": {
        "d_40": {
            "yes": 138,
            "no": 0,
            "undecided": 163,
            "unknown": 0,
            "pyes": 0.8876182074226608,
            "pno": 0.0,
            "pundecided": 5.393108816011579e-05,
            "punknown": 0.0,
            "time": 9.341463088989258,
            "percY": 281.52,
            "percN": 0.0,
            "percU": 332.52,
            "percUNK": 0.0,
            "l": 0.8876182074226608,
            "u": 1.0,
            "flag": "INTEREST"
        },
        "a_12": {
            "yes": 155,
            "no": 0,
            "undecided": 146,
            "unknown": 0,
            "pyes": 0.8803472815513564,
            "pno": 0.0,
            "pundecided": 0.007324856959464651,
            "punknown": 0.0,
            "time": 9.234866380691528,
            "percY": 316.2,
            "percN": 0.0,
            "percU": 297.84,
            "percUNK": 0.0,
            "l": 0.8803472815513564,
            "u": 1.0,
            "flag": "INTEREST"
        },
        "~a_17": {
            "yes": 109,
            "no": 19,
            "undecided": 173,
            "unknown": 0,
            "pyes": 0.8866046090820198,
            "pno": 1.1603767719421073e-05,
            "pundecided": 0.0010559256610819996,
            "punknown": 0.0,
            "time": 10.288798093795776,
            "percY": 222.36,
            "percN": 38.76,
            "percU": 352.92,
            "percUNK": 0.0,
            "l": 0.8866046090820198,
            "u": 0.9999883962322805,
            "flag": "INTEREST"
        }
    },
    "data": {
        "n_samples": 204,
        "time": 25.340144395828247,
        "repeated_programs": 4,
        "inconsistent_programs": 99,
        "worlds_consulted": 101
    }
}