{
    "status": {
        "a_9": {
            "yes": 193,
            "no": 0,
            "undecided": 0,
            "unknown": 108,
            "pyes": 0.004894777144964016,
            "pno": 0.0,
            "pundecided": 0.0,
            "punknown": 2.0122078045043638e-05,
            "time": 9.455629110336304,
            "percY": 393.72,
            "percN": 0.0,
            "percU": 0.0,
            "percUNK": 220.32,
            "l": 0.004894777144964016,
            "u": 1.0
        },
        "a_13": {
            "yes": 152,
            "no": 0,
            "undecided": 149,
            "unknown": 0,
            "pyes": 6.225680181039454e-05,
            "pno": 0.0,
            "pundecided": 0.004852642421198669,
            "punknown": 0.0,
            "time": 9.330021858215332,
            "percY": 310.08,
            "percN": 0.0,
            "percU": 303.96,
            "percUNK": 0.0,
            "l": 6.225680181039454e-05,
            "u": 1.0
        },
        "~a_14": {
            "yes": 111,
            "no": 8,
            "undecided": 182,
            "unknown": 0,
            "pyes": 5.861940094897002e-05,
            "pno": 0.0,
            "pundecided": 0.0048562798220600925,
            "punknown": 0.0,
            "time": 10.481935024261475,
            "percY": 226.44,
            "percN": 16.32,
            "percU": 371.28,
            "percUNK": 0.0,
            "l": 5.861940094897002e-05,
            "u": 1.0
        }
    },
    "data": {
        "n_samples": 204,
        "time": 24.767619132995605,
        "repeated_programs": 8,
        "inconsistent_programs": 91,
        "worlds_consulted": 105
    }
}