{
    "status": {
        "d_54": {
            "yes": 157,
            "no": 0,
            "undecided": 133,
            "unknown": 0,
            "pyes": 0.05815693854678072,
            "pno": 0.0,
            "pundecided": 0.010001931956242244,
            "punknown": 0.0,
            "time": 8.76481580734253,
            "percY": 320.28,
            "percN": 0.0,
            "percU": 271.32,
            "percUNK": 0.0,
            "l": 0.05815693854678072,
            "u": 1.0
        },
        "a_14": {
            "yes": 203,
            "no": 55,
            "undecided": 32,
            "unknown": 0,
            "pyes": 0.05822244705883409,
            "pno": 1.7903865620461362e-05,
            "pundecided": 0.009918519578568416,
            "punknown": 0.0,
            "time": 9.022958278656006,
            "percY": 414.12,
            "percN": 112.2,
            "percU": 65.28,
            "percUNK": 0.0,
            "l": 0.05822244705883409,
            "u": 0.9999820961343795
        },
        "~a_14": {
            "yes": 55,
            "no": 203,
            "undecided": 32,
            "unknown": 0,
            "pyes": 1.7903865620461362e-05,
            "pno": 0.05822244705883409,
            "pundecided": 0.009918519578568416,
            "punknown": 0.0,
            "time": 9.81835126876831,
            "percY": 112.2,
            "percN": 414.12,
            "percU": 65.28,
            "percUNK": 0.0,
            "l": 1.7903865620461362e-05,
            "u": 0.9417775529411659
        }
    },
    "data": {
        "n_samples": 204,
        "time": 24.200753688812256,
        "repeated_programs": 6,
        "inconsistent_programs": 106,
        "worlds_consulted": 92
    }
}