{
    "status": {
        "d_51": {
            "yes": 55,
            "no": 0,
            "undecided": 232,
            "unknown": 0,
            "pyes": 0.0,
            "pno": 0.0,
            "pundecided": 0.012483716863335999,
            "punknown": 0.0,
            "time": 8.681872129440308,
            "percY": 112.2,
            "percN": 0.0,
            "percU": 473.28,
            "percUNK": 0.0,
            "l": 0.0,
            "u": 1.0
        },
        "a_13": {
            "yes": 287,
            "no": 0,
            "undecided": 0,
            "unknown": 0,
            "pyes": 0.012483716863335999,
            "pno": 0.0,
            "pundecided": 0.0,
            "punknown": 0.0,
            "time": 8.663251876831055,
            "percY": 585.48,
            "percN": 0.0,
            "percU": 0.0,
            "percUNK": 0.0,
            "l": 0.012483716863335999,
            "u": 1.0
        },
        "a_17": {
            "yes": 56,
            "no": 45,
            "undecided": 186,
            "unknown": 0,
            "pyes": 0.0,
            "pno": 0.005533485226144727,
            "pundecided": 0.006950231637191266,
            "punknown": 0.0,
            "time": 9.20222020149231,
            "percY": 114.24,
            "percN": 91.8,
            "percU": 379.44,
            "percUNK": 0.0,
            "l": 0.0,
            "u": 0.9944665147738553
        }
    },
    "data": {
        "n_samples": 204,
        "time": 23.98013973236084,
        "repeated_programs": 5,
        "inconsistent_programs": 111,
        "worlds_consulted": 88
    }
}