{
    "status": {
        "d_61": {
            "yes": 76,
            "no": 0,
            "undecided": 68,
            "unknown": 10,
            "pyes": 0.005725969188986515,
            "pno": 0.0,
            "pundecided": 2.523813754053753e-05,
            "punknown": 0.0,
            "time": 4.5989978313446045,
            "percY": 77.52,
            "percN": 0.0,
            "percU": 69.36,
            "percUNK": 10.2,
            "l": 0.005725969188986515,
            "u": 1.0
        },
        "a_11": {
            "yes": 104,
            "no": 0,
            "undecided": 50,
            "unknown": 0,
            "pyes": 3.43061332182687e-05,
            "pno": 0.0,
            "pundecided": 0.005716901193308786,
            "punknown": 0.0,
            "time": 4.60370397567749,
            "percY": 106.08,
            "percN": 0.0,
            "percU": 51.0,
            "percUNK": 0.0,
            "l": 3.43061332182687e-05,
            "u": 1.0
        },
        "a_14": {
            "yes": 72,
            "no": 32,
            "undecided": 50,
            "unknown": 0,
            "pyes": 2.727729615881106e-05,
            "pno": 7.028837059457662e-06,
            "pundecided": 0.005716901193308786,
            "punknown": 0.0,
            "time": 5.915940761566162,
            "percY": 73.44,
            "percN": 32.64,
            "percU": 51.0,
            "percUNK": 0.0,
            "l": 2.727729615881106e-05,
            "u": 0.9999929711629405
        }
    },
    "data": {
        "n_samples": 102,
        "time": 12.491801023483276,
        "repeated_programs": 2,
        "inconsistent_programs": 46,
        "worlds_consulted": 54
    }
}