{
    "status": {
        "d_33": {
            "yes": 102,
            "no": 0,
            "undecided": 188,
            "unknown": 0,
            "pyes": 0.0,
            "pno": 0.0,
            "pundecided": 0.0002599028352998293,
            "punknown": 0.0,
            "time": 8.906416177749634,
            "percY": 208.08,
            "percN": 0.0,
            "percU": 383.52,
            "percUNK": 0.0,
            "l": 0.0,
            "u": 1.0
        },
        "a_11": {
            "yes": 239,
            "no": 0,
            "undecided": 51,
            "unknown": 0,
            "pyes": 0.0002599028352998293,
            "pno": 0.0,
            "pundecided": 0.0,
            "punknown": 0.0,
            "time": 8.897907018661499,
            "percY": 487.56,
            "percN": 0.0,
            "percU": 104.04,
            "percUNK": 0.0,
            "l": 0.0002599028352998293,
            "u": 1.0
        },
        "~a_14": {
            "yes": 16,
            "no": 223,
            "undecided": 51,
            "unknown": 0,
            "pyes": 0.0,
            "pno": 0.0002599028352998293,
            "pundecided": 0.0,
            "punknown": 0.0,
            "time": 12.226705074310303,
            "percY": 32.64,
            "percN": 454.92,
            "percU": 104.04,
            "percUNK": 0.0,
            "l": 0.0,
            "u": 0.9997400971647001
        }
    },
    "data": {
        "n_samples": 204,
        "time": 27.135009765625,
        "repeated_programs": 8,
        "inconsistent_programs": 102,
        "worlds_consulted": 94
    }
}