{
    "status": {
        "d_51": {
            "yes": 60,
            "no": 0,
            "undecided": 87,
            "unknown": 1,
            "pyes": 0.0008892901221672661,
            "pno": 0.0,
            "pundecided": 8.605407720612176e-05,
            "punknown": 0.0,
            "time": 4.398386716842651,
            "percY": 61.2,
            "percN": 0.0,
            "percU": 88.74,
            "percUNK": 1.02,
            "l": 0.0008892901221672661,
            "u": 1.0
        },
        "a_16": {
            "yes": 47,
            "no": 0,
            "undecided": 101,
            "unknown": 0,
            "pyes": 0.0005998531192790016,
            "pno": 0.0,
            "pundecided": 0.0003754910800943862,
            "punknown": 0.0,
            "time": 4.660483121871948,
            "percY": 47.94,
            "percN": 0.0,
            "percU": 103.02,
            "percUNK": 0.0,
            "l": 0.0005998531192790016,
            "u": 1.0
        },
        "a_15": {
            "yes": 27,
            "no": 13,
            "undecided": 108,
            "unknown": 0,
            "pyes": 4.987395201199321e-06,
            "pno": 1.5151042146240005e-08,
            "pundecided": 0.0009703416531300425,
            "punknown": 0.0,
            "time": 5.116607189178467,
            "percY": 27.54,
            "percN": 13.26,
            "percU": 110.16,
            "percUNK": 0.0,
            "l": 4.987395201199321e-06,
            "u": 0.9999999848489578
        }
    },
    "data": {
        "n_samples": 102,
        "time": 12.145148754119873,
        "repeated_programs": 1,
        "inconsistent_programs": 54,
        "worlds_consulted": 47
    }
}