{
    "status": {
        "d_18": {
            "yes": 152,
            "no": 0,
            "undecided": 146,
            "unknown": 0,
            "pyes": 0.0002756297047058688,
            "pno": 0.0,
            "pundecided": 0.003174152104353162,
            "punknown": 0.0,
            "time": 9.097991466522217,
            "percY": 310.08,
            "percN": 0.0,
            "percU": 297.84,
            "percUNK": 0.0,
            "l": 0.0002756297047058688,
            "u": 1.0
        },
        "a_13": {
            "yes": 155,
            "no": 0,
            "undecided": 143,
            "unknown": 0,
            "pyes": 0.003412844576715497,
            "pno": 0.0,
            "pundecided": 3.6937232343535107e-05,
            "punknown": 0.0,
            "time": 9.104391813278198,
            "percY": 316.2,
            "percN": 0.0,
            "percU": 291.72,
            "percUNK": 0.0,
            "l": 0.003412844576715497,
            "u": 1.0
        },
        "a_15": {
            "yes": 165,
            "no": 85,
            "undecided": 48,
            "unknown": 0,
            "pyes": 0.0031230711131650887,
            "pno": 0.00032671069589394427,
            "pundecided": 0.0,
            "punknown": 0.0,
            "time": 12.090440511703491,
            "percY": 336.6,
            "percN": 173.4,
            "percU": 97.92,
            "percUNK": 0.0,
            "l": 0.0031230711131650887,
            "u": 0.999673289304106
        }
    },
    "data": {
        "n_samples": 204,
        "time": 26.02555513381958,
        "repeated_programs": 8,
        "inconsistent_programs": 94,
        "worlds_consulted": 102
    }
}