{
    "status": {
        "d_61": {
            "yes": 77,
            "no": 0,
            "undecided": 59,
            "unknown": 6,
            "pyes": 0.00039433246136098897,
            "pno": 0.0,
            "pundecided": 0.000534625274166576,
            "punknown": 0.0,
            "time": 4.283116340637207,
            "percY": 78.54,
            "percN": 0.0,
            "percU": 60.18,
            "percUNK": 6.12,
            "l": 0.00039433246136098897,
            "u": 1.0
        },
        "a_17": {
            "yes": 56,
            "no": 15,
            "undecided": 71,
            "unknown": 0,
            "pyes": 0.00023503385424336796,
            "pno": 3.3705363468067205e-05,
            "pundecided": 0.0006602185178161299,
            "punknown": 0.0,
            "time": 5.174713850021362,
            "percY": 57.12,
            "percN": 15.3,
            "percU": 72.42,
            "percUNK": 0.0,
            "l": 0.00023503385424336796,
            "u": 0.999966294636532
        },
        "a_14": {
            "yes": 13,
            "no": 1,
            "undecided": 128,
            "unknown": 0,
            "pyes": 0.00035210184204489286,
            "pno": 0.0,
            "pundecided": 0.0005768558934826721,
            "punknown": 0.0,
            "time": 4.778810262680054,
            "percY": 13.26,
            "percN": 1.02,
            "percU": 130.56,
            "percUNK": 0.0,
            "l": 0.00035210184204489286,
            "u": 1.0
        }
    },
    "data": {
        "n_samples": 102,
        "time": 12.717409610748291,
        "repeated_programs": 4,
        "inconsistent_programs": 54,
        "worlds_consulted": 44
    }
}