{
    "status": {
        "~a_5": {
            "yes": 167,
            "no": 0,
            "undecided": 134,
            "unknown": 0,
            "pyes": 0.10061991736214741,
            "pno": 0.0,
            "pundecided": 0.12096279590140538,
            "punknown": 0.0,
            "time": 9.15446400642395,
            "percY": 340.68,
            "percN": 0.0,
            "percU": 273.36,
            "percUNK": 0.0,
            "l": 0.10061991736214741,
            "u": 1.0
        },
        "a_13": {
            "yes": 177,
            "no": 0,
            "undecided": 124,
            "unknown": 0,
            "pyes": 1.686186243561206e-05,
            "pno": 0.0,
            "pundecided": 0.2215658514011172,
            "punknown": 0.0,
            "time": 9.234008312225342,
            "percY": 361.08,
            "percN": 0.0,
            "percU": 252.96,
            "percUNK": 0.0,
            "l": 1.686186243561206e-05,
            "u": 1.0
        },
        "~a_16": {
            "yes": 32,
            "no": 54,
            "undecided": 215,
            "unknown": 0,
            "pyes": 0.00021398696058655875,
            "pno": 0.10038152337293976,
            "pundecided": 0.1209872029300265,
            "punknown": 0.0,
            "time": 10.311269760131836,
            "percY": 65.28,
            "percN": 110.16,
            "percU": 438.6,
            "percUNK": 0.0,
            "l": 0.00021398696058655875,
            "u": 0.8996184766270603
        }
    },
    "data": {
        "n_samples": 204,
        "time": 23.670753240585327,
        "repeated_programs": 6,
        "inconsistent_programs": 95,
        "worlds_consulted": 103
    }
}