{
    "status": {
        "~d_54": {
            "yes": 150,
            "no": 0,
            "undecided": 127,
            "unknown": 8,
            "pyes": 0.0010319605807269055,
            "pno": 0.0,
            "pundecided": 0.0008318868938556262,
            "punknown": 0.0,
            "time": 8.656496047973633,
            "percY": 306.0,
            "percN": 0.0,
            "percU": 259.08,
            "percUNK": 16.32,
            "l": 0.0010319605807269055,
            "u": 1.0
        },
        "~a_15": {
            "yes": 87,
            "no": 56,
            "undecided": 142,
            "unknown": 0,
            "pyes": 9.27627492291655e-05,
            "pno": 0.0014117423579327784,
            "pundecided": 0.0003593423674205879,
            "punknown": 0.0,
            "time": 10.452507257461548,
            "percY": 177.48,
            "percN": 114.24,
            "percU": 289.68,
            "percUNK": 0.0,
            "l": 9.27627492291655e-05,
            "u": 0.9985882576420673
        },
        "a_17": {
            "yes": 119,
            "no": 4,
            "undecided": 162,
            "unknown": 0,
            "pyes": 0.001504450496971126,
            "pno": 0.0,
            "pundecided": 0.0003593969776114057,
            "punknown": 0.0,
            "time": 12.459521532058716,
            "percY": 242.76,
            "percN": 8.16,
            "percU": 330.48,
            "percUNK": 0.0,
            "l": 0.001504450496971126,
            "u": 1.0
        }
    },
    "data": {
        "n_samples": 204,
        "time": 26.152362823486328,
        "repeated_programs": 8,
        "inconsistent_programs": 107,
        "worlds_consulted": 89
    }
}