{
    "status": {
        "d_40": {
            "yes": 230,
            "no": 0,
            "undecided": 62,
            "unknown": 0,
            "pyes": 0.0037099099329113592,
            "pno": 0.0,
            "pundecided": 0.0,
            "punknown": 0.0,
            "time": 8.777870416641235,
            "percY": 469.2,
            "percN": 0.0,
            "percU": 126.48,
            "percUNK": 0.0,
            "l": 0.0037099099329113592,
            "u": 1.0
        },
        "a_13": {
            "yes": 113,
            "no": 0,
            "undecided": 179,
            "unknown": 0,
            "pyes": 0.0034313046402126455,
            "pno": 0.0,
            "pundecided": 0.00027860529269871484,
            "punknown": 0.0,
            "time": 8.759356260299683,
            "percY": 230.52,
            "percN": 0.0,
            "percU": 365.16,
            "percUNK": 0.0,
            "l": 0.0034313046402126455,
            "u": 1.0
        },
        "a_17": {
            "yes": 76,
            "no": 9,
            "undecided": 207,
            "unknown": 0,
            "pyes": 0.0031925858595282346,
            "pno": 0.0,
            "pundecided": 0.0005173240733831254,
            "punknown": 0.0,
            "time": 11.59004521369934,
            "percY": 155.04,
            "percN": 18.36,
            "percU": 422.28,
            "percUNK": 0.0,
            "l": 0.0031925858595282346,
            "u": 1.0
        }
    },
    "data": {
        "n_samples": 204,
        "time": 24.84806728363037,
        "repeated_programs": 3,
        "inconsistent_programs": 110,
        "worlds_consulted": 91
    }
}