{
    "status": {
        "~a_5": {
            "yes": 174,
            "no": 0,
            "undecided": 123,
            "unknown": 0,
            "pyes": 0.12533852584030025,
            "pno": 0.0,
            "pundecided": 0.11653961302906786,
            "punknown": 0.0,
            "time": 9.418300151824951,
            "percY": 354.96,
            "percN": 0.0,
            "percU": 250.92,
            "percUNK": 0.0,
            "l": 0.12533852584030025,
            "u": 1.0
        },
        "~a_15": {
            "yes": 178,
            "no": 5,
            "undecided": 114,
            "unknown": 0,
            "pyes": 0.0004490903767862547,
            "pno": 0.0,
            "pundecided": 0.24142904849258195,
            "punknown": 0.0,
            "time": 9.316519260406494,
            "percY": 363.12,
            "percN": 10.2,
            "percU": 232.56,
            "percUNK": 0.0,
            "l": 0.0004490903767862547,
            "u": 1.0
        },
        "~a_16": {
            "yes": 77,
            "no": 36,
            "undecided": 184,
            "unknown": 0,
            "pyes": 0.0001409901267525926,
            "pno": 4.090157634747126e-05,
            "pundecided": 0.2416962471662682,
            "punknown": 0.0,
            "time": 10.75113844871521,
            "percY": 157.08,
            "percN": 73.44,
            "percU": 375.36,
            "percUNK": 0.0,
            "l": 0.0001409901267525926,
            "u": 0.9999590984236525
        }
    },
    "data": {
        "n_samples": 204,
        "time": 24.53099226951599,
        "repeated_programs": 8,
        "inconsistent_programs": 95,
        "worlds_consulted": 101
    }
}