{
    "status": {
        "~d_44": {
            "yes": 155,
            "no": 0,
            "undecided": 146,
            "unknown": 0,
            "pyes": 0.00014245387752720277,
            "pno": 0.0,
            "pundecided": 0.0002931249758171175,
            "punknown": 0.0,
            "time": 9.316676378250122,
            "percY": 316.2,
            "percN": 0.0,
            "percU": 297.84,
            "percUNK": 0.0,
            "l": 0.00014245387752720277,
            "u": 1.0
        },
        "a_13": {
            "yes": 201,
            "no": 0,
            "undecided": 100,
            "unknown": 0,
            "pyes": 5.55533412496579e-06,
            "pno": 0.0,
            "pundecided": 0.0004300235192193548,
            "punknown": 0.0,
            "time": 9.175914764404297,
            "percY": 410.04,
            "percN": 0.0,
            "percU": 204.0,
            "percUNK": 0.0,
            "l": 5.55533412496579e-06,
            "u": 1.0
        },
        "a_17": {
            "yes": 154,
            "no": 56,
            "undecided": 91,
            "unknown": 0,
            "pyes": 0.00016200985485962256,
            "pno": 5.544869561261508e-06,
            "pundecided": 0.00026802412892343633,
            "punknown": 0.0,
            "time": 10.374284982681274,
            "percY": 314.16,
            "percN": 114.24,
            "percU": 185.64,
            "percUNK": 0.0,
            "l": 0.00016200985485962256,
            "u": 0.9999944551304387
        }
    },
    "data": {
        "n_samples": 204,
        "time": 24.993337154388428,
        "repeated_programs": 4,
        "inconsistent_programs": 99,
        "worlds_consulted": 101
    }
}