{
    "status": {
        "d_31": {
            "yes": 106,
            "no": 0,
            "undecided": 92,
            "unknown": 0,
            "pyes": 0.005119471887371489,
            "pno": 0.0,
            "pundecided": 1.2980898729172993e-05,
            "punknown": 0.0,
            "time": 6.1046247482299805,
            "percY": 108.12,
            "percN": 0.0,
            "percU": 93.84,
            "percUNK": 0.0,
            "l": 0.005119471887371489,
            "u": 1.0
        },
        "~a_12": {
            "yes": 104,
            "no": 0,
            "undecided": 94,
            "unknown": 0,
            "pyes": 0.00505275630264632,
            "pno": 0.0,
            "pundecided": 7.96964834543451e-05,
            "punknown": 0.0,
            "time": 6.074941158294678,
            "percY": 106.08,
            "percN": 0.0,
            "percU": 95.88,
            "percUNK": 0.0,
            "l": 0.00505275630264632,
            "u": 1.0
        },
        "~a_14": {
            "yes": 48,
            "no": 66,
            "undecided": 84,
            "unknown": 0,
            "pyes": 4.0494547510861825e-05,
            "pno": 0.005021394074281485,
            "pundecided": 7.056416430831721e-05,
            "punknown": 0.0,
            "time": 6.594573497772217,
            "percY": 48.96,
            "percN": 67.32,
            "percU": 85.68,
            "percUNK": 0.0,
            "l": 4.0494547510861825e-05,
            "u": 0.9949786059257185
        }
    },
    "data": {
        "n_samples": 102,
        "time": 11.347612619400024,
        "repeated_programs": 3,
        "inconsistent_programs": 0,
        "worlds_consulted": 99
    }
}