{
    "status": {
        "d_51": {
            "yes": 135,
            "no": 0,
            "undecided": 160,
            "unknown": 0,
            "pyes": 3.9752711899416265e-06,
            "pno": 0.0,
            "pundecided": 3.6324884100980745e-05,
            "punknown": 0.0,
            "time": 8.924396991729736,
            "percY": 275.4,
            "percN": 0.0,
            "percU": 326.4,
            "percUNK": 0.0,
            "l": 3.9752711899416265e-06,
            "u": 1.0
        },
        "a_14": {
            "yes": 81,
            "no": 36,
            "undecided": 178,
            "unknown": 0,
            "pyes": 4.065868212972381e-06,
            "pno": 4.113629339213772e-06,
            "pundecided": 3.212065773873617e-05,
            "punknown": 0.0,
            "time": 10.160400867462158,
            "percY": 165.24,
            "percN": 73.44,
            "percU": 363.12,
            "percUNK": 0.0,
            "l": 4.065868212972381e-06,
            "u": 0.9999958863706608
        },
        "~a_17": {
            "yes": 71,
            "no": 76,
            "undecided": 148,
            "unknown": 0,
            "pyes": 3.066336967400397e-06,
            "pno": 7.586066904903558e-06,
            "pundecided": 2.9647751418618377e-05,
            "punknown": 0.0,
            "time": 9.718413352966309,
            "percY": 144.84,
            "percN": 155.04,
            "percU": 301.92,
            "percUNK": 0.0,
            "l": 3.066336967400397e-06,
            "u": 0.9999924139330951
        }
    },
    "data": {
        "n_samples": 204,
        "time": 25.05341076850891,
        "repeated_programs": 5,
        "inconsistent_programs": 103,
        "worlds_consulted": 96
    }
}