{
    "status": {
        "d_52": {
            "yes": 159,
            "no": 0,
            "undecided": 146,
            "unknown": 0,
            "pyes": 0.007559118706639169,
            "pno": 0.0,
            "pundecided": 0.0006008855602710234,
            "punknown": 0.0,
            "time": 9.048681020736694,
            "percY": 324.36,
            "percN": 0.0,
            "percU": 297.84,
            "percUNK": 0.0,
            "l": 0.007559118706639169,
            "u": 1.0
        },
        "a_13": {
            "yes": 31,
            "no": 0,
            "undecided": 274,
            "unknown": 0,
            "pyes": 0.0,
            "pno": 0.0,
            "pundecided": 0.008160004266910196,
            "punknown": 0.0,
            "time": 9.166471004486084,
            "percY": 63.24,
            "percN": 0.0,
            "percU": 558.96,
            "percUNK": 0.0,
            "l": 0.0,
            "u": 1.0
        },
        "a_14": {
            "yes": 27,
            "no": 4,
            "undecided": 274,
            "unknown": 0,
            "pyes": 0.0,
            "pno": 0.0,
            "pundecided": 0.008160004266910196,
            "punknown": 0.0,
            "time": 9.723617315292358,
            "percY": 55.08,
            "percN": 8.16,
            "percU": 558.96,
            "percUNK": 0.0,
            "l": 0.0,
            "u": 1.0
        }
    },
    "data": {
        "n_samples": 204,
        "time": 23.863031148910522,
        "repeated_programs": 5,
        "inconsistent_programs": 93,
        "worlds_consulted": 106
    }
}