{
    "status": {
        "~d_48": {
            "yes": 219,
            "no": 0,
            "undecided": 78,
            "unknown": 0,
            "pyes": 0.20274756734417018,
            "pno": 0.0,
            "pundecided": 0.0,
            "punknown": 0.0,
            "time": 9.02214789390564,
            "percY": 446.76,
            "percN": 0.0,
            "percU": 159.12,
            "percUNK": 0.0,
            "l": 0.20274756734417018,
            "u": 1.0
        },
        "a_15": {
            "yes": 79,
            "no": 60,
            "undecided": 158,
            "unknown": 0,
            "pyes": 0.0008791485128091107,
            "pno": 9.334072425061236e-06,
            "pundecided": 0.201859084758936,
            "punknown": 0.0,
            "time": 12.040289640426636,
            "percY": 161.16,
            "percN": 122.4,
            "percU": 322.32,
            "percUNK": 0.0,
            "l": 0.0008791485128091107,
            "u": 0.9999906659275749
        },
        "a_17": {
            "yes": 134,
            "no": 26,
            "undecided": 137,
            "unknown": 0,
            "pyes": 0.0008885615800091701,
            "pno": 1.434462258434198e-06,
            "pundecided": 0.20185757130190252,
            "punknown": 0.0,
            "time": 11.987958431243896,
            "percY": 273.36,
            "percN": 53.04,
            "percU": 279.48,
            "percUNK": 0.0,
            "l": 0.0008885615800091701,
            "u": 0.9999985655377416
        }
    },
    "data": {
        "n_samples": 204,
        "time": 28.64295196533203,
        "repeated_programs": 3,
        "inconsistent_programs": 105,
        "worlds_consulted": 96
    }
}