{
    "status": {
        "a_8": {
            "yes": 95,
            "no": 0,
            "undecided": 46,
            "unknown": 0,
            "pyes": 0.00018873309339773053,
            "pno": 0.0,
            "pundecided": 2.2640606995559698e-05,
            "punknown": 0.0,
            "time": 4.3440260887146,
            "percY": 96.9,
            "percN": 0.0,
            "percU": 46.92,
            "percUNK": 0.0,
            "l": 0.00018873309339773053,
            "u": 1.0
        },
        "a_10": {
            "yes": 73,
            "no": 0,
            "undecided": 68,
            "unknown": 0,
            "pyes": 0.00015463540607971334,
            "pno": 0.0,
            "pundecided": 5.673829431357682e-05,
            "punknown": 0.0,
            "time": 4.2564051151275635,
            "percY": 74.46,
            "percN": 0.0,
            "percU": 69.36,
            "percUNK": 0.0,
            "l": 0.00015463540607971334,
            "u": 1.0
        },
        "a_17": {
            "yes": 7,
            "no": 35,
            "undecided": 99,
            "unknown": 0,
            "pyes": 3.640558400859341e-07,
            "pno": 0.00010933135695919506,
            "pundecided": 0.00010167828759400918,
            "punknown": 0.0,
            "time": 4.589861154556274,
            "percY": 7.14,
            "percN": 35.7,
            "percU": 100.98,
            "percUNK": 0.0,
            "l": 3.640558400859341e-07,
            "u": 0.9998906686430408
        }
    },
    "data": {
        "n_samples": 102,
        "time": 11.857492685317993,
        "repeated_programs": 1,
        "inconsistent_programs": 61,
        "worlds_consulted": 40
    }
}