{
    "status": {
        "~d_34": {
            "yes": 152,
            "no": 0,
            "undecided": 149,
            "unknown": 0,
            "pyes": 0.00977955245159461,
            "pno": 0.0,
            "pundecided": 1.587019457343837e-05,
            "punknown": 0.0,
            "time": 9.10293960571289,
            "percY": 310.08,
            "percN": 0.0,
            "percU": 303.96,
            "percUNK": 0.0,
            "l": 0.00977955245159461,
            "u": 1.0
        },
        "~a_16": {
            "yes": 161,
            "no": 38,
            "undecided": 102,
            "unknown": 0,
            "pyes": 0.009761579072870202,
            "pno": 1.0538849399040002e-07,
            "pundecided": 3.373818480385566e-05,
            "punknown": 0.0,
            "time": 10.869630575180054,
            "percY": 328.44,
            "percN": 77.52,
            "percU": 208.08,
            "percUNK": 0.0,
            "l": 0.009761579072870202,
            "u": 0.999999894611506
        },
        "a_14": {
            "yes": 13,
            "no": 50,
            "undecided": 238,
            "unknown": 0,
            "pyes": 2.21413970509632e-07,
            "pno": 1.1023485971626584e-05,
            "pundecided": 0.00978417774622591,
            "punknown": 0.0,
            "time": 12.064438819885254,
            "percY": 26.52,
            "percN": 102.0,
            "percU": 485.52,
            "percUNK": 0.0,
            "l": 2.21413970509632e-07,
            "u": 0.9999889765140284
        }
    },
    "data": {
        "n_samples": 204,
        "time": 25.502017736434937,
        "repeated_programs": 7,
        "inconsistent_programs": 93,
        "worlds_consulted": 104
    }
}