{
    "status": {
        "d_26": {
            "yes": 116,
            "no": 0,
            "undecided": 190,
            "unknown": 0,
            "pyes": 0.00045926416056707073,
            "pno": 0.0,
            "pundecided": 0.00889675182523662,
            "punknown": 0.0,
            "time": 9.634227275848389,
            "percY": 236.64,
            "percN": 0.0,
            "percU": 387.6,
            "percUNK": 0.0,
            "l": 0.00045926416056707073,
            "u": 1.0
        },
        "~a_12": {
            "yes": 256,
            "no": 0,
            "undecided": 50,
            "unknown": 0,
            "pyes": 0.009356015985803687,
            "pno": 0.0,
            "pundecided": 0.0,
            "punknown": 0.0,
            "time": 9.72594690322876,
            "percY": 522.24,
            "percN": 0.0,
            "percU": 102.0,
            "percUNK": 0.0,
            "l": 0.009356015985803687,
            "u": 1.0
        },
        "~a_16": {
            "yes": 87,
            "no": 169,
            "undecided": 50,
            "unknown": 0,
            "pyes": 0.000496133266504188,
            "pno": 0.008859882719299496,
            "pundecided": 0.0,
            "punknown": 0.0,
            "time": 10.939286231994629,
            "percY": 177.48,
            "percN": 344.76,
            "percU": 102.0,
            "percUNK": 0.0,
            "l": 0.000496133266504188,
            "u": 0.9911401172807005
        }
    },
    "data": {
        "n_samples": 204,
        "time": 24.52623176574707,
        "repeated_programs": 4,
        "inconsistent_programs": 94,
        "worlds_consulted": 106
    }
}