{
    "status": {
        "a_4": {
            "yes": 32768,
            "no": 0,
            "undecided": 225792,
            "unknown": 3584,
            "pyes": 0.006946950009999983,
            "pno": 0.0,
            "pundecided": 0.9485770072299204,
            "punknown": 0.0444760427600221,
            "time": 170.50466752052307,
            "percY": 85899345.92,
            "percN": 0.0,
            "percU": 591900180.48,
            "percUNK": 9395240.96,
            "l": 0.006946950009999983,
            "u": 1.0
        },
        "a_8": {
            "yes": 22704,
            "no": 1728,
            "undecided": 235664,
            "unknown": 2048,
            "pyes": 0.00419936093252438,
            "pno": 0.001721027539695393,
            "pundecided": 0.9894081009242163,
            "punknown": 0.0046715106035049,
            "time": 170.43675684928894,
            "percY": 59517173.76,
            "percN": 4529848.32,
            "percU": 617779036.16,
            "percUNK": 5368709.12,
            "l": 0.00419936093252438,
            "u": 0.9982789724603046
        }
    },
    "data": {
        "n_samples": 262144,
        "time": 711.4415371417999,
        "repeated_worlds": 0,
        "repeated_progs": 257418,
        "unique_progs": 4726
    }
}