{
    "status": {
        "~d_14": {
            "yes": 32768,
            "no": 0,
            "undecided": 65536,
            "unknown": 163840,
            "pyes": 0.01765399999999986,
            "pno": 0.0,
            "pundecided": 0.8745656340196738,
            "punknown": 0.10778036598031054,
            "time": 1174.0022909641266,
            "percY": 85899345.92,
            "percN": 0.0,
            "percU": 171798691.84,
            "percUNK": 429496729.6,
            "l": 0.01765399999999986,
            "u": 1.0
        },
        "a_9": {
            "yes": 19920,
            "no": 91504,
            "undecided": 118720,
            "unknown": 32000,
            "pyes": 0.08746084770470651,
            "pno": 0.8908349323648674,
            "pundecided": 0.020011897085523228,
            "punknown": 0.0016923228448942902,
            "time": 1175.2344439029694,
            "percY": 52219084.8,
            "percN": 239872245.76,
            "percU": 311217356.8,
            "percUNK": 83886080.0,
            "l": 0.08746084770470651,
            "u": 0.10916506763513256,
            "flag": "INTEREST"
        }
    },
    "data": {
        "n_samples": 262144,
        "time": 3780.7784123420715,
        "repeated_worlds": 0,
        "repeated_progs": 230387,
        "unique_progs": 31757
    }
}