{
    "status": {
        "d_10": {
            "yes": 32768,
            "no": 0,
            "undecided": 149504,
            "unknown": 79872,
            "pyes": 0.00948878684528835,
            "pno": 0.0,
            "pundecided": 0.14040642235512626,
            "punknown": 0.8501047907995319,
            "time": 521.6731572151184,
            "percY": 85899345.92,
            "percN": 0.0,
            "percU": 391915765.76,
            "percUNK": 209379655.68,
            "l": 0.00948878684528835,
            "u": 1.0
        },
        "a_8": {
            "yes": 5248,
            "no": 18816,
            "undecided": 234496,
            "unknown": 3584,
            "pyes": 0.0010476200819943963,
            "pno": 0.031679680803387504,
            "pundecided": 0.9645583001787098,
            "punknown": 0.002714398935778623,
            "time": 521.7524213790894,
            "percY": 13757317.12,
            "percN": 49325015.04,
            "percU": 614717194.24,
            "percUNK": 9395240.96,
            "l": 0.0010476200819943963,
            "u": 0.9683203191966125
        },
        "~a_7": {
            "yes": 21744,
            "no": 3072,
            "undecided": 233872,
            "unknown": 3456,
            "pyes": 0.06522017524312215,
            "pno": 0.0010658367517245612,
            "pundecided": 0.9335489657335891,
            "punknown": 0.00016502227143370618,
            "time": 521.4030241966248,
            "percY": 57000591.36,
            "percN": 8053063.68,
            "percU": 613081415.68,
            "percUNK": 9059696.64,
            "l": 0.06522017524312215,
            "u": 0.9989341632482754
        }
    },
    "data": {
        "n_samples": 262144,
        "time": 1786.9199328422546,
        "repeated_worlds": 0,
        "repeated_progs": 247898,
        "unique_progs": 14246
    }
}