{
    "status": {
        "d_12": {
            "yes": 229376,
            "no": 0,
            "undecided": 20480,
            "unknown": 12288,
            "pyes": 0.9995486167679712,
            "pno": 0.0,
            "pundecided": 0.0004352853089791989,
            "punknown": 1.6097923020799948e-05,
            "time": 849.689031124115,
            "percY": 601295421.44,
            "percN": 0.0,
            "percU": 53687091.2,
            "percUNK": 32212254.72,
            "l": 0.9995486167679712,
            "u": 1.0,
            "flag": "INTEREST"
        },
        "~a_5": {
            "yes": 147456,
            "no": 0,
            "undecided": 81920,
            "unknown": 32768,
            "pyes": 0.9959270399999972,
            "pno": 0.0,
            "pundecided": 0.004056959999999973,
            "punknown": 1.600000000000012e-05,
            "time": 848.2253787517548,
            "percY": 386547056.64,
            "percN": 0.0,
            "percU": 214748364.8,
            "percUNK": 85899345.92,
            "l": 0.9959270399999972,
            "u": 1.0,
            "flag": "INTEREST"
        },
        "~a_7": {
            "yes": 10400,
            "no": 169536,
            "undecided": 80864,
            "unknown": 1344,
            "pyes": 0.00012452896445923434,
            "pno": 0.9489571860589737,
            "pundecided": 0.05091827451486312,
            "punknown": 1.0461680080248636e-08,
            "time": 849.7244539260864,
            "percY": 27262976.0,
            "percN": 444428451.84,
            "percU": 211980124.16,
            "percUNK": 3523215.36,
            "l": 0.00012452896445923434,
            "u": 0.05104281394102628,
            "flag": "INTEREST"
        }
    },
    "data": {
        "n_samples": 262144,
        "time": 2810.5255465507507,
        "repeated_worlds": 0,
        "repeated_progs": 239130,
        "unique_progs": 23014
    }
}