{
    "status": {
        "~a_8": {
            "yes": 163840,
            "no": 0,
            "undecided": 49152,
            "unknown": 49152,
            "pyes": 0.9698882249999662,
            "pno": 0.0,
            "pundecided": 0.002710059749999997,
            "punknown": 0.027401715250000035,
            "time": 587.9813847541809,
            "percY": 429496729.6,
            "percN": 0.0,
            "percU": 128849018.88,
            "percUNK": 128849018.88,
            "l": 0.9698882249999662,
            "u": 1.0,
            "flag": "INTEREST"
        },
        "a_7": {
            "yes": 114688,
            "no": 0,
            "undecided": 49152,
            "unknown": 98304,
            "pyes": 0.12115449003815897,
            "pno": 0.0,
            "pundecided": 0.002710059749999997,
            "punknown": 0.876135450211844,
            "time": 586.9726996421814,
            "percY": 300647710.72,
            "percN": 0.0,
            "percU": 128849018.88,
            "percUNK": 257698037.76,
            "l": 0.12115449003815897,
            "u": 1.0
        },
        "~a_9": {
            "yes": 77696,
            "no": 3664,
            "undecided": 180528,
            "unknown": 256,
            "pyes": 0.8497919715640224,
            "pno": 0.017426492117096893,
            "pundecided": 0.13278020050554282,
            "punknown": 1.3358133146720194e-06,
            "time": 587.642924785614,
            "percY": 203675402.24,
            "percN": 9604956.16,
            "percU": 473243320.32,
            "percUNK": 671088.64,
            "l": 0.8497919715640224,
            "u": 0.9825735078829031,
            "flag": "INTEREST"
        }
    },
    "data": {
        "n_samples": 262144,
        "time": 1980.2519233226776,
        "repeated_worlds": 0,
        "repeated_progs": 246172,
        "unique_progs": 15972
    }
}