{
    "status": {
        "a_1": {
            "yes": 163840,
            "no": 0,
            "undecided": 0,
            "unknown": 98304,
            "pyes": 0.9995910000000046,
            "pno": 0.0,
            "pundecided": 0.0,
            "punknown": 0.00040899999999999796,
            "time": 1002.0163879394531,
            "percY": 429496729.6,
            "percN": 0.0,
            "percU": 0.0,
            "percUNK": 257698037.76,
            "l": 0.9995910000000046,
            "u": 1.0,
            "flag": "INTEREST"
        },
        "a_7": {
            "yes": 86256,
            "no": 36048,
            "undecided": 130624,
            "unknown": 9216,
            "pyes": 0.8909029456659341,
            "pno": 0.013125868965492917,
            "pundecided": 0.09549588486662797,
            "punknown": 0.00047530050194866146,
            "time": 1001.3546657562256,
            "percY": 226114928.64,
            "percN": 94497669.12,
            "percU": 342422978.56,
            "percUNK": 24159191.04,
            "l": 0.8909029456659341,
            "u": 0.986874131034507,
            "flag": "INTEREST"
        },
        "~a_7": {
            "yes": 36048,
            "no": 86256,
            "undecided": 130624,
            "unknown": 9216,
            "pyes": 0.013125868965492917,
            "pno": 0.8909029456659341,
            "pundecided": 0.09549588486662797,
            "punknown": 0.00047530050194866146,
            "time": 1001.3602635860443,
            "percY": 94497669.12,
            "percN": 226114928.64,
            "percU": 342422978.56,
            "percUNK": 24159191.04,
            "l": 0.013125868965492917,
            "u": 0.10909705433406591,
            "flag": "INTEREST"
        }
    },
    "data": {
        "n_samples": 262144,
        "time": 3247.619243144989,
        "repeated_worlds": 0,
        "repeated_progs": 232189,
        "unique_progs": 29955
    }
}