{
    "status": {
        "d_9": {
            "yes": 32768,
            "no": 0,
            "undecided": 217088,
            "unknown": 12288,
            "pyes": 0.0015381727752959966,
            "pno": 0.0,
            "pundecided": 0.9477376525430957,
            "punknown": 0.05072417468159993,
            "time": 541.9184319972992,
            "percY": 85899345.92,
            "percN": 0.0,
            "percU": 569083166.72,
            "percUNK": 32212254.72,
            "l": 0.0015381727752959966,
            "u": 1.0
        },
        "~a_8": {
            "yes": 80832,
            "no": 54464,
            "undecided": 126464,
            "unknown": 384,
            "pyes": 0.024101524223500634,
            "pno": 0.13276976791667522,
            "pundecided": 0.8430968984528863,
            "punknown": 3.1809406942429346e-05,
            "time": 546.5467958450317,
            "percY": 211896238.08,
            "percN": 142774108.16,
            "percU": 331517788.16,
            "percUNK": 1006632.96,
            "l": 0.024101524223500634,
            "u": 0.8672302320833247
        },
        "~a_7": {
            "yes": 10256,
            "no": 122544,
            "undecided": 125248,
            "unknown": 4096,
            "pyes": 0.0006134472423819228,
            "pno": 0.15051239281157786,
            "pundecided": 0.848874159946046,
            "punknown": 0.0,
            "time": 541.7885146141052,
            "percY": 26885488.64,
            "percN": 321241743.36,
            "percU": 328330117.12,
            "percUNK": 10737418.24,
            "l": 0.0006134472423819228,
            "u": 0.8494876071884221
        }
    },
    "data": {
        "n_samples": 262144,
        "time": 1857.3573679924011,
        "repeated_worlds": 0,
        "repeated_progs": 246229,
        "unique_progs": 15915
    }
}