{
    "status": {
        "d_14": {
            "yes": 229376,
            "no": 0,
            "undecided": 0,
            "unknown": 32768,
            "pyes": 0.9260675034596507,
            "pno": 0.0,
            "pundecided": 0.0,
            "punknown": 0.07393249654032537,
            "time": 941.958930015564,
            "percY": 601295421.44,
            "percN": 0.0,
            "percU": 0.0,
            "percUNK": 85899345.92,
            "l": 0.9260675034596507,
            "u": 1.0,
            "flag": "INTEREST"
        },
        "a_8": {
            "yes": 22304,
            "no": 2144,
            "undecided": 234112,
            "unknown": 3584,
            "pyes": 0.041990957624047885,
            "pno": 7.94876504714749e-07,
            "pundecided": 0.9580075299427699,
            "punknown": 7.175566490275996e-07,
            "time": 939.9917151927948,
            "percY": 58468597.76,
            "percN": 5620367.36,
            "percU": 613710561.28,
            "percUNK": 9395240.96,
            "l": 0.041990957624047885,
            "u": 0.9999992051234953
        },
        "a_7": {
            "yes": 26960,
            "no": 48,
            "undecided": 234368,
            "unknown": 768,
            "pyes": 0.038592799812894645,
            "pno": 1.3349097846294014e-09,
            "pundecided": 0.9614050882438012,
            "punknown": 2.110608365798149e-06,
            "time": 941.0647716522217,
            "percY": 70674022.4,
            "percN": 125829.12,
            "percU": 614381649.92,
            "percUNK": 2013265.92,
            "l": 0.038592799812894645,
            "u": 0.9999999986650903
        }
    },
    "data": {
        "n_samples": 262144,
        "time": 3091.084331512451,
        "repeated_worlds": 0,
        "repeated_progs": 235827,
        "unique_progs": 26317
    }
}