{
    "status": {
        "~d_16": {
            "yes": 163840,
            "no": 0,
            "undecided": 86016,
            "unknown": 12288,
            "pyes": 0.8047172031999974,
            "pno": 0.0,
            "pundecided": 0.18606397316505643,
            "punknown": 0.009218823634943986,
            "time": 738.8576486110687,
            "percY": 429496729.6,
            "percN": 0.0,
            "percU": 225485783.04,
            "percUNK": 32212254.72,
            "l": 0.8047172031999974,
            "u": 1.0,
            "flag": "INTEREST"
        },
        "~a_7": {
            "yes": 94272,
            "no": 33792,
            "undecided": 131008,
            "unknown": 3072,
            "pyes": 0.783795764583718,
            "pno": 0.1319304709261605,
            "pundecided": 0.08423055953894257,
            "punknown": 4.320495117772256e-05,
            "time": 741.2505357265472,
            "percY": 247128391.68,
            "percN": 88583700.48,
            "percU": 343429611.52,
            "percUNK": 8053063.68,
            "l": 0.783795764583718,
            "u": 0.8680695290738395,
            "flag": "INTEREST"
        }
    },
    "data": {
        "n_samples": 262144,
        "time": 2471.8021035194397,
        "repeated_worlds": 0,
        "repeated_progs": 241340,
        "unique_progs": 20804
    }
}