{
    "status": {
        "a_2": {
            "yes": 32768,
            "no": 0,
            "undecided": 228864,
            "unknown": 512,
            "pyes": 0.06222409657856003,
            "pno": 0.0,
            "pundecided": 0.9377758979075874,
            "punknown": 5.513858025928706e-09,
            "time": 979.7201356887817,
            "percY": 85899345.92,
            "percN": 0.0,
            "percU": 599953244.16,
            "percUNK": 1342177.28,
            "l": 0.06222409657856003,
            "u": 1.0
        },
        "a_5": {
            "yes": 139264,
            "no": 0,
            "undecided": 110592,
            "unknown": 12288,
            "pyes": 0.07601020251329195,
            "pno": 0.0,
            "pundecided": 0.9195049663912849,
            "punknown": 0.00448483109541832,
            "time": 978.5202589035034,
            "percY": 365072220.16,
            "percN": 0.0,
            "percU": 289910292.48,
            "percUNK": 32212254.72,
            "l": 0.07601020251329195,
            "u": 1.0
        },
        "~a_8": {
            "yes": 59168,
            "no": 82584,
            "undecided": 119624,
            "unknown": 768,
            "pyes": 0.0692610603686494,
            "pno": 0.05719148573622567,
            "pundecided": 0.8735474417309779,
            "punknown": 1.2164146790400003e-08,
            "time": 981.3081948757172,
            "percY": 155105361.92,
            "percN": 216489000.96,
            "percU": 313587138.56,
            "percUNK": 2013265.92,
            "l": 0.0692610603686494,
            "u": 0.9428085142637743
        }
    },
    "data": {
        "n_samples": 262144,
        "time": 3198.145776748657,
        "repeated_worlds": 0,
        "repeated_progs": 234812,
        "unique_progs": 27332
    }
}