{
    "status": {
        "~a_1": {
            "yes": 163840,
            "no": 0,
            "undecided": 0,
            "unknown": 98304,
            "pyes": 0.8698559816563679,
            "pno": 0.0,
            "pundecided": 0.0,
            "punknown": 0.13014401834358605,
            "time": 1641.6964452266693,
            "percY": 429496729.6,
            "percN": 0.0,
            "percU": 0.0,
            "percUNK": 257698037.76,
            "l": 0.8698559816563679,
            "u": 1.0,
            "flag": "INTEREST"
        },
        "a_6": {
            "yes": 28672,
            "no": 0,
            "undecided": 200704,
            "unknown": 32768,
            "pyes": 0.0012026581700159958,
            "pno": 0.0,
            "pundecided": 0.9970108218040007,
            "punknown": 0.001786520025936069,
            "time": 1637.1320564746857,
            "percY": 75161927.68,
            "percN": 0.0,
            "percU": 526133493.76,
            "percUNK": 85899345.92,
            "l": 0.0012026581700159958,
            "u": 1.0
        },
        "~a_9": {
            "yes": 83136,
            "no": 54080,
            "undecided": 110592,
            "unknown": 14336,
            "pyes": 0.09014578785555585,
            "pno": 0.8762991603997101,
            "pundecided": 0.031865743578472314,
            "punknown": 0.001689308166249472,
            "time": 1643.2310681343079,
            "percY": 217936035.84,
            "percN": 141767475.2,
            "percU": 289910292.48,
            "percUNK": 37580963.84,
            "l": 0.09014578785555585,
            "u": 0.12370083960028988,
            "flag": "INTEREST"
        }
    },
    "data": {
        "n_samples": 262144,
        "time": 5261.234392881393,
        "repeated_worlds": 0,
        "repeated_progs": 226082,
        "unique_progs": 36062
    }
}