{
    "status": {
        "a_0": {
            "yes": 163840,
            "no": 0,
            "undecided": 61440,
            "unknown": 36864,
            "pyes": 0.2391354964196724,
            "pno": 0.0,
            "pundecided": 0.12180119604582489,
            "punknown": 0.6390633075344972,
            "time": 642.6117658615112,
            "percY": 429496729.6,
            "percN": 0.0,
            "percU": 161061273.6,
            "percUNK": 96636764.16,
            "l": 0.2391354964196724,
            "u": 1.0
        },
        "a_5": {
            "yes": 106496,
            "no": 0,
            "undecided": 57344,
            "unknown": 98304,
            "pyes": 0.04010526759981353,
            "pno": 0.0,
            "pundecided": 0.12178214573754317,
            "punknown": 0.8381125866626333,
            "time": 641.5206117630005,
            "percY": 279172874.24,
            "percN": 0.0,
            "percU": 150323855.36,
            "percUNK": 257698037.76,
            "l": 0.04010526759981353,
            "u": 1.0
        },
        "~a_7": {
            "yes": 78784,
            "no": 99592,
            "undecided": 81656,
            "unknown": 2112,
            "pyes": 0.18780276549323174,
            "pno": 0.03618557436347811,
            "pundecided": 0.7760003881587737,
            "punknown": 1.1271984500950727e-05,
            "time": 649.8730714321136,
            "percY": 206527528.96,
            "percN": 261074452.48,
            "percU": 214056304.64,
            "percUNK": 5536481.28,
            "l": 0.18780276549323174,
            "u": 0.9638144256365219
        }
    },
    "data": {
        "n_samples": 262144,
        "time": 2156.696771144867,
        "repeated_worlds": 0,
        "repeated_progs": 244491,
        "unique_progs": 17653
    }
}