{
    "status": {
        "d_11": {
            "yes": 32768,
            "no": 0,
            "undecided": 28672,
            "unknown": 200704,
            "pyes": 0.00013350498430665024,
            "pno": 0.0,
            "pundecided": 0.00023048358149650025,
            "punknown": 0.999636011434135,
            "time": 890.528706073761,
            "percY": 85899345.92,
            "percN": 0.0,
            "percU": 75161927.68,
            "percUNK": 526133493.76,
            "l": 0.00013350498430665024,
            "u": 1.0
        },
        "~a_6": {
            "yes": 28980,
            "no": 0,
            "undecided": 230860,
            "unknown": 2304,
            "pyes": 0.11183149376256767,
            "pno": 0.0,
            "pundecided": 0.8880506657433695,
            "punknown": 0.00011784049397952366,
            "time": 891.181206703186,
            "percY": 75969331.2,
            "percN": 0.0,
            "percU": 605185638.4,
            "percUNK": 6039797.76,
            "l": 0.11183149376256767,
            "u": 1.0
        },
        "~a_7": {
            "yes": 6896,
            "no": 22512,
            "undecided": 232736,
            "unknown": 0,
            "pyes": 0.0023124308488473313,
            "pno": 0.10634050106879868,
            "pundecided": 0.8913470680822712,
            "punknown": 0.0,
            "time": 892.3068325519562,
            "percY": 18077450.24,
            "percN": 59013857.28,
            "percU": 610103459.84,
            "percUNK": 0.0,
            "l": 0.0023124308488473313,
            "u": 0.8936594989312013
        }
    },
    "data": {
        "n_samples": 262144,
        "time": 2939.0174345970154,
        "repeated_worlds": 0,
        "repeated_progs": 237989,
        "unique_progs": 24155
    }
}