{
    "status": {
        "~a_0": {
            "yes": 163840,
            "no": 0,
            "undecided": 0,
            "unknown": 98304,
            "pyes": 0.9293972771563513,
            "pno": 0.0,
            "pundecided": 0.0,
            "punknown": 0.07060272284359967,
            "time": 1431.6959068775177,
            "percY": 429496729.6,
            "percN": 0.0,
            "percU": 0.0,
            "percUNK": 257698037.76,
            "l": 0.9293972771563513,
            "u": 1.0,
            "flag": "INTEREST"
        },
        "a_6": {
            "yes": 143360,
            "no": 0,
            "undecided": 117760,
            "unknown": 1024,
            "pyes": 0.07741314398307397,
            "pno": 0.0,
            "pundecided": 0.9225866454171614,
            "punknown": 2.105997160126372e-07,
            "time": 1429.8785042762756,
            "percY": 375809638.4,
            "percN": 0.0,
            "percU": 308700774.4,
            "percUNK": 2684354.56,
            "l": 0.07741314398307397,
            "u": 1.0
        },
        "a_7": {
            "yes": 60448,
            "no": 57152,
            "undecided": 144032,
            "unknown": 512,
            "pyes": 0.0015784210191368785,
            "pno": 0.07088737403124681,
            "pundecided": 0.9274922079326944,
            "punknown": 4.199701687171968e-05,
            "time": 1434.0893385410309,
            "percY": 158460805.12,
            "percN": 149820538.88,
            "percU": 377571246.08,
            "percUNK": 1342177.28,
            "l": 0.0015784210191368785,
            "u": 0.9291126259687532
        }
    },
    "data": {
        "n_samples": 262144,
        "time": 4567.583805561066,
        "repeated_worlds": 0,
        "repeated_progs": 223455,
        "unique_progs": 38689
    }
}