{
    "status": {
        "a_1": {
            "yes": 163840,
            "no": 0,
            "undecided": 0,
            "unknown": 98304,
            "pyes": 0.09790333312058849,
            "pno": 0.0,
            "pundecided": 0.0,
            "punknown": 0.9020966668794104,
            "time": 577.3787932395935,
            "percY": 429496729.6,
            "percN": 0.0,
            "percU": 0.0,
            "percUNK": 257698037.76,
            "l": 0.09790333312058849,
            "u": 1.0
        },
        "a_5": {
            "yes": 114688,
            "no": 0,
            "undecided": 125952,
            "unknown": 21504,
            "pyes": 0.10375152499999973,
            "pno": 0.0,
            "pundecided": 0.8827635618087395,
            "punknown": 0.013484913191246478,
            "time": 576.5005738735199,
            "percY": 300647710.72,
            "percN": 0.0,
            "percU": 330175610.88,
            "percUNK": 56371445.76,
            "l": 0.10375152499999973,
            "u": 1.0
        },
        "~a_9": {
            "yes": 52480,
            "no": 79616,
            "undecided": 126592,
            "unknown": 3456,
            "pyes": 0.004701949399835894,
            "pno": 0.10628970990742286,
            "pundecided": 0.8887456391966038,
            "punknown": 0.00026270149612245616,
            "time": 578.2265033721924,
            "percY": 137573171.2,
            "percN": 208708567.04,
            "percU": 331853332.48,
            "percUNK": 9059696.64,
            "l": 0.004701949399835894,
            "u": 0.8937102900925772
        }
    },
    "data": {
        "n_samples": 262144,
        "time": 1965.6768050193787,
        "repeated_worlds": 0,
        "repeated_progs": 246381,
        "unique_progs": 15763
    }
}