{
    "status": {
        "d_12": {
            "yes": 229376,
            "no": 0,
            "undecided": 4096,
            "unknown": 28672,
            "pyes": 0.9519849999998594,
            "pno": 0.0,
            "pundecided": 0.00027832866511180466,
            "punknown": 0.04773667133488847,
            "time": 566.4984300136566,
            "percY": 601295421.44,
            "percN": 0.0,
            "percU": 10737418.24,
            "percUNK": 75161927.68,
            "l": 0.9519849999998594,
            "u": 1.0,
            "flag": "INTEREST"
        },
        "a_5": {
            "yes": 102400,
            "no": 0,
            "undecided": 156000,
            "unknown": 3744,
            "pyes": 0.14381642057680602,
            "pno": 0.0,
            "pundecided": 0.8560445808010445,
            "punknown": 0.00013899862204680384,
            "time": 564.1398508548737,
            "percY": 268435456.0,
            "percN": 0.0,
            "percU": 408944640.0,
            "percUNK": 9814671.36,
            "l": 0.14381642057680602,
            "u": 1.0
        },
        "~a_8": {
            "yes": 36528,
            "no": 63104,
            "undecided": 131536,
            "unknown": 30976,
            "pyes": 0.01769187288527258,
            "pno": 0.06183721944266957,
            "pundecided": 0.9103324736786752,
            "punknown": 0.010138433993302182,
            "time": 567.5622477531433,
            "percY": 95755960.32,
            "percN": 165423349.76,
            "percU": 344813731.84,
            "percUNK": 81201725.44,
            "l": 0.01769187288527258,
            "u": 0.9381627805573304
        }
    },
    "data": {
        "n_samples": 262144,
        "time": 1929.0105183124542,
        "repeated_worlds": 0,
        "repeated_progs": 246648,
        "unique_progs": 15496
    }
}