{
    "status": {
        "~d_9": {
            "yes": 229376,
            "no": 0,
            "undecided": 28672,
            "unknown": 4096,
            "pyes": 0.9871168036599783,
            "pno": 0.0,
            "pundecided": 0.012752755749932489,
            "punknown": 0.00013044059006741122,
            "time": 621.4962973594666,
            "percY": 601295421.44,
            "percN": 0.0,
            "percU": 75161927.68,
            "percUNK": 10737418.24,
            "l": 0.9871168036599783,
            "u": 1.0,
            "flag": "INTEREST"
        },
        "a_7": {
            "yes": 22064,
            "no": 5616,
            "undecided": 234080,
            "unknown": 384,
            "pyes": 0.0030553303565252392,
            "pno": 0.0001558393272165346,
            "pundecided": 0.991347780859011,
            "punknown": 0.005441049457234562,
            "time": 622.5937654972076,
            "percY": 57839452.16,
            "percN": 14722007.04,
            "percU": 613626675.2,
            "percUNK": 1006632.96,
            "l": 0.0030553303565252392,
            "u": 0.9998441606727835
        }
    },
    "data": {
        "n_samples": 262144,
        "time": 2094.957389354706,
        "repeated_worlds": 0,
        "repeated_progs": 245034,
        "unique_progs": 17110
    }
}