{
    "status": {
        "d_13": {
            "yes": 32768,
            "no": 0,
            "undecided": 143360,
            "unknown": 86016,
            "pyes": 0.10023943129616061,
            "pno": 0.0,
            "pundecided": 0.8898285313450837,
            "punknown": 0.009932037358749498,
            "time": 428.4001729488373,
            "percY": 85899345.92,
            "percN": 0.0,
            "percU": 375809638.4,
            "percUNK": 225485783.04,
            "l": 0.10023943129616061,
            "u": 1.0
        },
        "a_7": {
            "yes": 71648,
            "no": 23680,
            "undecided": 120224,
            "unknown": 46592,
            "pyes": 0.6620412652854714,
            "pno": 0.004698618382056995,
            "pundecided": 0.3235790274639498,
            "punknown": 0.009681088868522198,
            "time": 430.144140958786,
            "percY": 187820933.12,
            "percN": 62075699.2,
            "percU": 315160002.56,
            "percUNK": 122138132.48,
            "l": 0.6620412652854714,
            "u": 0.995301381617943,
            "flag": "INTEREST"
        },
        "~a_7": {
            "yes": 23680,
            "no": 71648,
            "undecided": 120224,
            "unknown": 46592,
            "pyes": 0.004698618382056995,
            "pno": 0.6620412652854714,
            "pundecided": 0.3235790274639498,
            "punknown": 0.009681088868522198,
            "time": 428.4324653148651,
            "percY": 62075699.2,
            "percN": 187820933.12,
            "percU": 315160002.56,
            "percUNK": 122138132.48,
            "l": 0.004698618382056995,
            "u": 0.33795873471452864,
            "flag": "INTEREST"
        }
    },
    "data": {
        "n_samples": 262144,
        "time": 1507.537831068039,
        "repeated_worlds": 0,
        "repeated_progs": 250048,
        "unique_progs": 12096
    }
}