{
    "status": {
        "d_17": {
            "yes": 163840,
            "no": 0,
            "undecided": 86016,
            "unknown": 12288,
            "pyes": 0.9001957499999786,
            "pno": 0.0,
            "pundecided": 0.09948604028491571,
            "punknown": 0.0003182097150834004,
            "time": 882.6357131004333,
            "percY": 429496729.6,
            "percN": 0.0,
            "percU": 225485783.04,
            "percUNK": 32212254.72,
            "l": 0.9001957499999786,
            "u": 1.0,
            "flag": "INTEREST"
        },
        "a_7": {
            "yes": 21112,
            "no": 2752,
            "undecided": 238216,
            "unknown": 64,
            "pyes": 0.0022999213917210028,
            "pno": 0.00010377732041398222,
            "pundecided": 0.9975962925811352,
            "punknown": 8.7066685665532e-09,
            "time": 880.4685165882111,
            "percY": 55343841.28,
            "percN": 7214202.88,
            "percU": 624468951.04,
            "percUNK": 167772.16,
            "l": 0.0022999213917210028,
            "u": 0.999896222679586
        }
    },
    "data": {
        "n_samples": 262144,
        "time": 2904.570170879364,
        "repeated_worlds": 0,
        "repeated_progs": 235345,
        "unique_progs": 26799
    }
}