{
    "status": {
        "d_13": {
            "yes": 163840,
            "no": 0,
            "undecided": 61440,
            "unknown": 36864,
            "pyes": 0.9042319302400015,
            "pno": 0.0,
            "pundecided": 0.09443606118908525,
            "punknown": 0.0013320085709145587,
            "time": 290.5972423553467,
            "percY": 429496729.6,
            "percN": 0.0,
            "percU": 161061273.6,
            "percUNK": 96636764.16,
            "l": 0.9042319302400015,
            "u": 1.0,
            "flag": "INTEREST"
        },
        "a_9": {
            "yes": 134448,
            "no": 24752,
            "undecided": 96672,
            "unknown": 6272,
            "pyes": 0.9850425776690203,
            "pno": 0.004613313527424329,
            "pundecided": 0.010342177681452437,
            "punknown": 1.931122105255786e-06,
            "time": 291.0731439590454,
            "percY": 352447365.12,
            "percN": 64885882.88,
            "percU": 253419847.68,
            "percUNK": 16441671.68,
            "l": 0.9850425776690203,
            "u": 0.9953866864725757,
            "flag": "INTEREST"
        },
        "~a_9": {
            "yes": 24752,
            "no": 134448,
            "undecided": 96672,
            "unknown": 6272,
            "pyes": 0.004613313527424329,
            "pno": 0.9850425776690203,
            "pundecided": 0.010342177681452437,
            "punknown": 1.931122105255786e-06,
            "time": 291.4439172744751,
            "percY": 64885882.88,
            "percN": 352447365.12,
            "percU": 253419847.68,
            "percUNK": 16441671.68,
            "l": 0.004613313527424329,
            "u": 0.014957422330979742,
            "flag": "INTEREST"
        }
    },
    "data": {
        "n_samples": 262144,
        "time": 1058.9294793605804,
        "repeated_worlds": 0,
        "repeated_progs": 253217,
        "unique_progs": 8927
    }
}