{
    "status": {
        "d_13": {
            "yes": 229376,
            "no": 0,
            "undecided": 32768,
            "unknown": 0,
            "pyes": 0.999999999999993,
            "pno": 0.0,
            "pundecided": 0.0,
            "punknown": 0.0,
            "time": 480.40911412239075,
            "percY": 601295421.44,
            "percN": 0.0,
            "percU": 85899345.92,
            "percUNK": 0.0,
            "l": 0.999999999999993,
            "u": 1.0,
            "flag": "INTEREST"
        },
        "a_5": {
            "yes": 147456,
            "no": 0,
            "undecided": 16384,
            "unknown": 98304,
            "pyes": 0.9892865907111328,
            "pno": 0.0,
            "pundecided": 0.003876000000000002,
            "punknown": 0.0068374092888640325,
            "time": 478.8359580039978,
            "percY": 386547056.64,
            "percN": 0.0,
            "percU": 42949672.96,
            "percUNK": 257698037.76,
            "l": 0.9892865907111328,
            "u": 1.0,
            "flag": "INTEREST"
        },
        "~a_7": {
            "yes": 43520,
            "no": 92736,
            "undecided": 125888,
            "unknown": 0,
            "pyes": 0.1263325752317212,
            "pno": 0.8725324280723308,
            "pundecided": 0.0011349966959515484,
            "punknown": 0.0,
            "time": 479.4699172973633,
            "percY": 114085068.8,
            "percN": 243101859.84,
            "percU": 330007838.72,
            "percUNK": 0.0,
            "l": 0.1263325752317212,
            "u": 0.12746757192766922,
            "flag": "INTEREST"
        }
    },
    "data": {
        "n_samples": 262144,
        "time": 1673.8235461711884,
        "repeated_worlds": 0,
        "repeated_progs": 248614,
        "unique_progs": 13530
    }
}