{
    "status": {
        "~d_17": {
            "yes": 163840,
            "no": 0,
            "undecided": 90624,
            "unknown": 7680,
            "pyes": 0.004733093199999771,
            "pno": 0.0,
            "pundecided": 0.9502731274824663,
            "punknown": 0.04499377931749794,
            "time": 2717.3657200336456,
            "percY": 429496729.6,
            "percN": 0.0,
            "percU": 237565378.56,
            "percUNK": 20132659.2,
            "l": 0.004733093199999771,
            "u": 1.0
        },
        "~a_7": {
            "yes": 17632,
            "no": 936,
            "undecided": 240696,
            "unknown": 2880,
            "pyes": 0.005198791922497727,
            "pno": 7.3571147131711e-06,
            "pundecided": 0.9899653392425071,
            "punknown": 0.0048285117201707,
            "time": 2711.4104058742523,
            "percY": 46221230.08,
            "percN": 2453667.84,
            "percU": 630970122.24,
            "percUNK": 7549747.2,
            "l": 0.005198791922497727,
            "u": 0.9999926428852868
        }
    },
    "data": {
        "n_samples": 262144,
        "time": 8476.823902845383,
        "repeated_worlds": 0,
        "repeated_progs": 188136,
        "unique_progs": 74008
    }
}