{
    "status": {
        "d_12": {
            "yes": 163840,
            "no": 0,
            "undecided": 61440,
            "unknown": 36864,
            "pyes": 0.8573909822386734,
            "pno": 0.0,
            "pundecided": 0.13270574314931788,
            "punknown": 0.009903274611992767,
            "time": 796.4229648113251,
            "percY": 429496729.6,
            "percN": 0.0,
            "percU": 161061273.6,
            "percUNK": 96636764.16,
            "l": 0.8573909822386734,
            "u": 1.0,
            "flag": "INTEREST"
        },
        "a_7": {
            "yes": 35952,
            "no": 89336,
            "undecided": 131736,
            "unknown": 5120,
            "pyes": 0.038275457282028975,
            "pno": 0.9451404589387632,
            "pundecided": 0.01658154549768331,
            "punknown": 2.538281512027571e-06,
            "time": 800.3518733978271,
            "percY": 94246010.88,
            "percN": 234188963.84,
            "percU": 345338019.84,
            "percUNK": 13421772.8,
            "l": 0.038275457282028975,
            "u": 0.054859541061236805,
            "flag": "INTEREST"
        },
        "a_8": {
            "yes": 120736,
            "no": 87200,
            "undecided": 53056,
            "unknown": 1152,
            "pyes": 0.8338397294687245,
            "pno": 0.16471311512427098,
            "pundecided": 0.0014471546116060533,
            "punknown": 7.95389883308591e-10,
            "time": 805.5103948116302,
            "percY": 316502179.84,
            "percN": 228589568.0,
            "percU": 139083120.64,
            "percUNK": 3019898.88,
            "l": 0.8338397294687245,
            "u": 0.835286884875729,
            "flag": "INTEREST"
        }
    },
    "data": {
        "n_samples": 262144,
        "time": 2667.8807640075684,
        "repeated_worlds": 0,
        "repeated_progs": 239836,
        "unique_progs": 22308
    }
}