{
    "status": {
        "a_3": {
            "yes": 32768,
            "no": 0,
            "undecided": 0,
            "unknown": 229376,
            "pyes": 0.7865797519150725,
            "pno": 0.0,
            "pundecided": 0.0,
            "punknown": 0.21342024808492413,
            "time": 1562.257858991623,
            "percY": 85899345.92,
            "percN": 0.0,
            "percU": 0.0,
            "percUNK": 601295421.44,
            "l": 0.7865797519150725,
            "u": 1.0,
            "flag": "INTEREST"
        },
        "a_9": {
            "yes": 4672,
            "no": 2112,
            "undecided": 244608,
            "unknown": 10752,
            "pyes": 0.00022940735669602555,
            "pno": 5.131620454407079e-05,
            "pundecided": 0.9992456895593439,
            "punknown": 0.0004735868793465477,
            "time": 1560.4255738258362,
            "percY": 12247367.68,
            "percN": 5536481.28,
            "percU": 641225195.52,
            "percUNK": 28185722.88,
            "l": 0.00022940735669602555,
            "u": 0.999948683795456
        },
        "a_7": {
            "yes": 15688,
            "no": 15716,
            "undecided": 230356,
            "unknown": 384,
            "pyes": 0.0010691333319396052,
            "pno": 0.00034075596109717107,
            "pundecided": 0.9983451394158372,
            "punknown": 0.00024497129106187455,
            "time": 1569.9513750076294,
            "percY": 41125150.72,
            "percN": 41198551.04,
            "percU": 603864432.64,
            "percUNK": 1006632.96,
            "l": 0.0010691333319396052,
            "u": 0.9996592440389028
        }
    },
    "data": {
        "n_samples": 262144,
        "time": 4986.219878435135,
        "repeated_worlds": 0,
        "repeated_progs": 219234,
        "unique_progs": 42910
    }
}