{
    "status": {
        "d_14": {
            "yes": 32768,
            "no": 0,
            "undecided": 184320,
            "unknown": 45056,
            "pyes": 0.001137119999999993,
            "pno": 0.0,
            "pundecided": 0.9986607507478686,
            "punknown": 0.00020212925210037668,
            "time": 369.4048764705658,
            "percY": 85899345.92,
            "percN": 0.0,
            "percU": 483183820.8,
            "percUNK": 118111600.64,
            "l": 0.001137119999999993,
            "u": 1.0
        },
        "a_7": {
            "yes": 7168,
            "no": 3072,
            "undecided": 249600,
            "unknown": 2304,
            "pyes": 0.001063854334957618,
            "pno": 0.00010243707972399033,
            "pundecided": 0.998831249458543,
            "punknown": 2.459126731857703e-06,
            "time": 368.4498059749603,
            "percY": 18790481.92,
            "percN": 8053063.68,
            "percU": 654311424.0,
            "percUNK": 6039797.76,
            "l": 0.001063854334957618,
            "u": 0.999897562920276
        },
        "a_8": {
            "yes": 16256,
            "no": 136576,
            "undecided": 108288,
            "unknown": 1024,
            "pyes": 0.007405276371342344,
            "pno": 0.04353896903095415,
            "pundecided": 0.9490294302060974,
            "punknown": 2.6324391589606645e-05,
            "time": 369.2078948020935,
            "percY": 42614128.64,
            "percN": 358025789.44,
            "percU": 283870494.72,
            "percUNK": 2684354.56,
            "l": 0.007405276371342344,
            "u": 0.9564610309690459
        }
    },
    "data": {
        "n_samples": 262144,
        "time": 1329.7616622447968,
        "repeated_worlds": 0,
        "repeated_progs": 252018,
        "unique_progs": 10126
    }
}