{
    "status": {
        "d_17": {
            "yes": 229376,
            "no": 0,
            "undecided": 4096,
            "unknown": 28672,
            "pyes": 0.9440076594244966,
            "pno": 0.0,
            "pundecided": 1.8797167065599988e-05,
            "punknown": 0.05597354340829393,
            "time": 1296.755342245102,
            "percY": 601295421.44,
            "percN": 0.0,
            "percU": 10737418.24,
            "percUNK": 75161927.68,
            "l": 0.9440076594244966,
            "u": 1.0,
            "flag": "INTEREST"
        },
        "~a_7": {
            "yes": 116328,
            "no": 73920,
            "undecided": 68824,
            "unknown": 3072,
            "pyes": 0.03233935358403198,
            "pno": 0.0008850669735253275,
            "pundecided": 0.9051978764353408,
            "punknown": 0.061577703007087196,
            "time": 1295.9213638305664,
            "percY": 304946872.32,
            "percN": 193776844.8,
            "percU": 180417986.56,
            "percUNK": 8053063.68,
            "l": 0.03233935358403198,
            "u": 0.9991149330264747
        }
    },
    "data": {
        "n_samples": 262144,
        "time": 4151.950529336929,
        "repeated_worlds": 0,
        "repeated_progs": 226632,
        "unique_progs": 35512
    }
}