{
    "status": {
        "d_11": {
            "yes": 0,
            "no": 0,
            "undecided": 37,
            "unknown": 0,
            "pyes": 0.0,
            "pno": 0.0,
            "pundecided": 0.922377832357675,
            "punknown": 0.0,
            "time": 1.0851202011108398,
            "percY": 0.0,
            "percN": 0.0,
            "percU": 75.48,
            "percUNK": 0.0,
            "l": 0.0,
            "u": 1.0
        },
        "~a_6": {
            "yes": 0,
            "no": 0,
            "undecided": 15,
            "unknown": 22,
            "pyes": 0.0,
            "pno": 0.0,
            "pundecided": 0.11201001426553982,
            "punknown": 0.8103678180921352,
            "time": 1.0900046825408936,
            "percY": 0.0,
            "percN": 0.0,
            "percU": 30.6,
            "percUNK": 44.88,
            "l": 0.0,
            "u": 1.0
        },
        "a_9": {
            "yes": 18,
            "no": 2,
            "undecided": 17,
            "unknown": 0,
            "pyes": 0.7705953308063177,
            "pno": 0.002617134333082214,
            "pundecided": 0.14916536721827517,
            "punknown": 0.0,
            "time": 1.0590808391571045,
            "percY": 36.72,
            "percN": 4.08,
            "percU": 34.68,
            "percUNK": 0.0,
            "l": 0.7705953308063177,
            "u": 0.9973828656669178,
            "flag": "INTEREST"
        }
    },
    "data": {
        "n_samples": 204,
        "time": 3.2884976863861084,
        "repeated_worlds": 167,
        "repeated_progs": 172,
        "unique_progs": 32
    }
}