{
    "status": {
        "a_2": {
            "yes": 17,
            "no": 0,
            "undecided": 0,
            "unknown": 15,
            "pyes": 0.18878421210610652,
            "pno": 0.0,
            "pundecided": 0.0,
            "punknown": 0.7373255436064684,
            "time": 1.0267906188964844,
            "percY": 34.68,
            "percN": 0.0,
            "percU": 0.0,
            "percUNK": 30.6,
            "l": 0.18878421210610652,
            "u": 1.0
        },
        "~a_6": {
            "yes": 5,
            "no": 0,
            "undecided": 27,
            "unknown": 0,
            "pyes": 0.06165782601851528,
            "pno": 0.0,
            "pundecided": 0.8644519296940596,
            "punknown": 0.0,
            "time": 0.9928052425384521,
            "percY": 10.2,
            "percN": 0.0,
            "percU": 55.08,
            "percUNK": 0.0,
            "l": 0.06165782601851528,
            "u": 1.0
        },
        "a_8": {
            "yes": 0,
            "no": 5,
            "undecided": 27,
            "unknown": 0,
            "pyes": 0.0,
            "pno": 0.06165782601851528,
            "pundecided": 0.8644519296940596,
            "punknown": 0.0,
            "time": 1.0317459106445312,
            "percY": 0.0,
            "percN": 10.2,
            "percU": 55.08,
            "percUNK": 0.0,
            "l": 0.0,
            "u": 0.9383421739814847
        }
    },
    "data": {
        "n_samples": 204,
        "time": 3.103581428527832,
        "repeated_worlds": 172,
        "repeated_progs": 174,
        "unique_progs": 30
    }
}