{
    "status": {
        "~a_4": {
            "yes": 29,
            "no": 0,
            "undecided": 5,
            "unknown": 0,
            "pyes": 0.921302929977355,
            "pno": 0.0,
            "pundecided": 0.014340767772058659,
            "punknown": 0.0,
            "time": 0.8948302268981934,
            "percY": 59.16,
            "percN": 0.0,
            "percU": 10.2,
            "percUNK": 0.0,
            "l": 0.921302929977355,
            "u": 1.0,
            "flag": "INTEREST"
        },
        "a_6": {
            "yes": 11,
            "no": 0,
            "undecided": 22,
            "unknown": 1,
            "pyes": 0.10806015204253203,
            "pno": 0.0,
            "pundecided": 0.8270751773721268,
            "punknown": 0.0005083683347549817,
            "time": 0.8731069564819336,
            "percY": 22.44,
            "percN": 0.0,
            "percU": 44.88,
            "percUNK": 2.04,
            "l": 0.10806015204253203,
            "u": 1.0
        },
        "a_8": {
            "yes": 10,
            "no": 1,
            "undecided": 23,
            "unknown": 0,
            "pyes": 0.06287307331072958,
            "pno": 0.0025605244559032347,
            "pundecided": 0.8702100999827809,
            "punknown": 0.0,
            "time": 0.8830833435058594,
            "percY": 20.4,
            "percN": 2.04,
            "percU": 46.92,
            "percUNK": 0.0,
            "l": 0.06287307331072958,
            "u": 0.9974394755440967
        }
    },
    "data": {
        "n_samples": 204,
        "time": 2.7008891105651855,
        "repeated_worlds": 170,
        "repeated_progs": 172,
        "unique_progs": 32
    }
}