{
    "status": {
        "a_3": {
            "yes": 10,
            "no": 0,
            "undecided": 0,
            "unknown": 18,
            "pyes": 0.10377943372550737,
            "pno": 0.0,
            "pundecided": 0.0,
            "punknown": 0.771754318471653,
            "time": 0.6255693435668945,
            "percY": 20.4,
            "percN": 0.0,
            "percU": 0.0,
            "percUNK": 36.72,
            "l": 0.10377943372550737,
            "u": 1.0
        },
        "a_5": {
            "yes": 7,
            "no": 0,
            "undecided": 21,
            "unknown": 0,
            "pyes": 0.07238370555081887,
            "pno": 0.0,
            "pundecided": 0.8031500466463415,
            "punknown": 0.0,
            "time": 0.6294701099395752,
            "percY": 14.28,
            "percN": 0.0,
            "percU": 42.84,
            "percUNK": 0.0,
            "l": 0.07238370555081887,
            "u": 1.0
        },
        "a_7": {
            "yes": 6,
            "no": 3,
            "undecided": 19,
            "unknown": 0,
            "pyes": 0.07939828751998419,
            "pno": 0.031044488632549518,
            "pundecided": 0.7650909760446266,
            "punknown": 0.0,
            "time": 0.6534700393676758,
            "percY": 12.24,
            "percN": 6.12,
            "percU": 38.76,
            "percUNK": 0.0,
            "l": 0.07939828751998419,
            "u": 0.9689555113674505
        }
    },
    "data": {
        "n_samples": 204,
        "time": 1.943272352218628,
        "repeated_worlds": 176,
        "repeated_progs": 181,
        "unique_progs": 23
    }
}