{
    "status": {
        "a_3": {
            "yes": 1,
            "no": 0,
            "undecided": 0,
            "unknown": 27,
            "pyes": 0.04609668375862322,
            "pno": 0.0,
            "pundecided": 0.0,
            "punknown": 0.8479625006799687,
            "time": 0.7080864906311035,
            "percY": 2.04,
            "percN": 0.0,
            "percU": 0.0,
            "percUNK": 55.08,
            "l": 0.04609668375862322,
            "u": 1.0
        },
        "~a_7": {
            "yes": 3,
            "no": 10,
            "undecided": 15,
            "unknown": 0,
            "pyes": 0.0474724012439327,
            "pno": 0.6790009838847372,
            "pundecided": 0.16758579930992173,
            "punknown": 0.0,
            "time": 0.7036926746368408,
            "percY": 6.12,
            "percN": 20.4,
            "percU": 30.6,
            "percUNK": 0.0,
            "l": 0.0474724012439327,
            "u": 0.3209990161152628,
            "flag": "INTEREST"
        },
        "~a_9": {
            "yes": 0,
            "no": 0,
            "undecided": 27,
            "unknown": 1,
            "pyes": 0.0,
            "pno": 0.0,
            "pundecided": 0.8917249789897501,
            "punknown": 0.002334205448841757,
            "time": 0.676063060760498,
            "percY": 0.0,
            "percN": 0.0,
            "percU": 55.08,
            "percUNK": 2.04,
            "l": 0.0,
            "u": 1.0
        }
    },
    "data": {
        "n_samples": 204,
        "time": 2.126612424850464,
        "repeated_worlds": 176,
        "repeated_progs": 178,
        "unique_progs": 26
    }
}