{
    "status": {
        "a_3": {
            "yes": 25,
            "no": 0,
            "undecided": 0,
            "unknown": 2,
            "pyes": 0.9093919762617585,
            "pno": 0.0,
            "pundecided": 0.0,
            "punknown": 0.00435455806670382,
            "time": 0.40238189697265625,
            "percY": 51.0,
            "percN": 0.0,
            "percU": 0.0,
            "percUNK": 4.08,
            "l": 0.9093919762617585,
            "u": 1.0,
            "flag": "INTEREST"
        },
        "a_7": {
            "yes": 0,
            "no": 3,
            "undecided": 24,
            "unknown": 0,
            "pyes": 0.0,
            "pno": 0.0519168764556288,
            "pundecided": 0.8618296578728335,
            "punknown": 0.0,
            "time": 0.406003475189209,
            "percY": 0.0,
            "percN": 6.12,
            "percU": 48.96,
            "percUNK": 0.0,
            "l": 0.0,
            "u": 0.9480831235443712
        }
    },
    "data": {
        "n_samples": 204,
        "time": 0.8325424194335938,
        "repeated_worlds": 177,
        "repeated_progs": 188,
        "unique_progs": 16
    }
}