{
    "status": {
        "d_13": {
            "yes": 0,
            "no": 0,
            "undecided": 12,
            "unknown": 21,
            "pyes": 0.0,
            "pno": 0.0,
            "pundecided": 0.08824966240263495,
            "punknown": 0.7998935142378439,
            "time": 0.9113442897796631,
            "percY": 0.0,
            "percN": 0.0,
            "percU": 24.48,
            "percUNK": 42.84,
            "l": 0.0,
            "u": 1.0
        },
        "~a_5": {
            "yes": 5,
            "no": 0,
            "undecided": 16,
            "unknown": 12,
            "pyes": 0.027914599083382174,
            "pno": 0.0,
            "pundecided": 0.6962538240702902,
            "punknown": 0.16397475348680637,
            "time": 0.9374313354492188,
            "percY": 10.2,
            "percN": 0.0,
            "percU": 32.64,
            "percUNK": 24.48,
            "l": 0.027914599083382174,
            "u": 1.0
        },
        "a_8": {
            "yes": 5,
            "no": 11,
            "undecided": 17,
            "unknown": 0,
            "pyes": 0.04361038783169501,
            "pno": 0.6621056241795896,
            "pundecided": 0.1824271646291942,
            "punknown": 0.0,
            "time": 0.9323916435241699,
            "percY": 10.2,
            "percN": 22.44,
            "percU": 34.68,
            "percUNK": 0.0,
            "l": 0.04361038783169501,
            "u": 0.3378943758204104,
            "flag": "INTEREST"
        }
    },
    "data": {
        "n_samples": 204,
        "time": 2.8256642818450928,
        "repeated_worlds": 171,
        "repeated_progs": 176,
        "unique_progs": 28
    }
}