{
    "status": {
        "d_16": {
            "yes": 33,
            "no": 0,
            "undecided": 2,
            "unknown": 2,
            "pyes": 0.8583150323900519,
            "pno": 0.0,
            "pundecided": 0.00046319656165789416,
            "punknown": 0.04170610816460689,
            "time": 0.8825395107269287,
            "percY": 67.32,
            "percN": 0.0,
            "percU": 4.08,
            "percUNK": 4.08,
            "l": 0.8583150323900519,
            "u": 1.0,
            "flag": "INTEREST"
        },
        "a_8": {
            "yes": 18,
            "no": 0,
            "undecided": 19,
            "unknown": 0,
            "pyes": 0.17013861376956366,
            "pno": 0.0,
            "pundecided": 0.7303457233467531,
            "punknown": 0.0,
            "time": 0.8604445457458496,
            "percY": 36.72,
            "percN": 0.0,
            "percU": 38.76,
            "percUNK": 0.0,
            "l": 0.17013861376956366,
            "u": 1.0
        }
    },
    "data": {
        "n_samples": 204,
        "time": 1.789923906326294,
        "repeated_worlds": 167,
        "repeated_progs": 175,
        "unique_progs": 29
    }
}