{
    "status": {
        "a_4": {
            "yes": 23,
            "no": 0,
            "undecided": 0,
            "unknown": 0,
            "pyes": 0.9395233791010047,
            "pno": 0.0,
            "pundecided": 0.0,
            "punknown": 0.0,
            "time": 0.66650390625,
            "percY": 46.92,
            "percN": 0.0,
            "percU": 0.0,
            "percUNK": 0.0,
            "l": 0.9395233791010047,
            "u": 1.0,
            "flag": "INTEREST"
        },
        "~a_5": {
            "yes": 18,
            "no": 0,
            "undecided": 5,
            "unknown": 0,
            "pyes": 0.8349138274736069,
            "pno": 0.0,
            "pundecided": 0.10460955162739788,
            "punknown": 0.0,
            "time": 0.6301774978637695,
            "percY": 36.72,
            "percN": 0.0,
            "percU": 10.2,
            "percUNK": 0.0,
            "l": 0.8349138274736069,
            "u": 1.0,
            "flag": "INTEREST"
        },
        "a_7": {
            "yes": 18,
            "no": 0,
            "undecided": 5,
            "unknown": 0,
            "pyes": 0.8605746322029613,
            "pno": 0.0,
            "pundecided": 0.07894874689804353,
            "punknown": 0.0,
            "time": 0.6587891578674316,
            "percY": 36.72,
            "percN": 0.0,
            "percU": 10.2,
            "percUNK": 0.0,
            "l": 0.8605746322029613,
            "u": 1.0,
            "flag": "INTEREST"
        }
    },
    "data": {
        "n_samples": 204,
        "time": 1.989180088043213,
        "repeated_worlds": 181,
        "repeated_progs": 182,
        "unique_progs": 22
    }
}