{
    "status": {
        "d_11": {
            "yes": 22,
            "no": 0,
            "undecided": 6,
            "unknown": 16,
            "pyes": 0.17388758560189363,
            "pno": 0.0,
            "pundecided": 0.03194708722609933,
            "punknown": 0.7055547095297988,
            "time": 1.4031431674957275,
            "percY": 44.88,
            "percN": 0.0,
            "percU": 12.24,
            "percUNK": 32.64,
            "l": 0.17388758560189363,
            "u": 1.0
        },
        "a_5": {
            "yes": 17,
            "no": 0,
            "undecided": 25,
            "unknown": 2,
            "pyes": 0.12221856540263625,
            "pno": 0.0,
            "pundecided": 0.7438737649954602,
            "punknown": 0.04529705195969534,
            "time": 1.3380458354949951,
            "percY": 34.68,
            "percN": 0.0,
            "percU": 51.0,
            "percUNK": 4.08,
            "l": 0.12221856540263625,
            "u": 1.0
        },
        "a_7": {
            "yes": 7,
            "no": 1,
            "undecided": 34,
            "unknown": 2,
            "pyes": 0.07688555526502688,
            "pno": 0.0023613622692169123,
            "pundecided": 0.8060515127536989,
            "punknown": 0.02609095206984912,
            "time": 1.3795230388641357,
            "percY": 14.28,
            "percN": 2.04,
            "percU": 69.36,
            "percUNK": 4.08,
            "l": 0.07688555526502688,
            "u": 0.9976386377307831
        }
    },
    "data": {
        "n_samples": 204,
        "time": 4.187237739562988,
        "repeated_worlds": 160,
        "repeated_progs": 164,
        "unique_progs": 40
    }
}