{
    "status": {
        "~d_10": {
            "yes": 10,
            "no": 0,
            "undecided": 24,
            "unknown": 0,
            "pyes": 0.05070176706684178,
            "pno": 0.0,
            "pundecided": 0.8486808939474813,
            "punknown": 0.0,
            "time": 0.9740839004516602,
            "percY": 20.4,
            "percN": 0.0,
            "percU": 48.96,
            "percUNK": 0.0,
            "l": 0.05070176706684178,
            "u": 1.0
        },
        "a_7": {
            "yes": 26,
            "no": 0,
            "undecided": 8,
            "unknown": 0,
            "pyes": 0.8607396358338674,
            "pno": 0.0,
            "pundecided": 0.03864302518045569,
            "punknown": 0.0,
            "time": 0.984717607498169,
            "percY": 53.04,
            "percN": 0.0,
            "percU": 16.32,
            "percUNK": 0.0,
            "l": 0.8607396358338674,
            "u": 1.0,
            "flag": "INTEREST"
        }
    },
    "data": {
        "n_samples": 204,
        "time": 2.011570930480957,
        "repeated_worlds": 170,
        "repeated_progs": 175,
        "unique_progs": 29
    }
}