{
    "status": {
        "d_16": {
            "yes": 20,
            "no": 0,
            "undecided": 6,
            "unknown": 0,
            "pyes": 0.8716060488332272,
            "pno": 0.0,
            "pundecided": 0.06322737997509743,
            "punknown": 0.0,
            "time": 0.6697559356689453,
            "percY": 40.8,
            "percN": 0.0,
            "percU": 12.24,
            "percUNK": 0.0,
            "l": 0.8716060488332272,
            "u": 1.0,
            "flag": "INTEREST"
        },
        "a_6": {
            "yes": 1,
            "no": 0,
            "undecided": 25,
            "unknown": 0,
            "pyes": 0.006028892883855248,
            "pno": 0.0,
            "pundecided": 0.9288045359244695,
            "punknown": 0.0,
            "time": 0.6545453071594238,
            "percY": 2.04,
            "percN": 0.0,
            "percU": 51.0,
            "percUNK": 0.0,
            "l": 0.006028892883855248,
            "u": 1.0
        },
        "a_8": {
            "yes": 11,
            "no": 1,
            "undecided": 14,
            "unknown": 0,
            "pyes": 0.7802846886606281,
            "pno": 0.006028892883855248,
            "pundecided": 0.14851984726384138,
            "punknown": 0.0,
            "time": 0.6662139892578125,
            "percY": 22.44,
            "percN": 2.04,
            "percU": 28.56,
            "percUNK": 0.0,
            "l": 0.7802846886606281,
            "u": 0.9939711071161448,
            "flag": "INTEREST"
        }
    },
    "data": {
        "n_samples": 204,
        "time": 2.0260701179504395,
        "repeated_worlds": 178,
        "repeated_progs": 184,
        "unique_progs": 20
    }
}