{
    "status": {
        "a_9": {
            "yes": 6,
            "no": 0,
            "undecided": 8,
            "unknown": 11,
            "pyes": 0.057763263928401476,
            "pno": 0.0,
            "pundecided": 0.0779453079634142,
            "punknown": 0.8029543925365318,
            "time": 0.6803562641143799,
            "percY": 12.24,
            "percN": 0.0,
            "percU": 16.32,
            "percUNK": 22.44,
            "l": 0.057763263928401476,
            "u": 1.0
        },
        "a_5": {
            "yes": 1,
            "no": 0,
            "undecided": 10,
            "unknown": 14,
            "pyes": 0.017913735581074695,
            "pno": 0.0,
            "pundecided": 0.7927663318972188,
            "punknown": 0.12798289695005405,
            "time": 0.6714556217193604,
            "percY": 2.04,
            "percN": 0.0,
            "percU": 20.4,
            "percUNK": 28.56,
            "l": 0.017913735581074695,
            "u": 1.0
        },
        "~a_8": {
            "yes": 6,
            "no": 0,
            "undecided": 8,
            "unknown": 11,
            "pyes": 0.057763263928401476,
            "pno": 0.0,
            "pundecided": 0.0779453079634142,
            "punknown": 0.8029543925365318,
            "time": 0.6936657428741455,
            "percY": 12.24,
            "percN": 0.0,
            "percU": 16.32,
            "percUNK": 22.44,
            "l": 0.057763263928401476,
            "u": 1.0
        }
    },
    "data": {
        "n_samples": 204,
        "time": 2.079878568649292,
        "repeated_worlds": 179,
        "repeated_progs": 183,
        "unique_progs": 21
    }
}