{
    "status": {
        "d_29": {
            "yes": 622,
            "no": 0,
            "undecided": 488,
            "unknown": 0,
            "pyes": 0.0012473110179600456,
            "pno": 0.0,
            "pundecided": 0.0014262247097208006,
            "punknown": 0.0,
            "time": 32.10251235961914,
            "percY": 5094.18,
            "percN": 0.0,
            "percU": 3996.72,
            "percUNK": 0.0,
            "l": 0.0012473110179600456,
            "u": 1.0
        },
        "a_12": {
            "yes": 296,
            "no": 0,
            "undecided": 814,
            "unknown": 0,
            "pyes": 0.0003863415351836058,
            "pno": 0.0,
            "pundecided": 0.0022871941924972397,
            "punknown": 0.0,
            "time": 31.425533533096313,
            "percY": 2424.24,
            "percN": 0.0,
            "percU": 6666.66,
            "percUNK": 0.0,
            "l": 0.0003863415351836058,
            "u": 1.0
        },
        "~a_17": {
            "yes": 227,
            "no": 137,
            "undecided": 746,
            "unknown": 0,
            "pyes": 3.360154613747183e-06,
            "pno": 3.1202415057151176e-06,
            "pundecided": 0.002667055331561384,
            "punknown": 0.0,
            "time": 41.58674478530884,
            "percY": 1859.13,
            "percN": 1122.03,
            "percU": 6109.74,
            "percUNK": 0.0,
            "l": 3.360154613747183e-06,
            "u": 0.9999968797584943
        }
    },
    "data": {
        "n_samples": 819,
        "time": 93.04859519004822,
        "repeated_programs": 83,
        "inconsistent_programs": 362,
        "worlds_consulted": 374
    }
}