{
    "status": {
        "d_23": {
            "yes": 538,
            "no": 0,
            "undecided": 589,
            "unknown": 0,
            "pyes": 0.0011788586008538529,
            "pno": 0.0,
            "pundecided": 0.004504501636956115,
            "punknown": 0.0,
            "time": 32.53072452545166,
            "percY": 4406.22,
            "percN": 0.0,
            "percU": 4823.91,
            "percUNK": 0.0,
            "l": 0.0011788586008538529,
            "u": 1.0
        },
        "~a_19": {
            "yes": 281,
            "no": 52,
            "undecided": 794,
            "unknown": 0,
            "pyes": 5.60652107691801e-05,
            "pno": 0.0,
            "pundecided": 0.005627295027040799,
            "punknown": 0.0,
            "time": 34.067331075668335,
            "percY": 2301.39,
            "percN": 425.88,
            "percU": 6502.86,
            "percUNK": 0.0,
            "l": 5.60652107691801e-05,
            "u": 1.0
        }
    },
    "data": {
        "n_samples": 819,
        "time": 67.41727781295776,
        "repeated_programs": 64,
        "inconsistent_programs": 383,
        "worlds_consulted": 372
    }
}