{
    "status": {
        "~d_58": {
            "yes": 638,
            "no": 0,
            "undecided": 478,
            "unknown": 0,
            "pyes": 0.0022997251407570417,
            "pno": 0.0,
            "pundecided": 1.0339780745710438,
            "punknown": 0.0,
            "time": 31.561747074127197,
            "percY": 5225.22,
            "percN": 0.0,
            "percU": 3914.82,
            "percUNK": 0.0,
            "l": 0.0022997251407570417,
            "u": 1.0
        },
        "a_16": {
            "yes": 201,
            "no": 86,
            "undecided": 829,
            "unknown": 0,
            "pyes": 0.0019725972103929457,
            "pno": 8.455123109308032e-06,
            "pundecided": 1.0342967473782991,
            "punknown": 0.0,
            "time": 37.6089825630188,
            "percY": 1646.19,
            "percN": 704.34,
            "percU": 6789.51,
            "percUNK": 0.0,
            "l": 0.0019725972103929457,
            "u": 0.9999915448768907
        },
        "~a_19": {
            "yes": 147,
            "no": 101,
            "undecided": 868,
            "unknown": 0,
            "pyes": 0.001871058913575024,
            "pno": 0.00010705087065697601,
            "pundecided": 1.0342996899275692,
            "punknown": 0.0,
            "time": 32.70409822463989,
            "percY": 1203.93,
            "percN": 827.19,
            "percU": 7108.92,
            "percUNK": 0.0,
            "l": 0.001871058913575024,
            "u": 0.999892949129343
        }
    },
    "data": {
        "n_samples": 819,
        "time": 93.18182897567749,
        "repeated_programs": 80,
        "inconsistent_programs": 362,
        "worlds_consulted": 377
    }
}