{
    "status": {
        "~d_12": {
            "yes": 0,
            "no": 0,
            "undecided": 9,
            "unknown": 39,
            "pyes": 0.0,
            "pno": 0.0,
            "pundecided": 0.06245507159583963,
            "punknown": 0.8764789831460128,
            "time": 1.6455421447753906,
            "percY": 0.0,
            "percN": 0.0,
            "percU": 36.81,
            "percUNK": 159.51,
            "l": 0.0,
            "u": 1.0
        },
        "a_7": {
            "yes": 0,
            "no": 3,
            "undecided": 45,
            "unknown": 0,
            "pyes": 0.0,
            "pno": 0.015973185393121602,
            "pundecided": 0.922960869348731,
            "punknown": 0.0,
            "time": 1.5929019451141357,
            "percY": 0.0,
            "percN": 12.27,
            "percU": 184.05,
            "percUNK": 0.0,
            "l": 0.0,
            "u": 0.9840268146068784
        },
        "~a_8": {
            "yes": 9,
            "no": 20,
            "undecided": 19,
            "unknown": 0,
            "pyes": 0.09560438610561414,
            "pno": 0.7371290515184258,
            "pundecided": 0.10620061711781241,
            "punknown": 0.0,
            "time": 1.628218173980713,
            "percY": 36.81,
            "percN": 81.8,
            "percU": 77.71,
            "percUNK": 0.0,
            "l": 0.09560438610561414,
            "u": 0.2628709484815742,
            "flag": "INTEREST"
        }
    },
    "data": {
        "n_samples": 409,
        "time": 4.932807445526123,
        "repeated_worlds": 361,
        "repeated_progs": 368,
        "unique_progs": 41
    }
}