{
    "status": {
        "d_14": {
            "yes": 3,
            "no": 0,
            "undecided": 13,
            "unknown": 10,
            "pyes": 0.009927513445715713,
            "pno": 0.0,
            "pundecided": 0.14878944360970905,
            "punknown": 0.8143136604177995,
            "time": 0.8411464691162109,
            "percY": 12.27,
            "percN": 0.0,
            "percU": 53.17,
            "percUNK": 40.9,
            "l": 0.009927513445715713,
            "u": 1.0
        },
        "a_8": {
            "yes": 0,
            "no": 1,
            "undecided": 19,
            "unknown": 6,
            "pyes": 0.0,
            "pno": 0.002297771364962304,
            "pundecided": 0.8805649501767886,
            "punknown": 0.09016789593147334,
            "time": 0.8265280723571777,
            "percY": 0.0,
            "percN": 4.09,
            "percU": 77.71,
            "percUNK": 24.54,
            "l": 0.0,
            "u": 0.9977022286350377
        },
        "a_7": {
            "yes": 3,
            "no": 6,
            "undecided": 8,
            "unknown": 9,
            "pyes": 0.007875507147520321,
            "pno": 0.08348373775260287,
            "pundecided": 0.06834570766087679,
            "punknown": 0.8133256649122244,
            "time": 0.8344261646270752,
            "percY": 12.27,
            "percN": 24.54,
            "percU": 32.72,
            "percUNK": 36.81,
            "l": 0.007875507147520321,
            "u": 0.9165162622473971
        }
    },
    "data": {
        "n_samples": 409,
        "time": 2.542471408843994,
        "repeated_worlds": 383,
        "repeated_progs": 386,
        "unique_progs": 23
    }
}