{
    "status": {
        "~d_11": {
            "yes": 11,
            "no": 0,
            "undecided": 32,
            "unknown": 2,
            "pyes": 0.07745410362354466,
            "pno": 0.0,
            "pundecided": 0.8581228795221969,
            "punknown": 0.017888609698366784,
            "time": 1.7026374340057373,
            "percY": 44.99,
            "percN": 0.0,
            "percU": 130.88,
            "percUNK": 8.18,
            "l": 0.07745410362354466,
            "u": 1.0
        },
        "a_8": {
            "yes": 19,
            "no": 1,
            "undecided": 25,
            "unknown": 0,
            "pyes": 0.15730701657273893,
            "pno": 8.295968735826443e-05,
            "pundecided": 0.7960756165840113,
            "punknown": 0.0,
            "time": 1.7712469100952148,
            "percY": 77.71,
            "percN": 4.09,
            "percU": 102.25,
            "percUNK": 0.0,
            "l": 0.15730701657273893,
            "u": 0.9999170403126417
        }
    },
    "data": {
        "n_samples": 409,
        "time": 3.542720079421997,
        "repeated_worlds": 364,
        "repeated_progs": 365,
        "unique_progs": 44
    }
}