{
    "status": {
        "a_1": {
            "yes": 30,
            "no": 0,
            "undecided": 18,
            "unknown": 1,
            "pyes": 0.20245816358283475,
            "pno": 0.0,
            "pundecided": 0.750297744330885,
            "punknown": 0.0034057010135988856,
            "time": 1.7300286293029785,
            "percY": 122.7,
            "percN": 0.0,
            "percU": 73.62,
            "percUNK": 4.09,
            "l": 0.20245816358283475,
            "u": 1.0
        },
        "a_5": {
            "yes": 10,
            "no": 0,
            "undecided": 2,
            "unknown": 37,
            "pyes": 0.05566458895369957,
            "pno": 0.0,
            "pundecided": 0.006030834852135584,
            "punknown": 0.8944661851214836,
            "time": 1.7602412700653076,
            "percY": 40.9,
            "percN": 0.0,
            "percU": 8.18,
            "percUNK": 151.33,
            "l": 0.05566458895369957,
            "u": 1.0
        },
        "a_8": {
            "yes": 0,
            "no": 15,
            "undecided": 29,
            "unknown": 5,
            "pyes": 0.0,
            "pno": 0.0590031710983858,
            "pundecided": 0.8413347210963728,
            "punknown": 0.05582371673255995,
            "time": 1.758054494857788,
            "percY": 0.0,
            "percN": 61.35,
            "percU": 118.61,
            "percUNK": 20.45,
            "l": 0.0,
            "u": 0.9409968289016142
        }
    },
    "data": {
        "n_samples": 409,
        "time": 5.317976474761963,
        "repeated_worlds": 360,
        "repeated_progs": 365,
        "unique_progs": 44
    }
}