{
    "status": {
        "d_12": {
            "yes": 11,
            "no": 0,
            "undecided": 23,
            "unknown": 7,
            "pyes": 0.07067780282596102,
            "pno": 0.0,
            "pundecided": 0.8407516886128178,
            "punknown": 0.04612294030439746,
            "time": 1.5228869915008545,
            "percY": 44.99,
            "percN": 0.0,
            "percU": 94.07,
            "percUNK": 28.63,
            "l": 0.07067780282596102,
            "u": 1.0
        },
        "a_5": {
            "yes": 6,
            "no": 0,
            "undecided": 29,
            "unknown": 6,
            "pyes": 0.0036537052521994078,
            "pno": 0.0,
            "pundecided": 0.9103886414809844,
            "punknown": 0.04351008500999246,
            "time": 1.515779972076416,
            "percY": 24.54,
            "percN": 0.0,
            "percU": 118.61,
            "percUNK": 24.54,
            "l": 0.0036537052521994078,
            "u": 1.0
        },
        "~a_7": {
            "yes": 0,
            "no": 6,
            "undecided": 34,
            "unknown": 1,
            "pyes": 0.0,
            "pno": 0.051567976860886613,
            "pundecided": 0.9037227358179002,
            "punknown": 0.002261719064389504,
            "time": 1.4638261795043945,
            "percY": 0.0,
            "percN": 24.54,
            "percU": 139.06,
            "percUNK": 4.09,
            "l": 0.0,
            "u": 0.9484320231391133
        }
    },
    "data": {
        "n_samples": 409,
        "time": 4.565947771072388,
        "repeated_worlds": 368,
        "repeated_progs": 369,
        "unique_progs": 40
    }
}