{
    "status": {
        "a_4": {
            "yes": 41,
            "no": 0,
            "undecided": 0,
            "unknown": 15,
            "pyes": 0.8128647927336123,
            "pno": 0.0,
            "pundecided": 0.0,
            "punknown": 0.1132027232688514,
            "time": 1.762845516204834,
            "percY": 167.69,
            "percN": 0.0,
            "percU": 0.0,
            "percUNK": 61.35,
            "l": 0.8128647927336123,
            "u": 1.0,
            "flag": "INTEREST"
        },
        "~a_6": {
            "yes": 54,
            "no": 0,
            "undecided": 0,
            "unknown": 2,
            "pyes": 0.9209670832846982,
            "pno": 0.0,
            "pundecided": 0.0,
            "punknown": 0.005100432717765476,
            "time": 1.8186733722686768,
            "percY": 220.86,
            "percN": 0.0,
            "percU": 0.0,
            "percUNK": 8.18,
            "l": 0.9209670832846982,
            "u": 1.0,
            "flag": "INTEREST"
        },
        "a_8": {
            "yes": 25,
            "no": 0,
            "undecided": 22,
            "unknown": 9,
            "pyes": 0.7190136505973498,
            "pno": 0.0,
            "pundecided": 0.0977702131340357,
            "punknown": 0.10928365227107818,
            "time": 1.812565803527832,
            "percY": 102.25,
            "percN": 0.0,
            "percU": 89.98,
            "percUNK": 36.81,
            "l": 0.7190136505973498,
            "u": 1.0,
            "flag": "INTEREST"
        }
    },
    "data": {
        "n_samples": 409,
        "time": 5.469117164611816,
        "repeated_worlds": 353,
        "repeated_progs": 363,
        "unique_progs": 46
    }
}