{
    "status": {
        "d_14": {
            "yes": 39,
            "no": 0,
            "undecided": 1,
            "unknown": 6,
            "pyes": 0.8931651277041999,
            "pno": 0.0,
            "pundecided": 0.00017187929003699998,
            "punknown": 0.053794984367235905,
            "time": 1.5114176273345947,
            "percY": 159.51,
            "percN": 0.0,
            "percU": 4.09,
            "percUNK": 24.54,
            "l": 0.8931651277041999,
            "u": 1.0,
            "flag": "INTEREST"
        },
        "a_5": {
            "yes": 5,
            "no": 0,
            "undecided": 17,
            "unknown": 24,
            "pyes": 0.011231870344350213,
            "pno": 0.0,
            "pundecided": 0.13838273583262312,
            "punknown": 0.7975173851844995,
            "time": 1.5452287197113037,
            "percY": 20.45,
            "percN": 0.0,
            "percU": 69.53,
            "percUNK": 98.16,
            "l": 0.011231870344350213,
            "u": 1.0
        },
        "a_8": {
            "yes": 9,
            "no": 11,
            "undecided": 13,
            "unknown": 13,
            "pyes": 0.07394244973277084,
            "pno": 0.11381699444750579,
            "pundecided": 0.07351089305617257,
            "punknown": 0.6858616541250239,
            "time": 1.5335087776184082,
            "percY": 36.81,
            "percN": 44.99,
            "percU": 53.17,
            "percUNK": 53.17,
            "l": 0.07394244973277084,
            "u": 0.8861830055524942
        }
    },
    "data": {
        "n_samples": 409,
        "time": 4.661380290985107,
        "repeated_worlds": 363,
        "repeated_progs": 369,
        "unique_progs": 40
    }
}