{
    "status": {
        "d_12": {
            "yes": 0,
            "no": 0,
            "undecided": 49,
            "unknown": 7,
            "pyes": 0.0,
            "pno": 0.0,
            "pundecided": 0.885503267142008,
            "punknown": 0.05182101640047325,
            "time": 1.947613000869751,
            "percY": 0.0,
            "percN": 0.0,
            "percU": 200.41,
            "percUNK": 28.63,
            "l": 0.0,
            "u": 1.0
        },
        "a_8": {
            "yes": 7,
            "no": 4,
            "undecided": 45,
            "unknown": 0,
            "pyes": 0.04600236618591922,
            "pno": 0.00824649087693495,
            "pundecided": 0.883075426479627,
            "punknown": 0.0,
            "time": 2.0157546997070312,
            "percY": 28.63,
            "percN": 16.36,
            "percU": 184.05,
            "percUNK": 0.0,
            "l": 0.04600236618591922,
            "u": 0.991753509123065
        },
        "~a_7": {
            "yes": 8,
            "no": 7,
            "undecided": 41,
            "unknown": 0,
            "pyes": 0.06505674192719664,
            "pno": 0.009479787836463832,
            "pundecided": 0.8627877537788207,
            "punknown": 0.0,
            "time": 1.968461275100708,
            "percY": 32.72,
            "percN": 28.63,
            "percU": 167.69,
            "percUNK": 0.0,
            "l": 0.06505674192719664,
            "u": 0.9905202121635361
        }
    },
    "data": {
        "n_samples": 409,
        "time": 6.014734983444214,
        "repeated_worlds": 353,
        "repeated_progs": 361,
        "unique_progs": 48
    }
}