{
    "status": {
        "d_17": {
            "yes": 18,
            "no": 0,
            "undecided": 10,
            "unknown": 14,
            "pyes": 0.7415215711162313,
            "pno": 0.0,
            "pundecided": 0.020864158169944025,
            "punknown": 0.17274207272246786,
            "time": 0.993281364440918,
            "percY": 73.62,
            "percN": 0.0,
            "percU": 40.9,
            "percUNK": 57.26,
            "l": 0.7415215711162313,
            "u": 1.0,
            "flag": "INTEREST"
        },
        "a_7": {
            "yes": 4,
            "no": 4,
            "undecided": 34,
            "unknown": 0,
            "pyes": 0.03404261711079258,
            "pno": 0.08394754177772831,
            "pundecided": 0.8171376431201222,
            "punknown": 0.0,
            "time": 1.0471889972686768,
            "percY": 16.36,
            "percN": 16.36,
            "percU": 139.06,
            "percUNK": 0.0,
            "l": 0.03404261711079258,
            "u": 0.9160524582222717
        }
    },
    "data": {
        "n_samples": 409,
        "time": 2.09755802154541,
        "repeated_worlds": 367,
        "repeated_progs": 372,
        "unique_progs": 37
    }
}