{
    "status": {
        "d_13": {
            "yes": 37,
            "no": 0,
            "undecided": 0,
            "unknown": 4,
            "pyes": 0.917795579214663,
            "pno": 0.0,
            "pundecided": 0.0,
            "punknown": 0.02104929738289261,
            "time": 1.516692876815796,
            "percY": 151.33,
            "percN": 0.0,
            "percU": 0.0,
            "percUNK": 16.36,
            "l": 0.917795579214663,
            "u": 1.0,
            "flag": "INTEREST"
        },
        "~a_9": {
            "yes": 20,
            "no": 15,
            "undecided": 6,
            "unknown": 0,
            "pyes": 0.7834723564959273,
            "pno": 0.12667753899272563,
            "pundecided": 0.028694981108902735,
            "punknown": 0.0,
            "time": 1.5620052814483643,
            "percY": 81.8,
            "percN": 61.35,
            "percU": 24.54,
            "percUNK": 0.0,
            "l": 0.7834723564959273,
            "u": 0.8733224610072744,
            "flag": "INTEREST"
        }
    },
    "data": {
        "n_samples": 409,
        "time": 3.141474485397339,
        "repeated_worlds": 368,
        "repeated_progs": 371,
        "unique_progs": 38
    }
}