{
    "status": {
        "~a_2": {
            "yes": 37,
            "no": 0,
            "undecided": 0,
            "unknown": 17,
            "pyes": 0.7982286706468964,
            "pno": 0.0,
            "pundecided": 0.0,
            "punknown": 0.10323817331482286,
            "time": 1.726600170135498,
            "percY": 151.33,
            "percN": 0.0,
            "percU": 0.0,
            "percUNK": 69.53,
            "l": 0.7982286706468964,
            "u": 1.0,
            "flag": "INTEREST"
        },
        "a_6": {
            "yes": 3,
            "no": 0,
            "undecided": 48,
            "unknown": 3,
            "pyes": 0.0006720814588258505,
            "pno": 0.0,
            "pundecided": 0.899852310810088,
            "punknown": 0.0009424516928053736,
            "time": 1.7006957530975342,
            "percY": 12.27,
            "percN": 0.0,
            "percU": 196.32,
            "percUNK": 12.27,
            "l": 0.0006720814588258505,
            "u": 1.0
        },
        "~a_7": {
            "yes": 0,
            "no": 1,
            "undecided": 53,
            "unknown": 0,
            "pyes": 0.0,
            "pno": 0.0003206677910467852,
            "pundecided": 0.9011461761706725,
            "punknown": 0.0,
            "time": 1.763779878616333,
            "percY": 0.0,
            "percN": 4.09,
            "percU": 216.77,
            "percUNK": 0.0,
            "l": 0.0,
            "u": 0.9996793322089532
        }
    },
    "data": {
        "n_samples": 409,
        "time": 5.269696474075317,
        "repeated_worlds": 355,
        "repeated_progs": 367,
        "unique_progs": 42
    }
}