{
    "status": {
        "a_2": {
            "yes": 36,
            "no": 0,
            "undecided": 0,
            "unknown": 8,
            "pyes": 0.8841032166678097,
            "pno": 0.0,
            "pundecided": 0.0,
            "punknown": 0.054888716267913515,
            "time": 1.1268284320831299,
            "percY": 147.24,
            "percN": 0.0,
            "percU": 0.0,
            "percUNK": 32.72,
            "l": 0.8841032166678097,
            "u": 1.0,
            "flag": "INTEREST"
        },
        "~a_7": {
            "yes": 4,
            "no": 1,
            "undecided": 39,
            "unknown": 0,
            "pyes": 0.01949181686422183,
            "pno": 0.0003359240072763015,
            "pundecided": 0.9191641920642251,
            "punknown": 0.0,
            "time": 1.1409928798675537,
            "percY": 16.36,
            "percN": 4.09,
            "percU": 159.51,
            "percUNK": 0.0,
            "l": 0.01949181686422183,
            "u": 0.9996640759927237
        },
        "a_8": {
            "yes": 17,
            "no": 0,
            "undecided": 27,
            "unknown": 0,
            "pyes": 0.09365673853845818,
            "pno": 0.0,
            "pundecided": 0.845335194397265,
            "punknown": 0.0,
            "time": 1.1726782321929932,
            "percY": 69.53,
            "percN": 0.0,
            "percU": 110.43,
            "percUNK": 0.0,
            "l": 0.09365673853845818,
            "u": 1.0
        }
    },
    "data": {
        "n_samples": 409,
        "time": 3.5024805068969727,
        "repeated_worlds": 365,
        "repeated_progs": 377,
        "unique_progs": 32
    }
}