{
    "status": {
        "d_15": {
            "yes": 14,
            "no": 0,
            "undecided": 29,
            "unknown": 0,
            "pyes": 0.057126866055685836,
            "pno": 0.0,
            "pundecided": 0.902867972412287,
            "punknown": 0.0,
            "time": 1.4303300380706787,
            "percY": 57.26,
            "percN": 0.0,
            "percU": 118.61,
            "percUNK": 0.0,
            "l": 0.057126866055685836,
            "u": 1.0
        },
        "~a_7": {
            "yes": 8,
            "no": 6,
            "undecided": 29,
            "unknown": 0,
            "pyes": 0.6196762660626782,
            "pno": 0.08673570437625389,
            "pundecided": 0.2535828680290407,
            "punknown": 0.0,
            "time": 1.4451279640197754,
            "percY": 32.72,
            "percN": 24.54,
            "percU": 118.61,
            "percUNK": 0.0,
            "l": 0.6196762660626782,
            "u": 0.9132642956237461,
            "flag": "INTEREST"
        }
    },
    "data": {
        "n_samples": 409,
        "time": 2.9335129261016846,
        "repeated_worlds": 366,
        "repeated_progs": 371,
        "unique_progs": 38
    }
}