{
    "status": {
        "~a_0": {
            "yes": 33,
            "no": 0,
            "undecided": 1,
            "unknown": 12,
            "pyes": 0.30346411146636615,
            "pno": 0.0,
            "pundecided": 0.00022463423004749131,
            "punknown": 0.6487259220953773,
            "time": 0.959254264831543,
            "percY": 134.97,
            "percN": 0.0,
            "percU": 4.09,
            "percUNK": 49.08,
            "l": 0.30346411146636615,
            "u": 1.0
        },
        "a_7": {
            "yes": 13,
            "no": 1,
            "undecided": 32,
            "unknown": 0,
            "pyes": 0.11834969649212604,
            "pno": 0.0016113181479744157,
            "pundecided": 0.8324536531516904,
            "punknown": 0.0,
            "time": 0.9868996143341064,
            "percY": 53.17,
            "percN": 4.09,
            "percU": 130.88,
            "percUNK": 0.0,
            "l": 0.11834969649212604,
            "u": 0.9983886818520256
        },
        "a_8": {
            "yes": 3,
            "no": 37,
            "undecided": 6,
            "unknown": 0,
            "pyes": 0.01933542157223348,
            "pno": 0.9020699021495737,
            "pundecided": 0.03100934406998372,
            "punknown": 0.0,
            "time": 0.9733004570007324,
            "percY": 12.27,
            "percN": 151.33,
            "percU": 24.54,
            "percUNK": 0.0,
            "l": 0.01933542157223348,
            "u": 0.09793009785042628,
            "flag": "INTEREST"
        }
    },
    "data": {
        "n_samples": 409,
        "time": 2.972975015640259,
        "repeated_worlds": 363,
        "repeated_progs": 375,
        "unique_progs": 34
    }
}