{
    "status": {
        "d_17": {
            "yes": 29,
            "no": 0,
            "undecided": 9,
            "unknown": 1,
            "pyes": 0.8953223367051768,
            "pno": 0.0,
            "pundecided": 0.04337683773945843,
            "punknown": 0.002264810731474647,
            "time": 0.9546611309051514,
            "percY": 118.61,
            "percN": 0.0,
            "percU": 36.81,
            "percUNK": 4.09,
            "l": 0.8953223367051768,
            "u": 1.0,
            "flag": "INTEREST"
        },
        "a_8": {
            "yes": 0,
            "no": 0,
            "undecided": 39,
            "unknown": 0,
            "pyes": 0.0,
            "pno": 0.0,
            "pundecided": 0.9409639851761097,
            "punknown": 0.0,
            "time": 0.9341883659362793,
            "percY": 0.0,
            "percN": 0.0,
            "percU": 159.51,
            "percUNK": 0.0,
            "l": 0.0,
            "u": 1.0
        }
    },
    "data": {
        "n_samples": 409,
        "time": 1.9398634433746338,
        "repeated_worlds": 370,
        "repeated_progs": 374,
        "unique_progs": 35
    }
}