{
    "status": {
        "a_4": {
            "yes": 44,
            "no": 0,
            "undecided": 0,
            "unknown": 4,
            "pyes": 0.9191313909321768,
            "pno": 0.0,
            "pundecided": 0.0,
            "punknown": 0.0076952982999916415,
            "time": 1.1736266613006592,
            "percY": 179.96,
            "percN": 0.0,
            "percU": 0.0,
            "percUNK": 16.36,
            "l": 0.9191313909321768,
            "u": 1.0,
            "flag": "INTEREST"
        },
        "~a_5": {
            "yes": 36,
            "no": 0,
            "undecided": 0,
            "unknown": 12,
            "pyes": 0.846477696861523,
            "pno": 0.0,
            "pundecided": 0.0,
            "punknown": 0.08034899237064551,
            "time": 1.159712791442871,
            "percY": 147.24,
            "percN": 0.0,
            "percU": 0.0,
            "percUNK": 49.08,
            "l": 0.846477696861523,
            "u": 1.0,
            "flag": "INTEREST"
        },
        "a_8": {
            "yes": 26,
            "no": 22,
            "undecided": 0,
            "unknown": 0,
            "pyes": 0.7947306149080307,
            "pno": 0.13209607432413784,
            "pundecided": 0.0,
            "punknown": 0.0,
            "time": 1.2224297523498535,
            "percY": 106.34,
            "percN": 89.98,
            "percU": 0.0,
            "percUNK": 0.0,
            "l": 0.7947306149080307,
            "u": 0.8679039256758622,
            "flag": "INTEREST"
        }
    },
    "data": {
        "n_samples": 409,
        "time": 3.6182546615600586,
        "repeated_worlds": 361,
        "repeated_progs": 370,
        "unique_progs": 39
    }
}