{
    "status": {
        "a_4": {
            "yes": 52,
            "no": 0,
            "undecided": 0,
            "unknown": 3,
            "pyes": 0.9236156972468268,
            "pno": 0.0,
            "pundecided": 0.0,
            "punknown": 0.006871636913552321,
            "time": 1.485450267791748,
            "percY": 212.68,
            "percN": 0.0,
            "percU": 0.0,
            "percUNK": 12.27,
            "l": 0.9236156972468268,
            "u": 1.0,
            "flag": "INTEREST"
        },
        "~a_9": {
            "yes": 2,
            "no": 0,
            "undecided": 53,
            "unknown": 0,
            "pyes": 0.008449593405068337,
            "pno": 0.0,
            "pundecided": 0.9220377407553108,
            "punknown": 0.0,
            "time": 1.4883036613464355,
            "percY": 8.18,
            "percN": 0.0,
            "percU": 216.77,
            "percUNK": 0.0,
            "l": 0.008449593405068337,
            "u": 1.0
        }
    },
    "data": {
        "n_samples": 409,
        "time": 3.0502707958221436,
        "repeated_worlds": 354,
        "repeated_progs": 357,
        "unique_progs": 52
    }
}