{
    "status": {
        "d_11": {
            "yes": 185,
            "no": 0,
            "undecided": 163,
            "unknown": 0,
            "pyes": 0.0706523059341691,
            "pno": 0.0,
            "pundecided": 0.00774973170671385,
            "punknown": 0.0,
            "time": 9.636783123016357,
            "percY": 377.4,
            "percN": 0.0,
            "percU": 332.52,
            "percUNK": 0.0,
            "l": 0.0706523059341691,
            "u": 1.0
        },
        "~a_8": {
            "yes": 81,
            "no": 85,
            "undecided": 182,
            "unknown": 0,
            "pyes": 0.015582515005900646,
            "pno": 0.02811816748479115,
            "pundecided": 0.034701355150191196,
            "punknown": 0.0,
            "time": 9.780476808547974,
            "percY": 165.24,
            "percN": 173.4,
            "percU": 371.28,
            "percUNK": 0.0,
            "l": 0.015582515005900646,
            "u": 0.9718818325152089
        },
        "a_7": {
            "yes": 91,
            "no": 75,
            "undecided": 182,
            "unknown": 0,
            "pyes": 0.0162804563134175,
            "pno": 0.0274202261772743,
            "pundecided": 0.034701355150191196,
            "punknown": 0.0,
            "time": 9.814032077789307,
            "percY": 185.64,
            "percN": 153.0,
            "percU": 371.28,
            "percUNK": 0.0,
            "l": 0.0162804563134175,
            "u": 0.9725797738227258
        }
    },
    "data": {
        "n_samples": 204,
        "time": 18.065000772476196,
        "repeated_programs": 7,
        "inconsistent_programs": 46,
        "worlds_consulted": 145
    }
}