{
    "status": {
        "a_0": {
            "yes": 36,
            "no": 0,
            "undecided": 0,
            "unknown": 0,
            "pyes": 0.05395655313433015,
            "pno": 0.0,
            "pundecided": 0.0,
            "punknown": 0.0,
            "time": 1.014695644378662,
            "percY": 9.0,
            "percN": 0.0,
            "percU": 0.0,
            "percUNK": 0.0,
            "l": 0.05395655313433015,
            "u": 1.0
        },
        "a_5": {
            "yes": 18,
            "no": 0,
            "undecided": 18,
            "unknown": 0,
            "pyes": 0.017075731753432185,
            "pno": 0.0,
            "pundecided": 0.03688082138089795,
            "punknown": 0.0,
            "time": 0.9438481330871582,
            "percY": 4.5,
            "percN": 0.0,
            "percU": 4.5,
            "percUNK": 0.0,
            "l": 0.017075731753432185,
            "u": 1.0
        },
        "~a_8": {
            "yes": 12,
            "no": 24,
            "undecided": 0,
            "unknown": 0,
            "pyes": 0.0,
            "pno": 0.05395655313433015,
            "pundecided": 0.0,
            "punknown": 0.0,
            "time": 1.0424768924713135,
            "percY": 3.0,
            "percN": 6.0,
            "percU": 0.0,
            "percUNK": 0.0,
            "l": 0.0,
            "u": 0.9460434468656699
        }
    },
    "data": {
        "n_samples": 25,
        "time": 2.226229190826416,
        "repeated_programs": 0,
        "inconsistent_programs": 14,
        "worlds_consulted": 11
    }
}