{
    "status": {
        "a_1": {
            "yes": 31,
            "no": 0,
            "undecided": 59,
            "unknown": 0,
            "pyes": 0.17761877341749363,
            "pno": 0.0,
            "pundecided": 0.04037329602453108,
            "punknown": 0.0,
            "time": 2.775362014770508,
            "percY": 15.81,
            "percN": 0.0,
            "percU": 30.09,
            "percUNK": 0.0,
            "l": 0.17761877341749363,
            "u": 1.0
        },
        "~a_9": {
            "yes": 20,
            "no": 11,
            "undecided": 58,
            "unknown": 1,
            "pyes": 0.15164049276839725,
            "pno": 0.025978280649096377,
            "pundecided": 0.04037329602453108,
            "punknown": 0.0,
            "time": 2.7827601432800293,
            "percY": 10.2,
            "percN": 5.61,
            "percU": 29.58,
            "percUNK": 0.51,
            "l": 0.15164049276839725,
            "u": 0.9740217193509036
        },
        "a_9": {
            "yes": 11,
            "no": 20,
            "undecided": 58,
            "unknown": 1,
            "pyes": 0.025978280649096377,
            "pno": 0.15164049276839725,
            "pundecided": 0.04037329602453108,
            "punknown": 0.0,
            "time": 2.7476139068603516,
            "percY": 5.61,
            "percN": 10.2,
            "percU": 29.58,
            "percUNK": 0.51,
            "l": 0.025978280649096377,
            "u": 0.8483595072316028
        }
    },
    "data": {
        "n_samples": 51,
        "time": 5.048534631729126,
        "repeated_programs": 0,
        "inconsistent_programs": 12,
        "worlds_consulted": 38
    }
}