{
    "status": {
        "d_15": {
            "yes": 13,
            "no": 0,
            "undecided": 2,
            "unknown": 3,
            "pyes": 0.2699173462220398,
            "pno": 0.0,
            "pundecided": 0.0002925973118755164,
            "punknown": 0.0,
            "time": 0.5165331363677979,
            "percY": 1.56,
            "percN": 0.0,
            "percU": 0.24,
            "percUNK": 0.36,
            "l": 0.2699173462220398,
            "u": 1.0
        },
        "a_9": {
            "yes": 11,
            "no": 5,
            "undecided": 2,
            "unknown": 0,
            "pyes": 0.2699173462220398,
            "pno": 0.0002925973118755164,
            "pundecided": 0.0,
            "punknown": 0.0,
            "time": 0.5885894298553467,
            "percY": 1.32,
            "percN": 0.6,
            "percU": 0.24,
            "percUNK": 0.0,
            "l": 0.2699173462220398,
            "u": 0.9997074026881245
        },
        "~a_9": {
            "yes": 5,
            "no": 11,
            "undecided": 2,
            "unknown": 0,
            "pyes": 0.0002925973118755164,
            "pno": 0.2699173462220398,
            "pundecided": 0.0,
            "punknown": 0.0,
            "time": 0.5835230350494385,
            "percY": 0.6,
            "percN": 1.32,
            "percU": 0.24,
            "percUNK": 0.0,
            "l": 0.0002925973118755164,
            "u": 0.7300826537779602
        }
    },
    "data": {
        "n_samples": 12,
        "time": 1.2069122791290283,
        "repeated_programs": 0,
        "inconsistent_programs": 6,
        "worlds_consulted": 6
    }
}