{
    "status": {
        "d_13": {
            "yes": 121,
            "no": 0,
            "undecided": 28,
            "unknown": 1,
            "pyes": 0.1412193020318751,
            "pno": 0.0,
            "pundecided": 0.0,
            "punknown": 0.0,
            "time": 4.596807241439819,
            "percY": 123.42,
            "percN": 0.0,
            "percU": 28.56,
            "percUNK": 1.02,
            "l": 0.1412193020318751,
            "u": 1.0
        },
        "a_6": {
            "yes": 108,
            "no": 0,
            "undecided": 42,
            "unknown": 0,
            "pyes": 0.10749323105654723,
            "pno": 0.0,
            "pundecided": 0.03372607097532794,
            "punknown": 0.0,
            "time": 4.464848279953003,
            "percY": 110.16,
            "percN": 0.0,
            "percU": 42.84,
            "percUNK": 0.0,
            "l": 0.10749323105654723,
            "u": 1.0
        },
        "a_9": {
            "yes": 42,
            "no": 108,
            "undecided": 0,
            "unknown": 0,
            "pyes": 0.03372607097532794,
            "pno": 0.10749323105654723,
            "pundecided": 0.0,
            "punknown": 0.0,
            "time": 4.648571968078613,
            "percY": 42.84,
            "percN": 110.16,
            "percU": 0.0,
            "percUNK": 0.0,
            "l": 0.03372607097532794,
            "u": 0.8925067689434527
        }
    },
    "data": {
        "n_samples": 102,
        "time": 10.011953353881836,
        "repeated_programs": 1,
        "inconsistent_programs": 52,
        "worlds_consulted": 49
    }
}