{
    "status": {
        "a_0": {
            "yes": 37,
            "no": 0,
            "undecided": 0,
            "unknown": 37,
            "pyes": 0.10202966094061633,
            "pno": 0.0,
            "pundecided": 0.0,
            "punknown": 0.11095299731368033,
            "time": 2.060506582260132,
            "percY": 18.87,
            "percN": 0.0,
            "percU": 0.0,
            "percUNK": 18.87,
            "l": 0.10202966094061633,
            "u": 1.0
        },
        "~a_6": {
            "yes": 74,
            "no": 0,
            "undecided": 0,
            "unknown": 0,
            "pyes": 0.21298265825429671,
            "pno": 0.0,
            "pundecided": 0.0,
            "punknown": 0.0,
            "time": 2.0212550163269043,
            "percY": 37.74,
            "percN": 0.0,
            "percU": 0.0,
            "percUNK": 0.0,
            "l": 0.21298265825429671,
            "u": 1.0
        },
        "a_7": {
            "yes": 45,
            "no": 29,
            "undecided": 0,
            "unknown": 0,
            "pyes": 0.07155715174264485,
            "pno": 0.1414255065116518,
            "pundecided": 0.0,
            "punknown": 0.0,
            "time": 2.160189628601074,
            "percY": 22.95,
            "percN": 14.79,
            "percU": 0.0,
            "percUNK": 0.0,
            "l": 0.07155715174264485,
            "u": 0.8585744934883481
        }
    },
    "data": {
        "n_samples": 51,
        "time": 4.399808168411255,
        "repeated_programs": 3,
        "inconsistent_programs": 22,
        "worlds_consulted": 25
    }
}