{
    "status": {
        "d_17": {
            "yes": 76,
            "no": 0,
            "undecided": 50,
            "unknown": 26,
            "pyes": 0.06963918371811495,
            "pno": 0.0,
            "pundecided": 0.017996870706721964,
            "punknown": 0.0004901105341626056,
            "time": 4.214416742324829,
            "percY": 77.52,
            "percN": 0.0,
            "percU": 51.0,
            "percUNK": 26.52,
            "l": 0.06963918371811495,
            "u": 1.0
        },
        "~a_6": {
            "yes": 152,
            "no": 0,
            "undecided": 0,
            "unknown": 0,
            "pyes": 0.08812616495899955,
            "pno": 0.0,
            "pundecided": 0.0,
            "punknown": 0.0,
            "time": 4.120809078216553,
            "percY": 155.04,
            "percN": 0.0,
            "percU": 0.0,
            "percUNK": 0.0,
            "l": 0.08812616495899955,
            "u": 1.0
        },
        "~a_7": {
            "yes": 77,
            "no": 75,
            "undecided": 0,
            "unknown": 0,
            "pyes": 0.024168697684627694,
            "pno": 0.06395746727437183,
            "pundecided": 0.0,
            "punknown": 0.0,
            "time": 4.207231044769287,
            "percY": 78.54,
            "percN": 76.5,
            "percU": 0.0,
            "percUNK": 0.0,
            "l": 0.024168697684627694,
            "u": 0.9360425327256282
        }
    },
    "data": {
        "n_samples": 102,
        "time": 8.815264701843262,
        "repeated_programs": 3,
        "inconsistent_programs": 46,
        "worlds_consulted": 51
    }
}