{
    "status": {
        "~d_57": {
            "yes": 20,
            "no": 0,
            "undecided": 9,
            "unknown": 0,
            "pyes": 0.8718041065757455,
            "pno": 0.0,
            "pundecided": 0.07691135385903147,
            "punknown": 0.0,
            "time": 0.808617353439331,
            "percY": 81.8,
            "percN": 0.0,
            "percU": 36.81,
            "percUNK": 0.0,
            "l": 0.8718041065757455,
            "u": 1.0,
            "flag": "INTEREST"
        },
        "~a_17": {
            "yes": 14,
            "no": 0,
            "undecided": 15,
            "unknown": 0,
            "pyes": 0.1304654323726229,
            "pno": 0.0,
            "pundecided": 0.818250028062154,
            "punknown": 0.0,
            "time": 1.5362672805786133,
            "percY": 57.26,
            "percN": 0.0,
            "percU": 61.35,
            "percUNK": 0.0,
            "l": 0.1304654323726229,
            "u": 1.0
        },
        "a_15": {
            "yes": 22,
            "no": 4,
            "undecided": 3,
            "unknown": 0,
            "pyes": 0.8758113649211465,
            "pno": 0.03872385300657133,
            "pundecided": 0.03418024250705902,
            "punknown": 0.0,
            "time": 1.2956347465515137,
            "percY": 89.98,
            "percN": 16.36,
            "percU": 12.27,
            "percUNK": 0.0,
            "l": 0.8758113649211465,
            "u": 0.9612761469934287,
            "flag": "INTEREST"
        }
    },
    "data": {
        "n_samples": 409,
        "time": 3.6803202629089355,
        "repeated_worlds": 380,
        "repeated_progs": 380,
        "unique_progs": 29
    }
}