{
    "status": {
        "d_41": {
            "yes": 34,
            "no": 0,
            "undecided": 25,
            "unknown": 0,
            "pyes": 0.23467047404708843,
            "pno": 0.0,
            "pundecided": 0.7028129143016139,
            "punknown": 0.0,
            "time": 1.4200527667999268,
            "percY": 139.06,
            "percN": 0.0,
            "percU": 102.25,
            "percUNK": 0.0,
            "l": 0.23467047404708843,
            "u": 1.0
        },
        "a_17": {
            "yes": 6,
            "no": 1,
            "undecided": 52,
            "unknown": 0,
            "pyes": 0.06685106947287334,
            "pno": 0.0017165397622199796,
            "pundecided": 0.868915779113609,
            "punknown": 0.0,
            "time": 1.4193871021270752,
            "percY": 24.54,
            "percN": 4.09,
            "percU": 212.68,
            "percUNK": 0.0,
            "l": 0.06685106947287334,
            "u": 0.99828346023778
        }
    },
    "data": {
        "n_samples": 409,
        "time": 2.9130468368530273,
        "repeated_worlds": 350,
        "repeated_progs": 350,
        "unique_progs": 59
    }
}