{
    "status": {
        "~d_25": {
            "yes": 41,
            "no": 0,
            "undecided": 9,
            "unknown": 0,
            "pyes": 0.8896469328193546,
            "pno": 0.0,
            "pundecided": 0.0556008864006811,
            "punknown": 0.0,
            "time": 1.2043981552124023,
            "percY": 167.69,
            "percN": 0.0,
            "percU": 36.81,
            "percUNK": 0.0,
            "l": 0.8896469328193546,
            "u": 1.0,
            "flag": "INTEREST"
        },
        "a_17": {
            "yes": 10,
            "no": 0,
            "undecided": 40,
            "unknown": 0,
            "pyes": 0.06654356267572427,
            "pno": 0.0,
            "pundecided": 0.8787042565443114,
            "punknown": 0.0,
            "time": 1.2322421073913574,
            "percY": 40.9,
            "percN": 0.0,
            "percU": 163.6,
            "percUNK": 0.0,
            "l": 0.06654356267572427,
            "u": 1.0
        },
        "~a_14": {
            "yes": 6,
            "no": 9,
            "undecided": 35,
            "unknown": 0,
            "pyes": 0.0640895314474665,
            "pno": 0.014675847716932065,
            "pundecided": 0.8664824400556371,
            "punknown": 0.0,
            "time": 1.2840454578399658,
            "percY": 24.54,
            "percN": 36.81,
            "percU": 143.15,
            "percUNK": 0.0,
            "l": 0.0640895314474665,
            "u": 0.9853241522830679
        }
    },
    "data": {
        "n_samples": 409,
        "time": 3.7813661098480225,
        "repeated_worlds": 359,
        "repeated_progs": 359,
        "unique_progs": 50
    }
}