{
    "status": {
        "~d_19": {
            "yes": 196608,
            "no": 0,
            "undecided": 49152,
            "unknown": 16384,
            "pyes": 0.8995176030878704,
            "pno": 0.0,
            "pundecided": 0.05584019276541403,
            "punknown": 0.04464220414658409,
            "time": 3.379331588745117,
            "percY": 515396075.52,
            "percN": 0.0,
            "percU": 128849018.88,
            "percUNK": 42949672.96,
            "l": 0.8995176030878704,
            "u": 1.0,
            "flag": "INTEREST"
        },
        "a_7": {
            "yes": 262144,
            "no": 0,
            "undecided": 0,
            "unknown": 0,
            "pyes": 0.9999999999998375,
            "pno": 0.0,
            "pundecided": 0.0,
            "punknown": 0.0,
            "time": 3.4479734897613525,
            "percY": 687194767.36,
            "percN": 0.0,
            "percU": 0.0,
            "percUNK": 0.0,
            "l": 0.9999999999998375,
            "u": 1.0,
            "flag": "INTEREST"
        },
        "~a_7": {
            "yes": 0,
            "no": 262144,
            "undecided": 0,
            "unknown": 0,
            "pyes": 0.0,
            "pno": 0.9999999999998375,
            "pundecided": 0.0,
            "punknown": 0.0,
            "time": 3.488090753555298,
            "percY": 0.0,
            "percN": 687194767.36,
            "percU": 0.0,
            "percUNK": 0.0,
            "l": 0.0,
            "u": 1.6253665080512292e-13,
            "flag": "INTEREST"
        }
    },
    "data": {
        "n_samples": 262144,
        "time": 107.70170569419861,
        "repeated_worlds": 0,
        "repeated_progs": 261984,
        "unique_progs": 160
    }
}