{
    "status": {
        "~a_2": {
            "yes": 262144,
            "no": 0,
            "undecided": 0,
            "unknown": 0,
            "pyes": 0.9999999999999242,
            "pno": 0.0,
            "pundecided": 0.0,
            "punknown": 0.0,
            "time": 22.5247220993042,
            "percY": 687194767.36,
            "percN": 0.0,
            "percU": 0.0,
            "percUNK": 0.0,
            "l": 0.9999999999999242,
            "u": 1.0,
            "flag": "INTEREST"
        },
        "a_5": {
            "yes": 65536,
            "no": 0,
            "undecided": 196608,
            "unknown": 0,
            "pyes": 0.00904415024214552,
            "pno": 0.0,
            "pundecided": 0.9909558497578025,
            "punknown": 0.0,
            "time": 22.304662466049194,
            "percY": 171798691.84,
            "percN": 0.0,
            "percU": 515396075.52,
            "percUNK": 0.0,
            "l": 0.00904415024214552,
            "u": 1.0
        },
        "a_8": {
            "yes": 79872,
            "no": 116736,
            "undecided": 65536,
            "unknown": 0,
            "pyes": 0.17370864588800053,
            "pno": 0.021217402785842766,
            "pundecided": 0.8050739513261341,
            "punknown": 0.0,
            "time": 23.254903078079224,
            "percY": 209379655.68,
            "percN": 306016419.84,
            "percU": 171798691.84,
            "percUNK": 0.0,
            "l": 0.17370864588800053,
            "u": 0.9787825972141573
        }
    },
    "data": {
        "n_samples": 262144,
        "time": 231.28284001350403,
        "repeated_worlds": 0,
        "repeated_progs": 261646,
        "unique_progs": 498
    }
}