{
    "status": {
        "~d_10": {
            "yes": 65536,
            "no": 0,
            "undecided": 196608,
            "unknown": 0,
            "pyes": 0.04634610749999959,
            "pno": 0.0,
            "pundecided": 0.953653892499957,
            "punknown": 0.0,
            "time": 10.623717784881592,
            "percY": 171798691.84,
            "percN": 0.0,
            "percU": 515396075.52,
            "percUNK": 0.0,
            "l": 0.04634610749999959,
            "u": 1.0
        },
        "~a_8": {
            "yes": 245760,
            "no": 16384,
            "undecided": 0,
            "unknown": 0,
            "pyes": 0.9997826918653775,
            "pno": 0.00021730813456072046,
            "pundecided": 0.0,
            "punknown": 0.0,
            "time": 10.58428692817688,
            "percY": 644245094.4,
            "percN": 42949672.96,
            "percU": 0.0,
            "percUNK": 0.0,
            "l": 0.9997826918653775,
            "u": 0.9997826918654393,
            "flag": "INTEREST"
        },
        "~a_7": {
            "yes": 122880,
            "no": 122880,
            "undecided": 16384,
            "unknown": 0,
            "pyes": 0.1512829942291657,
            "pno": 0.8484996976362315,
            "pundecided": 0.00021730813456072046,
            "punknown": 0.0,
            "time": 11.290491819381714,
            "percY": 322122547.2,
            "percN": 322122547.2,
            "percU": 42949672.96,
            "percUNK": 0.0,
            "l": 0.1512829942291657,
            "u": 0.15150030236376855,
            "flag": "INTEREST"
        }
    },
    "data": {
        "n_samples": 262144,
        "time": 184.56293654441833,
        "repeated_worlds": 0,
        "repeated_progs": 261908,
        "unique_progs": 236
    }
}