{
    "status": {
        "a_4": {
            "yes": 262144,
            "no": 0,
            "undecided": 0,
            "unknown": 0,
            "pyes": 0.9999999999999939,
            "pno": 0.0,
            "pundecided": 0.0,
            "punknown": 0.0,
            "time": 42.98068380355835,
            "percY": 687194767.36,
            "percN": 0.0,
            "percU": 0.0,
            "percUNK": 0.0,
            "l": 0.9999999999999939,
            "u": 1.0,
            "flag": "INTEREST"
        },
        "~a_7": {
            "yes": 251136,
            "no": 11008,
            "undecided": 0,
            "unknown": 0,
            "pyes": 0.9999932527812482,
            "pno": 6.747218748158133e-06,
            "pundecided": 0.0,
            "punknown": 0.0,
            "time": 42.4438419342041,
            "percY": 658337955.84,
            "percN": 28856811.52,
            "percU": 0.0,
            "percUNK": 0.0,
            "l": 0.9999932527812482,
            "u": 0.9999932527812518,
            "flag": "INTEREST"
        },
        "a_7": {
            "yes": 11008,
            "no": 251136,
            "undecided": 0,
            "unknown": 0,
            "pyes": 6.747218748158133e-06,
            "pno": 0.9999932527812482,
            "pundecided": 0.0,
            "punknown": 0.0,
            "time": 42.937700033187866,
            "percY": 28856811.52,
            "percN": 658337955.84,
            "percU": 0.0,
            "percUNK": 0.0,
            "l": 6.747218748158133e-06,
            "u": 6.747218751823603e-06,
            "flag": "INTEREST"
        }
    },
    "data": {
        "n_samples": 262144,
        "time": 316.14534306526184,
        "repeated_worlds": 0,
        "repeated_progs": 261241,
        "unique_progs": 903
    }
}