{
    "status": {
        "~d_12": {
            "yes": 262144,
            "no": 0,
            "undecided": 0,
            "unknown": 0,
            "pyes": 0.9999999999999953,
            "pno": 0.0,
            "pundecided": 0.0,
            "punknown": 0.0,
            "time": 13.778881072998047,
            "percY": 687194767.36,
            "percN": 0.0,
            "percU": 0.0,
            "percUNK": 0.0,
            "l": 0.9999999999999953,
            "u": 1.0,
            "flag": "INTEREST"
        },
        "a_7": {
            "yes": 147456,
            "no": 0,
            "undecided": 49152,
            "unknown": 65536,
            "pyes": 0.12661568965599843,
            "pno": 0.0,
            "pundecided": 0.8715483103439998,
            "punknown": 0.0018359999999999952,
            "time": 13.66539192199707,
            "percY": 386547056.64,
            "percN": 0.0,
            "percU": 128849018.88,
            "percUNK": 171798691.84,
            "l": 0.12661568965599843,
            "u": 1.0
        },
        "~a_9": {
            "yes": 159744,
            "no": 36864,
            "undecided": 65536,
            "unknown": 0,
            "pyes": 0.9908460121041197,
            "pno": 0.005619767269877513,
            "pundecided": 0.0035342206260000173,
            "punknown": 0.0,
            "time": 14.43078064918518,
            "percY": 418759311.36,
            "percN": 96636764.16,
            "percU": 171798691.84,
            "percUNK": 0.0,
            "l": 0.9908460121041197,
            "u": 0.9943802327301224,
            "flag": "INTEREST"
        }
    },
    "data": {
        "n_samples": 262144,
        "time": 196.12270092964172,
        "repeated_worlds": 0,
        "repeated_progs": 261832,
        "unique_progs": 312
    }
}