{
    "status": {
        "d_13": {
            "yes": 196608,
            "no": 0,
            "undecided": 65536,
            "unknown": 0,
            "pyes": 0.17726428880074088,
            "pno": 0.0,
            "pundecided": 0.8227357111992463,
            "punknown": 0.0,
            "time": 24.38316512107849,
            "percY": 515396075.52,
            "percN": 0.0,
            "percU": 171798691.84,
            "percUNK": 0.0,
            "l": 0.17726428880074088,
            "u": 1.0
        },
        "a_8": {
            "yes": 167936,
            "no": 28672,
            "undecided": 65536,
            "unknown": 0,
            "pyes": 0.1570205633999707,
            "pno": 0.04559747368396665,
            "pundecided": 0.7973819629160489,
            "punknown": 0.0,
            "time": 24.649277925491333,
            "percY": 440234147.84,
            "percN": 75161927.68,
            "percU": 171798691.84,
            "percUNK": 0.0,
            "l": 0.1570205633999707,
            "u": 0.9544025263160334
        },
        "a_7": {
            "yes": 145664,
            "no": 43008,
            "undecided": 73472,
            "unknown": 0,
            "pyes": 0.18729858882262093,
            "pno": 0.0061057561000694635,
            "pundecided": 0.8065956550772974,
            "punknown": 0.0,
            "time": 24.12289834022522,
            "percY": 381849436.16,
            "percN": 112742891.52,
            "percU": 192602439.68,
            "percUNK": 0.0,
            "l": 0.18729858882262093,
            "u": 0.9938942438999305
        }
    },
    "data": {
        "n_samples": 262144,
        "time": 231.10565638542175,
        "repeated_worlds": 0,
        "repeated_progs": 261616,
        "unique_progs": 528
    }
}