{
    "status": {
        "~a_1": {
            "yes": 262144,
            "no": 0,
            "undecided": 0,
            "unknown": 0,
            "pyes": 0.9999999999999375,
            "pno": 0.0,
            "pundecided": 0.0,
            "punknown": 0.0,
            "time": 15.770148515701294,
            "percY": 687194767.36,
            "percN": 0.0,
            "percU": 0.0,
            "percUNK": 0.0,
            "l": 0.9999999999999375,
            "u": 1.0,
            "flag": "INTEREST"
        },
        "a_7": {
            "yes": 179712,
            "no": 16896,
            "undecided": 65536,
            "unknown": 0,
            "pyes": 0.2114062877618839,
            "pno": 0.0017713042381065879,
            "pundecided": 0.7868224079999921,
            "punknown": 0.0,
            "time": 15.765164136886597,
            "percY": 471104225.28,
            "percN": 44291850.24,
            "percU": 171798691.84,
            "percUNK": 0.0,
            "l": 0.2114062877618839,
            "u": 0.9982286957618934
        }
    },
    "data": {
        "n_samples": 262144,
        "time": 205.04850482940674,
        "repeated_worlds": 0,
        "repeated_progs": 261816,
        "unique_progs": 328
    }
}