{
    "status": {
        "a_2": {
            "yes": 65536,
            "no": 0,
            "undecided": 0,
            "unknown": 196608,
            "pyes": 0.017914342063359612,
            "pno": 0.0,
            "pundecided": 0.0,
            "punknown": 0.9820856579365778,
            "time": 0.6568641662597656,
            "percY": 171798691.84,
            "percN": 0.0,
            "percU": 0.0,
            "percUNK": 515396075.52,
            "l": 0.017914342063359612,
            "u": 1.0
        },
        "a_6": {
            "yes": 262144,
            "no": 0,
            "undecided": 0,
            "unknown": 0,
            "pyes": 0.9999999999998576,
            "pno": 0.0,
            "pundecided": 0.0,
            "punknown": 0.0,
            "time": 0.6984560489654541,
            "percY": 687194767.36,
            "percN": 0.0,
            "percU": 0.0,
            "percUNK": 0.0,
            "l": 0.9999999999998576,
            "u": 1.0,
            "flag": "INTEREST"
        },
        "a_7": {
            "yes": 262144,
            "no": 0,
            "undecided": 0,
            "unknown": 0,
            "pyes": 0.9999999999998576,
            "pno": 0.0,
            "pundecided": 0.0,
            "punknown": 0.0,
            "time": 0.6508393287658691,
            "percY": 687194767.36,
            "percN": 0.0,
            "percU": 0.0,
            "percUNK": 0.0,
            "l": 0.9999999999998576,
            "u": 1.0,
            "flag": "INTEREST"
        }
    },
    "data": {
        "n_samples": 262144,
        "time": 121.64672446250916,
        "repeated_worlds": 0,
        "repeated_progs": 262126,
        "unique_progs": 18
    }
}