{
    "status": {
        "d_17": {
            "yes": 262144,
            "no": 0,
            "undecided": 0,
            "unknown": 0,
            "pyes": 0.9999999999999929,
            "pno": 0.0,
            "pundecided": 0.0,
            "punknown": 0.0,
            "time": 9.874976873397827,
            "percY": 687194767.36,
            "percN": 0.0,
            "percU": 0.0,
            "percUNK": 0.0,
            "l": 0.9999999999999929,
            "u": 1.0,
            "flag": "INTEREST"
        },
        "a_5": {
            "yes": 196608,
            "no": 0,
            "undecided": 65536,
            "unknown": 0,
            "pyes": 0.9223999999999947,
            "pno": 0.0,
            "pundecided": 0.07759999999999945,
            "punknown": 0.0,
            "time": 9.854065179824829,
            "percY": 515396075.52,
            "percN": 0.0,
            "percU": 171798691.84,
            "percUNK": 0.0,
            "l": 0.9223999999999947,
            "u": 1.0,
            "flag": "INTEREST"
        },
        "a_9": {
            "yes": 138240,
            "no": 58368,
            "undecided": 65536,
            "unknown": 0,
            "pyes": 0.8616334264276433,
            "pno": 0.06076657357235394,
            "pundecided": 0.07759999999999945,
            "punknown": 0.0,
            "time": 10.279667854309082,
            "percY": 362387865.6,
            "percN": 153008209.92,
            "percU": 171798691.84,
            "percUNK": 0.0,
            "l": 0.8616334264276433,
            "u": 0.9392334264276461,
            "flag": "INTEREST"
        }
    },
    "data": {
        "n_samples": 262144,
        "time": 155.3412001132965,
        "repeated_worlds": 0,
        "repeated_progs": 261856,
        "unique_progs": 288
    }
}