{
    "status": {
        "a_8": {
            "yes": 196608,
            "no": 0,
            "undecided": 65536,
            "unknown": 0,
            "pyes": 0.8013867664001207,
            "pno": 0.0,
            "pundecided": 0.19861323359981184,
            "punknown": 0.0,
            "time": 16.37171983718872,
            "percY": 515396075.52,
            "percN": 0.0,
            "percU": 171798691.84,
            "percUNK": 0.0,
            "l": 0.8013867664001207,
            "u": 1.0,
            "flag": "INTEREST"
        },
        "~a_6": {
            "yes": 262144,
            "no": 0,
            "undecided": 0,
            "unknown": 0,
            "pyes": 0.9999999999999323,
            "pno": 0.0,
            "pundecided": 0.0,
            "punknown": 0.0,
            "time": 16.365817546844482,
            "percY": 687194767.36,
            "percN": 0.0,
            "percU": 0.0,
            "percUNK": 0.0,
            "l": 0.9999999999999323,
            "u": 1.0,
            "flag": "INTEREST"
        },
        "a_7": {
            "yes": 43008,
            "no": 153600,
            "undecided": 65536,
            "unknown": 0,
            "pyes": 0.021900388014616325,
            "pno": 0.7794863783855182,
            "pundecided": 0.19861323359981184,
            "punknown": 0.0,
            "time": 16.74767279624939,
            "percY": 112742891.52,
            "percN": 402653184.0,
            "percU": 171798691.84,
            "percUNK": 0.0,
            "l": 0.021900388014616325,
            "u": 0.22051362161448185,
            "flag": "INTEREST"
        }
    },
    "data": {
        "n_samples": 262144,
        "time": 184.9883770942688,
        "repeated_worlds": 0,
        "repeated_progs": 261664,
        "unique_progs": 480
    }
}