{
    "status": {
        "a_4": {
            "yes": 262144,
            "no": 0,
            "undecided": 0,
            "unknown": 0,
            "pyes": 0.999999999999992,
            "pno": 0.0,
            "pundecided": 0.0,
            "punknown": 0.0,
            "time": 7.407800674438477,
            "percY": 687194767.36,
            "percN": 0.0,
            "percU": 0.0,
            "percUNK": 0.0,
            "l": 0.999999999999992,
            "u": 1.0,
            "flag": "INTEREST"
        },
        "~a_9": {
            "yes": 118784,
            "no": 143360,
            "undecided": 0,
            "unknown": 0,
            "pyes": 0.1686752637154048,
            "pno": 0.8313247362845886,
            "pundecided": 0.0,
            "punknown": 0.0,
            "time": 7.640258312225342,
            "percY": 311385128.96,
            "percN": 375809638.4,
            "percU": 0.0,
            "percUNK": 0.0,
            "l": 0.1686752637154048,
            "u": 0.16867526371541142,
            "flag": "INTEREST"
        },
        "a_7": {
            "yes": 57344,
            "no": 139264,
            "undecided": 65536,
            "unknown": 0,
            "pyes": 0.03264452450987216,
            "pno": 0.8114823337301176,
            "pundecided": 0.15587314175999972,
            "punknown": 0.0,
            "time": 7.539759874343872,
            "percY": 150323855.36,
            "percN": 365072220.16,
            "percU": 171798691.84,
            "percUNK": 0.0,
            "l": 0.03264452450987216,
            "u": 0.18851766626988242,
            "flag": "INTEREST"
        }
    },
    "data": {
        "n_samples": 262144,
        "time": 154.2612383365631,
        "repeated_worlds": 0,
        "repeated_progs": 261928,
        "unique_progs": 216
    }
}