{
    "status": {
        "a_0": {
            "yes": 196608,
            "no": 0,
            "undecided": 65536,
            "unknown": 0,
            "pyes": 0.16498915839998896,
            "pno": 0.0,
            "pundecided": 0.8350108415999838,
            "punknown": 0.0,
            "time": 5.17213773727417,
            "percY": 515396075.52,
            "percN": 0.0,
            "percU": 171798691.84,
            "percUNK": 0.0,
            "l": 0.16498915839998896,
            "u": 1.0
        },
        "a_6": {
            "yes": 131072,
            "no": 0,
            "undecided": 65536,
            "unknown": 65536,
            "pyes": 0.15848755199999312,
            "pno": 0.0,
            "pundecided": 0.8350108415999838,
            "punknown": 0.006501606399999923,
            "time": 4.973495244979858,
            "percY": 343597383.68,
            "percN": 0.0,
            "percU": 171798691.84,
            "percUNK": 171798691.84,
            "l": 0.15848755199999312,
            "u": 1.0
        },
        "a_9": {
            "yes": 167936,
            "no": 94208,
            "undecided": 0,
            "unknown": 0,
            "pyes": 0.0491702694312538,
            "pno": 0.950829730568733,
            "pundecided": 0.0,
            "punknown": 0.0,
            "time": 5.588862180709839,
            "percY": 440234147.84,
            "percN": 246960619.52,
            "percU": 0.0,
            "percUNK": 0.0,
            "l": 0.0491702694312538,
            "u": 0.04917026943126701,
            "flag": "INTEREST"
        }
    },
    "data": {
        "n_samples": 262144,
        "time": 164.74237942695618,
        "repeated_worlds": 0,
        "repeated_progs": 262034,
        "unique_progs": 110
    }
}