{
    "status": {
        "~d_14": {
            "yes": 262144,
            "no": 0,
            "undecided": 0,
            "unknown": 0,
            "pyes": 0.9999999999999637,
            "pno": 0.0,
            "pundecided": 0.0,
            "punknown": 0.0,
            "time": 19.26664686203003,
            "percY": 687194767.36,
            "percN": 0.0,
            "percU": 0.0,
            "percUNK": 0.0,
            "l": 0.9999999999999637,
            "u": 1.0,
            "flag": "INTEREST"
        },
        "a_7": {
            "yes": 225280,
            "no": 0,
            "undecided": 36864,
            "unknown": 0,
            "pyes": 0.19351443174799618,
            "pno": 0.0,
            "pundecided": 0.8064855682519988,
            "punknown": 0.0,
            "time": 20.012144804000854,
            "percY": 590558003.2,
            "percN": 0.0,
            "percU": 96636764.16,
            "percUNK": 0.0,
            "l": 0.19351443174799618,
            "u": 1.0
        },
        "~a_8": {
            "yes": 98304,
            "no": 98304,
            "undecided": 65536,
            "unknown": 0,
            "pyes": 0.1481289575338789,
            "pno": 0.8483386344661094,
            "pundecided": 0.0035324080000000125,
            "punknown": 0.0,
            "time": 18.961021184921265,
            "percY": 257698037.76,
            "percN": 257698037.76,
            "percU": 171798691.84,
            "percUNK": 0.0,
            "l": 0.1481289575338789,
            "u": 0.15166136553389065,
            "flag": "INTEREST"
        }
    },
    "data": {
        "n_samples": 262144,
        "time": 219.62658739089966,
        "repeated_worlds": 0,
        "repeated_progs": 261724,
        "unique_progs": 420
    }
}