{
    "status": {
        "~d_12": {
            "yes": 196608,
            "no": 0,
            "undecided": 65536,
            "unknown": 0,
            "pyes": 0.9315142730546427,
            "pno": 0.0,
            "pundecided": 0.06848572694524369,
            "punknown": 0.0,
            "time": 23.44185709953308,
            "percY": 515396075.52,
            "percN": 0.0,
            "percU": 171798691.84,
            "percUNK": 0.0,
            "l": 0.9315142730546427,
            "u": 1.0,
            "flag": "INTEREST"
        },
        "a_8": {
            "yes": 132096,
            "no": 64512,
            "undecided": 65536,
            "unknown": 0,
            "pyes": 0.0977481136982362,
            "pno": 0.8988524763017429,
            "pundecided": 0.003399409999999883,
            "punknown": 0.0,
            "time": 23.62702775001526,
            "percY": 346281738.24,
            "percN": 169114337.28,
            "percU": 171798691.84,
            "percUNK": 0.0,
            "l": 0.0977481136982362,
            "u": 0.10114752369825708,
            "flag": "INTEREST"
        }
    },
    "data": {
        "n_samples": 262144,
        "time": 235.79429054260254,
        "repeated_worlds": 0,
        "repeated_progs": 261626,
        "unique_progs": 518
    }
}