{
    "status": {
        "a_4": {
            "yes": 262144,
            "no": 0,
            "undecided": 0,
            "unknown": 0,
            "pyes": 0.9999999999999559,
            "pno": 0.0,
            "pundecided": 0.0,
            "punknown": 0.0,
            "time": 20.741657257080078,
            "percY": 687194767.36,
            "percN": 0.0,
            "percU": 0.0,
            "percUNK": 0.0,
            "l": 0.9999999999999559,
            "u": 1.0,
            "flag": "INTEREST"
        },
        "a_8": {
            "yes": 82944,
            "no": 31744,
            "undecided": 147456,
            "unknown": 0,
            "pyes": 0.08961153249757542,
            "pno": 0.0022263846601030474,
            "pundecided": 0.9081620828422953,
            "punknown": 0.0,
            "time": 21.169264793395996,
            "percY": 217432719.36,
            "percN": 83214991.36,
            "percU": 386547056.64,
            "percUNK": 0.0,
            "l": 0.08961153249757542,
            "u": 0.997773615339897
        },
        "~a_8": {
            "yes": 31744,
            "no": 82944,
            "undecided": 147456,
            "unknown": 0,
            "pyes": 0.0022263846601030474,
            "pno": 0.08961153249757542,
            "pundecided": 0.9081620828422953,
            "punknown": 0.0,
            "time": 20.505717515945435,
            "percY": 83214991.36,
            "percN": 217432719.36,
            "percU": 386547056.64,
            "percUNK": 0.0,
            "l": 0.0022263846601030474,
            "u": 0.9103884675024245
        }
    },
    "data": {
        "n_samples": 262144,
        "time": 223.6419870853424,
        "repeated_worlds": 0,
        "repeated_progs": 261664,
        "unique_progs": 480
    }
}