{
    "status": {
        "d_18": {
            "yes": 65536,
            "no": 0,
            "undecided": 196608,
            "unknown": 0,
            "pyes": 0.779858732833893,
            "pno": 0.0,
            "pundecided": 0.22014126716600643,
            "punknown": 0.0,
            "time": 16.015557050704956,
            "percY": 171798691.84,
            "percN": 0.0,
            "percU": 515396075.52,
            "percUNK": 0.0,
            "l": 0.779858732833893,
            "u": 1.0,
            "flag": "INTEREST"
        },
        "a_9": {
            "yes": 114688,
            "no": 147456,
            "undecided": 0,
            "unknown": 0,
            "pyes": 0.8243121903738964,
            "pno": 0.1756878096259833,
            "pundecided": 0.0,
            "punknown": 0.0,
            "time": 16.451537609100342,
            "percY": 300647710.72,
            "percN": 386547056.64,
            "percU": 0.0,
            "percUNK": 0.0,
            "l": 0.8243121903738964,
            "u": 0.8243121903740167,
            "flag": "INTEREST"
        }
    },
    "data": {
        "n_samples": 262144,
        "time": 154.557599067688,
        "repeated_worlds": 0,
        "repeated_progs": 261444,
        "unique_progs": 700
    }
}