{
    "status": {
        "~a_1": {
            "yes": 262144,
            "no": 0,
            "undecided": 0,
            "unknown": 0,
            "pyes": 0.9999999999999976,
            "pno": 0.0,
            "pundecided": 0.0,
            "punknown": 0.0,
            "time": 30.886396408081055,
            "percY": 687194767.36,
            "percN": 0.0,
            "percU": 0.0,
            "percUNK": 0.0,
            "l": 0.9999999999999976,
            "u": 1.0,
            "flag": "INTEREST"
        },
        "a_5": {
            "yes": 196608,
            "no": 0,
            "undecided": 65536,
            "unknown": 0,
            "pyes": 0.9992418508314351,
            "pno": 0.0,
            "pundecided": 0.0007581491685631973,
            "punknown": 0.0,
            "time": 30.926103115081787,
            "percY": 515396075.52,
            "percN": 0.0,
            "percU": 171798691.84,
            "percUNK": 0.0,
            "l": 0.9992418508314351,
            "u": 1.0,
            "flag": "INTEREST"
        },
        "~a_7": {
            "yes": 0,
            "no": 196608,
            "undecided": 65536,
            "unknown": 0,
            "pyes": 0.0,
            "pno": 0.9992418508314351,
            "pundecided": 0.0007581491685631973,
            "punknown": 0.0,
            "time": 31.482412576675415,
            "percY": 0.0,
            "percN": 515396075.52,
            "percU": 171798691.84,
            "percUNK": 0.0,
            "l": 0.0,
            "u": 0.00075814916856487,
            "flag": "INTEREST"
        }
    },
    "data": {
        "n_samples": 262144,
        "time": 260.3616940975189,
        "repeated_worlds": 0,
        "repeated_progs": 261454,
        "unique_progs": 690
    }
}