{
    "status": {
        "a_3": {
            "yes": 262144,
            "no": 0,
            "undecided": 0,
            "unknown": 0,
            "pyes": 0.9999999999998838,
            "pno": 0.0,
            "pundecided": 0.0,
            "punknown": 0.0,
            "time": 25.80346965789795,
            "percY": 687194767.36,
            "percN": 0.0,
            "percU": 0.0,
            "percUNK": 0.0,
            "l": 0.9999999999998838,
            "u": 1.0,
            "flag": "INTEREST"
        },
        "a_6": {
            "yes": 65536,
            "no": 0,
            "undecided": 0,
            "unknown": 196608,
            "pyes": 0.050950079999998364,
            "pno": 0.0,
            "pundecided": 0.0,
            "punknown": 0.9490499199999205,
            "time": 26.27021884918213,
            "percY": 171798691.84,
            "percN": 0.0,
            "percU": 0.0,
            "percUNK": 515396075.52,
            "l": 0.050950079999998364,
            "u": 1.0
        },
        "~a_7": {
            "yes": 65536,
            "no": 0,
            "undecided": 196608,
            "unknown": 0,
            "pyes": 0.0011999999999999626,
            "pno": 0.0,
            "pundecided": 0.9987999999999274,
            "punknown": 0.0,
            "time": 26.0677752494812,
            "percY": 171798691.84,
            "percN": 0.0,
            "percU": 515396075.52,
            "percUNK": 0.0,
            "l": 0.0011999999999999626,
            "u": 1.0
        }
    },
    "data": {
        "n_samples": 262144,
        "time": 241.27943563461304,
        "repeated_worlds": 0,
        "repeated_progs": 261563,
        "unique_progs": 581
    }
}