{
    "status": {
        "d_10": {
            "yes": 99,
            "no": 0,
            "undecided": 103,
            "unknown": 0,
            "pyes": 0.003895947689861674,
            "pno": 0.0,
            "pundecided": 0.0036105803329069966,
            "punknown": 0.0,
            "time": 3.2368204593658447,
            "percY": 201.96,
            "percN": 0.0,
            "percU": 210.12,
            "percUNK": 0.0,
            "l": 0.003895947689861674,
            "u": 1.0
        },
        "a_5": {
            "yes": 98,
            "no": 0,
            "undecided": 104,
            "unknown": 0,
            "pyes": 0.007299476784664344,
            "pno": 0.0,
            "pundecided": 0.00020705123810432072,
            "punknown": 0.0,
            "time": 3.3245551586151123,
            "percY": 199.92,
            "percN": 0.0,
            "percU": 212.16,
            "percUNK": 0.0,
            "l": 0.007299476784664344,
            "u": 1.0
        },
        "a_8": {
            "yes": 96,
            "no": 14,
            "undecided": 92,
            "unknown": 0,
            "pyes": 0.006901446583481112,
            "pno": 7.32673977835577e-06,
            "pundecided": 0.0005977546995092,
            "punknown": 0.0,
            "time": 3.3261168003082275,
            "percY": 195.84,
            "percN": 28.56,
            "percU": 187.68,
            "percUNK": 0.0,
            "l": 0.006901446583481112,
            "u": 0.9999926732602217
        }
    },
    "data": {
        "n_samples": 204,
        "time": 10.047188997268677,
        "repeated_worlds": 2,
        "repeated_progs": 61,
        "unique_progs": 143
    }
}