{
    "status": {
        "d_13": {
            "yes": 0,
            "no": 0,
            "undecided": 203,
            "unknown": 0,
            "pyes": 0.0,
            "pno": 0.0,
            "pundecided": 0.009809930496477326,
            "punknown": 0.0,
            "time": 3.9416329860687256,
            "percY": 0.0,
            "percN": 0.0,
            "percU": 414.12,
            "percUNK": 0.0,
            "l": 0.0,
            "u": 1.0
        },
        "a_5": {
            "yes": 104,
            "no": 0,
            "undecided": 99,
            "unknown": 0,
            "pyes": 0.009780436846345046,
            "pno": 0.0,
            "pundecided": 2.9493650132282475e-05,
            "punknown": 0.0,
            "time": 3.866048574447632,
            "percY": 212.16,
            "percN": 0.0,
            "percU": 201.96,
            "percUNK": 0.0,
            "l": 0.009780436846345046,
            "u": 1.0
        },
        "~a_8": {
            "yes": 104,
            "no": 0,
            "undecided": 99,
            "unknown": 0,
            "pyes": 0.009780436846345046,
            "pno": 0.0,
            "pundecided": 2.9493650132282475e-05,
            "punknown": 0.0,
            "time": 3.9260923862457275,
            "percY": 212.16,
            "percN": 0.0,
            "percU": 201.96,
            "percUNK": 0.0,
            "l": 0.009780436846345046,
            "u": 1.0
        }
    },
    "data": {
        "n_samples": 204,
        "time": 11.90563702583313,
        "repeated_worlds": 1,
        "repeated_progs": 32,
        "unique_progs": 172
    }
}