{
    "status": {
        "~d_16": {
            "yes": 96,
            "no": 0,
            "undecided": 105,
            "unknown": 0,
            "pyes": 0.059858730285503085,
            "pno": 0.0,
            "pundecided": 0.0010479100253994902,
            "punknown": 0.0,
            "time": 1.4299817085266113,
            "percY": 195.84,
            "percN": 0.0,
            "percU": 214.2,
            "percUNK": 0.0,
            "l": 0.059858730285503085,
            "u": 1.0
        },
        "~a_5": {
            "yes": 100,
            "no": 0,
            "undecided": 101,
            "unknown": 0,
            "pyes": 0.0225167938290152,
            "pno": 0.0,
            "pundecided": 0.03838984648188736,
            "punknown": 0.0,
            "time": 1.42989182472229,
            "percY": 204.0,
            "percN": 0.0,
            "percU": 206.04,
            "percUNK": 0.0,
            "l": 0.0225167938290152,
            "u": 1.0
        },
        "a_7": {
            "yes": 39,
            "no": 61,
            "undecided": 101,
            "unknown": 0,
            "pyes": 0.022303815665229897,
            "pno": 0.00021297816378530415,
            "pundecided": 0.03838984648188736,
            "punknown": 0.0,
            "time": 1.4528696537017822,
            "percY": 79.56,
            "percN": 124.44,
            "percU": 206.04,
            "percUNK": 0.0,
            "l": 0.022303815665229897,
            "u": 0.9997870218362147
        }
    },
    "data": {
        "n_samples": 204,
        "time": 4.419577598571777,
        "repeated_worlds": 3,
        "repeated_progs": 141,
        "unique_progs": 63
    }
}