{
    "status": {
        "d_12": {
            "yes": 102,
            "no": 0,
            "undecided": 100,
            "unknown": 0,
            "pyes": 0.050813963156105126,
            "pno": 0.0,
            "pundecided": 0.0020720096848587557,
            "punknown": 0.0,
            "time": 2.3080763816833496,
            "percY": 208.08,
            "percN": 0.0,
            "percU": 204.0,
            "percUNK": 0.0,
            "l": 0.050813963156105126,
            "u": 1.0
        },
        "a_8": {
            "yes": 72,
            "no": 35,
            "undecided": 95,
            "unknown": 0,
            "pyes": 0.05200054977614424,
            "pno": 0.0001976973135237242,
            "pundecided": 0.0006877257512959312,
            "punknown": 0.0,
            "time": 2.371776580810547,
            "percY": 146.88,
            "percN": 71.4,
            "percU": 193.8,
            "percUNK": 0.0,
            "l": 0.05200054977614424,
            "u": 0.9998023026864763
        },
        "a_7": {
            "yes": 25,
            "no": 82,
            "undecided": 95,
            "unknown": 0,
            "pyes": 4.09877368386763e-05,
            "pno": 0.052157259352829284,
            "pundecided": 0.0006877257512959312,
            "punknown": 0.0,
            "time": 2.387972593307495,
            "percY": 51.0,
            "percN": 167.28,
            "percU": 193.8,
            "percUNK": 0.0,
            "l": 4.09877368386763e-05,
            "u": 0.9478427406471707
        }
    },
    "data": {
        "n_samples": 204,
        "time": 7.19541335105896,
        "repeated_worlds": 2,
        "repeated_progs": 101,
        "unique_progs": 103
    }
}