{
    "status": {
        "d_13": {
            "yes": 106,
            "no": 0,
            "undecided": 93,
            "unknown": 0,
            "pyes": 3.69864663963266e-05,
            "pno": 0.0,
            "pundecided": 0.006487665500965521,
            "punknown": 0.0,
            "time": 2.299375057220459,
            "percY": 216.24,
            "percN": 0.0,
            "percU": 189.72,
            "percUNK": 0.0,
            "l": 3.69864663963266e-05,
            "u": 1.0
        },
        "a_6": {
            "yes": 96,
            "no": 0,
            "undecided": 103,
            "unknown": 0,
            "pyes": 0.0013892445436014882,
            "pno": 0.0,
            "pundecided": 0.005135407423760361,
            "punknown": 0.0,
            "time": 2.3212897777557373,
            "percY": 195.84,
            "percN": 0.0,
            "percU": 210.12,
            "percUNK": 0.0,
            "l": 0.0013892445436014882,
            "u": 1.0
        },
        "a_7": {
            "yes": 91,
            "no": 0,
            "undecided": 108,
            "unknown": 0,
            "pyes": 0.0028287046681824547,
            "pno": 0.0,
            "pundecided": 0.0036959472991793946,
            "punknown": 0.0,
            "time": 2.326164722442627,
            "percY": 185.64,
            "percN": 0.0,
            "percU": 220.32,
            "percUNK": 0.0,
            "l": 0.0028287046681824547,
            "u": 1.0
        }
    },
    "data": {
        "n_samples": 204,
        "time": 7.0797648429870605,
        "repeated_worlds": 5,
        "repeated_progs": 101,
        "unique_progs": 103
    }
}