{
    "status": {
        "d_17": {
            "yes": 98,
            "no": 0,
            "undecided": 102,
            "unknown": 0,
            "pyes": 0.0001294748995298566,
            "pno": 0.0,
            "pundecided": 0.050137168904613255,
            "punknown": 0.0,
            "time": 3.81286358833313,
            "percY": 199.92,
            "percN": 0.0,
            "percU": 208.08,
            "percUNK": 0.0,
            "l": 0.0001294748995298566,
            "u": 1.0
        },
        "~a_7": {
            "yes": 63,
            "no": 46,
            "undecided": 91,
            "unknown": 0,
            "pyes": 0.000503355167564619,
            "pno": 0.049328282624185545,
            "pundecided": 0.00043500601239294647,
            "punknown": 0.0,
            "time": 3.9778387546539307,
            "percY": 128.52,
            "percN": 93.84,
            "percU": 185.64,
            "percUNK": 0.0,
            "l": 0.000503355167564619,
            "u": 0.9506717173758145
        }
    },
    "data": {
        "n_samples": 204,
        "time": 7.965578317642212,
        "repeated_worlds": 4,
        "repeated_progs": 34,
        "unique_progs": 170
    }
}