{
    "status": {
        "a_1": {
            "yes": 79,
            "no": 0,
            "undecided": 0,
            "unknown": 123,
            "pyes": 0.0003725722896252908,
            "pno": 0.0,
            "pundecided": 0.0,
            "punknown": 0.6392538684308595,
            "time": 3.8781142234802246,
            "percY": 161.16,
            "percN": 0.0,
            "percU": 0.0,
            "percUNK": 250.92,
            "l": 0.0003725722896252908,
            "u": 1.0
        },
        "a_5": {
            "yes": 109,
            "no": 0,
            "undecided": 93,
            "unknown": 0,
            "pyes": 0.6393792357124911,
            "pno": 0.0,
            "pundecided": 0.0002472050079936235,
            "punknown": 0.0,
            "time": 3.8882765769958496,
            "percY": 222.36,
            "percN": 0.0,
            "percU": 189.72,
            "percUNK": 0.0,
            "l": 0.6393792357124911,
            "u": 1.0,
            "flag": "INTEREST"
        },
        "a_7": {
            "yes": 25,
            "no": 83,
            "undecided": 94,
            "unknown": 0,
            "pyes": 0.0002126321784105468,
            "pno": 0.0015466527882592976,
            "pundecided": 0.637867155753815,
            "punknown": 0.0,
            "time": 4.004803895950317,
            "percY": 51.0,
            "percN": 169.32,
            "percU": 191.76,
            "percUNK": 0.0,
            "l": 0.0002126321784105468,
            "u": 0.9984533472117407
        }
    },
    "data": {
        "n_samples": 204,
        "time": 11.942744016647339,
        "repeated_worlds": 2,
        "repeated_progs": 33,
        "unique_progs": 171
    }
}