{
    "status": {
        "~d_16": {
            "yes": 105,
            "no": 0,
            "undecided": 94,
            "unknown": 0,
            "pyes": 0.008381142451831318,
            "pno": 0.0,
            "pundecided": 8.362502225395943e-05,
            "punknown": 0.0,
            "time": 2.3509085178375244,
            "percY": 214.2,
            "percN": 0.0,
            "percU": 191.76,
            "percUNK": 0.0,
            "l": 0.008381142451831318,
            "u": 1.0
        },
        "~a_8": {
            "yes": 96,
            "no": 6,
            "undecided": 97,
            "unknown": 0,
            "pyes": 0.00023766082289831999,
            "pno": 1.80309199606272e-09,
            "pundecided": 0.008227104848094961,
            "punknown": 0.0,
            "time": 2.341829776763916,
            "percY": 195.84,
            "percN": 12.24,
            "percU": 197.88,
            "percUNK": 0.0,
            "l": 0.00023766082289831999,
            "u": 0.999999998196908
        },
        "~a_7": {
            "yes": 23,
            "no": 79,
            "undecided": 97,
            "unknown": 0,
            "pyes": 1.581903615787149e-05,
            "pno": 0.00022184358983244457,
            "pundecided": 0.008227104848094961,
            "punknown": 0.0,
            "time": 2.4029135704040527,
            "percY": 46.92,
            "percN": 161.16,
            "percU": 197.88,
            "percUNK": 0.0,
            "l": 1.581903615787149e-05,
            "u": 0.9997781564101675
        }
    },
    "data": {
        "n_samples": 204,
        "time": 7.236216306686401,
        "repeated_worlds": 5,
        "repeated_progs": 103,
        "unique_progs": 101
    }
}