{
    "status": {
        "d_16": {
            "yes": 97,
            "no": 0,
            "undecided": 99,
            "unknown": 0,
            "pyes": 0.0002836947617351418,
            "pno": 0.0,
            "pundecided": 0.0015383306097448623,
            "punknown": 0.0,
            "time": 3.635723829269409,
            "percY": 197.88,
            "percN": 0.0,
            "percU": 201.96,
            "percUNK": 0.0,
            "l": 0.0002836947617351418,
            "u": 1.0
        },
        "~a_8": {
            "yes": 68,
            "no": 22,
            "undecided": 106,
            "unknown": 0,
            "pyes": 0.0006905358307302686,
            "pno": 3.581363493890177e-05,
            "pundecided": 0.0010956759058108336,
            "punknown": 0.0,
            "time": 3.75103497505188,
            "percY": 138.72,
            "percN": 44.88,
            "percU": 216.24,
            "percUNK": 0.0,
            "l": 0.0006905358307302686,
            "u": 0.9999641863650611
        },
        "~a_7": {
            "yes": 41,
            "no": 49,
            "undecided": 106,
            "unknown": 0,
            "pyes": 4.95911911844711e-05,
            "pno": 0.0006767582744846994,
            "pundecided": 0.0010956759058108336,
            "punknown": 0.0,
            "time": 3.7178866863250732,
            "percY": 83.64,
            "percN": 99.96,
            "percU": 216.24,
            "percUNK": 0.0,
            "l": 4.95911911844711e-05,
            "u": 0.9993232417255153
        }
    },
    "data": {
        "n_samples": 204,
        "time": 11.275543689727783,
        "repeated_worlds": 8,
        "repeated_progs": 43,
        "unique_progs": 161
    }
}