{
    "status": {
        "a_3": {
            "yes": 106,
            "no": 0,
            "undecided": 0,
            "unknown": 89,
            "pyes": 4.005513155667473e-05,
            "pno": 0.0,
            "pundecided": 0.0,
            "punknown": 0.042477144189928186,
            "time": 4.198549509048462,
            "percY": 216.24,
            "percN": 0.0,
            "percU": 0.0,
            "percUNK": 181.56,
            "l": 4.005513155667473e-05,
            "u": 1.0
        },
        "a_9": {
            "yes": 71,
            "no": 36,
            "undecided": 88,
            "unknown": 0,
            "pyes": 6.314191156810691e-05,
            "pno": 0.0001287865929656005,
            "pundecided": 0.04232527081695118,
            "punknown": 0.0,
            "time": 4.343594551086426,
            "percY": 144.84,
            "percN": 73.44,
            "percU": 179.52,
            "percUNK": 0.0,
            "l": 6.314191156810691e-05,
            "u": 0.9998712134070344
        }
    },
    "data": {
        "n_samples": 204,
        "time": 8.72915267944336,
        "repeated_worlds": 9,
        "repeated_progs": 21,
        "unique_progs": 183
    }
}