{
    "status": {
        "a_3": {
            "yes": 93,
            "no": 0,
            "undecided": 0,
            "unknown": 106,
            "pyes": 0.02770018595700281,
            "pno": 0.0,
            "pundecided": 0.0,
            "punknown": 5.282440888933165e-05,
            "time": 3.0306107997894287,
            "percY": 189.72,
            "percN": 0.0,
            "percU": 0.0,
            "percUNK": 216.24,
            "l": 0.02770018595700281,
            "u": 1.0
        },
        "a_8": {
            "yes": 100,
            "no": 0,
            "undecided": 99,
            "unknown": 0,
            "pyes": 0.0023168323077757055,
            "pno": 0.0,
            "pundecided": 0.025436178058116432,
            "punknown": 0.0,
            "time": 3.0490942001342773,
            "percY": 204.0,
            "percN": 0.0,
            "percU": 201.96,
            "percUNK": 0.0,
            "l": 0.0023168323077757055,
            "u": 1.0
        },
        "~a_7": {
            "yes": 48,
            "no": 57,
            "undecided": 94,
            "unknown": 0,
            "pyes": 3.386553603698433e-05,
            "pno": 0.0002445243247445396,
            "pundecided": 0.027474620505110615,
            "punknown": 0.0,
            "time": 3.0834169387817383,
            "percY": 97.92,
            "percN": 116.28,
            "percU": 191.76,
            "percUNK": 0.0,
            "l": 3.386553603698433e-05,
            "u": 0.9997554756752555
        }
    },
    "data": {
        "n_samples": 204,
        "time": 9.307520866394043,
        "repeated_worlds": 5,
        "repeated_progs": 71,
        "unique_progs": 133
    }
}