{
    "status": {
        "d_12": {
            "yes": 94,
            "no": 0,
            "undecided": 105,
            "unknown": 0,
            "pyes": 5.430222865984939e-05,
            "pno": 0.0,
            "pundecided": 0.004110170256286645,
            "punknown": 0.0,
            "time": 4.260908603668213,
            "percY": 191.76,
            "percN": 0.0,
            "percU": 214.2,
            "percUNK": 0.0,
            "l": 5.430222865984939e-05,
            "u": 1.0
        },
        "a_7": {
            "yes": 73,
            "no": 18,
            "undecided": 108,
            "unknown": 0,
            "pyes": 0.002922670025272233,
            "pno": 3.6918042568663886e-05,
            "pundecided": 0.0012048844171055984,
            "punknown": 0.0,
            "time": 4.307539224624634,
            "percY": 148.92,
            "percN": 36.72,
            "percU": 220.32,
            "percUNK": 0.0,
            "l": 0.002922670025272233,
            "u": 0.9999630819574313
        },
        "a_9": {
            "yes": 57,
            "no": 46,
            "undecided": 96,
            "unknown": 0,
            "pyes": 0.0037211224810559627,
            "pno": 5.013440052349694e-05,
            "pundecided": 0.00039321560336703606,
            "punknown": 0.0,
            "time": 4.306574583053589,
            "percY": 116.28,
            "percN": 93.84,
            "percU": 195.84,
            "percUNK": 0.0,
            "l": 0.0037211224810559627,
            "u": 0.9999498655994765
        }
    },
    "data": {
        "n_samples": 204,
        "time": 13.05562710762024,
        "repeated_worlds": 5,
        "repeated_progs": 16,
        "unique_progs": 188
    }
}