{
    "status": {
        "a_1": {
            "yes": 105,
            "no": 0,
            "undecided": 0,
            "unknown": 96,
            "pyes": 0.0025469618598924384,
            "pno": 0.0,
            "pundecided": 0.0,
            "punknown": 8.846946682767318e-05,
            "time": 3.796842575073242,
            "percY": 214.2,
            "percN": 0.0,
            "percU": 0.0,
            "percUNK": 195.84,
            "l": 0.0025469618598924384,
            "u": 1.0
        },
        "a_7": {
            "yes": 39,
            "no": 15,
            "undecided": 147,
            "unknown": 0,
            "pyes": 0.0011651945384858829,
            "pno": 0.00011059947855367485,
            "pundecided": 0.0013596373096805541,
            "punknown": 0.0,
            "time": 3.956310510635376,
            "percY": 79.56,
            "percN": 30.6,
            "percU": 299.88,
            "percUNK": 0.0,
            "l": 0.0011651945384858829,
            "u": 0.9998894005214464
        }
    },
    "data": {
        "n_samples": 204,
        "time": 7.927790641784668,
        "repeated_worlds": 3,
        "repeated_progs": 37,
        "unique_progs": 167
    }
}