{
    "status": {
        "a_1": {
            "yes": 103,
            "no": 0,
            "undecided": 97,
            "unknown": 0,
            "pyes": 0.002142466094704173,
            "pno": 0.0,
            "pundecided": 0.000886330360336573,
            "punknown": 0.0,
            "time": 4.259984731674194,
            "percY": 210.12,
            "percN": 0.0,
            "percU": 197.88,
            "percUNK": 0.0,
            "l": 0.002142466094704173,
            "u": 1.0
        },
        "a_6": {
            "yes": 103,
            "no": 0,
            "undecided": 97,
            "unknown": 0,
            "pyes": 0.002142466094704173,
            "pno": 0.0,
            "pundecided": 0.000886330360336573,
            "punknown": 0.0,
            "time": 4.268922567367554,
            "percY": 210.12,
            "percN": 0.0,
            "percU": 197.88,
            "percUNK": 0.0,
            "l": 0.002142466094704173,
            "u": 1.0
        },
        "~a_7": {
            "yes": 43,
            "no": 60,
            "undecided": 97,
            "unknown": 0,
            "pyes": 2.539179159631987e-05,
            "pno": 0.002117074303107854,
            "pundecided": 0.000886330360336573,
            "punknown": 0.0,
            "time": 4.295066833496094,
            "percY": 87.72,
            "percN": 122.4,
            "percU": 197.88,
            "percUNK": 0.0,
            "l": 2.539179159631987e-05,
            "u": 0.9978829256968922
        }
    },
    "data": {
        "n_samples": 204,
        "time": 13.009493350982666,
        "repeated_worlds": 4,
        "repeated_progs": 17,
        "unique_progs": 187
    }
}