{
    "status": {
        "~d_12": {
            "yes": 109,
            "no": 0,
            "undecided": 92,
            "unknown": 0,
            "pyes": 0.00025981785183746496,
            "pno": 0.0,
            "pundecided": 0.003133493720600975,
            "punknown": 0.0,
            "time": 4.1067211627960205,
            "percY": 222.36,
            "percN": 0.0,
            "percU": 187.68,
            "percUNK": 0.0,
            "l": 0.00025981785183746496,
            "u": 1.0
        },
        "a_9": {
            "yes": 118,
            "no": 83,
            "undecided": 0,
            "unknown": 0,
            "pyes": 0.003206346866858716,
            "pno": 0.00018696470557972526,
            "pundecided": 0.0,
            "punknown": 0.0,
            "time": 4.2070300579071045,
            "percY": 240.72,
            "percN": 169.32,
            "percU": 0.0,
            "percUNK": 0.0,
            "l": 0.003206346866858716,
            "u": 0.9998130352944202
        },
        "~a_9": {
            "yes": 83,
            "no": 118,
            "undecided": 0,
            "unknown": 0,
            "pyes": 0.00018696470557972526,
            "pno": 0.003206346866858716,
            "pundecided": 0.0,
            "punknown": 0.0,
            "time": 4.159919500350952,
            "percY": 169.32,
            "percN": 240.72,
            "percU": 0.0,
            "percUNK": 0.0,
            "l": 0.00018696470557972526,
            "u": 0.9967936531331413
        }
    },
    "data": {
        "n_samples": 204,
        "time": 12.659044742584229,
        "repeated_worlds": 3,
        "repeated_progs": 25,
        "unique_progs": 179
    }
}