{
    "status": {
        "d_14": {
            "yes": 114,
            "no": 0,
            "undecided": 87,
            "unknown": 0,
            "pyes": 0.02515693432306864,
            "pno": 0.0,
            "pundecided": 0.0013965443225321913,
            "punknown": 0.0,
            "time": 4.240943431854248,
            "percY": 232.56,
            "percN": 0.0,
            "percU": 177.48,
            "percUNK": 0.0,
            "l": 0.02515693432306864,
            "u": 1.0
        },
        "~a_7": {
            "yes": 66,
            "no": 39,
            "undecided": 96,
            "unknown": 0,
            "pyes": 0.025934158901494076,
            "pno": 0.0005338332424361033,
            "pundecided": 8.548650167065542e-05,
            "punknown": 0.0,
            "time": 4.379558324813843,
            "percY": 134.64,
            "percN": 79.56,
            "percU": 195.84,
            "percUNK": 0.0,
            "l": 0.025934158901494076,
            "u": 0.999466166757564
        }
    },
    "data": {
        "n_samples": 204,
        "time": 8.802112102508545,
        "repeated_worlds": 3,
        "repeated_progs": 16,
        "unique_progs": 188
    }
}