{
    "status": {
        "d_11": {
            "yes": 99,
            "no": 0,
            "undecided": 100,
            "unknown": 0,
            "pyes": 0.06025983371511062,
            "pno": 0.0,
            "pundecided": 0.0009890958106081938,
            "punknown": 0.0,
            "time": 3.809976100921631,
            "percY": 201.96,
            "percN": 0.0,
            "percU": 204.0,
            "percUNK": 0.0,
            "l": 0.06025983371511062,
            "u": 1.0
        },
        "a_9": {
            "yes": 81,
            "no": 15,
            "undecided": 103,
            "unknown": 0,
            "pyes": 0.060061414237998656,
            "pno": 4.587617931205102e-05,
            "pundecided": 0.0011416391084081135,
            "punknown": 0.0,
            "time": 3.8579633235931396,
            "percY": 165.24,
            "percN": 30.6,
            "percU": 210.12,
            "percUNK": 0.0,
            "l": 0.060061414237998656,
            "u": 0.9999541238206879
        },
        "~a_7": {
            "yes": 61,
            "no": 35,
            "undecided": 103,
            "unknown": 0,
            "pyes": 0.03468519658523381,
            "pno": 0.025422093832076907,
            "pundecided": 0.0011416391084081135,
            "punknown": 0.0,
            "time": 3.8709633350372314,
            "percY": 124.44,
            "percN": 71.4,
            "percU": 210.12,
            "percUNK": 0.0,
            "l": 0.03468519658523381,
            "u": 0.9745779061679231
        }
    },
    "data": {
        "n_samples": 204,
        "time": 11.714327335357666,
        "repeated_worlds": 5,
        "repeated_progs": 36,
        "unique_progs": 168
    }
}