{
    "status": {
        "a_4": {
            "yes": 100,
            "no": 0,
            "undecided": 100,
            "unknown": 0,
            "pyes": 0.0005747081398541586,
            "pno": 0.0,
            "pundecided": 0.006435539753850478,
            "punknown": 0.0,
            "time": 2.264406681060791,
            "percY": 204.0,
            "percN": 0.0,
            "percU": 204.0,
            "percUNK": 0.0,
            "l": 0.0005747081398541586,
            "u": 1.0
        },
        "a_6": {
            "yes": 46,
            "no": 0,
            "undecided": 154,
            "unknown": 0,
            "pyes": 5.1743234579622006e-05,
            "pno": 0.0,
            "pundecided": 0.006958504659125014,
            "punknown": 0.0,
            "time": 2.2663698196411133,
            "percY": 93.84,
            "percN": 0.0,
            "percU": 314.16,
            "percUNK": 0.0,
            "l": 5.1743234579622006e-05,
            "u": 1.0
        },
        "~a_9": {
            "yes": 46,
            "no": 54,
            "undecided": 100,
            "unknown": 0,
            "pyes": 5.1743234579622006e-05,
            "pno": 0.0005229649052745365,
            "pundecided": 0.006435539753850478,
            "punknown": 0.0,
            "time": 2.2751283645629883,
            "percY": 93.84,
            "percN": 110.16,
            "percU": 204.0,
            "percUNK": 0.0,
            "l": 5.1743234579622006e-05,
            "u": 0.9994770350947255
        }
    },
    "data": {
        "n_samples": 204,
        "time": 6.937030076980591,
        "repeated_worlds": 4,
        "repeated_progs": 106,
        "unique_progs": 98
    }
}