{
    "status": {
        "a_3": {
            "yes": 102,
            "no": 0,
            "undecided": 0,
            "unknown": 96,
            "pyes": 0.0019823234187833277,
            "pno": 0.0,
            "pundecided": 0.0,
            "punknown": 0.0014033264483458551,
            "time": 3.134862184524536,
            "percY": 208.08,
            "percN": 0.0,
            "percU": 0.0,
            "percUNK": 195.84,
            "l": 0.0019823234187833277,
            "u": 1.0
        },
        "~a_8": {
            "yes": 125,
            "no": 73,
            "undecided": 0,
            "unknown": 0,
            "pyes": 0.00125249104827984,
            "pno": 0.0021331588188493434,
            "pundecided": 0.0,
            "punknown": 0.0,
            "time": 3.328010082244873,
            "percY": 255.0,
            "percN": 148.92,
            "percU": 0.0,
            "percUNK": 0.0,
            "l": 0.00125249104827984,
            "u": 0.9978668411811507
        },
        "a_7": {
            "yes": 66,
            "no": 23,
            "undecided": 109,
            "unknown": 0,
            "pyes": 1.774929156e-06,
            "pno": 1.300688928e-06,
            "pundecided": 0.003382574249045184,
            "punknown": 0.0,
            "time": 3.238748788833618,
            "percY": 134.64,
            "percN": 46.92,
            "percU": 222.36,
            "percUNK": 0.0,
            "l": 1.774929156e-06,
            "u": 0.999998699311072
        }
    },
    "data": {
        "n_samples": 204,
        "time": 9.862431049346924,
        "repeated_worlds": 6,
        "repeated_progs": 66,
        "unique_progs": 138
    }
}