{
    "status": {
        "~a_3": {
            "yes": 101,
            "no": 0,
            "undecided": 0,
            "unknown": 98,
            "pyes": 0.00073887092527442,
            "pno": 0.0,
            "pundecided": 0.0,
            "punknown": 0.0037188805775462126,
            "time": 3.879317283630371,
            "percY": 206.04,
            "percN": 0.0,
            "percU": 0.0,
            "percUNK": 199.92,
            "l": 0.00073887092527442,
            "u": 1.0
        },
        "a_6": {
            "yes": 108,
            "no": 0,
            "undecided": 91,
            "unknown": 0,
            "pyes": 0.00032589008967710327,
            "pno": 0.0,
            "pundecided": 0.004131861413143529,
            "punknown": 0.0,
            "time": 3.846217393875122,
            "percY": 220.32,
            "percN": 0.0,
            "percU": 185.64,
            "percUNK": 0.0,
            "l": 0.00032589008967710327,
            "u": 1.0
        },
        "a_7": {
            "yes": 73,
            "no": 29,
            "undecided": 97,
            "unknown": 0,
            "pyes": 0.00029407547060023714,
            "pno": 0.0007217391937687588,
            "pundecided": 0.0034419368384516367,
            "punknown": 0.0,
            "time": 3.894484519958496,
            "percY": 148.92,
            "percN": 59.16,
            "percU": 197.88,
            "percUNK": 0.0,
            "l": 0.00029407547060023714,
            "u": 0.9992782608062313
        }
    },
    "data": {
        "n_samples": 204,
        "time": 11.78928804397583,
        "repeated_worlds": 5,
        "repeated_progs": 36,
        "unique_progs": 168
    }
}