{
    "status": {
        "d_13": {
            "yes": 101,
            "no": 0,
            "undecided": 98,
            "unknown": 0,
            "pyes": 0.005503914792013948,
            "pno": 0.0,
            "pundecided": 0.004433949544031427,
            "punknown": 0.0,
            "time": 2.376143455505371,
            "percY": 206.04,
            "percN": 0.0,
            "percU": 199.92,
            "percUNK": 0.0,
            "l": 0.005503914792013948,
            "u": 1.0
        },
        "a_8": {
            "yes": 95,
            "no": 0,
            "undecided": 104,
            "unknown": 0,
            "pyes": 0.008885196628427957,
            "pno": 0.0,
            "pundecided": 0.0010526677076174169,
            "punknown": 0.0,
            "time": 2.373553991317749,
            "percY": 193.8,
            "percN": 0.0,
            "percU": 212.16,
            "percUNK": 0.0,
            "l": 0.008885196628427957,
            "u": 1.0
        },
        "~a_7": {
            "yes": 25,
            "no": 70,
            "undecided": 104,
            "unknown": 0,
            "pyes": 0.005281552632990904,
            "pno": 0.0036036439954370537,
            "pundecided": 0.0010526677076174169,
            "punknown": 0.0,
            "time": 2.4435651302337646,
            "percY": 51.0,
            "percN": 142.8,
            "percU": 212.16,
            "percUNK": 0.0,
            "l": 0.005281552632990904,
            "u": 0.996396356004563
        }
    },
    "data": {
        "n_samples": 204,
        "time": 7.330049991607666,
        "repeated_worlds": 5,
        "repeated_progs": 100,
        "unique_progs": 104
    }
}