{
    "status": {
        "d_17": {
            "yes": 105,
            "no": 0,
            "undecided": 88,
            "unknown": 0,
            "pyes": 0.0026614047674270017,
            "pno": 0.0,
            "pundecided": 0.024923643766352022,
            "punknown": 0.0,
            "time": 3.201016902923584,
            "percY": 214.2,
            "percN": 0.0,
            "percU": 179.52,
            "percUNK": 0.0,
            "l": 0.0026614047674270017,
            "u": 1.0
        },
        "~a_6": {
            "yes": 94,
            "no": 0,
            "undecided": 99,
            "unknown": 0,
            "pyes": 3.808819575352439e-05,
            "pno": 0.0,
            "pundecided": 0.027546960338025495,
            "punknown": 0.0,
            "time": 3.2194011211395264,
            "percY": 191.76,
            "percN": 0.0,
            "percU": 201.96,
            "percUNK": 0.0,
            "l": 3.808819575352439e-05,
            "u": 1.0
        },
        "a_7": {
            "yes": 46,
            "no": 62,
            "undecided": 85,
            "unknown": 0,
            "pyes": 0.024958057370496427,
            "pno": 0.002620144968128257,
            "pundecided": 6.846195154342317e-06,
            "punknown": 0.0,
            "time": 3.23358416557312,
            "percY": 93.84,
            "percN": 126.48,
            "percU": 173.4,
            "percUNK": 0.0,
            "l": 0.024958057370496427,
            "u": 0.9973798550318718
        }
    },
    "data": {
        "n_samples": 204,
        "time": 9.809556245803833,
        "repeated_worlds": 11,
        "repeated_progs": 65,
        "unique_progs": 139
    }
}