{
    "status": {
        "d_11": {
            "yes": 8388608,
            "no": 0,
            "undecided": 8388608,
            "unknown": 0,
            "pyes": 0.9589199999998942,
            "pno": 0.0,
            "pundecided": 0.04107999999999696,
            "punknown": 0.0,
            "time": 17.48888874053955,
            "percY": 1407374883553.28,
            "percN": 0.0,
            "percU": 1407374883553.28,
            "percUNK": 0.0,
            "l": 0.9589199999998942,
            "u": 1.0,
            "flag": "INTEREST"
        },
        "~a_6": {
            "yes": 8388608,
            "no": 0,
            "undecided": 8388608,
            "unknown": 0,
            "pyes": 0.43381553405411843,
            "pno": 0.0,
            "pundecided": 0.5661844659458806,
            "punknown": 0.0,
            "time": 17.41789698600769,
            "percY": 1407374883553.28,
            "percN": 0.0,
            "percU": 1407374883553.28,
            "percUNK": 0.0,
            "l": 0.43381553405411843,
            "u": 1.0
        },
        "~a_8": {
            "yes": 3670016,
            "no": 4718592,
            "undecided": 8388608,
            "unknown": 0,
            "pyes": 0.03970905859051279,
            "pno": 0.394106475463609,
            "pundecided": 0.5661844659458806,
            "punknown": 0.0,
            "time": 17.84054470062256,
            "percY": 615726511554.56,
            "percN": 791648371998.72,
            "percU": 1407374883553.28,
            "percUNK": 0.0,
            "l": 0.03970905859051279,
            "u": 0.605893524536391
        }
    },
    "data": {
        "n_samples": 16777216,
        "time": 9057.946258306503,
        "repeated_worlds": 0,
        "repeated_progs": 16776704,
        "unique_progs": 512
    }
}