{
    "status": {
        "a_0": {
            "yes": 8388608,
            "no": 0,
            "undecided": 0,
            "unknown": 8388608,
            "pyes": 0.6536481829015788,
            "pno": 0.0,
            "pundecided": 0.0,
            "punknown": 0.34635181709702834,
            "time": 70.56854200363159,
            "percY": 1407374883553.28,
            "percN": 0.0,
            "percU": 0.0,
            "percUNK": 1407374883553.28,
            "l": 0.6536481829015788,
            "u": 1.0,
            "flag": "INTEREST"
        },
        "a_6": {
            "yes": 8388608,
            "no": 0,
            "undecided": 8388608,
            "unknown": 0,
            "pyes": 0.31999999999949547,
            "pno": 0.0,
            "pundecided": 0.6799999999990816,
            "punknown": 0.0,
            "time": 70.37255358695984,
            "percY": 1407374883553.28,
            "percN": 0.0,
            "percU": 1407374883553.28,
            "percUNK": 0.0,
            "l": 0.31999999999949547,
            "u": 1.0
        },
        "~a_7": {
            "yes": 3670016,
            "no": 4718592,
            "undecided": 8388608,
            "unknown": 0,
            "pyes": 0.11606703235347014,
            "pno": 0.20393296764637286,
            "pundecided": 0.6799999999990816,
            "punknown": 0.0,
            "time": 72.05912446975708,
            "percY": 615726511554.56,
            "percN": 791648371998.72,
            "percU": 1407374883553.28,
            "percUNK": 0.0,
            "l": 0.11606703235347014,
            "u": 0.7960670323536272
        }
    },
    "data": {
        "n_samples": 16777216,
        "time": 9259.552858352661,
        "repeated_worlds": 0,
        "repeated_progs": 16775168,
        "unique_progs": 2048
    }
}