{
    "status": {
        "d_19": {
            "yes": 8388608,
            "no": 0,
            "undecided": 8388608,
            "unknown": 0,
            "pyes": 0.5855518473538681,
            "pno": 0.0,
            "pundecided": 0.4144481526460701,
            "punknown": 0.0,
            "time": 141.28225660324097,
            "percY": 1407374883553.28,
            "percN": 0.0,
            "percU": 1407374883553.28,
            "percUNK": 0.0,
            "l": 0.5855518473538681,
            "u": 1.0,
            "flag": "INTEREST"
        },
        "a_6": {
            "yes": 8388608,
            "no": 0,
            "undecided": 8388608,
            "unknown": 0,
            "pyes": 0.8940000000000669,
            "pno": 0.0,
            "pundecided": 0.1059999999999981,
            "punknown": 0.0,
            "time": 140.0867636203766,
            "percY": 1407374883553.28,
            "percN": 0.0,
            "percU": 1407374883553.28,
            "percUNK": 0.0,
            "l": 0.8940000000000669,
            "u": 1.0,
            "flag": "INTEREST"
        },
        "a_8": {
            "yes": 5505024,
            "no": 2883584,
            "undecided": 8388608,
            "unknown": 0,
            "pyes": 0.49426977645372033,
            "pno": 0.09128207090013782,
            "pundecided": 0.4144481526460701,
            "punknown": 0.0,
            "time": 142.36431431770325,
            "percY": 923589767331.84,
            "percN": 483785116221.44,
            "percU": 1407374883553.28,
            "percUNK": 0.0,
            "l": 0.49426977645372033,
            "u": 0.9087179290998622,
            "flag": "INTEREST"
        }
    },
    "data": {
        "n_samples": 16777216,
        "time": 10093.965170383453,
        "repeated_worlds": 0,
        "repeated_progs": 16773120,
        "unique_progs": 4096
    }
}