{
    "status": {
        "d_11": {
            "yes": 8388608,
            "no": 0,
            "undecided": 8388608,
            "unknown": 0,
            "pyes": 0.7037362559998676,
            "pno": 0.0,
            "pundecided": 0.2962637439998716,
            "punknown": 0.0,
            "time": 35.57293486595154,
            "percY": 1407374883553.28,
            "percN": 0.0,
            "percU": 1407374883553.28,
            "percUNK": 0.0,
            "l": 0.7037362559998676,
            "u": 1.0,
            "flag": "INTEREST"
        },
        "a_5": {
            "yes": 6291456,
            "no": 0,
            "undecided": 10485760,
            "unknown": 0,
            "pyes": 0.610900448204924,
            "pno": 0.0,
            "pundecided": 0.3890995517950494,
            "punknown": 0.0,
            "time": 35.47450375556946,
            "percY": 1055531162664.96,
            "percN": 0.0,
            "percU": 1759218604441.6,
            "percUNK": 0.0,
            "l": 0.610900448204924,
            "u": 1.0,
            "flag": "INTEREST"
        },
        "~a_7": {
            "yes": 3670016,
            "no": 3670016,
            "undecided": 9437184,
            "unknown": 0,
            "pyes": 0.2149118013614363,
            "pno": 0.42448005883645673,
            "pundecided": 0.36060813980196105,
            "punknown": 0.0,
            "time": 36.08134365081787,
            "percY": 615726511554.56,
            "percN": 615726511554.56,
            "percU": 1583296743997.44,
            "percUNK": 0.0,
            "l": 0.2149118013614363,
            "u": 0.5755199411635432,
            "flag": "INTEREST"
        }
    },
    "data": {
        "n_samples": 16777216,
        "time": 9280.273357629776,
        "repeated_worlds": 0,
        "repeated_progs": 16776192,
        "unique_progs": 1024
    }
}