{
    "status": {
        "d_9": {
            "yes": 8388608,
            "no": 0,
            "undecided": 8388608,
            "unknown": 0,
            "pyes": 0.8279891359371928,
            "pno": 0.0,
            "pundecided": 0.1720108640627946,
            "punknown": 0.0,
            "time": 141.8192000389099,
            "percY": 1407374883553.28,
            "percN": 0.0,
            "percU": 1407374883553.28,
            "percUNK": 0.0,
            "l": 0.8279891359371928,
            "u": 1.0,
            "flag": "INTEREST"
        },
        "a_5": {
            "yes": 8388608,
            "no": 0,
            "undecided": 8388608,
            "unknown": 0,
            "pyes": 0.09795923951559886,
            "pno": 0.0,
            "pundecided": 0.9020407604844634,
            "punknown": 0.0,
            "time": 141.21809649467468,
            "percY": 1407374883553.28,
            "percN": 0.0,
            "percU": 1407374883553.28,
            "percUNK": 0.0,
            "l": 0.09795923951559886,
            "u": 1.0
        },
        "a_7": {
            "yes": 2883584,
            "no": 5505024,
            "undecided": 8388608,
            "unknown": 0,
            "pyes": 0.0353903617775446,
            "pno": 0.26460963822242967,
            "pundecided": 0.6999999999998527,
            "punknown": 0.0,
            "time": 143.86487412452698,
            "percY": 483785116221.44,
            "percN": 923589767331.84,
            "percU": 1407374883553.28,
            "percUNK": 0.0,
            "l": 0.0353903617775446,
            "u": 0.7353903617775703
        }
    },
    "data": {
        "n_samples": 16777216,
        "time": 9487.930697917938,
        "repeated_worlds": 0,
        "repeated_progs": 16773120,
        "unique_progs": 4096
    }
}