{
    "status": {
        "d_15": {
            "yes": 8388608,
            "no": 0,
            "undecided": 8388608,
            "unknown": 0,
            "pyes": 0.37999999999997996,
            "pno": 0.0,
            "pundecided": 0.6199999999999724,
            "punknown": 0.0,
            "time": 29.922131776809692,
            "percY": 1407374883553.28,
            "percN": 0.0,
            "percU": 1407374883553.28,
            "percUNK": 0.0,
            "l": 0.37999999999997996,
            "u": 1.0
        },
        "~a_5": {
            "yes": 8388608,
            "no": 0,
            "undecided": 8388608,
            "unknown": 0,
            "pyes": 0.3000000000000065,
            "pno": 0.0,
            "pundecided": 0.7000000000000031,
            "punknown": 0.0,
            "time": 29.981494903564453,
            "percY": 1407374883553.28,
            "percN": 0.0,
            "percU": 1407374883553.28,
            "percUNK": 0.0,
            "l": 0.3000000000000065,
            "u": 1.0
        },
        "~a_7": {
            "yes": 3145728,
            "no": 5242880,
            "undecided": 8388608,
            "unknown": 0,
            "pyes": 0.14706546864935263,
            "pno": 0.15293453135064264,
            "pundecided": 0.7000000000000031,
            "punknown": 0.0,
            "time": 30.704166650772095,
            "percY": 527765581332.48,
            "percN": 879609302220.8,
            "percU": 1407374883553.28,
            "percUNK": 0.0,
            "l": 0.14706546864935263,
            "u": 0.8470654686493574
        }
    },
    "data": {
        "n_samples": 16777216,
        "time": 7171.497709751129,
        "repeated_worlds": 0,
        "repeated_progs": 16776192,
        "unique_progs": 1024
    }
}