{
    "status": {
        "d_10": {
            "yes": 8388608,
            "no": 0,
            "undecided": 8388608,
            "unknown": 0,
            "pyes": 0.8727638109134414,
            "pno": 0.0,
            "pundecided": 0.12723618908633885,
            "punknown": 0.0,
            "time": 281.303918838501,
            "percY": 1407374883553.28,
            "percN": 0.0,
            "percU": 1407374883553.28,
            "percUNK": 0.0,
            "l": 0.8727638109134414,
            "u": 1.0,
            "flag": "INTEREST"
        },
        "~a_7": {
            "yes": 8388608,
            "no": 0,
            "undecided": 8388608,
            "unknown": 0,
            "pyes": 0.8899999999999753,
            "pno": 0.0,
            "pundecided": 0.10999999999999549,
            "punknown": 0.0,
            "time": 281.07040429115295,
            "percY": 1407374883553.28,
            "percN": 0.0,
            "percU": 1407374883553.28,
            "percUNK": 0.0,
            "l": 0.8899999999999753,
            "u": 1.0,
            "flag": "INTEREST"
        },
        "a_9": {
            "yes": 4718592,
            "no": 3670016,
            "undecided": 8388608,
            "unknown": 0,
            "pyes": 0.5303264509832889,
            "pno": 0.35967354901669524,
            "pundecided": 0.10999999999999549,
            "punknown": 0.0,
            "time": 285.9057900905609,
            "percY": 791648371998.72,
            "percN": 615726511554.56,
            "percU": 1407374883553.28,
            "percUNK": 0.0,
            "l": 0.5303264509832889,
            "u": 0.6403264509833048,
            "flag": "INTEREST"
        }
    },
    "data": {
        "n_samples": 16777216,
        "time": 10443.103693723679,
        "repeated_worlds": 0,
        "repeated_progs": 16769024,
        "unique_progs": 8192
    }
}