{
    "status": {
        "d_68": {
            "yes": 335,
            "no": 0,
            "undecided": 250,
            "unknown": 22,
            "pyes": 0.0019223665733018643,
            "pno": 0.0,
            "pundecided": 3.56263678230902e-05,
            "punknown": 0.0,
            "time": 17.118052005767822,
            "percY": 1370.15,
            "percN": 0.0,
            "percU": 1022.5,
            "percUNK": 89.98,
            "l": 0.0019223665733018643,
            "u": 1.0
        },
        "a_11": {
            "yes": 349,
            "no": 0,
            "undecided": 258,
            "unknown": 0,
            "pyes": 0.0002873693415241074,
            "pno": 0.0,
            "pundecided": 0.0016706235996008481,
            "punknown": 0.0,
            "time": 16.974804401397705,
            "percY": 1427.41,
            "percN": 0.0,
            "percU": 1055.22,
            "percUNK": 0.0,
            "l": 0.0002873693415241074,
            "u": 1.0
        },
        "~a_18": {
            "yes": 118,
            "no": 80,
            "undecided": 409,
            "unknown": 0,
            "pyes": 1.4638290973740136e-06,
            "pno": 0.00024158270551837103,
            "pundecided": 0.0017149464065092097,
            "punknown": 0.0,
            "time": 19.201411247253418,
            "percY": 482.62,
            "percN": 327.2,
            "percU": 1672.81,
            "percUNK": 0.0,
            "l": 1.4638290973740136e-06,
            "u": 0.9997584172944817
        }
    },
    "data": {
        "n_samples": 409,
        "time": 48.20309329032898,
        "repeated_programs": 12,
        "inconsistent_programs": 187,
        "worlds_consulted": 210
    }
}