{
    "status": {
        "d_21": {
            "yes": 232,
            "no": 0,
            "undecided": 366,
            "unknown": 0,
            "pyes": 0.0004647155226851262,
            "pno": 0.0,
            "pundecided": 0.06645668993164805,
            "punknown": 0.0,
            "time": 17.497068405151367,
            "percY": 948.88,
            "percN": 0.0,
            "percU": 1496.94,
            "percUNK": 0.0,
            "l": 0.0004647155226851262,
            "u": 1.0
        },
        "a_12": {
            "yes": 192,
            "no": 0,
            "undecided": 406,
            "unknown": 0,
            "pyes": 0.0035234323921405856,
            "pno": 0.0,
            "pundecided": 0.06339797306219258,
            "punknown": 0.0,
            "time": 17.09549593925476,
            "percY": 785.28,
            "percN": 0.0,
            "percU": 1660.54,
            "percUNK": 0.0,
            "l": 0.0035234323921405856,
            "u": 1.0
        },
        "~a_15": {
            "yes": 61,
            "no": 88,
            "undecided": 449,
            "unknown": 0,
            "pyes": 0.003152135476465724,
            "pno": 0.0003712969156748608,
            "pundecided": 0.06339797306219258,
            "punknown": 0.0,
            "time": 18.565850257873535,
            "percY": 249.49,
            "percN": 359.92,
            "percU": 1836.41,
            "percUNK": 0.0,
            "l": 0.003152135476465724,
            "u": 0.9996287030843252
        }
    },
    "data": {
        "n_samples": 409,
        "time": 45.72568368911743,
        "repeated_programs": 20,
        "inconsistent_programs": 180,
        "worlds_consulted": 209
    }
}