{
    "status": {
        "d_69": {
            "yes": 470,
            "no": 0,
            "undecided": 104,
            "unknown": 7,
            "pyes": 0.014750271105023697,
            "pno": 0.0,
            "pundecided": 0.0,
            "punknown": 0.0,
            "time": 16.63488483428955,
            "percY": 1922.3,
            "percN": 0.0,
            "percU": 425.36,
            "percUNK": 28.63,
            "l": 0.014750271105023697,
            "u": 1.0
        },
        "a_13": {
            "yes": 293,
            "no": 0,
            "undecided": 288,
            "unknown": 0,
            "pyes": 0.005968850217041252,
            "pno": 0.0,
            "pundecided": 0.00878142088798244,
            "punknown": 0.0,
            "time": 16.63568663597107,
            "percY": 1198.37,
            "percN": 0.0,
            "percU": 1177.92,
            "percUNK": 0.0,
            "l": 0.005968850217041252,
            "u": 1.0
        },
        "a_20": {
            "yes": 17,
            "no": 52,
            "undecided": 512,
            "unknown": 0,
            "pyes": 3.091557660517324e-06,
            "pno": 0.00010253181598940446,
            "pundecided": 0.014644647731373774,
            "punknown": 0.0,
            "time": 19.232295751571655,
            "percY": 69.53,
            "percN": 212.68,
            "percU": 2094.08,
            "percUNK": 0.0,
            "l": 3.091557660517324e-06,
            "u": 0.9998974681840106
        }
    },
    "data": {
        "n_samples": 409,
        "time": 48.52211618423462,
        "repeated_programs": 30,
        "inconsistent_programs": 177,
        "worlds_consulted": 202
    }
}