{
    "status": {
        "d_45": {
            "yes": 296,
            "no": 0,
            "undecided": 301,
            "unknown": 0,
            "pyes": 0.0002961078722532959,
            "pno": 0.0,
            "pundecided": 0.0008225485542112883,
            "punknown": 0.0,
            "time": 17.368348360061646,
            "percY": 1210.64,
            "percN": 0.0,
            "percU": 1231.09,
            "percUNK": 0.0,
            "l": 0.0002961078722532959,
            "u": 1.0
        },
        "a_17": {
            "yes": 202,
            "no": 8,
            "undecided": 387,
            "unknown": 0,
            "pyes": 0.0008119906356501906,
            "pno": 0.00022809600045535784,
            "pundecided": 7.856979035903565e-05,
            "punknown": 0.0,
            "time": 17.773714542388916,
            "percY": 826.18,
            "percN": 32.72,
            "percU": 1582.83,
            "percUNK": 0.0,
            "l": 0.0008119906356501906,
            "u": 0.9997719039995446
        },
        "~a_18": {
            "yes": 207,
            "no": 38,
            "undecided": 352,
            "unknown": 0,
            "pyes": 0.0003579234742221699,
            "pno": 0.00034600356853113824,
            "pundecided": 0.00041472938371127615,
            "punknown": 0.0,
            "time": 18.535056114196777,
            "percY": 846.63,
            "percN": 155.42,
            "percU": 1439.68,
            "percUNK": 0.0,
            "l": 0.0003579234742221699,
            "u": 0.9996539964314689
        }
    },
    "data": {
        "n_samples": 409,
        "time": 51.15176963806152,
        "repeated_programs": 16,
        "inconsistent_programs": 189,
        "worlds_consulted": 204
    }
}