{
    "status": {
        "~d_61": {
            "yes": 487,
            "no": 0,
            "undecided": 92,
            "unknown": 0,
            "pyes": 0.012123786117015683,
            "pno": 0.0,
            "pundecided": 0.0,
            "punknown": 0.0,
            "time": 17.026363372802734,
            "percY": 1991.83,
            "percN": 0.0,
            "percU": 376.28,
            "percUNK": 0.0,
            "l": 0.012123786117015683,
            "u": 1.0
        },
        "~a_11": {
            "yes": 147,
            "no": 0,
            "undecided": 432,
            "unknown": 0,
            "pyes": 0.00222456865436787,
            "pno": 0.0,
            "pundecided": 0.009899217462647814,
            "punknown": 0.0,
            "time": 16.599688291549683,
            "percY": 601.23,
            "percN": 0.0,
            "percU": 1766.88,
            "percUNK": 0.0,
            "l": 0.00222456865436787,
            "u": 1.0
        },
        "~a_22": {
            "yes": 111,
            "no": 36,
            "undecided": 432,
            "unknown": 0,
            "pyes": 0.0021543131206890644,
            "pno": 7.025553367880552e-05,
            "pundecided": 0.009899217462647814,
            "punknown": 0.0,
            "time": 19.425081968307495,
            "percY": 453.99,
            "percN": 147.24,
            "percU": 1766.88,
            "percUNK": 0.0,
            "l": 0.0021543131206890644,
            "u": 0.9999297444663212
        }
    },
    "data": {
        "n_samples": 409,
        "time": 50.558818101882935,
        "repeated_programs": 21,
        "inconsistent_programs": 197,
        "worlds_consulted": 191
    }
}