{
    "status": {
        "d_56": {
            "yes": 178,
            "no": 0,
            "undecided": 126,
            "unknown": 0,
            "pyes": 0.0097153190233408,
            "pno": 0.0,
            "pundecided": 0.00557459101377982,
            "punknown": 0.0,
            "time": 8.980536937713623,
            "percY": 363.12,
            "percN": 0.0,
            "percU": 257.04,
            "percUNK": 0.0,
            "l": 0.0097153190233408,
            "u": 1.0
        },
        "a_19": {
            "yes": 54,
            "no": 20,
            "undecided": 230,
            "unknown": 0,
            "pyes": 0.000715908523881766,
            "pno": 3.4019232438081958e-06,
            "pundecided": 0.01457059958999505,
            "punknown": 0.0,
            "time": 9.861778259277344,
            "percY": 110.16,
            "percN": 40.8,
            "percU": 469.2,
            "percUNK": 0.0,
            "l": 0.000715908523881766,
            "u": 0.9999965980767562
        },
        "~a_19": {
            "yes": 20,
            "no": 54,
            "undecided": 230,
            "unknown": 0,
            "pyes": 3.4019232438081958e-06,
            "pno": 0.000715908523881766,
            "pundecided": 0.01457059958999505,
            "punknown": 0.0,
            "time": 10.865715026855469,
            "percY": 40.8,
            "percN": 110.16,
            "percU": 469.2,
            "percUNK": 0.0,
            "l": 3.4019232438081958e-06,
            "u": 0.9992840914761182
        }
    },
    "data": {
        "n_samples": 204,
        "time": 26.930662631988525,
        "repeated_programs": 2,
        "inconsistent_programs": 100,
        "worlds_consulted": 102
    }
}