{
    "status": {
        "d_59": {
            "yes": 159,
            "no": 0,
            "undecided": 148,
            "unknown": 0,
            "pyes": 0.0002797941001550143,
            "pno": 0.0,
            "pundecided": 0.0013996811720624529,
            "punknown": 0.0,
            "time": 8.839911937713623,
            "percY": 324.36,
            "percN": 0.0,
            "percU": 301.92,
            "percUNK": 0.0,
            "l": 0.0002797941001550143,
            "u": 1.0
        },
        "~a_19": {
            "yes": 16,
            "no": 34,
            "undecided": 257,
            "unknown": 0,
            "pyes": 3.135068333210785e-06,
            "pno": 0.000633700422622253,
            "pundecided": 0.0010426397812620045,
            "punknown": 0.0,
            "time": 9.559334754943848,
            "percY": 32.64,
            "percN": 69.36,
            "percU": 524.28,
            "percUNK": 0.0,
            "l": 3.135068333210785e-06,
            "u": 0.9993662995773778
        },
        "a_19": {
            "yes": 34,
            "no": 16,
            "undecided": 257,
            "unknown": 0,
            "pyes": 0.000633700422622253,
            "pno": 3.135068333210785e-06,
            "pundecided": 0.0010426397812620045,
            "punknown": 0.0,
            "time": 9.523571014404297,
            "percY": 69.36,
            "percN": 32.64,
            "percU": 524.28,
            "percUNK": 0.0,
            "l": 0.000633700422622253,
            "u": 0.9999968649316668
        }
    },
    "data": {
        "n_samples": 204,
        "time": 24.442097663879395,
        "repeated_programs": 5,
        "inconsistent_programs": 91,
        "worlds_consulted": 108
    }
}