{
    "status": {
        "d_26": {
            "yes": 147,
            "no": 0,
            "undecided": 140,
            "unknown": 0,
            "pyes": 4.578862313011497e-05,
            "pno": 0.0,
            "pundecided": 0.0005808997572949361,
            "punknown": 0.0,
            "time": 8.21673321723938,
            "percY": 299.88,
            "percN": 0.0,
            "percU": 285.6,
            "percUNK": 0.0,
            "l": 4.578862313011497e-05,
            "u": 1.0
        },
        "a_19": {
            "yes": 50,
            "no": 41,
            "undecided": 196,
            "unknown": 0,
            "pyes": 2.654741955169823e-07,
            "pno": 1.7717585690499835e-07,
            "pundecided": 0.0006262457303726292,
            "punknown": 0.0,
            "time": 8.976355791091919,
            "percY": 102.0,
            "percN": 83.64,
            "percU": 399.84,
            "percUNK": 0.0,
            "l": 2.654741955169823e-07,
            "u": 0.9999998228241431
        },
        "a_17": {
            "yes": 71,
            "no": 20,
            "undecided": 196,
            "unknown": 0,
            "pyes": 4.3871182286605443e-07,
            "pno": 3.938229555926401e-09,
            "pundecided": 0.0006262457303726292,
            "punknown": 0.0,
            "time": 9.640612125396729,
            "percY": 144.84,
            "percN": 40.8,
            "percU": 399.84,
            "percUNK": 0.0,
            "l": 4.3871182286605443e-07,
            "u": 0.9999999960617705
        }
    },
    "data": {
        "n_samples": 204,
        "time": 24.267899751663208,
        "repeated_programs": 6,
        "inconsistent_programs": 109,
        "worlds_consulted": 89
    }
}