{
    "status": {
        "~d_63": {
            "yes": 165,
            "no": 0,
            "undecided": 130,
            "unknown": 2,
            "pyes": 0.0853460266758554,
            "pno": 0.0,
            "pundecided": 0.0013154592845035602,
            "punknown": 0.0,
            "time": 8.429481744766235,
            "percY": 336.6,
            "percN": 0.0,
            "percU": 265.2,
            "percUNK": 4.08,
            "l": 0.0853460266758554,
            "u": 1.0
        },
        "a_11": {
            "yes": 191,
            "no": 0,
            "undecided": 106,
            "unknown": 0,
            "pyes": 0.0778597295499354,
            "pno": 0.0,
            "pundecided": 0.008801756410423564,
            "punknown": 0.0,
            "time": 8.449505090713501,
            "percY": 389.64,
            "percN": 0.0,
            "percU": 216.24,
            "percUNK": 0.0,
            "l": 0.0778597295499354,
            "u": 1.0
        },
        "a_17": {
            "yes": 97,
            "no": 50,
            "undecided": 150,
            "unknown": 0,
            "pyes": 0.008802152121550697,
            "pno": 0.07776000857223625,
            "pundecided": 9.932526657198108e-05,
            "punknown": 0.0,
            "time": 9.712605476379395,
            "percY": 197.88,
            "percN": 102.0,
            "percU": 306.0,
            "percUNK": 0.0,
            "l": 0.008802152121550697,
            "u": 0.9222399914277637
        }
    },
    "data": {
        "n_samples": 204,
        "time": 24.903557062149048,
        "repeated_programs": 5,
        "inconsistent_programs": 101,
        "worlds_consulted": 98
    }
}