{
    "status": {
        "d_36": {
            "yes": 136,
            "no": 0,
            "undecided": 160,
            "unknown": 0,
            "pyes": 0.0008664435764182093,
            "pno": 0.0,
            "pundecided": 0.08697065964067242,
            "punknown": 0.0,
            "time": 8.636014699935913,
            "percY": 277.44,
            "percN": 0.0,
            "percU": 326.4,
            "percUNK": 0.0,
            "l": 0.0008664435764182093,
            "u": 1.0
        },
        "a_14": {
            "yes": 99,
            "no": 0,
            "undecided": 197,
            "unknown": 0,
            "pyes": 0.005639572095421145,
            "pno": 0.0,
            "pundecided": 0.0821975311216695,
            "punknown": 0.0,
            "time": 8.495097875595093,
            "percY": 201.96,
            "percN": 0.0,
            "percU": 401.88,
            "percUNK": 0.0,
            "l": 0.005639572095421145,
            "u": 1.0
        },
        "a_16": {
            "yes": 43,
            "no": 32,
            "undecided": 221,
            "unknown": 0,
            "pyes": 1.2787071583254228e-05,
            "pno": 6.657343052865468e-06,
            "pundecided": 0.08781765880245447,
            "punknown": 0.0,
            "time": 9.055698156356812,
            "percY": 87.72,
            "percN": 65.28,
            "percU": 450.84,
            "percUNK": 0.0,
            "l": 1.2787071583254228e-05,
            "u": 0.9999933426569472
        }
    },
    "data": {
        "n_samples": 204,
        "time": 22.260597705841064,
        "repeated_programs": 7,
        "inconsistent_programs": 98,
        "worlds_consulted": 99
    }
}