{
    "status": {
        "d_45": {
            "yes": 120,
            "no": 0,
            "undecided": 172,
            "unknown": 0,
            "pyes": 0.00043399921135109354,
            "pno": 0.0,
            "pundecided": 0.002301236232141999,
            "punknown": 0.0,
            "time": 8.425657749176025,
            "percY": 244.8,
            "percN": 0.0,
            "percU": 350.88,
            "percUNK": 0.0,
            "l": 0.00043399921135109354,
            "u": 1.0
        },
        "a_17": {
            "yes": 94,
            "no": 2,
            "undecided": 196,
            "unknown": 0,
            "pyes": 0.0022325129951149833,
            "pno": 0.00021895322156573007,
            "pundecided": 0.00028376922681237933,
            "punknown": 0.0,
            "time": 8.834153413772583,
            "percY": 191.76,
            "percN": 4.08,
            "percU": 399.84,
            "percUNK": 0.0,
            "l": 0.0022325129951149833,
            "u": 0.9997810467784343
        },
        "~a_18": {
            "yes": 91,
            "no": 20,
            "undecided": 181,
            "unknown": 0,
            "pyes": 0.000477942511271353,
            "pno": 0.00027993017860038325,
            "pundecided": 0.001977362753621357,
            "punknown": 0.0,
            "time": 8.862165689468384,
            "percY": 185.64,
            "percN": 40.8,
            "percU": 369.24,
            "percUNK": 0.0,
            "l": 0.000477942511271353,
            "u": 0.9997200698213996
        }
    },
    "data": {
        "n_samples": 204,
        "time": 25.700944423675537,
        "repeated_programs": 5,
        "inconsistent_programs": 106,
        "worlds_consulted": 93
    }
}