{
    "status": {
        "~d_34": {
            "yes": 155,
            "no": 0,
            "undecided": 152,
            "unknown": 0,
            "pyes": 2.5807353961773078e-05,
            "pno": 0.0,
            "pundecided": 0.00029714024864867315,
            "punknown": 0.0,
            "time": 8.853509187698364,
            "percY": 316.2,
            "percN": 0.0,
            "percU": 310.08,
            "percUNK": 0.0,
            "l": 2.5807353961773078e-05,
            "u": 1.0
        },
        "a_10": {
            "yes": 137,
            "no": 0,
            "undecided": 170,
            "unknown": 0,
            "pyes": 4.124651599191111e-05,
            "pno": 0.0,
            "pundecided": 0.0002817010866185351,
            "punknown": 0.0,
            "time": 8.75106430053711,
            "percY": 279.48,
            "percN": 0.0,
            "percU": 346.8,
            "percUNK": 0.0,
            "l": 4.124651599191111e-05,
            "u": 1.0
        },
        "a_17": {
            "yes": 135,
            "no": 16,
            "undecided": 156,
            "unknown": 0,
            "pyes": 3.8297473048379984e-05,
            "pno": 5.923473789381119e-08,
            "pundecided": 0.0002845908948241724,
            "punknown": 0.0,
            "time": 13.647324323654175,
            "percY": 275.4,
            "percN": 32.64,
            "percU": 318.24,
            "percUNK": 0.0,
            "l": 3.8297473048379984e-05,
            "u": 0.9999999407652621
        }
    },
    "data": {
        "n_samples": 204,
        "time": 26.84082841873169,
        "repeated_programs": 6,
        "inconsistent_programs": 89,
        "worlds_consulted": 109
    }
}