{
    "status": {
        "d_54": {
            "yes": 153,
            "no": 0,
            "undecided": 143,
            "unknown": 0,
            "pyes": 0.0038337549132581783,
            "pno": 0.0,
            "pundecided": 0.00874417975303281,
            "punknown": 0.0,
            "time": 8.62236213684082,
            "percY": 312.12,
            "percN": 0.0,
            "percU": 291.72,
            "percUNK": 0.0,
            "l": 0.0038337549132581783,
            "u": 1.0
        },
        "~a_19": {
            "yes": 45,
            "no": 37,
            "undecided": 214,
            "unknown": 0,
            "pyes": 0.008967551288659828,
            "pno": 1.1394509201166876e-06,
            "pundecided": 0.003609243926711043,
            "punknown": 0.0,
            "time": 10.356456995010376,
            "percY": 91.8,
            "percN": 75.48,
            "percU": 436.56,
            "percUNK": 0.0,
            "l": 0.008967551288659828,
            "u": 0.9999988605490799
        },
        "a_19": {
            "yes": 37,
            "no": 45,
            "undecided": 214,
            "unknown": 0,
            "pyes": 1.1394509201166876e-06,
            "pno": 0.008967551288659828,
            "pundecided": 0.003609243926711043,
            "punknown": 0.0,
            "time": 10.671913623809814,
            "percY": 75.48,
            "percN": 91.8,
            "percU": 436.56,
            "percUNK": 0.0,
            "l": 1.1394509201166876e-06,
            "u": 0.9910324487113402
        }
    },
    "data": {
        "n_samples": 204,
        "time": 25.78430151939392,
        "repeated_programs": 6,
        "inconsistent_programs": 100,
        "worlds_consulted": 98
    }
}