{
    "status": {
        "d_48": {
            "yes": 256,
            "no": 0,
            "undecided": 34,
            "unknown": 0,
            "pyes": 0.013045268166006445,
            "pno": 0.0,
            "pundecided": 0.0,
            "punknown": 0.0,
            "time": 8.424772024154663,
            "percY": 522.24,
            "percN": 0.0,
            "percU": 69.36,
            "percUNK": 0.0,
            "l": 0.013045268166006445,
            "u": 1.0
        },
        "a_18": {
            "yes": 204,
            "no": 36,
            "undecided": 50,
            "unknown": 0,
            "pyes": 0.0011446262631277426,
            "pno": 4.5532010824473615e-06,
            "pundecided": 0.011896088701796259,
            "punknown": 0.0,
            "time": 8.658188343048096,
            "percY": 416.16,
            "percN": 73.44,
            "percU": 102.0,
            "percUNK": 0.0,
            "l": 0.0011446262631277426,
            "u": 0.9999954467989175
        },
        "a_15": {
            "yes": 72,
            "no": 19,
            "undecided": 199,
            "unknown": 0,
            "pyes": 6.853800128290439e-05,
            "pno": 7.164352800000004e-09,
            "pundecided": 0.012976723000370739,
            "punknown": 0.0,
            "time": 8.740626335144043,
            "percY": 146.88,
            "percN": 38.76,
            "percU": 405.96,
            "percUNK": 0.0,
            "l": 6.853800128290439e-05,
            "u": 0.9999999928356472
        }
    },
    "data": {
        "n_samples": 204,
        "time": 25.900383472442627,
        "repeated_programs": 6,
        "inconsistent_programs": 106,
        "worlds_consulted": 92
    }
}