{
    "status": {
        "~d_9": {
            "yes": 282,
            "no": 0,
            "undecided": 30,
            "unknown": 44,
            "pyes": 0.10694214050982095,
            "pno": 0.0,
            "pundecided": 4.1831956686668024e-08,
            "punknown": 0.00010518543580387269,
            "time": 9.512640953063965,
            "percY": 532.98,
            "percN": 0.0,
            "percU": 56.7,
            "percUNK": 83.16,
            "l": 0.10694214050982095,
            "u": 1.0
        },
        "a_5": {
            "yes": 258,
            "no": 0,
            "undecided": 54,
            "unknown": 44,
            "pyes": 0.10676896779429024,
            "pno": 0.0,
            "pundecided": 0.0002773465453931132,
            "punknown": 1.0534378981936294e-06,
            "time": 9.742150783538818,
            "percY": 487.62,
            "percN": 0.0,
            "percU": 102.06,
            "percUNK": 83.16,
            "l": 0.10676896779429024,
            "u": 1.0
        },
        "~a_8": {
            "yes": 42,
            "no": 102,
            "undecided": 194,
            "unknown": 18,
            "pyes": 0.0009799127709069948,
            "pno": 0.0003048126390331122,
            "pundecided": 0.10565524134319076,
            "punknown": 0.00010740102445059068,
            "time": 9.77911901473999,
            "percY": 79.38,
            "percN": 192.78,
            "percU": 366.66,
            "percUNK": 34.02,
            "l": 0.0009799127709069948,
            "u": 0.9996951873609669
        }
    },
    "data": {
        "n_samples": 189,
        "time": 19.90674090385437,
        "repeated_programs": 11,
        "inconsistent_programs": 0,
        "worlds_consulted": 403
    }
}