{
    "status": {
        "~a_0": {
            "yes": 202,
            "no": 0,
            "undecided": 0,
            "unknown": 96,
            "pyes": 0.004413249686976943,
            "pno": 0.0,
            "pundecided": 0.0,
            "punknown": 0.0008122662929487049,
            "time": 8.206235408782959,
            "percY": 323.2,
            "percN": 0.0,
            "percU": 0.0,
            "percUNK": 153.6,
            "l": 0.004413249686976943,
            "u": 1.0
        },
        "a_6": {
            "yes": 30,
            "no": 0,
            "undecided": 216,
            "unknown": 52,
            "pyes": 9.211177093570037e-05,
            "pno": 0.0,
            "pundecided": 0.004747692614979432,
            "punknown": 0.00038571159401051954,
            "time": 8.055791854858398,
            "percY": 48.0,
            "percN": 0.0,
            "percU": 345.6,
            "percUNK": 83.2,
            "l": 9.211177093570037e-05,
            "u": 1.0
        },
        "~a_7": {
            "yes": 30,
            "no": 16,
            "undecided": 228,
            "unknown": 24,
            "pyes": 9.231215501658588e-05,
            "pno": 1.354644143360669e-07,
            "pundecided": 0.004752938988118915,
            "punknown": 0.00038012937237581485,
            "time": 8.197081565856934,
            "percY": 48.0,
            "percN": 25.6,
            "percU": 364.8,
            "percUNK": 38.4,
            "l": 9.231215501658588e-05,
            "u": 0.9999998645355856
        }
    },
    "data": {
        "n_samples": 160,
        "time": 16.81490993499756,
        "repeated_programs": 11,
        "inconsistent_programs": 0,
        "worlds_consulted": 340
    }
}