{
    "status": {
        "d_16": {
            "yes": 144,
            "no": 0,
            "undecided": 28,
            "unknown": 106,
            "pyes": 0.01202162371820293,
            "pno": 0.0,
            "pundecided": 1.4063076707617494e-05,
            "punknown": 0.014957399616405445,
            "time": 7.224274158477783,
            "percY": 211.68,
            "percN": 0.0,
            "percU": 41.16,
            "percUNK": 155.82,
            "l": 0.01202162371820293,
            "u": 1.0
        },
        "a_7": {
            "yes": 6,
            "no": 14,
            "undecided": 228,
            "unknown": 30,
            "pyes": 5.5842705322905606e-06,
            "pno": 0.00016352528425084994,
            "pundecided": 0.012669993635485184,
            "punknown": 0.014153983221047666,
            "time": 7.410202980041504,
            "percY": 8.82,
            "percN": 20.58,
            "percU": 335.16,
            "percUNK": 44.1,
            "l": 5.5842705322905606e-06,
            "u": 0.9998364747157491
        },
        "~a_7": {
            "yes": 14,
            "no": 6,
            "undecided": 228,
            "unknown": 30,
            "pyes": 0.00016352528425084994,
            "pno": 5.5842705322905606e-06,
            "pundecided": 0.012669993635485184,
            "punknown": 0.014153983221047666,
            "time": 7.50949764251709,
            "percY": 20.58,
            "percN": 8.82,
            "percU": 335.16,
            "percUNK": 44.1,
            "l": 0.00016352528425084994,
            "u": 0.9999944157294677
        }
    },
    "data": {
        "n_samples": 147,
        "time": 15.498783349990845,
        "repeated_programs": 8,
        "inconsistent_programs": 0,
        "worlds_consulted": 383
    }
}