{
    "status": {
        "d_16": {
            "yes": 286,
            "no": 0,
            "undecided": 8,
            "unknown": 48,
            "pyes": 0.009336908622498075,
            "pno": 0.0,
            "pundecided": 0.0003776342718597119,
            "punknown": 0.0008796315769158378,
            "time": 7.969710350036621,
            "percY": 520.52,
            "percN": 0.0,
            "percU": 14.56,
            "percUNK": 87.36,
            "l": 0.009336908622498075,
            "u": 1.0
        },
        "a_5": {
            "yes": 32,
            "no": 0,
            "undecided": 0,
            "unknown": 310,
            "pyes": 3.414163200000001e-08,
            "pno": 0.0,
            "pundecided": 0.0,
            "punknown": 0.010594140329641625,
            "time": 8.02774715423584,
            "percY": 58.24,
            "percN": 0.0,
            "percU": 0.0,
            "percUNK": 564.2,
            "l": 3.414163200000001e-08,
            "u": 1.0
        },
        "~a_7": {
            "yes": 2,
            "no": 20,
            "undecided": 310,
            "unknown": 10,
            "pyes": 1.6623936000000006e-10,
            "pno": 0.006106993047502079,
            "pundecided": 0.004487181257532204,
            "punknown": 0.0,
            "time": 8.045788288116455,
            "percY": 3.64,
            "percN": 36.4,
            "percU": 564.2,
            "percUNK": 18.2,
            "l": 1.6623936000000006e-10,
            "u": 0.9938930069524979
        }
    },
    "data": {
        "n_samples": 182,
        "time": 16.331480979919434,
        "repeated_programs": 11,
        "inconsistent_programs": 0,
        "worlds_consulted": 370
    }
}