{
    "status": {
        "~d_18": {
            "yes": 298,
            "no": 0,
            "undecided": 104,
            "unknown": 56,
            "pyes": 0.033677022959581956,
            "pno": 0.0,
            "pundecided": 0.00059953084935221,
            "punknown": 0.0038964665095527836,
            "time": 10.420947551727295,
            "percY": 700.3,
            "percN": 0.0,
            "percU": 244.4,
            "percUNK": 131.6,
            "l": 0.033677022959581956,
            "u": 1.0
        },
        "a_7": {
            "yes": 36,
            "no": 10,
            "undecided": 406,
            "unknown": 6,
            "pyes": 0.0008094060649926936,
            "pno": 1.8019959722634246e-08,
            "pundecided": 0.03736317276439103,
            "punknown": 4.234691435728048e-07,
            "time": 10.406726360321045,
            "percY": 84.6,
            "percN": 23.5,
            "percU": 954.1,
            "percUNK": 14.1,
            "l": 0.0008094060649926936,
            "u": 0.9999999819800403
        },
        "~a_8": {
            "yes": 110,
            "no": 128,
            "undecided": 216,
            "unknown": 4,
            "pyes": 0.0052916888265644385,
            "pno": 0.0011782968759490003,
            "pundecided": 0.031701591336067904,
            "punknown": 1.4432799056211302e-06,
            "time": 10.48774242401123,
            "percY": 258.5,
            "percN": 300.8,
            "percU": 507.6,
            "percUNK": 9.4,
            "l": 0.0052916888265644385,
            "u": 0.998821703124051
        }
    },
    "data": {
        "n_samples": 235,
        "time": 24.28417134284973,
        "repeated_programs": 6,
        "inconsistent_programs": 0,
        "worlds_consulted": 396
    }
}