{
    "status": {
        "a_3": {
            "yes": 232,
            "no": 0,
            "undecided": 0,
            "unknown": 146,
            "pyes": 0.009059855019194762,
            "pno": 0.0,
            "pundecided": 0.0,
            "punknown": 0.005690963497056983,
            "time": 8.628218173980713,
            "percY": 466.32,
            "percN": 0.0,
            "percU": 0.0,
            "percUNK": 293.46,
            "l": 0.009059855019194762,
            "u": 1.0
        },
        "a_5": {
            "yes": 146,
            "no": 0,
            "undecided": 232,
            "unknown": 0,
            "pyes": 0.011451040884234582,
            "pno": 0.0,
            "pundecided": 0.003299777632017154,
            "punknown": 0.0,
            "time": 8.624320030212402,
            "percY": 293.46,
            "percN": 0.0,
            "percU": 466.32,
            "percUNK": 0.0,
            "l": 0.011451040884234582,
            "u": 1.0
        },
        "a_7": {
            "yes": 120,
            "no": 16,
            "undecided": 230,
            "unknown": 12,
            "pyes": 0.01099711378733408,
            "pno": 0.00011802535551410411,
            "pundecided": 0.003635434246820823,
            "punknown": 2.4512658272653824e-07,
            "time": 8.566502571105957,
            "percY": 241.2,
            "percN": 32.16,
            "percU": 462.3,
            "percUNK": 24.12,
            "l": 0.01099711378733408,
            "u": 0.9998819746444859
        }
    },
    "data": {
        "n_samples": 201,
        "time": 16.76947522163391,
        "repeated_programs": 12,
        "inconsistent_programs": 0,
        "worlds_consulted": 397
    }
}