{
    "status": {
        "d_14": {
            "yes": 448,
            "no": 0,
            "undecided": 50,
            "unknown": 10,
            "pyes": 0.005548966368337082,
            "pno": 0.0,
            "pundecided": 2.702667229836681e-06,
            "punknown": 5.084998221139201e-10,
            "time": 11.38030195236206,
            "percY": 1182.72,
            "percN": 0.0,
            "percU": 132.0,
            "percUNK": 26.4,
            "l": 0.005548966368337082,
            "u": 1.0
        },
        "~a_7": {
            "yes": 44,
            "no": 2,
            "undecided": 428,
            "unknown": 34,
            "pyes": 0.0007253622862398272,
            "pno": 1.2294150865920003e-09,
            "pundecided": 0.004824668633553668,
            "punknown": 1.6373948581588381e-06,
            "time": 11.471426963806152,
            "percY": 116.16,
            "percN": 5.28,
            "percU": 1129.92,
            "percUNK": 89.76,
            "l": 0.0007253622862398272,
            "u": 0.9999999987705849
        },
        "a_8": {
            "yes": 34,
            "no": 24,
            "undecided": 440,
            "unknown": 10,
            "pyes": 0.0004045075453750547,
            "pno": 0.0004398638162773043,
            "pundecided": 0.004706880855551243,
            "punknown": 4.1732686313769034e-07,
            "time": 11.360032558441162,
            "percY": 89.76,
            "percN": 63.36,
            "percU": 1161.6,
            "percUNK": 26.4,
            "l": 0.0004045075453750547,
            "u": 0.9995601361837227
        }
    },
    "data": {
        "n_samples": 264,
        "time": 24.186975479125977,
        "repeated_programs": 10,
        "inconsistent_programs": 0,
        "worlds_consulted": 372
    }
}