{
    "status": {
        "d_15": {
            "yes": 52,
            "no": 0,
            "undecided": 316,
            "unknown": 64,
            "pyes": 0.23192188696326851,
            "pno": 0.0,
            "pundecided": 0.007267660790854019,
            "punknown": 6.6691405823895355e-06,
            "time": 9.810948848724365,
            "percY": 118.56,
            "percN": 0.0,
            "percU": 720.48,
            "percUNK": 145.92,
            "l": 0.23192188696326851,
            "u": 1.0
        },
        "a_7": {
            "yes": 8,
            "no": 12,
            "undecided": 334,
            "unknown": 78,
            "pyes": 7.905908766429272e-07,
            "pno": 0.012149193318590469,
            "pundecided": 0.22702825221570527,
            "punknown": 1.7980769532555287e-05,
            "time": 9.718247890472412,
            "percY": 18.24,
            "percN": 27.36,
            "percU": 761.52,
            "percUNK": 177.84,
            "l": 7.905908766429272e-07,
            "u": 0.9878508066814096
        }
    },
    "data": {
        "n_samples": 228,
        "time": 15.195043802261353,
        "repeated_programs": 12,
        "inconsistent_programs": 0,
        "worlds_consulted": 427
    }
}