{
    "status": {
        "a_3": {
            "yes": 84,
            "no": 0,
            "undecided": 0,
            "unknown": 40,
            "pyes": 0.005390039698170888,
            "pno": 0.0,
            "pundecided": 0.0,
            "punknown": 0.00014200328154853438,
            "time": 2.771101951599121,
            "percY": 54.6,
            "percN": 0.0,
            "percU": 0.0,
            "percUNK": 26.0,
            "l": 0.005390039698170888,
            "u": 1.0
        },
        "a_7": {
            "yes": 2,
            "no": 38,
            "undecided": 82,
            "unknown": 2,
            "pyes": 0.0,
            "pno": 9.992450229701278e-05,
            "pundecided": 0.0054321184773005425,
            "punknown": 1.2186720000000004e-13,
            "time": 2.868462085723877,
            "percY": 1.3,
            "percN": 24.7,
            "percU": 53.3,
            "percUNK": 1.3,
            "l": 0.0,
            "u": 0.999900075497703
        }
    },
    "data": {
        "n_samples": 65,
        "time": 3.910921573638916,
        "repeated_programs": 3,
        "inconsistent_programs": 0,
        "worlds_consulted": 348
    }
}