{
    "status": {
        "~d_12": {
            "yes": 54,
            "no": 0,
            "undecided": 174,
            "unknown": 80,
            "pyes": 0.00535210843732469,
            "pno": 0.0,
            "pundecided": 0.03090886324891535,
            "punknown": 0.0001822831446194117,
            "time": 7.065280914306641,
            "percY": 86.4,
            "percN": 0.0,
            "percU": 278.4,
            "percUNK": 128.0,
            "l": 0.00535210843732469,
            "u": 1.0
        },
        "a_5": {
            "yes": 80,
            "no": 0,
            "undecided": 224,
            "unknown": 4,
            "pyes": 0.0004001098650850106,
            "pno": 0.0,
            "pundecided": 0.03604305254718402,
            "punknown": 9.241859043164161e-08,
            "time": 6.997197151184082,
            "percY": 128.0,
            "percN": 0.0,
            "percU": 358.4,
            "percUNK": 6.4,
            "l": 0.0004001098650850106,
            "u": 1.0
        },
        "a_8": {
            "yes": 32,
            "no": 12,
            "undecided": 248,
            "unknown": 16,
            "pyes": 7.754978384874235e-06,
            "pno": 1.5010842076102655e-08,
            "pundecided": 0.032312469139026995,
            "punknown": 0.004123015702605503,
            "time": 7.027969837188721,
            "percY": 51.2,
            "percN": 19.2,
            "percU": 396.8,
            "percUNK": 25.6,
            "l": 7.754978384874235e-06,
            "u": 0.9999999849891579
        }
    },
    "data": {
        "n_samples": 160,
        "time": 14.567272901535034,
        "repeated_programs": 6,
        "inconsistent_programs": 0,
        "worlds_consulted": 349
    }
}