{
    "status": {
        "d_11": {
            "yes": 184,
            "no": 0,
            "undecided": 64,
            "unknown": 4,
            "pyes": 0.1406813457048759,
            "pno": 0.0,
            "pundecided": 0.0005308875190885534,
            "punknown": 0.00044999186832384003,
            "time": 5.363711833953857,
            "percY": 253.92,
            "percN": 0.0,
            "percU": 88.32,
            "percUNK": 5.52,
            "l": 0.1406813457048759,
            "u": 1.0
        },
        "a_7": {
            "yes": 140,
            "no": 0,
            "undecided": 2,
            "unknown": 110,
            "pyes": 0.05240973437679955,
            "pno": 0.0,
            "pundecided": 0.06636167519933951,
            "punknown": 0.02289081551614926,
            "time": 5.4711480140686035,
            "percY": 193.2,
            "percN": 0.0,
            "percU": 2.76,
            "percUNK": 151.8,
            "l": 0.05240973437679955,
            "u": 1.0
        },
        "~a_9": {
            "yes": 58,
            "no": 32,
            "undecided": 160,
            "unknown": 2,
            "pyes": 0.054796843642505755,
            "pno": 0.00016062229674014398,
            "pundecided": 0.07801472901064882,
            "punknown": 0.0086900301423936,
            "time": 5.415402889251709,
            "percY": 80.04,
            "percN": 44.16,
            "percU": 220.8,
            "percUNK": 2.76,
            "l": 0.054796843642505755,
            "u": 0.9998393777032598
        }
    },
    "data": {
        "n_samples": 138,
        "time": 10.570245027542114,
        "repeated_programs": 12,
        "inconsistent_programs": 0,
        "worlds_consulted": 359
    }
}