{
    "status": {
        "a_3": {
            "yes": 434,
            "no": 0,
            "undecided": 0,
            "unknown": 44,
            "pyes": 0.10787529563005838,
            "pno": 0.0,
            "pundecided": 0.0,
            "punknown": 0.00047844246904091563,
            "time": 9.950705528259277,
            "percY": 1106.7,
            "percN": 0.0,
            "percU": 0.0,
            "percUNK": 112.2,
            "l": 0.10787529563005838,
            "u": 1.0
        },
        "~a_6": {
            "yes": 174,
            "no": 0,
            "undecided": 130,
            "unknown": 174,
            "pyes": 0.000809463723542358,
            "pno": 0.0,
            "pundecided": 0.0005644214348083235,
            "punknown": 0.10697985294074863,
            "time": 10.065670490264893,
            "percY": 443.7,
            "percN": 0.0,
            "percU": 331.5,
            "percUNK": 443.7,
            "l": 0.000809463723542358,
            "u": 1.0
        },
        "a_7": {
            "yes": 66,
            "no": 94,
            "undecided": 318,
            "unknown": 0,
            "pyes": 2.694922725513638e-06,
            "pno": 0.09809558081806376,
            "pundecided": 0.01025546235831001,
            "punknown": 0.0,
            "time": 10.130034923553467,
            "percY": 168.3,
            "percN": 239.7,
            "percU": 810.9,
            "percUNK": 0.0,
            "l": 2.694922725513638e-06,
            "u": 0.9019044191819362
        }
    },
    "data": {
        "n_samples": 255,
        "time": 21.71030831336975,
        "repeated_programs": 16,
        "inconsistent_programs": 0,
        "worlds_consulted": 372
    }
}