{
    "status": {
        "d_13": {
            "yes": 268,
            "no": 0,
            "undecided": 86,
            "unknown": 90,
            "pyes": 0.2424327651488496,
            "pno": 0.0,
            "pundecided": 0.010404406057516498,
            "punknown": 9.913858985408577e-05,
            "time": 13.22347354888916,
            "percY": 619.08,
            "percN": 0.0,
            "percU": 198.66,
            "percUNK": 207.9,
            "l": 0.2424327651488496,
            "u": 1.0
        },
        "a_8": {
            "yes": 142,
            "no": 4,
            "undecided": 292,
            "unknown": 6,
            "pyes": 0.23573754232316735,
            "pno": 1.6815195902625118e-07,
            "pundecided": 0.017176169545438512,
            "punknown": 2.2429775655214206e-05,
            "time": 13.164066791534424,
            "percY": 328.02,
            "percN": 9.24,
            "percU": 674.52,
            "percUNK": 13.86,
            "l": 0.23573754232316735,
            "u": 0.999999831848041
        },
        "~a_8": {
            "yes": 4,
            "no": 142,
            "undecided": 292,
            "unknown": 6,
            "pyes": 1.6815195902625118e-07,
            "pno": 0.23573754232316735,
            "pundecided": 0.017176169545438512,
            "punknown": 2.2429775655214206e-05,
            "time": 13.27743148803711,
            "percY": 9.24,
            "percN": 328.02,
            "percU": 674.52,
            "percUNK": 13.86,
            "l": 1.6815195902625118e-07,
            "u": 0.7642624576768327
        }
    },
    "data": {
        "n_samples": 231,
        "time": 29.194983959197998,
        "repeated_programs": 9,
        "inconsistent_programs": 0,
        "worlds_consulted": 384
    }
}