{
    "status": {
        "~d_16": {
            "yes": 304,
            "no": 0,
            "undecided": 44,
            "unknown": 14,
            "pyes": 0.10142978023537487,
            "pno": 0.0,
            "pundecided": 0.00014390210207587445,
            "punknown": 7.264291565319088e-05,
            "time": 10.68388843536377,
            "percY": 568.48,
            "percN": 0.0,
            "percU": 82.28,
            "percUNK": 26.18,
            "l": 0.10142978023537487,
            "u": 1.0
        },
        "a_8": {
            "yes": 22,
            "no": 14,
            "undecided": 326,
            "unknown": 0,
            "pyes": 2.5588360128603014e-05,
            "pno": 5.29296489673997e-06,
            "pundecided": 0.10161544392807856,
            "punknown": 0.0,
            "time": 10.601519107818604,
            "percY": 41.14,
            "percN": 26.18,
            "percU": 609.62,
            "percUNK": 0.0,
            "l": 2.5588360128603014e-05,
            "u": 0.9999947070351033
        },
        "~a_8": {
            "yes": 14,
            "no": 22,
            "undecided": 326,
            "unknown": 0,
            "pyes": 5.29296489673997e-06,
            "pno": 2.5588360128603014e-05,
            "pundecided": 0.10161544392807856,
            "punknown": 0.0,
            "time": 10.793666362762451,
            "percY": 26.18,
            "percN": 41.14,
            "percU": 609.62,
            "percUNK": 0.0,
            "l": 5.29296489673997e-06,
            "u": 0.9999744116398714
        }
    },
    "data": {
        "n_samples": 187,
        "time": 23.770023107528687,
        "repeated_programs": 6,
        "inconsistent_programs": 0,
        "worlds_consulted": 400
    }
}