{
    "status": {
        "~d_17": {
            "yes": 492,
            "no": 0,
            "undecided": 16,
            "unknown": 66,
            "pyes": 0.0015878948322460432,
            "pno": 0.0,
            "pundecided": 0.1123036295502437,
            "punknown": 0.0002751268933837671,
            "time": 14.990025997161865,
            "percY": 1500.6,
            "percN": 0.0,
            "percU": 48.8,
            "percUNK": 201.3,
            "l": 0.0015878948322460432,
            "u": 1.0
        },
        "a_7": {
            "yes": 188,
            "no": 40,
            "undecided": 344,
            "unknown": 2,
            "pyes": 0.01093303606119295,
            "pno": 2.6067036989957124e-05,
            "pundecided": 0.1032075481776906,
            "punknown": 0.0,
            "time": 15.2420654296875,
            "percY": 573.4,
            "percN": 122.0,
            "percU": 1049.2,
            "percUNK": 6.1,
            "l": 0.01093303606119295,
            "u": 0.9999739329630101
        }
    },
    "data": {
        "n_samples": 305,
        "time": 25.566984176635742,
        "repeated_programs": 18,
        "inconsistent_programs": 0,
        "worlds_consulted": 390
    }
}