{
    "status": {
        "~d_62": {
            "yes": 34,
            "no": 0,
            "undecided": 4,
            "unknown": 0,
            "pyes": 0.9129702768844213,
            "pno": 0.0,
            "pundecided": 0.019720923352524657,
            "punknown": 0.0,
            "time": 1.2207963466644287,
            "percY": 69.36,
            "percN": 0.0,
            "percU": 8.16,
            "percUNK": 0.0,
            "l": 0.9129702768844213,
            "u": 1.0,
            "flag": "INTEREST"
        },
        "a_12": {
            "yes": 6,
            "no": 0,
            "undecided": 32,
            "unknown": 0,
            "pyes": 0.06762697337403545,
            "pno": 0.0,
            "pundecided": 0.8650642268629104,
            "punknown": 0.0,
            "time": 1.1259806156158447,
            "percY": 12.24,
            "percN": 0.0,
            "percU": 65.28,
            "percUNK": 0.0,
            "l": 0.06762697337403545,
            "u": 1.0
        },
        "a_17": {
            "yes": 0,
            "no": 0,
            "undecided": 38,
            "unknown": 0,
            "pyes": 0.0,
            "pno": 0.0,
            "pundecided": 0.932691200236946,
            "punknown": 0.0,
            "time": 1.1898415088653564,
            "percY": 0.0,
            "percN": 0.0,
            "percU": 77.52,
            "percUNK": 0.0,
            "l": 0.0,
            "u": 1.0
        }
    },
    "data": {
        "n_samples": 204,
        "time": 3.663135528564453,
        "repeated_worlds": 166,
        "repeated_progs": 166,
        "unique_progs": 38
    }
}