{
    "status": {
        "~d_24": {
            "yes": 18,
            "no": 0,
            "undecided": 7,
            "unknown": 0,
            "pyes": 0.8601692937622364,
            "pno": 0.0,
            "pundecided": 0.05798911598645759,
            "punknown": 0.0,
            "time": 0.8500149250030518,
            "percY": 36.72,
            "percN": 0.0,
            "percU": 14.28,
            "percUNK": 0.0,
            "l": 0.8601692937622364,
            "u": 1.0,
            "flag": "INTEREST"
        },
        "~a_19": {
            "yes": 7,
            "no": 5,
            "undecided": 13,
            "unknown": 0,
            "pyes": 0.09038474274196685,
            "pno": 0.6555408315902853,
            "pundecided": 0.17223283541644185,
            "punknown": 0.0,
            "time": 1.0578868389129639,
            "percY": 14.28,
            "percN": 10.2,
            "percU": 26.52,
            "percUNK": 0.0,
            "l": 0.09038474274196685,
            "u": 0.3444591684097147,
            "flag": "INTEREST"
        },
        "a_17": {
            "yes": 0,
            "no": 5,
            "undecided": 20,
            "unknown": 0,
            "pyes": 0.0,
            "pno": 0.093544094628182,
            "pundecided": 0.824614315120512,
            "punknown": 0.0,
            "time": 0.8295547962188721,
            "percY": 0.0,
            "percN": 10.2,
            "percU": 40.8,
            "percUNK": 0.0,
            "l": 0.0,
            "u": 0.906455905371818
        }
    },
    "data": {
        "n_samples": 204,
        "time": 2.8240063190460205,
        "repeated_worlds": 179,
        "repeated_progs": 179,
        "unique_progs": 25
    }
}