{
    "status": {
        "~d_29": {
            "yes": 33,
            "no": 0,
            "undecided": 0,
            "unknown": 0,
            "pyes": 0.9014081604195541,
            "pno": 0.0,
            "pundecided": 0.0,
            "punknown": 0.0,
            "time": 1.0474066734313965,
            "percY": 67.32,
            "percN": 0.0,
            "percU": 0.0,
            "percUNK": 0.0,
            "l": 0.9014081604195541,
            "u": 1.0,
            "flag": "INTEREST"
        },
        "a_10": {
            "yes": 8,
            "no": 0,
            "undecided": 22,
            "unknown": 3,
            "pyes": 0.07133832779127394,
            "pno": 0.0,
            "pundecided": 0.821940958401116,
            "punknown": 0.008128874227164008,
            "time": 1.0276474952697754,
            "percY": 16.32,
            "percN": 0.0,
            "percU": 44.88,
            "percUNK": 6.12,
            "l": 0.07133832779127394,
            "u": 1.0
        },
        "~a_19": {
            "yes": 1,
            "no": 10,
            "undecided": 22,
            "unknown": 0,
            "pyes": 0.00012242268282989963,
            "pno": 0.09242440478612347,
            "pundecided": 0.8088613329506006,
            "punknown": 0.0,
            "time": 1.0274653434753418,
            "percY": 2.04,
            "percN": 20.4,
            "percU": 44.88,
            "percUNK": 0.0,
            "l": 0.00012242268282989963,
            "u": 0.9075755952138765
        }
    },
    "data": {
        "n_samples": 204,
        "time": 3.2097346782684326,
        "repeated_worlds": 171,
        "repeated_progs": 171,
        "unique_progs": 33
    }
}