{
    "status": {
        "~d_55": {
            "yes": 14,
            "no": 0,
            "undecided": 11,
            "unknown": 0,
            "pyes": 0.14720955553822487,
            "pno": 0.0,
            "pundecided": 0.8075054341036856,
            "punknown": 0.0,
            "time": 0.8868691921234131,
            "percY": 28.56,
            "percN": 0.0,
            "percU": 22.44,
            "percUNK": 0.0,
            "l": 0.14720955553822487,
            "u": 1.0
        },
        "a_21": {
            "yes": 5,
            "no": 3,
            "undecided": 17,
            "unknown": 0,
            "pyes": 0.040038769555105505,
            "pno": 0.0620715926380074,
            "pundecided": 0.8526046274487977,
            "punknown": 0.0,
            "time": 0.8968005180358887,
            "percY": 10.2,
            "percN": 6.12,
            "percU": 34.68,
            "percUNK": 0.0,
            "l": 0.040038769555105505,
            "u": 0.9379284073619926
        },
        "a_18": {
            "yes": 5,
            "no": 0,
            "undecided": 20,
            "unknown": 0,
            "pyes": 0.05132286831072375,
            "pno": 0.0,
            "pundecided": 0.9033921213311868,
            "punknown": 0.0,
            "time": 0.9256114959716797,
            "percY": 10.2,
            "percN": 0.0,
            "percU": 40.8,
            "percUNK": 0.0,
            "l": 0.05132286831072375,
            "u": 1.0
        }
    },
    "data": {
        "n_samples": 204,
        "time": 2.7851791381835938,
        "repeated_worlds": 179,
        "repeated_progs": 179,
        "unique_progs": 25
    }
}