{
    "status": {
        "~d_76": {
            "yes": 9,
            "no": 0,
            "undecided": 1,
            "unknown": 23,
            "pyes": 0.0489466877262115,
            "pno": 0.0,
            "pundecided": 0.002756179879931016,
            "punknown": 0.8738832160905952,
            "time": 0.9196469783782959,
            "percY": 18.36,
            "percN": 0.0,
            "percU": 2.04,
            "percUNK": 46.92,
            "l": 0.0489466877262115,
            "u": 1.0
        },
        "~a_17": {
            "yes": 3,
            "no": 0,
            "undecided": 30,
            "unknown": 0,
            "pyes": 0.00168539951477333,
            "pno": 0.0,
            "pundecided": 0.9239006841819645,
            "punknown": 0.0,
            "time": 0.9740490913391113,
            "percY": 6.12,
            "percN": 0.0,
            "percU": 61.2,
            "percUNK": 0.0,
            "l": 0.00168539951477333,
            "u": 1.0
        }
    },
    "data": {
        "n_samples": 204,
        "time": 1.9995803833007812,
        "repeated_worlds": 171,
        "repeated_progs": 171,
        "unique_progs": 33
    }
}