{
    "status": {
        "d_20": {
            "yes": 29,
            "no": 0,
            "undecided": 2,
            "unknown": 0,
            "pyes": 0.9108771366705332,
            "pno": 0.0,
            "pundecided": 0.017924069892610712,
            "punknown": 0.0,
            "time": 1.0303955078125,
            "percY": 59.16,
            "percN": 0.0,
            "percU": 4.08,
            "percUNK": 0.0,
            "l": 0.9108771366705332,
            "u": 1.0,
            "flag": "INTEREST"
        },
        "a_11": {
            "yes": 16,
            "no": 0,
            "undecided": 14,
            "unknown": 1,
            "pyes": 0.16032028518435393,
            "pno": 0.0,
            "pundecided": 0.7663774571913405,
            "punknown": 0.002103464187449442,
            "time": 1.0172464847564697,
            "percY": 32.64,
            "percN": 0.0,
            "percU": 28.56,
            "percUNK": 2.04,
            "l": 0.16032028518435393,
            "u": 1.0
        },
        "a_15": {
            "yes": 4,
            "no": 8,
            "undecided": 19,
            "unknown": 0,
            "pyes": 0.029464504087057683,
            "pno": 0.044637612531316984,
            "pundecided": 0.8546990899447692,
            "punknown": 0.0,
            "time": 0.964836835861206,
            "percY": 8.16,
            "percN": 16.32,
            "percU": 38.76,
            "percUNK": 0.0,
            "l": 0.029464504087057683,
            "u": 0.955362387468683
        }
    },
    "data": {
        "n_samples": 204,
        "time": 3.117532253265381,
        "repeated_worlds": 173,
        "repeated_progs": 173,
        "unique_progs": 31
    }
}