{
    "status": {
        "d_27": {
            "yes": 4,
            "no": 0,
            "undecided": 18,
            "unknown": 0,
            "pyes": 0.04453386419076604,
            "pno": 0.0,
            "pundecided": 0.8686341238535482,
            "punknown": 0.0,
            "time": 0.6805000305175781,
            "percY": 8.16,
            "percN": 0.0,
            "percU": 36.72,
            "percUNK": 0.0,
            "l": 0.04453386419076604,
            "u": 1.0
        },
        "a_11": {
            "yes": 21,
            "no": 0,
            "undecided": 1,
            "unknown": 0,
            "pyes": 0.8890284249828508,
            "pno": 0.0,
            "pundecided": 0.024139563061463365,
            "punknown": 0.0,
            "time": 0.6204690933227539,
            "percY": 42.84,
            "percN": 0.0,
            "percU": 2.04,
            "percUNK": 0.0,
            "l": 0.8890284249828508,
            "u": 1.0,
            "flag": "INTEREST"
        },
        "~a_16": {
            "yes": 3,
            "no": 16,
            "undecided": 3,
            "unknown": 0,
            "pyes": 0.027112228277621414,
            "pno": 0.8293267281947992,
            "pundecided": 0.0567290315718936,
            "punknown": 0.0,
            "time": 0.7960295677185059,
            "percY": 6.12,
            "percN": 32.64,
            "percU": 6.12,
            "percUNK": 0.0,
            "l": 0.027112228277621414,
            "u": 0.17067327180520075,
            "flag": "INTEREST"
        }
    },
    "data": {
        "n_samples": 204,
        "time": 2.1600401401519775,
        "repeated_worlds": 182,
        "repeated_progs": 182,
        "unique_progs": 22
    }
}