{
    "status": {
        "a_2": {
            "yes": 19,
            "no": 0,
            "undecided": 0,
            "unknown": 1,
            "pyes": 0.928253396962533,
            "pno": 0.0,
            "pundecided": 0.0,
            "punknown": 2.0446291438215354e-06,
            "time": 0.6732993125915527,
            "percY": 38.76,
            "percN": 0.0,
            "percU": 0.0,
            "percUNK": 2.04,
            "l": 0.928253396962533,
            "u": 1.0,
            "flag": "INTEREST"
        },
        "~a_12": {
            "yes": 0,
            "no": 0,
            "undecided": 20,
            "unknown": 0,
            "pyes": 0.0,
            "pno": 0.0,
            "pundecided": 0.9282554415916768,
            "punknown": 0.0,
            "time": 0.6443204879760742,
            "percY": 0.0,
            "percN": 0.0,
            "percU": 40.8,
            "percUNK": 0.0,
            "l": 0.0,
            "u": 1.0
        },
        "a_17": {
            "yes": 1,
            "no": 0,
            "undecided": 19,
            "unknown": 0,
            "pyes": 0.005590209333380461,
            "pno": 0.0,
            "pundecided": 0.9226652322582963,
            "punknown": 0.0,
            "time": 0.6384537220001221,
            "percY": 2.04,
            "percN": 0.0,
            "percU": 38.76,
            "percUNK": 0.0,
            "l": 0.005590209333380461,
            "u": 1.0
        }
    },
    "data": {
        "n_samples": 204,
        "time": 2.020054817199707,
        "repeated_worlds": 184,
        "repeated_progs": 184,
        "unique_progs": 20
    }
}