{
    "status": {
        "~d_45": {
            "yes": 2,
            "no": 0,
            "undecided": 37,
            "unknown": 3,
            "pyes": 0.0028700195155470206,
            "pno": 0.0,
            "pundecided": 0.8710900479377496,
            "punknown": 0.01719931138114057,
            "time": 1.3780696392059326,
            "percY": 4.08,
            "percN": 0.0,
            "percU": 75.48,
            "percUNK": 6.12,
            "l": 0.0028700195155470206,
            "u": 1.0
        },
        "a_11": {
            "yes": 0,
            "no": 0,
            "undecided": 22,
            "unknown": 20,
            "pyes": 0.0,
            "pno": 0.0,
            "pundecided": 0.14778776756224232,
            "punknown": 0.7433716112721949,
            "time": 1.3199193477630615,
            "percY": 0.0,
            "percN": 0.0,
            "percU": 44.88,
            "percUNK": 40.8,
            "l": 0.0,
            "u": 1.0
        },
        "a_15": {
            "yes": 13,
            "no": 1,
            "undecided": 28,
            "unknown": 0,
            "pyes": 0.1112064569386059,
            "pno": 0.0024902061968429027,
            "pundecided": 0.7774627156989885,
            "punknown": 0.0,
            "time": 1.3437252044677734,
            "percY": 26.52,
            "percN": 2.04,
            "percU": 57.12,
            "percUNK": 0.0,
            "l": 0.1112064569386059,
            "u": 0.9975097938031571
        }
    },
    "data": {
        "n_samples": 204,
        "time": 4.192275524139404,
        "repeated_worlds": 162,
        "repeated_progs": 162,
        "unique_progs": 42
    }
}