{
    "status": {
        "a_6": {
            "yes": 37,
            "no": 0,
            "undecided": 1,
            "unknown": 0,
            "pyes": 0.9132474124252116,
            "pno": 0.0,
            "pundecided": 0.0043293429520588796,
            "punknown": 0.0,
            "time": 1.2928268909454346,
            "percY": 75.48,
            "percN": 0.0,
            "percU": 2.04,
            "percUNK": 0.0,
            "l": 0.9132474124252116,
            "u": 1.0,
            "flag": "INTEREST"
        },
        "a_14": {
            "yes": 3,
            "no": 0,
            "undecided": 6,
            "unknown": 29,
            "pyes": 0.03190713657557785,
            "pno": 0.0,
            "pundecided": 0.04760500734480739,
            "punknown": 0.8380646114568852,
            "time": 1.2751216888427734,
            "percY": 6.12,
            "percN": 0.0,
            "percU": 12.24,
            "percUNK": 59.16,
            "l": 0.03190713657557785,
            "u": 1.0
        },
        "~a_17": {
            "yes": 0,
            "no": 2,
            "undecided": 36,
            "unknown": 0,
            "pyes": 0.0,
            "pno": 0.006495027139889971,
            "pundecided": 0.9110817282373804,
            "punknown": 0.0,
            "time": 1.2954001426696777,
            "percY": 0.0,
            "percN": 4.08,
            "percU": 73.44,
            "percUNK": 0.0,
            "l": 0.0,
            "u": 0.9935049728601101
        }
    },
    "data": {
        "n_samples": 204,
        "time": 3.9800050258636475,
        "repeated_worlds": 166,
        "repeated_progs": 166,
        "unique_progs": 38
    }
}