{
    "status": {
        "d_68": {
            "yes": 7,
            "no": 0,
            "undecided": 20,
            "unknown": 4,
            "pyes": 0.06899043416176343,
            "pno": 0.0,
            "pundecided": 0.7851832587993175,
            "punknown": 0.037604369068042924,
            "time": 1.028965711593628,
            "percY": 14.28,
            "percN": 0.0,
            "percU": 40.8,
            "percUNK": 8.16,
            "l": 0.06899043416176343,
            "u": 1.0
        },
        "a_20": {
            "yes": 8,
            "no": 0,
            "undecided": 23,
            "unknown": 0,
            "pyes": 0.6224537915107877,
            "pno": 0.0,
            "pundecided": 0.26932427051833635,
            "punknown": 0.0,
            "time": 1.0297138690948486,
            "percY": 16.32,
            "percN": 0.0,
            "percU": 46.92,
            "percUNK": 0.0,
            "l": 0.6224537915107877,
            "u": 1.0,
            "flag": "INTEREST"
        }
    },
    "data": {
        "n_samples": 204,
        "time": 2.160814046859741,
        "repeated_worlds": 173,
        "repeated_progs": 173,
        "unique_progs": 31
    }
}