{
    "status": {
        "d_69": {
            "yes": 15,
            "no": 0,
            "undecided": 10,
            "unknown": 1,
            "pyes": 0.7237572407861509,
            "pno": 0.0,
            "pundecided": 0.16633039816570527,
            "punknown": 0.0004152247724660556,
            "time": 0.9198145866394043,
            "percY": 30.6,
            "percN": 0.0,
            "percU": 20.4,
            "percUNK": 2.04,
            "l": 0.7237572407861509,
            "u": 1.0,
            "flag": "INTEREST"
        },
        "a_12": {
            "yes": 0,
            "no": 0,
            "undecided": 26,
            "unknown": 0,
            "pyes": 0.0,
            "pno": 0.0,
            "pundecided": 0.8905028637243222,
            "punknown": 0.0,
            "time": 0.8781833648681641,
            "percY": 0.0,
            "percN": 0.0,
            "percU": 53.04,
            "percUNK": 0.0,
            "l": 0.0,
            "u": 1.0
        },
        "a_17": {
            "yes": 0,
            "no": 0,
            "undecided": 26,
            "unknown": 0,
            "pyes": 0.0,
            "pno": 0.0,
            "pundecided": 0.8905028637243222,
            "punknown": 0.0,
            "time": 0.9014058113098145,
            "percY": 0.0,
            "percN": 0.0,
            "percU": 53.04,
            "percUNK": 0.0,
            "l": 0.0,
            "u": 1.0
        }
    },
    "data": {
        "n_samples": 204,
        "time": 2.7835631370544434,
        "repeated_worlds": 178,
        "repeated_progs": 178,
        "unique_progs": 26
    }
}