{
    "status": {
        "~a_1": {
            "yes": 26,
            "no": 0,
            "undecided": 4,
            "unknown": 0,
            "pyes": 0.9032753344257101,
            "pno": 0.0,
            "pundecided": 0.027284298512375,
            "punknown": 0.0,
            "time": 0.9978938102722168,
            "percY": 53.04,
            "percN": 0.0,
            "percU": 8.16,
            "percUNK": 0.0,
            "l": 0.9032753344257101,
            "u": 1.0,
            "flag": "INTEREST"
        },
        "a_15": {
            "yes": 5,
            "no": 0,
            "undecided": 25,
            "unknown": 0,
            "pyes": 0.053068539929061895,
            "pno": 0.0,
            "pundecided": 0.8774910930090232,
            "punknown": 0.0,
            "time": 1.194636344909668,
            "percY": 10.2,
            "percN": 0.0,
            "percU": 51.0,
            "percUNK": 0.0,
            "l": 0.053068539929061895,
            "u": 1.0
        },
        "a_17": {
            "yes": 7,
            "no": 18,
            "undecided": 5,
            "unknown": 0,
            "pyes": 0.10079067192551426,
            "pno": 0.8020194220566901,
            "pundecided": 0.027749538955880868,
            "punknown": 0.0,
            "time": 1.122133731842041,
            "percY": 14.28,
            "percN": 36.72,
            "percU": 10.2,
            "percUNK": 0.0,
            "l": 0.10079067192551426,
            "u": 0.19798057794330992,
            "flag": "INTEREST"
        }
    },
    "data": {
        "n_samples": 204,
        "time": 3.4117045402526855,
        "repeated_worlds": 174,
        "repeated_progs": 174,
        "unique_progs": 30
    }
}