{
    "status": {
        "~d_27": {
            "yes": 0,
            "no": 0,
            "undecided": 7,
            "unknown": 39,
            "pyes": 0.0,
            "pno": 0.0,
            "pundecided": 0.05524484656523399,
            "punknown": 0.8804753512441541,
            "time": 1.5202763080596924,
            "percY": 0.0,
            "percN": 0.0,
            "percU": 14.28,
            "percUNK": 79.56,
            "l": 0.0,
            "u": 1.0
        },
        "a_15": {
            "yes": 14,
            "no": 1,
            "undecided": 31,
            "unknown": 0,
            "pyes": 0.16907254481664036,
            "pno": 0.0008565657877337232,
            "pundecided": 0.7657910872050141,
            "punknown": 0.0,
            "time": 1.4524006843566895,
            "percY": 28.56,
            "percN": 2.04,
            "percU": 63.24,
            "percUNK": 0.0,
            "l": 0.16907254481664036,
            "u": 0.9991434342122663
        },
        "a_19": {
            "yes": 19,
            "no": 0,
            "undecided": 27,
            "unknown": 0,
            "pyes": 0.19079052737990976,
            "pno": 0.0,
            "pundecided": 0.7449296704294784,
            "punknown": 0.0,
            "time": 1.5068776607513428,
            "percY": 38.76,
            "percN": 0.0,
            "percU": 55.08,
            "percUNK": 0.0,
            "l": 0.19079052737990976,
            "u": 1.0
        }
    },
    "data": {
        "n_samples": 204,
        "time": 4.623985290527344,
        "repeated_worlds": 158,
        "repeated_progs": 158,
        "unique_progs": 46
    }
}