{
    "status": {
        "d_77": {
            "yes": 32,
            "no": 0,
            "undecided": 4,
            "unknown": 0,
            "pyes": 0.9073024512308776,
            "pno": 0.0,
            "pundecided": 0.004955417881608771,
            "punknown": 0.0,
            "time": 1.1149675846099854,
            "percY": 65.28,
            "percN": 0.0,
            "percU": 8.16,
            "percUNK": 0.0,
            "l": 0.9073024512308776,
            "u": 1.0,
            "flag": "INTEREST"
        },
        "a_14": {
            "yes": 0,
            "no": 0,
            "undecided": 36,
            "unknown": 0,
            "pyes": 0.0,
            "pno": 0.0,
            "pundecided": 0.9122578691124864,
            "punknown": 0.0,
            "time": 1.0812129974365234,
            "percY": 0.0,
            "percN": 0.0,
            "percU": 73.44,
            "percUNK": 0.0,
            "l": 0.0,
            "u": 1.0
        },
        "a_19": {
            "yes": 0,
            "no": 0,
            "undecided": 36,
            "unknown": 0,
            "pyes": 0.0,
            "pno": 0.0,
            "pundecided": 0.9122578691124864,
            "punknown": 0.0,
            "time": 1.154783010482788,
            "percY": 0.0,
            "percN": 0.0,
            "percU": 73.44,
            "percUNK": 0.0,
            "l": 0.0,
            "u": 1.0
        }
    },
    "data": {
        "n_samples": 204,
        "time": 3.4657516479492188,
        "repeated_worlds": 168,
        "repeated_progs": 168,
        "unique_progs": 36
    }
}