{
    "status": {
        "~d_19": {
            "yes": 36,
            "no": 0,
            "undecided": 0,
            "unknown": 0,
            "pyes": 0.9634812045610626,
            "pno": 0.0,
            "pundecided": 0.0,
            "punknown": 0.0,
            "time": 0.45491576194763184,
            "percY": 147.24,
            "percN": 0.0,
            "percU": 0.0,
            "percUNK": 0.0,
            "l": 0.9634812045610626,
            "u": 1.0,
            "flag": "INTEREST"
        },
        "a_7": {
            "yes": 36,
            "no": 0,
            "undecided": 0,
            "unknown": 0,
            "pyes": 0.9634812045610626,
            "pno": 0.0,
            "pundecided": 0.0,
            "punknown": 0.0,
            "time": 0.4868285655975342,
            "percY": 147.24,
            "percN": 0.0,
            "percU": 0.0,
            "percUNK": 0.0,
            "l": 0.9634812045610626,
            "u": 1.0,
            "flag": "INTEREST"
        },
        "a_8": {
            "yes": 36,
            "no": 0,
            "undecided": 0,
            "unknown": 0,
            "pyes": 0.9634812045610626,
            "pno": 0.0,
            "pundecided": 0.0,
            "punknown": 0.0,
            "time": 0.49843358993530273,
            "percY": 147.24,
            "percN": 0.0,
            "percU": 0.0,
            "percUNK": 0.0,
            "l": 0.9634812045610626,
            "u": 1.0,
            "flag": "INTEREST"
        }
    },
    "data": {
        "n_samples": 409,
        "time": 1.4657602310180664,
        "repeated_worlds": 373,
        "repeated_progs": 393,
        "unique_progs": 16
    }
}