{
    "status": {
        "a_0": {
            "yes": 55,
            "no": 0,
            "undecided": 0,
            "unknown": 0,
            "pyes": 0.9189669742382419,
            "pno": 0.0,
            "pundecided": 0.0,
            "punknown": 0.0,
            "time": 0.6055922508239746,
            "percY": 224.95,
            "percN": 0.0,
            "percU": 0.0,
            "percUNK": 0.0,
            "l": 0.9189669742382419,
            "u": 1.0,
            "flag": "INTEREST"
        },
        "a_6": {
            "yes": 48,
            "no": 0,
            "undecided": 7,
            "unknown": 0,
            "pyes": 0.900847331721854,
            "pno": 0.0,
            "pundecided": 0.0181196425163879,
            "punknown": 0.0,
            "time": 0.6036019325256348,
            "percY": 196.32,
            "percN": 0.0,
            "percU": 28.63,
            "percUNK": 0.0,
            "l": 0.900847331721854,
            "u": 1.0,
            "flag": "INTEREST"
        },
        "a_7": {
            "yes": 48,
            "no": 0,
            "undecided": 7,
            "unknown": 0,
            "pyes": 0.900847331721854,
            "pno": 0.0,
            "pundecided": 0.0181196425163879,
            "punknown": 0.0,
            "time": 0.6513800621032715,
            "percY": 196.32,
            "percN": 0.0,
            "percU": 28.63,
            "percUNK": 0.0,
            "l": 0.900847331721854,
            "u": 1.0,
            "flag": "INTEREST"
        }
    },
    "data": {
        "n_samples": 409,
        "time": 1.902817964553833,
        "repeated_worlds": 354,
        "repeated_progs": 389,
        "unique_progs": 20
    }
}