{
    "status": {
        "~d_10": {
            "yes": 37,
            "no": 0,
            "undecided": 0,
            "unknown": 0,
            "pyes": 0.9501229010597976,
            "pno": 0.0,
            "pundecided": 0.0,
            "punknown": 0.0,
            "time": 0.5759460926055908,
            "percY": 151.33,
            "percN": 0.0,
            "percU": 0.0,
            "percUNK": 0.0,
            "l": 0.9501229010597976,
            "u": 1.0,
            "flag": "INTEREST"
        },
        "a_5": {
            "yes": 37,
            "no": 0,
            "undecided": 0,
            "unknown": 0,
            "pyes": 0.9501229010597976,
            "pno": 0.0,
            "pundecided": 0.0,
            "punknown": 0.0,
            "time": 0.5643215179443359,
            "percY": 151.33,
            "percN": 0.0,
            "percU": 0.0,
            "percUNK": 0.0,
            "l": 0.9501229010597976,
            "u": 1.0,
            "flag": "INTEREST"
        },
        "a_8": {
            "yes": 29,
            "no": 8,
            "undecided": 0,
            "unknown": 0,
            "pyes": 0.90574527530062,
            "pno": 0.0443776257591776,
            "pundecided": 0.0,
            "punknown": 0.0,
            "time": 0.59493088722229,
            "percY": 118.61,
            "percN": 32.72,
            "percU": 0.0,
            "percUNK": 0.0,
            "l": 0.90574527530062,
            "u": 0.9556223742408224,
            "flag": "INTEREST"
        }
    },
    "data": {
        "n_samples": 409,
        "time": 1.7674510478973389,
        "repeated_worlds": 372,
        "repeated_progs": 389,
        "unique_progs": 20
    }
}