{
    "status": {
        "a_1": {
            "yes": 50,
            "no": 0,
            "undecided": 0,
            "unknown": 0,
            "pyes": 0.951461916549126,
            "pno": 0.0,
            "pundecided": 0.0,
            "punknown": 0.0,
            "time": 0.39184021949768066,
            "percY": 204.5,
            "percN": 0.0,
            "percU": 0.0,
            "percUNK": 0.0,
            "l": 0.951461916549126,
            "u": 1.0,
            "flag": "INTEREST"
        },
        "~a_7": {
            "yes": 16,
            "no": 34,
            "undecided": 0,
            "unknown": 0,
            "pyes": 0.11241500878968472,
            "pno": 0.8390469077594414,
            "pundecided": 0.0,
            "punknown": 0.0,
            "time": 0.36975812911987305,
            "percY": 65.44,
            "percN": 139.06,
            "percU": 0.0,
            "percUNK": 0.0,
            "l": 0.11241500878968472,
            "u": 0.16095309224055865,
            "flag": "INTEREST"
        },
        "~a_8": {
            "yes": 14,
            "no": 36,
            "undecided": 0,
            "unknown": 0,
            "pyes": 0.06301335777289062,
            "pno": 0.8884485587762355,
            "pundecided": 0.0,
            "punknown": 0.0,
            "time": 0.42659592628479004,
            "percY": 57.26,
            "percN": 147.24,
            "percU": 0.0,
            "percUNK": 0.0,
            "l": 0.06301335777289062,
            "u": 0.11155144122376448,
            "flag": "INTEREST"
        }
    },
    "data": {
        "n_samples": 409,
        "time": 1.2219090461730957,
        "repeated_worlds": 359,
        "repeated_progs": 395,
        "unique_progs": 14
    }
}