{
    "status": {
        "~d_9": {
            "yes": 2,
            "no": 0,
            "undecided": 73,
            "unknown": 0,
            "pyes": 0.001178304776560558,
            "pno": 0.0,
            "pundecided": 0.9598574727256608,
            "punknown": 0.0,
            "time": 0.843442440032959,
            "percY": 16.38,
            "percN": 0.0,
            "percU": 597.87,
            "percUNK": 0.0,
            "l": 0.001178304776560558,
            "u": 1.0
        },
        "a_8": {
            "yes": 2,
            "no": 0,
            "undecided": 73,
            "unknown": 0,
            "pyes": 0.001178304776560558,
            "pno": 0.0,
            "pundecided": 0.9598574727256608,
            "punknown": 0.0,
            "time": 0.8703672885894775,
            "percY": 16.38,
            "percN": 0.0,
            "percU": 597.87,
            "percUNK": 0.0,
            "l": 0.001178304776560558,
            "u": 1.0
        },
        "~a_8": {
            "yes": 0,
            "no": 2,
            "undecided": 73,
            "unknown": 0,
            "pyes": 0.0,
            "pno": 0.001178304776560558,
            "pundecided": 0.9598574727256608,
            "punknown": 0.0,
            "time": 0.8246603012084961,
            "percY": 0.0,
            "percN": 16.38,
            "percU": 597.87,
            "percUNK": 0.0,
            "l": 0.0,
            "u": 0.9988216952234394
        }
    },
    "data": {
        "n_samples": 819,
        "time": 2.5952558517456055,
        "repeated_worlds": 744,
        "repeated_progs": 790,
        "unique_progs": 29
    }
}