{
    "status": {
        "~a_2": {
            "yes": 74,
            "no": 0,
            "undecided": 0,
            "unknown": 0,
            "pyes": 0.9688043889243372,
            "pno": 0.0,
            "pundecided": 0.0,
            "punknown": 0.0,
            "time": 0.818065881729126,
            "percY": 606.06,
            "percN": 0.0,
            "percU": 0.0,
            "percUNK": 0.0,
            "l": 0.9688043889243372,
            "u": 1.0,
            "flag": "INTEREST"
        },
        "a_5": {
            "yes": 37,
            "no": 0,
            "undecided": 37,
            "unknown": 0,
            "pyes": 0.853989888852988,
            "pno": 0.0,
            "pundecided": 0.11481450007134934,
            "punknown": 0.0,
            "time": 0.8499341011047363,
            "percY": 303.03,
            "percN": 0.0,
            "percU": 303.03,
            "percUNK": 0.0,
            "l": 0.853989888852988,
            "u": 1.0,
            "flag": "INTEREST"
        },
        "~a_8": {
            "yes": 0,
            "no": 69,
            "undecided": 5,
            "unknown": 0,
            "pyes": 0.0,
            "pno": 0.9427630876492936,
            "pundecided": 0.02604130127504355,
            "punknown": 0.0,
            "time": 0.8975851535797119,
            "percY": 0.0,
            "percN": 565.11,
            "percU": 40.95,
            "percUNK": 0.0,
            "l": 0.0,
            "u": 0.05723691235070638,
            "flag": "INTEREST"
        }
    },
    "data": {
        "n_samples": 819,
        "time": 2.625500440597534,
        "repeated_worlds": 745,
        "repeated_progs": 786,
        "unique_progs": 33
    }
}