{
    "status": {
        "~d_11": {
            "yes": 81,
            "no": 0,
            "undecided": 0,
            "unknown": 0,
            "pyes": 0.9431596346566562,
            "pno": 0.0,
            "pundecided": 0.0,
            "punknown": 0.0,
            "time": 0.5789639949798584,
            "percY": 663.39,
            "percN": 0.0,
            "percU": 0.0,
            "percUNK": 0.0,
            "l": 0.9431596346566562,
            "u": 1.0,
            "flag": "INTEREST"
        },
        "a_6": {
            "yes": 79,
            "no": 0,
            "undecided": 2,
            "unknown": 0,
            "pyes": 0.938998800429016,
            "pno": 0.0,
            "pundecided": 0.004160834227640278,
            "punknown": 0.0,
            "time": 0.5501649379730225,
            "percY": 647.01,
            "percN": 0.0,
            "percU": 16.38,
            "percUNK": 0.0,
            "l": 0.938998800429016,
            "u": 1.0,
            "flag": "INTEREST"
        },
        "a_8": {
            "yes": 70,
            "no": 7,
            "undecided": 4,
            "unknown": 0,
            "pyes": 0.864539694296937,
            "pno": 0.06799323768419734,
            "pundecided": 0.010626702675521788,
            "punknown": 0.0,
            "time": 0.5770351886749268,
            "percY": 573.3,
            "percN": 57.33,
            "percU": 32.76,
            "percUNK": 0.0,
            "l": 0.864539694296937,
            "u": 0.9320067623158027,
            "flag": "INTEREST"
        }
    },
    "data": {
        "n_samples": 819,
        "time": 1.757932186126709,
        "repeated_worlds": 738,
        "repeated_progs": 797,
        "unique_progs": 22
    }
}