{
    "status": {
        "d_16": {
            "yes": 18,
            "no": 0,
            "undecided": 0,
            "unknown": 0,
            "pyes": 0.09678627060866592,
            "pno": 0.0,
            "pundecided": 0.0,
            "punknown": 0.0,
            "time": 0.3706049919128418,
            "percY": 1.8,
            "percN": 0.0,
            "percU": 0.0,
            "percUNK": 0.0,
            "l": 0.09678627060866592,
            "u": 1.0
        },
        "~a_8": {
            "yes": 0,
            "no": 8,
            "undecided": 10,
            "unknown": 0,
            "pyes": 0.0,
            "pno": 0.0001879179851430912,
            "pundecided": 0.09659835262352283,
            "punknown": 0.0,
            "time": 0.36805105209350586,
            "percY": 0.0,
            "percN": 0.8,
            "percU": 1.0,
            "percUNK": 0.0,
            "l": 0.0,
            "u": 0.9998120820148569
        },
        "a_8": {
            "yes": 8,
            "no": 0,
            "undecided": 10,
            "unknown": 0,
            "pyes": 0.0001879179851430912,
            "pno": 0.0,
            "pundecided": 0.09659835262352283,
            "punknown": 0.0,
            "time": 0.36880970001220703,
            "percY": 0.8,
            "percN": 0.0,
            "percU": 1.0,
            "percUNK": 0.0,
            "l": 0.0001879179851430912,
            "u": 1.0
        }
    },
    "data": {
        "n_samples": 10,
        "time": 0.6952826976776123,
        "repeated_programs": 0,
        "inconsistent_programs": 2,
        "worlds_consulted": 50
    }
}