{
    "status": {
        "a_2": {
            "yes": 63,
            "no": 0,
            "undecided": 0,
            "unknown": 0,
            "pyes": 0.005011366388820939,
            "pno": 0.0,
            "pundecided": 0.0,
            "punknown": 0.0,
            "time": 1.3009896278381348,
            "percY": 24.57,
            "percN": 0.0,
            "percU": 0.0,
            "percUNK": 0.0,
            "l": 0.005011366388820939,
            "u": 1.0
        },
        "~a_5": {
            "yes": 63,
            "no": 0,
            "undecided": 0,
            "unknown": 0,
            "pyes": 0.005011366388820939,
            "pno": 0.0,
            "pundecided": 0.0,
            "punknown": 0.0,
            "time": 1.2836813926696777,
            "percY": 24.57,
            "percN": 0.0,
            "percU": 0.0,
            "percUNK": 0.0,
            "l": 0.005011366388820939,
            "u": 1.0
        },
        "a_9": {
            "yes": 40,
            "no": 20,
            "undecided": 3,
            "unknown": 0,
            "pyes": 0.00035627617258263947,
            "pno": 0.004463337780597149,
            "pundecided": 0.00019175243564115068,
            "punknown": 0.0,
            "time": 1.3355627059936523,
            "percY": 15.6,
            "percN": 7.8,
            "percU": 1.17,
            "percUNK": 0.0,
            "l": 0.00035627617258263947,
            "u": 0.9955366622194028
        }
    },
    "data": {
        "n_samples": 39,
        "time": 2.568585157394409,
        "repeated_programs": 2,
        "inconsistent_programs": 11,
        "worlds_consulted": 107
    }
}