{
    "status": {
        "a_1": {
            "yes": 10,
            "no": 0,
            "undecided": 0,
            "unknown": 6,
            "pyes": 0.003258597412412534,
            "pno": 0.0,
            "pundecided": 0.0,
            "punknown": 0.0,
            "time": 0.34094905853271484,
            "percY": 1.5,
            "percN": 0.0,
            "percU": 0.0,
            "percUNK": 0.9,
            "l": 0.003258597412412534,
            "u": 1.0
        },
        "~a_7": {
            "yes": 6,
            "no": 0,
            "undecided": 10,
            "unknown": 0,
            "pyes": 0.0,
            "pno": 0.0,
            "pundecided": 0.003258597412412534,
            "punknown": 0.0,
            "time": 0.3451380729675293,
            "percY": 0.9,
            "percN": 0.0,
            "percU": 1.5,
            "percUNK": 0.0,
            "l": 0.0,
            "u": 1.0
        },
        "a_8": {
            "yes": 13,
            "no": 3,
            "undecided": 0,
            "unknown": 0,
            "pyes": 0.0,
            "pno": 0.003258597412412534,
            "pundecided": 0.0,
            "punknown": 0.0,
            "time": 0.3526921272277832,
            "percY": 1.95,
            "percN": 0.45,
            "percU": 0.0,
            "percUNK": 0.0,
            "l": 0.0,
            "u": 0.9967414025875875
        }
    },
    "data": {
        "n_samples": 15,
        "time": 1.0434350967407227,
        "repeated_programs": 0,
        "inconsistent_programs": 14,
        "worlds_consulted": 20
    }
}