{
    "status": {
        "a_3": {
            "yes": 128,
            "no": 0,
            "undecided": 0,
            "unknown": 0,
            "pyes": 0.0016699783875333742,
            "pno": 0.0,
            "pundecided": 0.0,
            "punknown": 0.0,
            "time": 2.8319873809814453,
            "percY": 88.32,
            "percN": 0.0,
            "percU": 0.0,
            "percUNK": 0.0,
            "l": 0.0016699783875333742,
            "u": 1.0
        },
        "a_7": {
            "yes": 52,
            "no": 0,
            "undecided": 76,
            "unknown": 0,
            "pyes": 0.0006368151754049085,
            "pno": 0.0,
            "pundecided": 0.0010331632121284655,
            "punknown": 0.0,
            "time": 2.845261573791504,
            "percY": 35.88,
            "percN": 0.0,
            "percU": 52.44,
            "percUNK": 0.0,
            "l": 0.0006368151754049085,
            "u": 1.0
        },
        "~a_8": {
            "yes": 18,
            "no": 36,
            "undecided": 74,
            "unknown": 0,
            "pyes": 0.0005311097890816818,
            "pno": 1.0280625151148916e-05,
            "pundecided": 0.0011285879733005436,
            "punknown": 0.0,
            "time": 2.9144253730773926,
            "percY": 12.42,
            "percN": 24.84,
            "percU": 51.06,
            "percUNK": 0.0,
            "l": 0.0005311097890816818,
            "u": 0.9999897193748488
        }
    },
    "data": {
        "n_samples": 69,
        "time": 4.969561338424683,
        "repeated_programs": 5,
        "inconsistent_programs": 0,
        "worlds_consulted": 293
    }
}