{
    "status": {
        "~d_13": {
            "yes": 25,
            "no": 0,
            "undecided": 5,
            "unknown": 0,
            "pyes": 0.11414413951336905,
            "pno": 0.0,
            "pundecided": 0.0,
            "punknown": 0.0,
            "time": 0.6695261001586914,
            "percY": 5.0,
            "percN": 0.0,
            "percU": 1.0,
            "percUNK": 0.0,
            "l": 0.11414413951336905,
            "u": 1.0
        },
        "a_7": {
            "yes": 13,
            "no": 17,
            "undecided": 0,
            "unknown": 0,
            "pyes": 0.11411061217601472,
            "pno": 3.3527337354331196e-05,
            "pundecided": 0.0,
            "punknown": 0.0,
            "time": 0.7016160488128662,
            "percY": 2.6,
            "percN": 3.4,
            "percU": 0.0,
            "percUNK": 0.0,
            "l": 0.11411061217601472,
            "u": 0.9999664726626457
        }
    },
    "data": {
        "n_samples": 20,
        "time": 1.0482761859893799,
        "repeated_programs": 0,
        "inconsistent_programs": 10,
        "worlds_consulted": 48
    }
}