{
    "status": {
        "d_11": {
            "yes": 16,
            "no": 0,
            "undecided": 0,
            "unknown": 0,
            "pyes": 0.0018965051529373235,
            "pno": 0.0,
            "pundecided": 0.0,
            "punknown": 0.0,
            "time": 0.3479905128479004,
            "percY": 1.28,
            "percN": 0.0,
            "percU": 0.0,
            "percUNK": 0.0,
            "l": 0.0018965051529373235,
            "u": 1.0
        },
        "~a_6": {
            "yes": 16,
            "no": 0,
            "undecided": 0,
            "unknown": 0,
            "pyes": 0.0018965051529373235,
            "pno": 0.0,
            "pundecided": 0.0,
            "punknown": 0.0,
            "time": 0.3572883605957031,
            "percY": 1.28,
            "percN": 0.0,
            "percU": 0.0,
            "percUNK": 0.0,
            "l": 0.0018965051529373235,
            "u": 1.0
        },
        "a_7": {
            "yes": 12,
            "no": 4,
            "undecided": 0,
            "unknown": 0,
            "pyes": 0.0016203402100788342,
            "pno": 0.0002761649428584893,
            "pundecided": 0.0,
            "punknown": 0.0,
            "time": 0.3684048652648926,
            "percY": 0.96,
            "percN": 0.32,
            "percU": 0.0,
            "percUNK": 0.0,
            "l": 0.0016203402100788342,
            "u": 0.9997238350571415
        }
    },
    "data": {
        "n_samples": 8,
        "time": 0.6217677593231201,
        "repeated_programs": 0,
        "inconsistent_programs": 0,
        "worlds_consulted": 106
    }
}