{
    "status": {
        "d_15": {
            "yes": 36,
            "no": 0,
            "undecided": 0,
            "unknown": 0,
            "pyes": 0.001312216940876689,
            "pno": 0.0,
            "pundecided": 0.0,
            "punknown": 0.0,
            "time": 0.8055009841918945,
            "percY": 7.2,
            "percN": 0.0,
            "percU": 0.0,
            "percUNK": 0.0,
            "l": 0.001312216940876689,
            "u": 1.0
        },
        "a_7": {
            "yes": 10,
            "no": 6,
            "undecided": 20,
            "unknown": 0,
            "pyes": 0.000574419575085311,
            "pno": 6.95686081081779e-05,
            "pundecided": 0.0006682287576832,
            "punknown": 0.0,
            "time": 0.8019561767578125,
            "percY": 2.0,
            "percN": 1.2,
            "percU": 4.0,
            "percUNK": 0.0,
            "l": 0.000574419575085311,
            "u": 0.9999304313918919
        },
        "~a_9": {
            "yes": 36,
            "no": 0,
            "undecided": 0,
            "unknown": 0,
            "pyes": 0.001312216940876689,
            "pno": 0.0,
            "pundecided": 0.0,
            "punknown": 0.0,
            "time": 0.8030385971069336,
            "percY": 7.2,
            "percN": 0.0,
            "percU": 0.0,
            "percUNK": 0.0,
            "l": 0.001312216940876689,
            "u": 1.0
        }
    },
    "data": {
        "n_samples": 20,
        "time": 1.4570603370666504,
        "repeated_programs": 2,
        "inconsistent_programs": 0,
        "worlds_consulted": 234
    }
}