{
    "status": {
        "~d_12": {
            "yes": 8,
            "no": 0,
            "undecided": 0,
            "unknown": 6,
            "pyes": 0.2589037909925665,
            "pno": 0.0,
            "pundecided": 0.0,
            "punknown": 0.06503708240440864,
            "time": 0.3085489273071289,
            "percY": 0.56,
            "percN": 0.0,
            "percU": 0.0,
            "percUNK": 0.42,
            "l": 0.2589037909925665,
            "u": 1.0
        },
        "a_6": {
            "yes": 14,
            "no": 0,
            "undecided": 0,
            "unknown": 0,
            "pyes": 0.3239408733969752,
            "pno": 0.0,
            "pundecided": 0.0,
            "punknown": 0.0,
            "time": 0.3030567169189453,
            "percY": 0.98,
            "percN": 0.0,
            "percU": 0.0,
            "percUNK": 0.0,
            "l": 0.3239408733969752,
            "u": 1.0
        },
        "a_7": {
            "yes": 10,
            "no": 4,
            "undecided": 0,
            "unknown": 0,
            "pyes": 0.3228160603054191,
            "pno": 0.00112481309155607,
            "pundecided": 0.0,
            "punknown": 0.0,
            "time": 0.31023168563842773,
            "percY": 0.7,
            "percN": 0.28,
            "percU": 0.0,
            "percUNK": 0.0,
            "l": 0.3228160603054191,
            "u": 0.9988751869084439
        }
    },
    "data": {
        "n_samples": 7,
        "time": 0.5111699104309082,
        "repeated_programs": 0,
        "inconsistent_programs": 0,
        "worlds_consulted": 17
    }
}