{
    "status": {
        "~d_12": {
            "yes": 6,
            "no": 0,
            "undecided": 8,
            "unknown": 0,
            "pyes": 0.0012196760265783771,
            "pno": 0.0,
            "pundecided": 0.14276632801706773,
            "punknown": 0.0,
            "time": 0.31720542907714844,
            "percY": 0.48,
            "percN": 0.0,
            "percU": 0.64,
            "percUNK": 0.0,
            "l": 0.0012196760265783771,
            "u": 1.0
        },
        "a_5": {
            "yes": 12,
            "no": 0,
            "undecided": 2,
            "unknown": 0,
            "pyes": 0.014123563275777146,
            "pno": 0.0,
            "pundecided": 0.12986244076786896,
            "punknown": 0.0,
            "time": 0.306368350982666,
            "percY": 0.96,
            "percN": 0.0,
            "percU": 0.16,
            "percUNK": 0.0,
            "l": 0.014123563275777146,
            "u": 1.0
        },
        "~a_7": {
            "yes": 10,
            "no": 4,
            "undecided": 0,
            "unknown": 0,
            "pyes": 0.14397657855810783,
            "pno": 9.425485538274241e-06,
            "pundecided": 0.0,
            "punknown": 0.0,
            "time": 0.31659698486328125,
            "percY": 0.8,
            "percN": 0.32,
            "percU": 0.0,
            "percUNK": 0.0,
            "l": 0.14397657855810783,
            "u": 0.9999905745144617
        }
    },
    "data": {
        "n_samples": 8,
        "time": 0.544457197189331,
        "repeated_programs": 1,
        "inconsistent_programs": 0,
        "worlds_consulted": 115
    }
}