{
    "status": {
        "~a_3": {
            "yes": 71,
            "no": 0,
            "undecided": 0,
            "unknown": 8,
            "pyes": 0.00011006671639659607,
            "pno": 0.0,
            "pundecided": 0.0,
            "punknown": 0.0,
            "time": 1.7403278350830078,
            "percY": 36.21,
            "percN": 0.0,
            "percU": 0.0,
            "percUNK": 4.08,
            "l": 0.00011006671639659607,
            "u": 1.0
        },
        "a_7": {
            "yes": 41,
            "no": 22,
            "undecided": 16,
            "unknown": 0,
            "pyes": 9.2554265707451e-05,
            "pno": 1.734467869216051e-05,
            "pundecided": 1.6777199698459199e-07,
            "punknown": 0.0,
            "time": 1.824376106262207,
            "percY": 20.91,
            "percN": 11.22,
            "percU": 8.16,
            "percUNK": 0.0,
            "l": 9.2554265707451e-05,
            "u": 0.9999826553213078
        },
        "~a_7": {
            "yes": 22,
            "no": 41,
            "undecided": 16,
            "unknown": 0,
            "pyes": 1.734467869216051e-05,
            "pno": 9.2554265707451e-05,
            "pundecided": 1.6777199698459199e-07,
            "punknown": 0.0,
            "time": 1.8372998237609863,
            "percY": 11.22,
            "percN": 20.91,
            "percU": 8.16,
            "percUNK": 0.0,
            "l": 1.734467869216051e-05,
            "u": 0.9999074457342926
        }
    },
    "data": {
        "n_samples": 51,
        "time": 3.688554048538208,
        "repeated_programs": 1,
        "inconsistent_programs": 21,
        "worlds_consulted": 79
    }
}