{
    "status": {
        "~a_2": {
            "yes": 20,
            "no": 0,
            "undecided": 0,
            "unknown": 0,
            "pyes": 0.07359162257399093,
            "pno": 0.0,
            "pundecided": 0.0,
            "punknown": 0.0,
            "time": 0.3993344306945801,
            "percY": 2.2,
            "percN": 0.0,
            "percU": 0.0,
            "percUNK": 0.0,
            "l": 0.07359162257399093,
            "u": 1.0
        },
        "~a_7": {
            "yes": 2,
            "no": 0,
            "undecided": 18,
            "unknown": 0,
            "pyes": 7.09797888e-09,
            "pno": 0.0,
            "pundecided": 0.07359161547601206,
            "punknown": 0.0,
            "time": 0.3918271064758301,
            "percY": 0.22,
            "percN": 0.0,
            "percU": 1.98,
            "percUNK": 0.0,
            "l": 7.09797888e-09,
            "u": 1.0
        },
        "a_9": {
            "yes": 12,
            "no": 8,
            "undecided": 0,
            "unknown": 0,
            "pyes": 0.07338792983254594,
            "pno": 0.000203692741444992,
            "pundecided": 0.0,
            "punknown": 0.0,
            "time": 0.40139341354370117,
            "percY": 1.32,
            "percN": 0.88,
            "percU": 0.0,
            "percUNK": 0.0,
            "l": 0.07338792983254594,
            "u": 0.9997963072585551
        }
    },
    "data": {
        "n_samples": 11,
        "time": 0.6600701808929443,
        "repeated_programs": 1,
        "inconsistent_programs": 0,
        "worlds_consulted": 42
    }
}