{
    "status": {
        "~a_2": {
            "yes": 12,
            "no": 0,
            "undecided": 0,
            "unknown": 8,
            "pyes": 0.0039563056338624,
            "pno": 0.0,
            "pundecided": 0.0,
            "punknown": 0.0010551686768896001,
            "time": 0.4207582473754883,
            "percY": 1.32,
            "percN": 0.0,
            "percU": 0.0,
            "percUNK": 0.88,
            "l": 0.0039563056338624,
            "u": 1.0
        },
        "a_5": {
            "yes": 0,
            "no": 0,
            "undecided": 0,
            "unknown": 20,
            "pyes": 0.0,
            "pno": 0.0,
            "pundecided": 0.0,
            "punknown": 0.005011474310752001,
            "time": 0.4116053581237793,
            "percY": 0.0,
            "percN": 0.0,
            "percU": 0.0,
            "percUNK": 2.2,
            "l": 0.0,
            "u": 1.0
        },
        "~a_8": {
            "yes": 0,
            "no": 6,
            "undecided": 14,
            "unknown": 0,
            "pyes": 0.0,
            "pno": 0.004566879759769601,
            "pundecided": 0.0004445945509824,
            "punknown": 0.0,
            "time": 0.4252052307128906,
            "percY": 0.0,
            "percN": 0.66,
            "percU": 1.54,
            "percUNK": 0.0,
            "l": 0.0,
            "u": 0.9954331202402305
        }
    },
    "data": {
        "n_samples": 11,
        "time": 0.693422794342041,
        "repeated_programs": 1,
        "inconsistent_programs": 0,
        "worlds_consulted": 44
    }
}