{
    "status": {
        "d_47": {
            "yes": 43,
            "no": 0,
            "undecided": 0,
            "unknown": 1,
            "pyes": 0.9471568934401411,
            "pno": 0.0,
            "pundecided": 0.0,
            "punknown": 0.0012434527675891157,
            "time": 1.4118256568908691,
            "percY": 175.87,
            "percN": 0.0,
            "percU": 0.0,
            "percUNK": 4.09,
            "l": 0.9471568934401411,
            "u": 1.0,
            "flag": "INTEREST"
        },
        "a_19": {
            "yes": 0,
            "no": 0,
            "undecided": 44,
            "unknown": 0,
            "pyes": 0.0,
            "pno": 0.0,
            "pundecided": 0.9484003462077302,
            "punknown": 0.0,
            "time": 1.406196117401123,
            "percY": 0.0,
            "percN": 0.0,
            "percU": 179.96,
            "percUNK": 0.0,
            "l": 0.0,
            "u": 1.0
        },
        "~a_15": {
            "yes": 11,
            "no": 4,
            "undecided": 29,
            "unknown": 0,
            "pyes": 0.02966853635736736,
            "pno": 0.022065513882290017,
            "pundecided": 0.8966662959680729,
            "punknown": 0.0,
            "time": 1.4185035228729248,
            "percY": 44.99,
            "percN": 16.36,
            "percU": 118.61,
            "percUNK": 0.0,
            "l": 0.02966853635736736,
            "u": 0.97793448611771
        }
    },
    "data": {
        "n_samples": 409,
        "time": 4.35499906539917,
        "repeated_worlds": 365,
        "repeated_progs": 365,
        "unique_progs": 44
    }
}