{
    "status": {
        "~d_69": {
            "yes": 12,
            "no": 0,
            "undecided": 26,
            "unknown": 9,
            "pyes": 0.6641940014104641,
            "pno": 0.0,
            "pundecided": 0.19904261747030996,
            "punknown": 0.06909771225126025,
            "time": 1.448822021484375,
            "percY": 49.08,
            "percN": 0.0,
            "percU": 106.34,
            "percUNK": 36.81,
            "l": 0.6641940014104641,
            "u": 1.0,
            "flag": "INTEREST"
        },
        "a_15": {
            "yes": 24,
            "no": 1,
            "undecided": 22,
            "unknown": 0,
            "pyes": 0.747147107181577,
            "pno": 0.005251022640055869,
            "pundecided": 0.1799362013104016,
            "punknown": 0.0,
            "time": 2.128319025039673,
            "percY": 98.16,
            "percN": 4.09,
            "percU": 89.98,
            "percUNK": 0.0,
            "l": 0.747147107181577,
            "u": 0.9947489773599442,
            "flag": "INTEREST"
        },
        "~a_20": {
            "yes": 10,
            "no": 24,
            "undecided": 13,
            "unknown": 0,
            "pyes": 0.17720690984786014,
            "pno": 0.6823802728295154,
            "pundecided": 0.07274714845465886,
            "punknown": 0.0,
            "time": 1.6984574794769287,
            "percY": 40.9,
            "percN": 98.16,
            "percU": 53.17,
            "percUNK": 0.0,
            "l": 0.17720690984786014,
            "u": 0.3176197271704846,
            "flag": "INTEREST"
        }
    },
    "data": {
        "n_samples": 409,
        "time": 5.414421796798706,
        "repeated_worlds": 362,
        "repeated_progs": 362,
        "unique_progs": 47
    }
}