{
    "status": {
        "d_45": {
            "yes": 25,
            "no": 0,
            "undecided": 2,
            "unknown": 0,
            "pyes": 0.9156213355072222,
            "pno": 0.0,
            "pundecided": 0.0200934799190306,
            "punknown": 0.0,
            "time": 0.8620486259460449,
            "percY": 102.25,
            "percN": 0.0,
            "percU": 8.18,
            "percUNK": 0.0,
            "l": 0.9156213355072222,
            "u": 1.0,
            "flag": "INTEREST"
        },
        "~a_13": {
            "yes": 0,
            "no": 0,
            "undecided": 0,
            "unknown": 27,
            "pyes": 0.0,
            "pno": 0.0,
            "pundecided": 0.0,
            "punknown": 0.9357148154262528,
            "time": 0.8401100635528564,
            "percY": 0.0,
            "percN": 0.0,
            "percU": 0.0,
            "percUNK": 110.43,
            "l": 0.0,
            "u": 1.0
        },
        "a_15": {
            "yes": 6,
            "no": 7,
            "undecided": 14,
            "unknown": 0,
            "pyes": 0.06505229583633826,
            "pno": 0.7237035928698032,
            "pundecided": 0.14695892672011138,
            "punknown": 0.0,
            "time": 0.863379955291748,
            "percY": 24.54,
            "percN": 28.63,
            "percU": 57.26,
            "percUNK": 0.0,
            "l": 0.06505229583633826,
            "u": 0.27629640713019676,
            "flag": "INTEREST"
        }
    },
    "data": {
        "n_samples": 409,
        "time": 2.648742198944092,
        "repeated_worlds": 382,
        "repeated_progs": 382,
        "unique_progs": 27
    }
}