{
    "status": {
        "d_41": {
            "yes": 38,
            "no": 0,
            "undecided": 0,
            "unknown": 0,
            "pyes": 0.9453774564315428,
            "pno": 0.0,
            "pundecided": 0.0,
            "punknown": 0.0,
            "time": 1.139634370803833,
            "percY": 155.42,
            "percN": 0.0,
            "percU": 0.0,
            "percUNK": 0.0,
            "l": 0.9453774564315428,
            "u": 1.0,
            "flag": "INTEREST"
        },
        "a_16": {
            "yes": 9,
            "no": 0,
            "undecided": 29,
            "unknown": 0,
            "pyes": 0.7117754979192411,
            "pno": 0.0,
            "pundecided": 0.23360195851230178,
            "punknown": 0.0,
            "time": 1.1048917770385742,
            "percY": 36.81,
            "percN": 0.0,
            "percU": 118.61,
            "percUNK": 0.0,
            "l": 0.7117754979192411,
            "u": 1.0,
            "flag": "INTEREST"
        },
        "~a_16": {
            "yes": 0,
            "no": 9,
            "undecided": 29,
            "unknown": 0,
            "pyes": 0.0,
            "pno": 0.7117754979192411,
            "pundecided": 0.23360195851230178,
            "punknown": 0.0,
            "time": 1.1274654865264893,
            "percY": 0.0,
            "percN": 36.81,
            "percU": 118.61,
            "percUNK": 0.0,
            "l": 0.0,
            "u": 0.2882245020807589,
            "flag": "INTEREST"
        }
    },
    "data": {
        "n_samples": 409,
        "time": 3.4886128902435303,
        "repeated_worlds": 371,
        "repeated_progs": 371,
        "unique_progs": 38
    }
}