{
    "status": {
        "d_63": {
            "yes": 57,
            "no": 0,
            "undecided": 8,
            "unknown": 1,
            "pyes": 0.8615969639093916,
            "pno": 0.0,
            "pundecided": 0.054215667644677674,
            "punknown": 0.004485916877981323,
            "time": 1.8038761615753174,
            "percY": 233.13,
            "percN": 0.0,
            "percU": 32.72,
            "percUNK": 4.09,
            "l": 0.8615969639093916,
            "u": 1.0,
            "flag": "INTEREST"
        },
        "a_11": {
            "yes": 9,
            "no": 0,
            "undecided": 48,
            "unknown": 9,
            "pyes": 0.01621304793888799,
            "pno": 0.0,
            "pundecided": 0.3300011489512614,
            "punknown": 0.5740843515419012,
            "time": 1.8139598369598389,
            "percY": 36.81,
            "percN": 0.0,
            "percU": 196.32,
            "percUNK": 36.81,
            "l": 0.01621304793888799,
            "u": 1.0
        },
        "a_16": {
            "yes": 2,
            "no": 4,
            "undecided": 60,
            "unknown": 0,
            "pyes": 0.005337799182477813,
            "pno": 0.008028982126190003,
            "pundecided": 0.9069317671233829,
            "punknown": 0.0,
            "time": 1.8110215663909912,
            "percY": 8.18,
            "percN": 16.36,
            "percU": 245.4,
            "percUNK": 0.0,
            "l": 0.005337799182477813,
            "u": 0.99197101787381
        }
    },
    "data": {
        "n_samples": 409,
        "time": 5.614936351776123,
        "repeated_worlds": 343,
        "repeated_progs": 343,
        "unique_progs": 66
    }
}