{
    "status": {
        "a_2": {
            "yes": 36,
            "no": 0,
            "undecided": 12,
            "unknown": 0,
            "pyes": 0.8914789257654809,
            "pno": 0.0,
            "pundecided": 0.05155563030143059,
            "punknown": 0.0,
            "time": 1.369368076324463,
            "percY": 147.24,
            "percN": 0.0,
            "percU": 49.08,
            "percUNK": 0.0,
            "l": 0.8914789257654809,
            "u": 1.0,
            "flag": "INTEREST"
        },
        "a_16": {
            "yes": 1,
            "no": 0,
            "undecided": 47,
            "unknown": 0,
            "pyes": 9.40122829404e-05,
            "pno": 0.0,
            "pundecided": 0.9429405437839711,
            "punknown": 0.0,
            "time": 1.3639309406280518,
            "percY": 4.09,
            "percN": 0.0,
            "percU": 192.23,
            "percUNK": 0.0,
            "l": 9.40122829404e-05,
            "u": 1.0
        },
        "a_17": {
            "yes": 3,
            "no": 0,
            "undecided": 45,
            "unknown": 0,
            "pyes": 0.0016756065548580602,
            "pno": 0.0,
            "pundecided": 0.9413589495120533,
            "punknown": 0.0,
            "time": 1.49798583984375,
            "percY": 12.27,
            "percN": 0.0,
            "percU": 184.05,
            "percUNK": 0.0,
            "l": 0.0016756065548580602,
            "u": 1.0
        }
    },
    "data": {
        "n_samples": 409,
        "time": 4.381496429443359,
        "repeated_worlds": 361,
        "repeated_progs": 361,
        "unique_progs": 48
    }
}