{
    "status": {
        "~d_45": {
            "yes": 40,
            "no": 0,
            "undecided": 10,
            "unknown": 0,
            "pyes": 0.870817494895487,
            "pno": 0.0,
            "pundecided": 0.07370480849015747,
            "punknown": 0.0,
            "time": 1.6372442245483398,
            "percY": 163.6,
            "percN": 0.0,
            "percU": 40.9,
            "percUNK": 0.0,
            "l": 0.870817494895487,
            "u": 1.0,
            "flag": "INTEREST"
        },
        "a_19": {
            "yes": 14,
            "no": 3,
            "undecided": 33,
            "unknown": 0,
            "pyes": 0.050769204220038,
            "pno": 0.0061429863337117965,
            "pundecided": 0.8876101128318946,
            "punknown": 0.0,
            "time": 1.7163505554199219,
            "percY": 57.26,
            "percN": 12.27,
            "percU": 134.97,
            "percUNK": 0.0,
            "l": 0.050769204220038,
            "u": 0.9938570136662882
        },
        "~a_19": {
            "yes": 3,
            "no": 14,
            "undecided": 33,
            "unknown": 0,
            "pyes": 0.0061429863337117965,
            "pno": 0.050769204220038,
            "pundecided": 0.8876101128318946,
            "punknown": 0.0,
            "time": 1.7611243724822998,
            "percY": 12.27,
            "percN": 57.26,
            "percU": 134.97,
            "percUNK": 0.0,
            "l": 0.0061429863337117965,
            "u": 0.9492307957799619
        }
    },
    "data": {
        "n_samples": 409,
        "time": 5.27591609954834,
        "repeated_worlds": 359,
        "repeated_progs": 359,
        "unique_progs": 50
    }
}