{
    "status": {
        "a_7": {
            "yes": 44,
            "no": 0,
            "undecided": 0,
            "unknown": 8,
            "pyes": 0.863209764774896,
            "pno": 0.0,
            "pundecided": 0.0,
            "punknown": 0.051329084963953414,
            "time": 1.389984130859375,
            "percY": 179.96,
            "percN": 0.0,
            "percU": 0.0,
            "percUNK": 32.72,
            "l": 0.863209764774896,
            "u": 1.0,
            "flag": "INTEREST"
        },
        "a_16": {
            "yes": 0,
            "no": 11,
            "undecided": 41,
            "unknown": 0,
            "pyes": 0.0,
            "pno": 0.07493042920240521,
            "pundecided": 0.8396084205364441,
            "punknown": 0.0,
            "time": 1.4167883396148682,
            "percY": 0.0,
            "percN": 44.99,
            "percU": 167.69,
            "percUNK": 0.0,
            "l": 0.0,
            "u": 0.9250695707975948
        },
        "~a_18": {
            "yes": 9,
            "no": 5,
            "undecided": 38,
            "unknown": 0,
            "pyes": 0.03343735740040804,
            "pno": 0.046770633705732395,
            "pundecided": 0.8343308586327091,
            "punknown": 0.0,
            "time": 1.4518969058990479,
            "percY": 36.81,
            "percN": 20.45,
            "percU": 155.42,
            "percUNK": 0.0,
            "l": 0.03343735740040804,
            "u": 0.9532293662942676
        }
    },
    "data": {
        "n_samples": 409,
        "time": 4.421051025390625,
        "repeated_worlds": 357,
        "repeated_progs": 357,
        "unique_progs": 52
    }
}