{
    "status": {
        "d_57": {
            "yes": 48,
            "no": 0,
            "undecided": 3,
            "unknown": 0,
            "pyes": 0.9240359779440468,
            "pno": 0.0,
            "pundecided": 0.0010168441803998299,
            "punknown": 0.0,
            "time": 1.4725046157836914,
            "percY": 196.32,
            "percN": 0.0,
            "percU": 12.27,
            "percUNK": 0.0,
            "l": 0.9240359779440468,
            "u": 1.0,
            "flag": "INTEREST"
        },
        "~a_11": {
            "yes": 14,
            "no": 0,
            "undecided": 37,
            "unknown": 0,
            "pyes": 0.059942025050682614,
            "pno": 0.0,
            "pundecided": 0.8651107970737639,
            "punknown": 0.0,
            "time": 1.4294147491455078,
            "percY": 57.26,
            "percN": 0.0,
            "percU": 151.33,
            "percUNK": 0.0,
            "l": 0.059942025050682614,
            "u": 1.0
        },
        "~a_18": {
            "yes": 5,
            "no": 4,
            "undecided": 42,
            "unknown": 0,
            "pyes": 0.00684394487718475,
            "pno": 0.004710490524093479,
            "pundecided": 0.9134983867231684,
            "punknown": 0.0,
            "time": 1.475414752960205,
            "percY": 20.45,
            "percN": 16.36,
            "percU": 171.78,
            "percUNK": 0.0,
            "l": 0.00684394487718475,
            "u": 0.9952895094759066
        }
    },
    "data": {
        "n_samples": 409,
        "time": 4.520103454589844,
        "repeated_worlds": 358,
        "repeated_progs": 358,
        "unique_progs": 51
    }
}