{
    "status": {
        "d_32": {
            "yes": 3,
            "no": 0,
            "undecided": 48,
            "unknown": 0,
            "pyes": 0.00589386094803755,
            "pno": 0.0,
            "pundecided": 0.9193826626521702,
            "punknown": 0.0,
            "time": 1.567566156387329,
            "percY": 12.27,
            "percN": 0.0,
            "percU": 196.32,
            "percUNK": 0.0,
            "l": 0.00589386094803755,
            "u": 1.0
        },
        "a_15": {
            "yes": 46,
            "no": 1,
            "undecided": 4,
            "unknown": 0,
            "pyes": 0.9166965516910002,
            "pno": 0.0019776577866409974,
            "pundecided": 0.006602314122566675,
            "punknown": 0.0,
            "time": 1.663036823272705,
            "percY": 188.14,
            "percN": 4.09,
            "percU": 16.36,
            "percUNK": 0.0,
            "l": 0.9166965516910002,
            "u": 0.998022342213359,
            "flag": "INTEREST"
        },
        "~a_16": {
            "yes": 6,
            "no": 19,
            "undecided": 26,
            "unknown": 0,
            "pyes": 0.04875877251065587,
            "pno": 0.1851157531329054,
            "pundecided": 0.6914019979566466,
            "punknown": 0.0,
            "time": 1.7913966178894043,
            "percY": 24.54,
            "percN": 77.71,
            "percU": 106.34,
            "percUNK": 0.0,
            "l": 0.04875877251065587,
            "u": 0.8148842468670946
        }
    },
    "data": {
        "n_samples": 409,
        "time": 5.16446328163147,
        "repeated_worlds": 358,
        "repeated_progs": 358,
        "unique_progs": 51
    }
}