{
    "status": {
        "d_58": {
            "yes": 1,
            "no": 0,
            "undecided": 28,
            "unknown": 14,
            "pyes": 0.002572245315709403,
            "pno": 0.0,
            "pundecided": 0.7819638364268962,
            "punknown": 0.1433643646632403,
            "time": 1.3608262538909912,
            "percY": 4.09,
            "percN": 0.0,
            "percU": 114.52,
            "percUNK": 57.26,
            "l": 0.002572245315709403,
            "u": 1.0
        },
        "a_18": {
            "yes": 0,
            "no": 0,
            "undecided": 43,
            "unknown": 0,
            "pyes": 0.0,
            "pno": 0.0,
            "pundecided": 0.9279004464058458,
            "punknown": 0.0,
            "time": 1.3346302509307861,
            "percY": 0.0,
            "percN": 0.0,
            "percU": 175.87,
            "percUNK": 0.0,
            "l": 0.0,
            "u": 1.0
        },
        "~a_17": {
            "yes": 0,
            "no": 0,
            "undecided": 43,
            "unknown": 0,
            "pyes": 0.0,
            "pno": 0.0,
            "pundecided": 0.9279004464058458,
            "punknown": 0.0,
            "time": 1.3693571090698242,
            "percY": 0.0,
            "percN": 0.0,
            "percU": 175.87,
            "percUNK": 0.0,
            "l": 0.0,
            "u": 1.0
        }
    },
    "data": {
        "n_samples": 409,
        "time": 4.198190927505493,
        "repeated_worlds": 366,
        "repeated_progs": 366,
        "unique_progs": 43
    }
}