{
    "status": {
        "d_27": {
            "yes": 12,
            "no": 0,
            "undecided": 31,
            "unknown": 0,
            "pyes": 0.11710564301296023,
            "pno": 0.0,
            "pundecided": 0.8117327757602251,
            "punknown": 0.0,
            "time": 1.3007862567901611,
            "percY": 49.08,
            "percN": 0.0,
            "percU": 126.79,
            "percUNK": 0.0,
            "l": 0.11710564301296023,
            "u": 1.0
        },
        "a_18": {
            "yes": 6,
            "no": 9,
            "undecided": 28,
            "unknown": 0,
            "pyes": 0.043401572330895116,
            "pno": 0.09748166986786869,
            "pundecided": 0.7879551765744214,
            "punknown": 0.0,
            "time": 1.4842429161071777,
            "percY": 24.54,
            "percN": 36.81,
            "percU": 114.52,
            "percUNK": 0.0,
            "l": 0.043401572330895116,
            "u": 0.9025183301321313
        }
    },
    "data": {
        "n_samples": 409,
        "time": 2.9066877365112305,
        "repeated_worlds": 366,
        "repeated_progs": 366,
        "unique_progs": 43
    }
}