{
    "status": {
        "a_7": {
            "yes": 8,
            "no": 0,
            "undecided": 19,
            "unknown": 0,
            "pyes": 0.041816721648746946,
            "pno": 0.0,
            "pundecided": 0.9249080641238508,
            "punknown": 0.0,
            "time": 0.8434140682220459,
            "percY": 32.72,
            "percN": 0.0,
            "percU": 77.71,
            "percUNK": 0.0,
            "l": 0.041816721648746946,
            "u": 1.0
        },
        "a_12": {
            "yes": 8,
            "no": 0,
            "undecided": 19,
            "unknown": 0,
            "pyes": 0.041816721648746946,
            "pno": 0.0,
            "pundecided": 0.9249080641238508,
            "punknown": 0.0,
            "time": 0.8687572479248047,
            "percY": 32.72,
            "percN": 0.0,
            "percU": 77.71,
            "percUNK": 0.0,
            "l": 0.041816721648746946,
            "u": 1.0
        },
        "~a_18": {
            "yes": 0,
            "no": 0,
            "undecided": 27,
            "unknown": 0,
            "pyes": 0.0,
            "pno": 0.0,
            "pundecided": 0.9667247857725979,
            "punknown": 0.0,
            "time": 0.8209991455078125,
            "percY": 0.0,
            "percN": 0.0,
            "percU": 110.43,
            "percUNK": 0.0,
            "l": 0.0,
            "u": 1.0
        }
    },
    "data": {
        "n_samples": 409,
        "time": 2.6169445514678955,
        "repeated_worlds": 382,
        "repeated_progs": 382,
        "unique_progs": 27
    }
}