{
    "status": {
        "a_8": {
            "yes": 22,
            "no": 0,
            "undecided": 14,
            "unknown": 0,
            "pyes": 0.8809015599204975,
            "pno": 0.0,
            "pundecided": 0.06656121471193825,
            "punknown": 0.0,
            "time": 1.2041242122650146,
            "percY": 89.98,
            "percN": 0.0,
            "percU": 57.26,
            "percUNK": 0.0,
            "l": 0.8809015599204975,
            "u": 1.0,
            "flag": "INTEREST"
        },
        "a_10": {
            "yes": 9,
            "no": 0,
            "undecided": 26,
            "unknown": 1,
            "pyes": 0.11596955323967993,
            "pno": 0.0,
            "pundecided": 0.8301733157012676,
            "punknown": 0.001319905691488075,
            "time": 1.149158000946045,
            "percY": 36.81,
            "percN": 0.0,
            "percU": 106.34,
            "percUNK": 4.09,
            "l": 0.11596955323967993,
            "u": 1.0
        },
        "~a_15": {
            "yes": 1,
            "no": 8,
            "undecided": 26,
            "unknown": 1,
            "pyes": 0.005713822245783896,
            "pno": 0.09157912495298826,
            "pundecided": 0.8489955490920654,
            "punknown": 0.001174278341598128,
            "time": 1.1242685317993164,
            "percY": 4.09,
            "percN": 32.72,
            "percU": 106.34,
            "percUNK": 4.09,
            "l": 0.005713822245783896,
            "u": 0.9084208750470117
        }
    },
    "data": {
        "n_samples": 409,
        "time": 3.6078038215637207,
        "repeated_worlds": 373,
        "repeated_progs": 373,
        "unique_progs": 36
    }
}