{
    "status": {
        "a_4": {
            "yes": 2048,
            "no": 0,
            "undecided": 2048,
            "unknown": 0,
            "pyes": 0.9599999999999973,
            "pno": 0.0,
            "pundecided": 0.04000000000000003,
            "punknown": 0.0,
            "time": 6.2034592628479,
            "percY": 83886.08,
            "percN": 0.0,
            "percU": 83886.08,
            "percUNK": 0.0,
            "l": 0.9599999999999973,
            "u": 1.0,
            "flag": "INTEREST"
        },
        "a_7": {
            "yes": 2048,
            "no": 0,
            "undecided": 2048,
            "unknown": 0,
            "pyes": 0.0867000000000002,
            "pno": 0.0,
            "pundecided": 0.9132999999999988,
            "punknown": 0.0,
            "time": 6.205995321273804,
            "percY": 83886.08,
            "percN": 0.0,
            "percU": 83886.08,
            "percUNK": 0.0,
            "l": 0.0867000000000002,
            "u": 1.0
        },
        "~a_8": {
            "yes": 640,
            "no": 1408,
            "undecided": 2048,
            "unknown": 0,
            "pyes": 0.007065301060607997,
            "pno": 0.9529346989393892,
            "pundecided": 0.04000000000000003,
            "punknown": 0.0,
            "time": 6.333141326904297,
            "percY": 26214.4,
            "percN": 57671.68,
            "percU": 83886.08,
            "percUNK": 0.0,
            "l": 0.007065301060607997,
            "u": 0.0470653010606108,
            "flag": "INTEREST"
        }
    },
    "data": {
        "n_samples": 4096,
        "time": 20.1656653881073,
        "repeated_worlds": 0,
        "repeated_progs": 3840,
        "unique_progs": 256
    }
}