{
    "status": {
        "d_13": {
            "yes": 0,
            "no": 0,
            "undecided": 4096,
            "unknown": 0,
            "pyes": 0.0,
            "pno": 0.0,
            "pundecided": 1.0000000000000004,
            "punknown": 0.0,
            "time": 10.341182947158813,
            "percY": 0.0,
            "percN": 0.0,
            "percU": 167772.16,
            "percUNK": 0.0,
            "l": 0.0,
            "u": 1.0
        },
        "a_5": {
            "yes": 2048,
            "no": 0,
            "undecided": 2048,
            "unknown": 0,
            "pyes": 0.9901000000000008,
            "pno": 0.0,
            "pundecided": 0.009899999999999999,
            "punknown": 0.0,
            "time": 10.309846878051758,
            "percY": 83886.08,
            "percN": 0.0,
            "percU": 83886.08,
            "percUNK": 0.0,
            "l": 0.9901000000000008,
            "u": 1.0,
            "flag": "INTEREST"
        },
        "~a_8": {
            "yes": 2048,
            "no": 0,
            "undecided": 2048,
            "unknown": 0,
            "pyes": 0.9901000000000008,
            "pno": 0.0,
            "pundecided": 0.009899999999999999,
            "punknown": 0.0,
            "time": 10.311783790588379,
            "percY": 83886.08,
            "percN": 0.0,
            "percU": 83886.08,
            "percUNK": 0.0,
            "l": 0.9901000000000008,
            "u": 1.0,
            "flag": "INTEREST"
        }
    },
    "data": {
        "n_samples": 4096,
        "time": 32.35547685623169,
        "repeated_worlds": 0,
        "repeated_progs": 3584,
        "unique_progs": 512
    }
}