{
    "status": {
        "a_1": {
            "yes": 2048,
            "no": 0,
            "undecided": 0,
            "unknown": 2048,
            "pyes": 0.010000000000000016,
            "pno": 0.0,
            "pundecided": 0.0,
            "punknown": 0.9899999999999998,
            "time": 6.182864665985107,
            "percY": 83886.08,
            "percN": 0.0,
            "percU": 0.0,
            "percUNK": 83886.08,
            "l": 0.010000000000000016,
            "u": 1.0
        },
        "a_5": {
            "yes": 2048,
            "no": 0,
            "undecided": 2048,
            "unknown": 0,
            "pyes": 0.16136815199999952,
            "pno": 0.0,
            "pundecided": 0.8386318480000005,
            "punknown": 0.0,
            "time": 6.192631244659424,
            "percY": 83886.08,
            "percN": 0.0,
            "percU": 83886.08,
            "percUNK": 0.0,
            "l": 0.16136815199999952,
            "u": 1.0
        },
        "~a_7": {
            "yes": 896,
            "no": 1152,
            "undecided": 2048,
            "unknown": 0,
            "pyes": 0.12895995436993832,
            "pno": 0.03240819763006158,
            "pundecided": 0.8386318480000005,
            "punknown": 0.0,
            "time": 6.331088304519653,
            "percY": 36700.16,
            "percN": 47185.92,
            "percU": 83886.08,
            "percUNK": 0.0,
            "l": 0.12895995436993832,
            "u": 0.9675918023699385
        }
    },
    "data": {
        "n_samples": 4096,
        "time": 20.18684983253479,
        "repeated_worlds": 0,
        "repeated_progs": 3840,
        "unique_progs": 256
    }
}