{
    "status": {
        "d_17": {
            "yes": 2048,
            "no": 0,
            "undecided": 2048,
            "unknown": 0,
            "pyes": 0.019999999999999955,
            "pno": 0.0,
            "pundecided": 0.9799999999999991,
            "punknown": 0.0,
            "time": 12.495136022567749,
            "percY": 83886.08,
            "percN": 0.0,
            "percU": 83886.08,
            "percUNK": 0.0,
            "l": 0.019999999999999955,
            "u": 1.0
        },
        "~a_7": {
            "yes": 1280,
            "no": 768,
            "undecided": 2048,
            "unknown": 0,
            "pyes": 0.019905279999999973,
            "pno": 0.07689471999999997,
            "pundecided": 0.9031999999999983,
            "punknown": 0.0,
            "time": 12.93093228340149,
            "percY": 52428.8,
            "percN": 31457.28,
            "percU": 83886.08,
            "percUNK": 0.0,
            "l": 0.019905279999999973,
            "u": 0.92310528
        }
    },
    "data": {
        "n_samples": 4096,
        "time": 39.92200303077698,
        "repeated_worlds": 0,
        "repeated_progs": 3584,
        "unique_progs": 512
    }
}