{
    "status": {
        "~d_19": {
            "yes": 2048,
            "no": 0,
            "undecided": 2048,
            "unknown": 0,
            "pyes": 0.957028000000004,
            "pno": 0.0,
            "pundecided": 0.042971999999999955,
            "punknown": 0.0,
            "time": 24.899980545043945,
            "percY": 83886.08,
            "percN": 0.0,
            "percU": 83886.08,
            "percUNK": 0.0,
            "l": 0.957028000000004,
            "u": 1.0,
            "flag": "INTEREST"
        },
        "a_8": {
            "yes": 1536,
            "no": 512,
            "undecided": 2048,
            "unknown": 0,
            "pyes": 0.9563083149440021,
            "pno": 0.0007196850560000006,
            "pundecided": 0.042971999999999955,
            "punknown": 0.0,
            "time": 25.448931217193604,
            "percY": 62914.56,
            "percN": 20971.52,
            "percU": 83886.08,
            "percUNK": 0.0,
            "l": 0.9563083149440021,
            "u": 0.999280314944,
            "flag": "INTEREST"
        },
        "a_9": {
            "yes": 704,
            "no": 1344,
            "undecided": 2048,
            "unknown": 0,
            "pyes": 0.03358004983380006,
            "pno": 0.9064199501662008,
            "pundecided": 0.059999999999999915,
            "punknown": 0.0,
            "time": 25.610546112060547,
            "percY": 28835.84,
            "percN": 55050.24,
            "percU": 83886.08,
            "percUNK": 0.0,
            "l": 0.03358004983380006,
            "u": 0.0935800498337992,
            "flag": "INTEREST"
        }
    },
    "data": {
        "n_samples": 4096,
        "time": 77.94902563095093,
        "repeated_worlds": 0,
        "repeated_progs": 3072,
        "unique_progs": 1024
    }
}