{
    "status": {
        "~d_11": {
            "yes": 2048,
            "no": 0,
            "undecided": 2048,
            "unknown": 0,
            "pyes": 0.9520599999999992,
            "pno": 0.0,
            "pundecided": 0.047940000000000184,
            "punknown": 0.0,
            "time": 5.286190032958984,
            "percY": 83886.08,
            "percN": 0.0,
            "percU": 83886.08,
            "percUNK": 0.0,
            "l": 0.9520599999999992,
            "u": 1.0,
            "flag": "INTEREST"
        },
        "a_5": {
            "yes": 4096,
            "no": 0,
            "undecided": 0,
            "unknown": 0,
            "pyes": 0.9999999999999997,
            "pno": 0.0,
            "pundecided": 0.0,
            "punknown": 0.0,
            "time": 5.236639022827148,
            "percY": 167772.16,
            "percN": 0.0,
            "percU": 0.0,
            "percUNK": 0.0,
            "l": 0.9999999999999997,
            "u": 1.0,
            "flag": "INTEREST"
        },
        "a_7": {
            "yes": 1152,
            "no": 896,
            "undecided": 2048,
            "unknown": 0,
            "pyes": 0.8859771098997589,
            "pno": 0.04402289010024002,
            "pundecided": 0.06999999999999997,
            "punknown": 0.0,
            "time": 5.2920918464660645,
            "percY": 47185.92,
            "percN": 36700.16,
            "percU": 83886.08,
            "percUNK": 0.0,
            "l": 0.8859771098997589,
            "u": 0.95597710989976,
            "flag": "INTEREST"
        }
    },
    "data": {
        "n_samples": 4096,
        "time": 17.109081029891968,
        "repeated_worlds": 0,
        "repeated_progs": 3840,
        "unique_progs": 256
    }
}