{
    "status": {
        "d_13": {
            "yes": 4096,
            "no": 0,
            "undecided": 0,
            "unknown": 0,
            "pyes": 1.0,
            "pno": 0.0,
            "pundecided": 0.0,
            "punknown": 0.0,
            "time": 0.7838821411132812,
            "percY": 167772.16,
            "percN": 0.0,
            "percU": 0.0,
            "percUNK": 0.0,
            "l": 1.0,
            "u": 1.0,
            "flag": "INTEREST"
        },
        "~a_8": {
            "yes": 1280,
            "no": 768,
            "undecided": 2048,
            "unknown": 0,
            "pyes": 0.7140858749892002,
            "pno": 0.048175640758800084,
            "pundecided": 0.23773848425199987,
            "punknown": 0.0,
            "time": 0.8075487613677979,
            "percY": 52428.8,
            "percN": 31457.28,
            "percU": 83886.08,
            "percUNK": 0.0,
            "l": 0.7140858749892002,
            "u": 0.9518243592411999,
            "flag": "INTEREST"
        },
        "~a_7": {
            "yes": 512,
            "no": 1536,
            "undecided": 2048,
            "unknown": 0,
            "pyes": 0.0006706549710000005,
            "pno": 0.7615908607770003,
            "pundecided": 0.23773848425199987,
            "punknown": 0.0,
            "time": 0.843822717666626,
            "percY": 20971.52,
            "percN": 62914.56,
            "percU": 83886.08,
            "percUNK": 0.0,
            "l": 0.0006706549710000005,
            "u": 0.23840913922299967,
            "flag": "INTEREST"
        }
    },
    "data": {
        "n_samples": 4096,
        "time": 3.628232002258301,
        "repeated_worlds": 0,
        "repeated_progs": 4064,
        "unique_progs": 32
    }
}