{
    "status": {
        "d_14": {
            "yes": 2048,
            "no": 0,
            "undecided": 2048,
            "unknown": 0,
            "pyes": 0.10000000000000005,
            "pno": 0.0,
            "pundecided": 0.8999999999999991,
            "punknown": 0.0,
            "time": 3.208294153213501,
            "percY": 83886.08,
            "percN": 0.0,
            "percU": 83886.08,
            "percUNK": 0.0,
            "l": 0.10000000000000005,
            "u": 1.0
        },
        "~a_5": {
            "yes": 2048,
            "no": 0,
            "undecided": 2048,
            "unknown": 0,
            "pyes": 0.9499999999999983,
            "pno": 0.0,
            "pundecided": 0.04999999999999996,
            "punknown": 0.0,
            "time": 3.204268217086792,
            "percY": 83886.08,
            "percN": 0.0,
            "percU": 83886.08,
            "percUNK": 0.0,
            "l": 0.9499999999999983,
            "u": 1.0,
            "flag": "INTEREST"
        },
        "~a_8": {
            "yes": 1536,
            "no": 512,
            "undecided": 2048,
            "unknown": 0,
            "pyes": 0.08517700000000007,
            "pno": 0.8648229999999997,
            "pundecided": 0.04999999999999996,
            "punknown": 0.0,
            "time": 3.2137343883514404,
            "percY": 62914.56,
            "percN": 20971.52,
            "percU": 83886.08,
            "percUNK": 0.0,
            "l": 0.08517700000000007,
            "u": 0.13517700000000032,
            "flag": "INTEREST"
        }
    },
    "data": {
        "n_samples": 4096,
        "time": 10.912429094314575,
        "repeated_worlds": 0,
        "repeated_progs": 3968,
        "unique_progs": 128
    }
}