{
    "status": {
        "a_3": {
            "yes": 2048,
            "no": 0,
            "undecided": 0,
            "unknown": 2048,
            "pyes": 0.06654687359999999,
            "pno": 0.0,
            "pundecided": 0.0,
            "punknown": 0.9334531263999997,
            "time": 3.176199197769165,
            "percY": 83886.08,
            "percN": 0.0,
            "percU": 0.0,
            "percUNK": 83886.08,
            "l": 0.06654687359999999,
            "u": 1.0
        },
        "a_6": {
            "yes": 2048,
            "no": 0,
            "undecided": 2048,
            "unknown": 0,
            "pyes": 0.9012919999999995,
            "pno": 0.0,
            "pundecided": 0.0987079999999998,
            "punknown": 0.0,
            "time": 3.242933750152588,
            "percY": 83886.08,
            "percN": 0.0,
            "percU": 83886.08,
            "percUNK": 0.0,
            "l": 0.9012919999999995,
            "u": 1.0,
            "flag": "INTEREST"
        },
        "a_8": {
            "yes": 512,
            "no": 1536,
            "undecided": 2048,
            "unknown": 0,
            "pyes": 0.8366468151999995,
            "pno": 0.06464518480000006,
            "pundecided": 0.0987079999999998,
            "punknown": 0.0,
            "time": 3.235599994659424,
            "percY": 20971.52,
            "percN": 62914.56,
            "percU": 83886.08,
            "percUNK": 0.0,
            "l": 0.8366468151999995,
            "u": 0.9353548152,
            "flag": "INTEREST"
        }
    },
    "data": {
        "n_samples": 4096,
        "time": 10.851498365402222,
        "repeated_worlds": 0,
        "repeated_progs": 3968,
        "unique_progs": 128
    }
}