{
    "status": {
        "d_11": {
            "yes": 2048,
            "no": 0,
            "undecided": 2048,
            "unknown": 0,
            "pyes": 0.07650799999999996,
            "pno": 0.0,
            "pundecided": 0.9234920000000003,
            "punknown": 0.0,
            "time": 0.6854667663574219,
            "percY": 83886.08,
            "percN": 0.0,
            "percU": 83886.08,
            "percUNK": 0.0,
            "l": 0.07650799999999996,
            "u": 1.0
        },
        "~a_8": {
            "yes": 1536,
            "no": 512,
            "undecided": 2048,
            "unknown": 0,
            "pyes": 0.08449851620109591,
            "pno": 0.005501483798904,
            "pundecided": 0.909999999999998,
            "punknown": 0.0,
            "time": 0.6945483684539795,
            "percY": 62914.56,
            "percN": 20971.52,
            "percU": 83886.08,
            "percUNK": 0.0,
            "l": 0.08449851620109591,
            "u": 0.994498516201096
        }
    },
    "data": {
        "n_samples": 4096,
        "time": 3.034874677658081,
        "repeated_worlds": 0,
        "repeated_progs": 4064,
        "unique_progs": 32
    }
}