{
    "status": {
        "d_13": {
            "yes": 2048,
            "no": 0,
            "undecided": 2048,
            "unknown": 0,
            "pyes": 0.16279999999999994,
            "pno": 0.0,
            "pundecided": 0.8372000000000002,
            "punknown": 0.0,
            "time": 10.775622129440308,
            "percY": 83886.08,
            "percN": 0.0,
            "percU": 83886.08,
            "percUNK": 0.0,
            "l": 0.16279999999999994,
            "u": 1.0
        },
        "a_5": {
            "yes": 2048,
            "no": 0,
            "undecided": 2048,
            "unknown": 0,
            "pyes": 0.9199999999999999,
            "pno": 0.0,
            "pundecided": 0.07999999999999993,
            "punknown": 0.0,
            "time": 10.773427724838257,
            "percY": 83886.08,
            "percN": 0.0,
            "percU": 83886.08,
            "percUNK": 0.0,
            "l": 0.9199999999999999,
            "u": 1.0,
            "flag": "INTEREST"
        },
        "a_8": {
            "yes": 1536,
            "no": 512,
            "undecided": 2048,
            "unknown": 0,
            "pyes": 0.9345569999999991,
            "pno": 0.060543000000000013,
            "pundecided": 0.004900000000000003,
            "punknown": 0.0,
            "time": 10.928010702133179,
            "percY": 62914.56,
            "percN": 20971.52,
            "percU": 83886.08,
            "percUNK": 0.0,
            "l": 0.9345569999999991,
            "u": 0.939457,
            "flag": "INTEREST"
        }
    },
    "data": {
        "n_samples": 4096,
        "time": 34.07783341407776,
        "repeated_worlds": 0,
        "repeated_progs": 3584,
        "unique_progs": 512
    }
}