{
    "status": {
        "a_2": {
            "yes": 2048,
            "no": 0,
            "undecided": 0,
            "unknown": 2048,
            "pyes": 0.9599999999999995,
            "pno": 0.0,
            "pundecided": 0.0,
            "punknown": 0.03999999999999987,
            "time": 10.90952205657959,
            "percY": 83886.08,
            "percN": 0.0,
            "percU": 0.0,
            "percUNK": 83886.08,
            "l": 0.9599999999999995,
            "u": 1.0,
            "flag": "INTEREST"
        },
        "a_9": {
            "yes": 1344,
            "no": 704,
            "undecided": 2048,
            "unknown": 0,
            "pyes": 0.9071996098536095,
            "pno": 0.013498065652391032,
            "pundecided": 0.0793023244940002,
            "punknown": 0.0,
            "time": 11.177216291427612,
            "percY": 55050.24,
            "percN": 28835.84,
            "percU": 83886.08,
            "percUNK": 0.0,
            "l": 0.9071996098536095,
            "u": 0.986501934347609,
            "flag": "INTEREST"
        }
    },
    "data": {
        "n_samples": 4096,
        "time": 34.77032423019409,
        "repeated_worlds": 0,
        "repeated_progs": 3584,
        "unique_progs": 512
    }
}