{
    "status": {
        "a_0": {
            "yes": 2048,
            "no": 0,
            "undecided": 2048,
            "unknown": 0,
            "pyes": 0.9800000000000011,
            "pno": 0.0,
            "pundecided": 0.02000000000000001,
            "punknown": 0.0,
            "time": 5.885663032531738,
            "percY": 83886.08,
            "percN": 0.0,
            "percU": 83886.08,
            "percUNK": 0.0,
            "l": 0.9800000000000011,
            "u": 1.0,
            "flag": "INTEREST"
        },
        "~a_5": {
            "yes": 2048,
            "no": 0,
            "undecided": 2048,
            "unknown": 0,
            "pyes": 0.7901789432266239,
            "pno": 0.0,
            "pundecided": 0.20982105677337573,
            "punknown": 0.0,
            "time": 5.832232475280762,
            "percY": 83886.08,
            "percN": 0.0,
            "percU": 83886.08,
            "percUNK": 0.0,
            "l": 0.7901789432266239,
            "u": 1.0,
            "flag": "INTEREST"
        },
        "a_7": {
            "yes": 1152,
            "no": 896,
            "undecided": 2048,
            "unknown": 0,
            "pyes": 0.7680171230858339,
            "pno": 0.022161820140789778,
            "pundecided": 0.20982105677337573,
            "punknown": 0.0,
            "time": 6.0399253368377686,
            "percY": 47185.92,
            "percN": 36700.16,
            "percU": 83886.08,
            "percUNK": 0.0,
            "l": 0.7680171230858339,
            "u": 0.9778381798592102,
            "flag": "INTEREST"
        }
    },
    "data": {
        "n_samples": 4096,
        "time": 19.27535057067871,
        "repeated_worlds": 0,
        "repeated_progs": 3840,
        "unique_progs": 256
    }
}