{
    "status": {
        "~d_9": {
            "yes": 2048,
            "no": 0,
            "undecided": 2048,
            "unknown": 0,
            "pyes": 0.8546795300000005,
            "pno": 0.0,
            "pundecided": 0.14532046999999976,
            "punknown": 0.0,
            "time": 12.612549543380737,
            "percY": 83886.08,
            "percN": 0.0,
            "percU": 83886.08,
            "percUNK": 0.0,
            "l": 0.8546795300000005,
            "u": 1.0,
            "flag": "INTEREST"
        },
        "a_8": {
            "yes": 1536,
            "no": 512,
            "undecided": 2048,
            "unknown": 0,
            "pyes": 0.9704366817600009,
            "pno": 0.009563318239999997,
            "pundecided": 0.01999999999999998,
            "punknown": 0.0,
            "time": 12.559437990188599,
            "percY": 62914.56,
            "percN": 20971.52,
            "percU": 83886.08,
            "percUNK": 0.0,
            "l": 0.9704366817600009,
            "u": 0.99043668176,
            "flag": "INTEREST"
        },
        "a_7": {
            "yes": 1152,
            "no": 896,
            "undecided": 2048,
            "unknown": 0,
            "pyes": 0.15322530366939766,
            "pno": 0.7567746963306028,
            "pundecided": 0.08999999999999998,
            "punknown": 0.0,
            "time": 12.897126197814941,
            "percY": 47185.92,
            "percN": 36700.16,
            "percU": 83886.08,
            "percUNK": 0.0,
            "l": 0.15322530366939766,
            "u": 0.2432253036693972,
            "flag": "INTEREST"
        }
    },
    "data": {
        "n_samples": 4096,
        "time": 39.90426540374756,
        "repeated_worlds": 0,
        "repeated_progs": 3584,
        "unique_progs": 512
    }
}