{
    "status": {
        "d_16": {
            "yes": 4096,
            "no": 0,
            "undecided": 0,
            "unknown": 0,
            "pyes": 0.9999999999999997,
            "pno": 0.0,
            "pundecided": 0.0,
            "punknown": 0.0,
            "time": 6.211748838424683,
            "percY": 167772.16,
            "percN": 0.0,
            "percU": 0.0,
            "percUNK": 0.0,
            "l": 0.9999999999999997,
            "u": 1.0,
            "flag": "INTEREST"
        },
        "a_5": {
            "yes": 2048,
            "no": 0,
            "undecided": 2048,
            "unknown": 0,
            "pyes": 0.06999999999999995,
            "pno": 0.0,
            "pundecided": 0.9299999999999999,
            "punknown": 0.0,
            "time": 6.2284746170043945,
            "percY": 83886.08,
            "percN": 0.0,
            "percU": 83886.08,
            "percUNK": 0.0,
            "l": 0.06999999999999995,
            "u": 1.0
        },
        "a_7": {
            "yes": 1792,
            "no": 256,
            "undecided": 2048,
            "unknown": 0,
            "pyes": 0.06969812919999994,
            "pno": 0.0003018708000000001,
            "pundecided": 0.9299999999999999,
            "punknown": 0.0,
            "time": 6.36677885055542,
            "percY": 73400.32,
            "percN": 10485.76,
            "percU": 83886.08,
            "percUNK": 0.0,
            "l": 0.06969812919999994,
            "u": 0.9996981292
        }
    },
    "data": {
        "n_samples": 4096,
        "time": 20.283712148666382,
        "repeated_worlds": 0,
        "repeated_progs": 3840,
        "unique_progs": 256
    }
}