{
    "status": {
        "~d_9": {
            "yes": 41,
            "no": 0,
            "undecided": 0,
            "unknown": 2,
            "pyes": 0.9702828266308362,
            "pno": 0.0,
            "pundecided": 0.0,
            "punknown": 0.002499028630841235,
            "time": 1.4349324703216553,
            "percY": 335.79,
            "percN": 0.0,
            "percU": 0.0,
            "percUNK": 16.38,
            "l": 0.9702828266308362,
            "u": 1.0,
            "flag": "INTEREST"
        },
        "a_5": {
            "yes": 35,
            "no": 0,
            "undecided": 8,
            "unknown": 0,
            "pyes": 0.9488073603037455,
            "pno": 0.0,
            "pundecided": 0.023974494957931938,
            "punknown": 0.0,
            "time": 1.5002570152282715,
            "percY": 286.65,
            "percN": 0.0,
            "percU": 65.52,
            "percUNK": 0.0,
            "l": 0.9488073603037455,
            "u": 1.0,
            "flag": "INTEREST"
        },
        "~a_8": {
            "yes": 1,
            "no": 25,
            "undecided": 12,
            "unknown": 5,
            "pyes": 0.0009164258732581688,
            "pno": 0.844771224565316,
            "pundecided": 0.12076578468250015,
            "punknown": 0.006328420140603127,
            "time": 1.471271276473999,
            "percY": 8.19,
            "percN": 204.75,
            "percU": 98.28,
            "percUNK": 40.95,
            "l": 0.0009164258732581688,
            "u": 0.15522877543468405,
            "flag": "INTEREST"
        }
    },
    "data": {
        "n_samples": 819,
        "time": 4.46648383140564,
        "repeated_worlds": 776,
        "repeated_progs": 782,
        "unique_progs": 37
    }
}