{
    "status": {
        "~d_17": {
            "yes": 55,
            "no": 0,
            "undecided": 1,
            "unknown": 2,
            "pyes": 0.9721855557770401,
            "pno": 0.0,
            "pundecided": 0.0002051402341331434,
            "punknown": 0.0025871408536616547,
            "time": 1.4090380668640137,
            "percY": 450.45,
            "percN": 0.0,
            "percU": 8.19,
            "percUNK": 16.38,
            "l": 0.9721855557770401,
            "u": 1.0,
            "flag": "INTEREST"
        },
        "~a_8": {
            "yes": 4,
            "no": 40,
            "undecided": 14,
            "unknown": 0,
            "pyes": 0.013658094680929352,
            "pno": 0.9143450322487602,
            "pundecided": 0.046974709935145395,
            "punknown": 0.0,
            "time": 1.4448390007019043,
            "percY": 32.76,
            "percN": 327.6,
            "percU": 114.66,
            "percUNK": 0.0,
            "l": 0.013658094680929352,
            "u": 0.08565496775123982,
            "flag": "INTEREST"
        },
        "a_7": {
            "yes": 10,
            "no": 25,
            "undecided": 23,
            "unknown": 0,
            "pyes": 0.07389946471174354,
            "pno": 0.7998120159461949,
            "pundecided": 0.10126635620689653,
            "punknown": 0.0,
            "time": 1.4846384525299072,
            "percY": 81.9,
            "percN": 204.75,
            "percU": 188.37,
            "percUNK": 0.0,
            "l": 0.07389946471174354,
            "u": 0.2001879840538051,
            "flag": "INTEREST"
        }
    },
    "data": {
        "n_samples": 819,
        "time": 4.414945840835571,
        "repeated_worlds": 761,
        "repeated_progs": 782,
        "unique_progs": 37
    }
}