{
    "status": {
        "a_1": {
            "yes": 11,
            "no": 0,
            "undecided": 0,
            "unknown": 47,
            "pyes": 0.05424304757844995,
            "pno": 0.0,
            "pundecided": 0.0,
            "punknown": 0.9234353931156486,
            "time": 2.034721612930298,
            "percY": 90.09,
            "percN": 0.0,
            "percU": 0.0,
            "percUNK": 384.93,
            "l": 0.05424304757844995,
            "u": 1.0
        },
        "a_5": {
            "yes": 14,
            "no": 0,
            "undecided": 44,
            "unknown": 0,
            "pyes": 0.11575334082288437,
            "pno": 0.0,
            "pundecided": 0.8619250998712145,
            "punknown": 0.0,
            "time": 2.0546696186065674,
            "percY": 114.66,
            "percN": 0.0,
            "percU": 360.36,
            "percUNK": 0.0,
            "l": 0.11575334082288437,
            "u": 1.0
        },
        "~a_8": {
            "yes": 39,
            "no": 0,
            "undecided": 19,
            "unknown": 0,
            "pyes": 0.8051752146527018,
            "pno": 0.0,
            "pundecided": 0.17250322604139703,
            "punknown": 0.0,
            "time": 2.0799973011016846,
            "percY": 319.41,
            "percN": 0.0,
            "percU": 155.61,
            "percUNK": 0.0,
            "l": 0.8051752146527018,
            "u": 1.0,
            "flag": "INTEREST"
        }
    },
    "data": {
        "n_samples": 819,
        "time": 6.2698469161987305,
        "repeated_worlds": 761,
        "repeated_progs": 764,
        "unique_progs": 55
    }
}