{
    "status": {
        "~d_17": {
            "yes": 14,
            "no": 0,
            "undecided": 40,
            "unknown": 4,
            "pyes": 0.08441762697449628,
            "pno": 0.0,
            "pundecided": 0.8887078315847873,
            "punknown": 0.005809745816046144,
            "time": 2.0032200813293457,
            "percY": 114.66,
            "percN": 0.0,
            "percU": 327.6,
            "percUNK": 32.76,
            "l": 0.08441762697449628,
            "u": 1.0
        },
        "a_5": {
            "yes": 34,
            "no": 0,
            "undecided": 23,
            "unknown": 1,
            "pyes": 0.8363322482255152,
            "pno": 0.0,
            "pundecided": 0.14258675990413536,
            "punknown": 1.619624567914888e-05,
            "time": 1.9919779300689697,
            "percY": 278.46,
            "percN": 0.0,
            "percU": 188.37,
            "percUNK": 8.19,
            "l": 0.8363322482255152,
            "u": 1.0,
            "flag": "INTEREST"
        },
        "a_8": {
            "yes": 30,
            "no": 4,
            "undecided": 24,
            "unknown": 0,
            "pyes": 0.8372373456892592,
            "pno": 0.004489109733352164,
            "pundecided": 0.13720874895271826,
            "punknown": 0.0,
            "time": 2.085209846496582,
            "percY": 245.7,
            "percN": 32.76,
            "percU": 196.56,
            "percUNK": 0.0,
            "l": 0.8372373456892592,
            "u": 0.9955108902666479,
            "flag": "INTEREST"
        }
    },
    "data": {
        "n_samples": 819,
        "time": 6.1741180419921875,
        "repeated_worlds": 761,
        "repeated_progs": 768,
        "unique_progs": 51
    }
}