{
    "status": {
        "~a_4": {
            "yes": 35,
            "no": 0,
            "undecided": 13,
            "unknown": 0,
            "pyes": 0.9001770033810377,
            "pno": 0.0,
            "pundecided": 0.07282427165163716,
            "punknown": 0.0,
            "time": 1.5706946849822998,
            "percY": 286.65,
            "percN": 0.0,
            "percU": 106.47,
            "percUNK": 0.0,
            "l": 0.9001770033810377,
            "u": 1.0,
            "flag": "INTEREST"
        },
        "~a_8": {
            "yes": 4,
            "no": 11,
            "undecided": 33,
            "unknown": 0,
            "pyes": 0.0027635784653475687,
            "pno": 0.7157160921772281,
            "pundecided": 0.2545216043900992,
            "punknown": 0.0,
            "time": 1.590710163116455,
            "percY": 32.76,
            "percN": 90.09,
            "percU": 270.27,
            "percUNK": 0.0,
            "l": 0.0027635784653475687,
            "u": 0.2842839078227719,
            "flag": "INTEREST"
        },
        "a_7": {
            "yes": 32,
            "no": 2,
            "undecided": 14,
            "unknown": 0,
            "pyes": 0.8971610576608152,
            "pno": 0.0020892585879896813,
            "pundecided": 0.07375095878386995,
            "punknown": 0.0,
            "time": 1.560983419418335,
            "percY": 262.08,
            "percN": 16.38,
            "percU": 114.66,
            "percUNK": 0.0,
            "l": 0.8971610576608152,
            "u": 0.9979107414120103,
            "flag": "INTEREST"
        }
    },
    "data": {
        "n_samples": 819,
        "time": 4.788280248641968,
        "repeated_worlds": 771,
        "repeated_progs": 780,
        "unique_progs": 39
    }
}