{
    "status": {
        "d_14": {
            "yes": 45,
            "no": 0,
            "undecided": 2,
            "unknown": 7,
            "pyes": 0.906828434130956,
            "pno": 0.0,
            "pundecided": 0.00022009236009415197,
            "punknown": 0.05903897315131672,
            "time": 2.0380263328552246,
            "percY": 368.55,
            "percN": 0.0,
            "percU": 16.38,
            "percUNK": 57.33,
            "l": 0.906828434130956,
            "u": 1.0,
            "flag": "INTEREST"
        },
        "a_5": {
            "yes": 5,
            "no": 0,
            "undecided": 20,
            "unknown": 29,
            "pyes": 0.008600574737776614,
            "pno": 0.0,
            "pundecided": 0.14108279670184987,
            "punknown": 0.8164041282027406,
            "time": 2.0735108852386475,
            "percY": 40.95,
            "percN": 0.0,
            "percU": 163.8,
            "percUNK": 237.51,
            "l": 0.008600574737776614,
            "u": 1.0
        },
        "a_8": {
            "yes": 12,
            "no": 14,
            "undecided": 13,
            "unknown": 15,
            "pyes": 0.08272682046231696,
            "pno": 0.12152518964903058,
            "pundecided": 0.0665130974221334,
            "punknown": 0.6953223921088861,
            "time": 1.991018295288086,
            "percY": 98.28,
            "percN": 114.66,
            "percU": 106.47,
            "percUNK": 122.85,
            "l": 0.08272682046231696,
            "u": 0.8784748103509694
        }
    },
    "data": {
        "n_samples": 819,
        "time": 6.18699312210083,
        "repeated_worlds": 765,
        "repeated_progs": 770,
        "unique_progs": 49
    }
}