{
    "status": {
        "~a_1": {
            "yes": 0,
            "no": 0,
            "undecided": 84,
            "unknown": 0,
            "pyes": 0.0,
            "pno": 0.0,
            "pundecided": 0.943595512430649,
            "punknown": 0.0,
            "time": 2.098473072052002,
            "percY": 0.0,
            "percN": 0.0,
            "percU": 687.96,
            "percUNK": 0.0,
            "l": 0.0,
            "u": 1.0
        },
        "a_5": {
            "yes": 0,
            "no": 0,
            "undecided": 83,
            "unknown": 1,
            "pyes": 0.0,
            "pno": 0.0,
            "pundecided": 0.9433923051107321,
            "punknown": 0.0002032073199169349,
            "time": 2.1308529376983643,
            "percY": 0.0,
            "percN": 0.0,
            "percU": 679.77,
            "percUNK": 8.19,
            "l": 0.0,
            "u": 1.0
        },
        "a_8": {
            "yes": 0,
            "no": 0,
            "undecided": 84,
            "unknown": 0,
            "pyes": 0.0,
            "pno": 0.0,
            "pundecided": 0.943595512430649,
            "punknown": 0.0,
            "time": 2.103994607925415,
            "percY": 0.0,
            "percN": 0.0,
            "percU": 687.96,
            "percUNK": 0.0,
            "l": 0.0,
            "u": 1.0
        }
    },
    "data": {
        "n_samples": 819,
        "time": 6.4431352615356445,
        "repeated_worlds": 735,
        "repeated_progs": 744,
        "unique_progs": 75
    }
}