{
    "status": {
        "a_1": {
            "yes": 2,
            "no": 0,
            "undecided": 23,
            "unknown": 53,
            "pyes": 0.00015173805066669271,
            "pno": 0.0,
            "pundecided": 0.08857582218649966,
            "punknown": 0.8666157816150303,
            "time": 2.2104055881500244,
            "percY": 16.38,
            "percN": 0.0,
            "percU": 188.37,
            "percUNK": 434.07,
            "l": 0.00015173805066669271,
            "u": 1.0
        },
        "a_6": {
            "yes": 29,
            "no": 0,
            "undecided": 38,
            "unknown": 11,
            "pyes": 0.11301349217530415,
            "pno": 0.0,
            "pundecided": 0.768720366614616,
            "punknown": 0.07360948306227658,
            "time": 2.2467684745788574,
            "percY": 237.51,
            "percN": 0.0,
            "percU": 311.22,
            "percUNK": 90.09,
            "l": 0.11301349217530415,
            "u": 1.0
        },
        "a_8": {
            "yes": 9,
            "no": 15,
            "undecided": 53,
            "unknown": 1,
            "pyes": 0.015280384035689354,
            "pno": 0.09421790466134523,
            "pundecided": 0.8445597563387104,
            "punknown": 0.001285296816451834,
            "time": 2.2892820835113525,
            "percY": 73.71,
            "percN": 122.85,
            "percU": 434.07,
            "percUNK": 8.19,
            "l": 0.015280384035689354,
            "u": 0.9057820953386547
        }
    },
    "data": {
        "n_samples": 819,
        "time": 6.840413570404053,
        "repeated_worlds": 741,
        "repeated_progs": 764,
        "unique_progs": 55
    }
}