{
    "status": {
        "a_2": {
            "yes": 26,
            "no": 0,
            "undecided": 0,
            "unknown": 30,
            "pyes": 0.09629084639346752,
            "pno": 0.0,
            "pundecided": 0.0,
            "punknown": 0.8677003671813254,
            "time": 1.5534005165100098,
            "percY": 212.94,
            "percN": 0.0,
            "percU": 0.0,
            "percUNK": 245.7,
            "l": 0.09629084639346752,
            "u": 1.0
        },
        "a_7": {
            "yes": 42,
            "no": 9,
            "undecided": 5,
            "unknown": 0,
            "pyes": 0.9233815987811975,
            "pno": 0.03293248495949858,
            "pundecided": 0.007677129834096794,
            "punknown": 0.0,
            "time": 1.6089293956756592,
            "percY": 343.98,
            "percN": 73.71,
            "percU": 40.95,
            "percUNK": 0.0,
            "l": 0.9233815987811975,
            "u": 0.9670675150405014,
            "flag": "INTEREST"
        },
        "~a_8": {
            "yes": 36,
            "no": 8,
            "undecided": 12,
            "unknown": 0,
            "pyes": 0.8855362143728809,
            "pno": 0.021891780558908808,
            "pundecided": 0.05656321864300344,
            "punknown": 0.0,
            "time": 1.551558256149292,
            "percY": 294.84,
            "percN": 65.52,
            "percU": 98.28,
            "percUNK": 0.0,
            "l": 0.8855362143728809,
            "u": 0.9781082194410912,
            "flag": "INTEREST"
        }
    },
    "data": {
        "n_samples": 819,
        "time": 4.782564401626587,
        "repeated_worlds": 763,
        "repeated_progs": 780,
        "unique_progs": 39
    }
}