{
    "status": {
        "a_10": {
            "yes": 48,
            "no": 0,
            "undecided": 24,
            "unknown": 1,
            "pyes": 0.8400513083166208,
            "pno": 0.0,
            "pundecided": 0.12532749976801502,
            "punknown": 0.00017723837223834562,
            "time": 0.615445613861084,
            "percY": 393.12,
            "percN": 0.0,
            "percU": 196.56,
            "percUNK": 8.19,
            "l": 0.8400513083166208,
            "u": 1.0,
            "flag": "INTEREST"
        },
        "a_5": {
            "yes": 15,
            "no": 0,
            "undecided": 42,
            "unknown": 16,
            "pyes": 0.10286305233475705,
            "pno": 0.0,
            "pundecided": 0.7827186358705142,
            "punknown": 0.07997435825160312,
            "time": 0.641613245010376,
            "percY": 122.85,
            "percN": 0.0,
            "percU": 343.98,
            "percUNK": 131.04,
            "l": 0.10286305233475705,
            "u": 1.0
        },
        "a_7": {
            "yes": 51,
            "no": 0,
            "undecided": 11,
            "unknown": 11,
            "pyes": 0.858352120413032,
            "pno": 0.0,
            "pundecided": 0.06986280998684738,
            "punknown": 0.037341116056994736,
            "time": 0.616095781326294,
            "percY": 417.69,
            "percN": 0.0,
            "percU": 90.09,
            "percUNK": 90.09,
            "l": 0.858352120413032,
            "u": 1.0,
            "flag": "INTEREST"
        }
    },
    "data": {
        "n_samples": 819,
        "time": 1.9223520755767822,
        "repeated_worlds": 746,
        "repeated_progs": 796,
        "unique_progs": 23
    }
}