{
    "status": {
        "~a_2": {
            "yes": 34,
            "no": 0,
            "undecided": 0,
            "unknown": 29,
            "pyes": 0.1700878918497966,
            "pno": 0.0,
            "pundecided": 0.0,
            "punknown": 0.7887997789228505,
            "time": 1.843909740447998,
            "percY": 278.46,
            "percN": 0.0,
            "percU": 0.0,
            "percUNK": 237.51,
            "l": 0.1700878918497966,
            "u": 1.0
        },
        "a_6": {
            "yes": 42,
            "no": 0,
            "undecided": 19,
            "unknown": 2,
            "pyes": 0.7387641980067344,
            "pno": 0.0,
            "pundecided": 0.21892600879123134,
            "punknown": 0.0011974639746813148,
            "time": 1.7872867584228516,
            "percY": 343.98,
            "percN": 0.0,
            "percU": 155.61,
            "percUNK": 16.38,
            "l": 0.7387641980067344,
            "u": 1.0,
            "flag": "INTEREST"
        },
        "~a_8": {
            "yes": 10,
            "no": 45,
            "undecided": 8,
            "unknown": 0,
            "pyes": 0.010179657535179404,
            "pno": 0.9081133140003991,
            "pundecided": 0.040594699237068495,
            "punknown": 0.0,
            "time": 1.9976987838745117,
            "percY": 81.9,
            "percN": 368.55,
            "percU": 65.52,
            "percUNK": 0.0,
            "l": 0.010179657535179404,
            "u": 0.09188668599960093,
            "flag": "INTEREST"
        }
    },
    "data": {
        "n_samples": 819,
        "time": 5.718644142150879,
        "repeated_worlds": 756,
        "repeated_progs": 766,
        "unique_progs": 53
    }
}