{
    "status": {
        "~a_3": {
            "yes": 47,
            "no": 0,
            "undecided": 0,
            "unknown": 7,
            "pyes": 0.9288047810186157,
            "pno": 0.0,
            "pundecided": 0.0,
            "punknown": 0.03913091777082778,
            "time": 1.8650016784667969,
            "percY": 384.93,
            "percN": 0.0,
            "percU": 0.0,
            "percUNK": 57.33,
            "l": 0.9288047810186157,
            "u": 1.0,
            "flag": "INTEREST"
        },
        "a_7": {
            "yes": 12,
            "no": 4,
            "undecided": 37,
            "unknown": 1,
            "pyes": 0.07611200446394137,
            "pno": 0.04541661295553926,
            "pundecided": 0.8458772295066654,
            "punknown": 0.000529851863297353,
            "time": 1.8684141635894775,
            "percY": 98.28,
            "percN": 32.76,
            "percU": 303.03,
            "percUNK": 8.19,
            "l": 0.07611200446394137,
            "u": 0.9545833870444608
        }
    },
    "data": {
        "n_samples": 819,
        "time": 3.8203864097595215,
        "repeated_worlds": 765,
        "repeated_progs": 766,
        "unique_progs": 53
    }
}