{
    "status": {
        "~a_1": {
            "yes": 16,
            "no": 0,
            "undecided": 0,
            "unknown": 46,
            "pyes": 0.07258786413379309,
            "pno": 0.0,
            "pundecided": 0.0,
            "punknown": 0.8852006054837495,
            "time": 1.6936349868774414,
            "percY": 131.04,
            "percN": 0.0,
            "percU": 0.0,
            "percUNK": 376.74,
            "l": 0.07258786413379309,
            "u": 1.0
        },
        "~a_6": {
            "yes": 1,
            "no": 0,
            "undecided": 27,
            "unknown": 34,
            "pyes": 0.0035740895673397827,
            "pno": 0.0,
            "pundecided": 0.10899680700307639,
            "punknown": 0.8452175730471263,
            "time": 1.7223286628723145,
            "percY": 8.19,
            "percN": 0.0,
            "percU": 221.13,
            "percUNK": 278.46,
            "l": 0.0035740895673397827,
            "u": 1.0
        },
        "a_7": {
            "yes": 23,
            "no": 3,
            "undecided": 36,
            "unknown": 0,
            "pyes": 0.12525634745823486,
            "pno": 0.0018609836112458461,
            "pundecided": 0.8306711385480618,
            "punknown": 0.0,
            "time": 1.7071897983551025,
            "percY": 188.37,
            "percN": 24.57,
            "percU": 294.84,
            "percUNK": 0.0,
            "l": 0.12525634745823486,
            "u": 0.9981390163887541
        }
    },
    "data": {
        "n_samples": 819,
        "time": 5.2035088539123535,
        "repeated_worlds": 757,
        "repeated_progs": 770,
        "unique_progs": 49
    }
}