{
    "status": {
        "d_19": {
            "yes": 65,
            "no": 0,
            "undecided": 2,
            "unknown": 7,
            "pyes": 0.9105468175745988,
            "pno": 0.0,
            "pundecided": 0.0021615576784255242,
            "punknown": 0.039020113590214275,
            "time": 1.7314732074737549,
            "percY": 532.35,
            "percN": 0.0,
            "percU": 16.38,
            "percUNK": 57.33,
            "l": 0.9105468175745988,
            "u": 1.0,
            "flag": "INTEREST"
        },
        "~a_9": {
            "yes": 59,
            "no": 0,
            "undecided": 15,
            "unknown": 0,
            "pyes": 0.8854085067576501,
            "pno": 0.0,
            "pundecided": 0.0663199820855885,
            "punknown": 0.0,
            "time": 1.7471990585327148,
            "percY": 483.21,
            "percN": 0.0,
            "percU": 122.85,
            "percUNK": 0.0,
            "l": 0.8854085067576501,
            "u": 1.0,
            "flag": "INTEREST"
        }
    },
    "data": {
        "n_samples": 819,
        "time": 3.57924747467041,
        "repeated_worlds": 745,
        "repeated_progs": 765,
        "unique_progs": 54
    }
}