{
    "status": {
        "~a_0": {
            "yes": 38,
            "no": 0,
            "undecided": 0,
            "unknown": 14,
            "pyes": 0.8771368977652578,
            "pno": 0.0,
            "pundecided": 0.0,
            "punknown": 0.0947971649383298,
            "time": 1.691819190979004,
            "percY": 311.22,
            "percN": 0.0,
            "percU": 0.0,
            "percUNK": 114.66,
            "l": 0.8771368977652578,
            "u": 1.0,
            "flag": "INTEREST"
        },
        "~a_6": {
            "yes": 9,
            "no": 0,
            "undecided": 43,
            "unknown": 0,
            "pyes": 0.0700776932726056,
            "pno": 0.0,
            "pundecided": 0.9018563694309824,
            "punknown": 0.0,
            "time": 1.6916649341583252,
            "percY": 73.71,
            "percN": 0.0,
            "percU": 352.17,
            "percUNK": 0.0,
            "l": 0.0700776932726056,
            "u": 1.0
        },
        "~a_8": {
            "yes": 32,
            "no": 5,
            "undecided": 15,
            "unknown": 0,
            "pyes": 0.8536256338291776,
            "pno": 0.00867383960324596,
            "pundecided": 0.10963458927116435,
            "punknown": 0.0,
            "time": 1.662231206893921,
            "percY": 262.08,
            "percN": 40.95,
            "percU": 122.85,
            "percUNK": 0.0,
            "l": 0.8536256338291776,
            "u": 0.991326160396754,
            "flag": "INTEREST"
        }
    },
    "data": {
        "n_samples": 819,
        "time": 5.116715908050537,
        "repeated_worlds": 767,
        "repeated_progs": 773,
        "unique_progs": 46
    }
}