{
    "status": {
        "~d_13": {
            "yes": 52,
            "no": 0,
            "undecided": 4,
            "unknown": 17,
            "pyes": 0.8998397846475953,
            "pno": 0.0,
            "pundecided": 0.004963856616481048,
            "punknown": 0.05918648885459291,
            "time": 2.5016002655029297,
            "percY": 425.88,
            "percN": 0.0,
            "percU": 32.76,
            "percUNK": 139.23,
            "l": 0.8998397846475953,
            "u": 1.0,
            "flag": "INTEREST"
        },
        "~a_8": {
            "yes": 19,
            "no": 18,
            "undecided": 35,
            "unknown": 1,
            "pyes": 0.7229827255434738,
            "pno": 0.11431299665085959,
            "pundecided": 0.12649957473416884,
            "punknown": 0.0001948331901670215,
            "time": 2.734487771987915,
            "percY": 155.61,
            "percN": 147.42,
            "percU": 286.65,
            "percUNK": 8.19,
            "l": 0.7229827255434738,
            "u": 0.8856870033491404,
            "flag": "INTEREST"
        },
        "a_7": {
            "yes": 19,
            "no": 18,
            "undecided": 36,
            "unknown": 0,
            "pyes": 0.7239539019692892,
            "pno": 0.11290092005383519,
            "pundecided": 0.12713530809554482,
            "punknown": 0.0,
            "time": 2.5573291778564453,
            "percY": 155.61,
            "percN": 147.42,
            "percU": 294.84,
            "percUNK": 0.0,
            "l": 0.7239539019692892,
            "u": 0.8870990799461648,
            "flag": "INTEREST"
        }
    },
    "data": {
        "n_samples": 819,
        "time": 7.899521827697754,
        "repeated_worlds": 746,
        "repeated_progs": 750,
        "unique_progs": 69
    }
}