{
    "status": {
        "~a_0": {
            "yes": 94,
            "no": 0,
            "undecided": 0,
            "unknown": 0,
            "pyes": 0.9480708609939926,
            "pno": 0.0,
            "pundecided": 0.0,
            "punknown": 0.0,
            "time": 3.1046063899993896,
            "percY": 769.86,
            "percN": 0.0,
            "percU": 0.0,
            "percUNK": 0.0,
            "l": 0.9480708609939926,
            "u": 1.0,
            "flag": "INTEREST"
        },
        "a_5": {
            "yes": 9,
            "no": 0,
            "undecided": 0,
            "unknown": 85,
            "pyes": 0.009139879308827594,
            "pno": 0.0,
            "pundecided": 0.0,
            "punknown": 0.938930981685165,
            "time": 3.1440682411193848,
            "percY": 73.71,
            "percN": 0.0,
            "percU": 0.0,
            "percUNK": 696.15,
            "l": 0.009139879308827594,
            "u": 1.0
        },
        "a_8": {
            "yes": 52,
            "no": 9,
            "undecided": 33,
            "unknown": 0,
            "pyes": 0.7932427066213039,
            "pno": 0.06538969960939689,
            "pundecided": 0.08943845476329182,
            "punknown": 0.0,
            "time": 3.1890575885772705,
            "percY": 425.88,
            "percN": 73.71,
            "percU": 270.27,
            "percUNK": 0.0,
            "l": 0.7932427066213039,
            "u": 0.9346103003906031,
            "flag": "INTEREST"
        }
    },
    "data": {
        "n_samples": 819,
        "time": 9.566563606262207,
        "repeated_worlds": 725,
        "repeated_progs": 739,
        "unique_progs": 80
    }
}