{
    "status": {
        "~a_0": {
            "yes": 8021,
            "no": 0,
            "undecided": 0,
            "unknown": 4790,
            "pyes": 0.017326731773629388,
            "pno": 0.0,
            "pundecided": 0.0,
            "punknown": 5.087918210385865e-05,
            "time": 264.1841993331909,
            "percY": 1051312.47,
            "percN": 0.0,
            "percU": 0.0,
            "percUNK": 627825.3,
            "l": 0.017326731773629388,
            "u": 1.0
        },
        "a_5": {
            "yes": 976,
            "no": 0,
            "undecided": 11035,
            "unknown": 800,
            "pyes": 0.00019351543259279856,
            "pno": 0.0,
            "pundecided": 0.017103317920892352,
            "punknown": 8.077760224803117e-05,
            "time": 263.2444179058075,
            "percY": 127924.32,
            "percN": 0.0,
            "percU": 1446357.45,
            "percUNK": 104856.0,
            "l": 0.00019351543259279856,
            "u": 1.0
        },
        "~a_8": {
            "yes": 1242,
            "no": 120,
            "undecided": 11440,
            "unknown": 9,
            "pyes": 0.00019859782155035946,
            "pno": 1.7857882768599088e-08,
            "pundecided": 0.017178995276281295,
            "punknown": 1.876633735458998e-14,
            "time": 264.64623641967773,
            "percY": 162788.94,
            "percN": 15728.4,
            "percU": 1499440.8,
            "percUNK": 1179.63,
            "l": 0.00019859782155035946,
            "u": 0.9999999821421173
        }
    },
    "data": {
        "n_samples": 13107,
        "time": 810.8019714355469,
        "repeated_worlds": 296,
        "repeated_progs": 5098,
        "unique_progs": 8009
    }
}