{
    "status": {
        "~d_9": {
            "yes": 7955,
            "no": 0,
            "undecided": 4776,
            "unknown": 33,
            "pyes": 0.01969167742136475,
            "pno": 0.0,
            "pundecided": 0.0016252839298009963,
            "punknown": 8.79085529266633e-11,
            "time": 293.6846024990082,
            "percY": 1042661.85,
            "percN": 0.0,
            "percU": 625990.32,
            "percUNK": 4325.31,
            "l": 0.01969167742136475,
            "u": 1.0
        },
        "a_5": {
            "yes": 1012,
            "no": 0,
            "undecided": 6994,
            "unknown": 4758,
            "pyes": 3.1933839842730395e-05,
            "pno": 0.0,
            "pundecided": 0.020727777208459648,
            "punknown": 0.0005572503907719441,
            "time": 294.0277795791626,
            "percY": 132642.84,
            "percN": 0.0,
            "percU": 916703.58,
            "percUNK": 623631.06,
            "l": 3.1933839842730395e-05,
            "u": 1.0
        },
        "~a_8": {
            "yes": 16,
            "no": 189,
            "undecided": 12559,
            "unknown": 0,
            "pyes": 8.137216826186442e-07,
            "pno": 7.432207551130865e-06,
            "pundecided": 0.021308715509840585,
            "punknown": 0.0,
            "time": 293.77039861679077,
            "percY": 2097.12,
            "percN": 24772.23,
            "percU": 1646108.13,
            "percUNK": 0.0,
            "l": 8.137216826186442e-07,
            "u": 0.9999925677924488
        }
    },
    "data": {
        "n_samples": 13107,
        "time": 901.066076040268,
        "repeated_worlds": 343,
        "repeated_progs": 5072,
        "unique_progs": 8035
    }
}