{
    "status": {
        "d_13": {
            "yes": 7899,
            "no": 0,
            "undecided": 3352,
            "unknown": 1540,
            "pyes": 0.008843381579758412,
            "pno": 0.0,
            "pundecided": 0.001716216307364732,
            "punknown": 0.00010878442367499558,
            "time": 272.8818438053131,
            "percY": 1035321.93,
            "percN": 0.0,
            "percU": 439346.64,
            "percUNK": 201847.8,
            "l": 0.008843381579758412,
            "u": 1.0
        },
        "~a_7": {
            "yes": 4105,
            "no": 2764,
            "undecided": 5609,
            "unknown": 313,
            "pyes": 0.00154428381035594,
            "pno": 0.00013122583324723432,
            "pundecided": 0.008972567500920096,
            "punknown": 2.0305166274850977e-05,
            "time": 274.46069622039795,
            "percY": 538042.35,
            "percN": 362277.48,
            "percU": 735171.63,
            "percUNK": 41024.91,
            "l": 0.00154428381035594,
            "u": 0.9998687741667528
        },
        "~a_8": {
            "yes": 802,
            "no": 3676,
            "undecided": 8014,
            "unknown": 299,
            "pyes": 1.9725818373977993e-06,
            "pno": 0.0012107631753778916,
            "pundecided": 0.009449060775942882,
            "punknown": 6.585777639941906e-06,
            "time": 274.4481325149536,
            "percY": 105118.14,
            "percN": 481813.32,
            "percU": 1050394.98,
            "percUNK": 39189.93,
            "l": 1.9725818373977993e-06,
            "u": 0.9987892368246221
        }
    },
    "data": {
        "n_samples": 13107,
        "time": 839.5486197471619,
        "repeated_worlds": 316,
        "repeated_progs": 4793,
        "unique_progs": 8314
    }
}