{
    "status": {
        "a_1": {
            "yes": 8004,
            "no": 0,
            "undecided": 0,
            "unknown": 4784,
            "pyes": 0.038377591358921555,
            "pno": 0.0,
            "pundecided": 0.0,
            "punknown": 0.04022051029463035,
            "time": 327.3723666667938,
            "percY": 1049084.28,
            "percN": 0.0,
            "percU": 0.0,
            "percUNK": 627038.88,
            "l": 0.038377591358921555,
            "u": 1.0
        },
        "a_8": {
            "yes": 4262,
            "no": 1257,
            "undecided": 7190,
            "unknown": 79,
            "pyes": 0.0473112148721905,
            "pno": 0.00043542159815875486,
            "pundecided": 0.03085140875722319,
            "punknown": 5.642597939391294e-08,
            "time": 328.8262412548065,
            "percY": 558620.34,
            "percN": 164754.99,
            "percU": 942393.3,
            "percUNK": 10354.53,
            "l": 0.0473112148721905,
            "u": 0.9995645784018412
        }
    },
    "data": {
        "n_samples": 13107,
        "time": 676.0044741630554,
        "repeated_worlds": 319,
        "repeated_progs": 3039,
        "unique_progs": 10068
    }
}