{
    "status": {
        "~d_9": {
            "yes": 7983,
            "no": 0,
            "undecided": 3932,
            "unknown": 876,
            "pyes": 0.01550769721774769,
            "pno": 0.0,
            "pundecided": 0.003323326292448949,
            "punknown": 0.0004076479170576761,
            "time": 337.51446056365967,
            "percY": 1046331.81,
            "percN": 0.0,
            "percU": 515367.24,
            "percUNK": 114817.32,
            "l": 0.01550769721774769,
            "u": 1.0
        },
        "~a_5": {
            "yes": 1016,
            "no": 0,
            "undecided": 11321,
            "unknown": 454,
            "pyes": 3.3541805906709486e-05,
            "pno": 0.0,
            "pundecided": 0.019204897184449565,
            "punknown": 2.3243689808265705e-07,
            "time": 336.15453600883484,
            "percY": 133167.12,
            "percN": 0.0,
            "percU": 1483843.47,
            "percUNK": 59505.78,
            "l": 3.3541805906709486e-05,
            "u": 1.0
        },
        "~a_8": {
            "yes": 985,
            "no": 143,
            "undecided": 11433,
            "unknown": 230,
            "pyes": 2.9113662817011445e-05,
            "pno": 2.4160320127158228e-06,
            "pundecided": 0.01920610727391426,
            "punknown": 1.0344585103716146e-06,
            "time": 337.1912612915039,
            "percY": 129103.95,
            "percN": 18743.01,
            "percU": 1498523.31,
            "percUNK": 30146.1,
            "l": 2.9113662817011445e-05,
            "u": 0.9999975839679873
        }
    },
    "data": {
        "n_samples": 13107,
        "time": 1031.5466060638428,
        "repeated_worlds": 316,
        "repeated_progs": 2854,
        "unique_progs": 10253
    }
}