{
    "status": {
        "a_8": {
            "yes": 7982,
            "no": 0,
            "undecided": 4793,
            "unknown": 19,
            "pyes": 0.0621186658170273,
            "pno": 0.0,
            "pundecided": 0.0022916096920600057,
            "punknown": 1.112597472481621e-09,
            "time": 189.44389748573303,
            "percY": 1046200.74,
            "percN": 0.0,
            "percU": 628218.51,
            "percUNK": 2490.33,
            "l": 0.0621186658170273,
            "u": 1.0
        },
        "a_6": {
            "yes": 1014,
            "no": 0,
            "undecided": 11626,
            "unknown": 154,
            "pyes": 3.398088474182739e-07,
            "pno": 0.0,
            "pundecided": 0.06440952870961147,
            "punknown": 4.081032255293768e-07,
            "time": 188.83264327049255,
            "percY": 132904.98,
            "percN": 0.0,
            "percU": 1523819.82,
            "percUNK": 20184.78,
            "l": 3.398088474182739e-07,
            "u": 1.0
        },
        "~a_9": {
            "yes": 790,
            "no": 197,
            "undecided": 11769,
            "unknown": 38,
            "pyes": 2.0229479828137894e-06,
            "pno": 9.202506745121239e-07,
            "pundecided": 0.06440733299033892,
            "punknown": 4.326882136236946e-10,
            "time": 189.43530368804932,
            "percY": 103545.3,
            "percN": 25820.79,
            "percU": 1542562.83,
            "percUNK": 4980.66,
            "l": 2.0229479828137894e-06,
            "u": 0.9999990797493254
        }
    },
    "data": {
        "n_samples": 13107,
        "time": 583.5910360813141,
        "repeated_worlds": 313,
        "repeated_progs": 7352,
        "unique_progs": 5755
    }
}