{
    "status": {
        "a_2": {
            "yes": 7971,
            "no": 0,
            "undecided": 3012,
            "unknown": 1827,
            "pyes": 0.010846821993011686,
            "pno": 0.0,
            "pundecided": 0.00038322902510556765,
            "punknown": 0.00098162785155209,
            "time": 305.736212015152,
            "percY": 1044758.97,
            "percN": 0.0,
            "percU": 394782.84,
            "percUNK": 239464.89,
            "l": 0.010846821993011686,
            "u": 1.0
        },
        "~a_6": {
            "yes": 1633,
            "no": 0,
            "undecided": 0,
            "unknown": 11177,
            "pyes": 5.160865082783955e-05,
            "pno": 0.0,
            "pundecided": 0.0,
            "punknown": 0.0121600702188415,
            "time": 305.62152314186096,
            "percY": 214037.31,
            "percN": 0.0,
            "percU": 0.0,
            "percUNK": 1464969.39,
            "l": 5.160865082783955e-05,
            "u": 1.0
        },
        "a_7": {
            "yes": 2377,
            "no": 5292,
            "undecided": 5126,
            "unknown": 15,
            "pyes": 0.001526753330187727,
            "pno": 0.008554328213304447,
            "pundecided": 0.0021223404098805426,
            "punknown": 8.256916296635232e-06,
            "time": 308.33150148391724,
            "percY": 311553.39,
            "percN": 693622.44,
            "percU": 671864.82,
            "percUNK": 1966.05,
            "l": 0.001526753330187727,
            "u": 0.9914456717866955
        }
    },
    "data": {
        "n_samples": 13107,
        "time": 939.092015504837,
        "repeated_worlds": 297,
        "repeated_progs": 3817,
        "unique_progs": 9290
    }
}