{
    "status": {
        "d_18": {
            "yes": 8042,
            "no": 0,
            "undecided": 2980,
            "unknown": 1779,
            "pyes": 0.038029172390664154,
            "pno": 0.0,
            "pundecided": 0.0009722082062135787,
            "punknown": 2.5697274587123195e-07,
            "time": 328.168621301651,
            "percY": 1054064.94,
            "percN": 0.0,
            "percU": 390588.6,
            "percUNK": 233173.53,
            "l": 0.038029172390664154,
            "u": 1.0
        },
        "a_7": {
            "yes": 898,
            "no": 53,
            "undecided": 11836,
            "unknown": 14,
            "pyes": 0.00033771946762434896,
            "pno": 5.210338673671666e-11,
            "pundecided": 0.03866391794922812,
            "punknown": 1.0066779919735718e-10,
            "time": 328.76646733283997,
            "percY": 117700.86,
            "percN": 6946.71,
            "percU": 1551344.52,
            "percUNK": 1834.98,
            "l": 0.00033771946762434896,
            "u": 0.9999999999478966
        }
    },
    "data": {
        "n_samples": 13107,
        "time": 677.425386428833,
        "repeated_worlds": 306,
        "repeated_progs": 3118,
        "unique_progs": 9989
    }
}