{
    "status": {
        "d_16": {
            "yes": 11160,
            "no": 0,
            "undecided": 1222,
            "unknown": 392,
            "pyes": 0.07209816996400518,
            "pno": 0.0,
            "pundecided": 0.000213673341620288,
            "punknown": 9.810799578477536e-07,
            "time": 279.1185505390167,
            "percY": 1462741.2,
            "percN": 0.0,
            "percU": 160167.54,
            "percUNK": 51379.44,
            "l": 0.07209816996400518,
            "u": 1.0
        },
        "a_7": {
            "yes": 5661,
            "no": 2351,
            "undecided": 4708,
            "unknown": 54,
            "pyes": 0.06129726387323806,
            "pno": 9.807871668961761e-05,
            "pundecided": 0.01091730994738451,
            "punknown": 1.718482712877816e-07,
            "time": 282.6095247268677,
            "percY": 741987.27,
            "percN": 308145.57,
            "percU": 617077.56,
            "percUNK": 7077.78,
            "l": 0.06129726387323806,
            "u": 0.9999019212833103
        },
        "a_8": {
            "yes": 677,
            "no": 296,
            "undecided": 11801,
            "unknown": 0,
            "pyes": 1.4049181428419403e-07,
            "pno": 1.199087935512048e-06,
            "pundecided": 0.07231148480583359,
            "punknown": 0.0,
            "time": 280.6563768386841,
            "percY": 88734.39,
            "percN": 38796.72,
            "percU": 1546757.07,
            "percUNK": 0.0,
            "l": 1.4049181428419403e-07,
            "u": 0.9999988009120645
        }
    },
    "data": {
        "n_samples": 13107,
        "time": 861.4806094169617,
        "repeated_worlds": 333,
        "repeated_progs": 2468,
        "unique_progs": 10639
    }
}