{
    "status": {
        "d_13": {
            "yes": 8006,
            "no": 0,
            "undecided": 3229,
            "unknown": 1546,
            "pyes": 0.003146050476309281,
            "pno": 0.0,
            "pundecided": 0.0279134460407462,
            "punknown": 1.4355990732368107e-05,
            "time": 176.57749319076538,
            "percY": 1049346.42,
            "percN": 0.0,
            "percU": 423225.03,
            "percUNK": 202634.22,
            "l": 0.003146050476309281,
            "u": 1.0
        },
        "a_6": {
            "yes": 5017,
            "no": 0,
            "undecided": 6690,
            "unknown": 1074,
            "pyes": 0.02361162057138807,
            "pno": 0.0,
            "pundecided": 0.007461211360166551,
            "punknown": 1.0205762332068701e-06,
            "time": 175.8613624572754,
            "percY": 657578.19,
            "percN": 0.0,
            "percU": 876858.3,
            "percUNK": 140769.18,
            "l": 0.02361162057138807,
            "u": 1.0
        },
        "~a_8": {
            "yes": 2142,
            "no": 4411,
            "undecided": 5961,
            "unknown": 267,
            "pyes": 0.0005183051762394234,
            "pno": 0.00014110881095816036,
            "pundecided": 0.030414028378276267,
            "punknown": 4.101423140191845e-07,
            "time": 178.4439594745636,
            "percY": 280751.94,
            "percN": 578149.77,
            "percU": 781308.27,
            "percUNK": 34995.69,
            "l": 0.0005183051762394234,
            "u": 0.9998588911890418
        }
    },
    "data": {
        "n_samples": 13107,
        "time": 546.0155262947083,
        "repeated_worlds": 326,
        "repeated_progs": 6477,
        "unique_progs": 6630
    }
}