{
    "status": {
        "~d_17": {
            "yes": 7964,
            "no": 0,
            "undecided": 3583,
            "unknown": 1237,
            "pyes": 0.010913264587198651,
            "pno": 0.0,
            "pundecided": 0.0008650198346326354,
            "punknown": 0.00044641905981841816,
            "time": 229.44922757148743,
            "percY": 1043841.48,
            "percN": 0.0,
            "percU": 469623.81,
            "percUNK": 162133.59,
            "l": 0.010913264587198651,
            "u": 1.0
        },
        "a_6": {
            "yes": 5013,
            "no": 0,
            "undecided": 7557,
            "unknown": 214,
            "pyes": 0.0031602610083778294,
            "pno": 0.0,
            "pundecided": 0.009063524931838214,
            "punknown": 9.175414336809405e-07,
            "time": 230.18303084373474,
            "percY": 657053.91,
            "percN": 0.0,
            "percU": 990495.99,
            "percUNK": 28048.98,
            "l": 0.0031602610083778294,
            "u": 1.0
        },
        "a_8": {
            "yes": 5020,
            "no": 857,
            "undecided": 6616,
            "unknown": 291,
            "pyes": 0.004514306635257231,
            "pno": 0.0011417379630291324,
            "pundecided": 0.006558572339053326,
            "punknown": 1.0086544310010897e-05,
            "time": 232.05145144462585,
            "percY": 657971.4,
            "percN": 112326.99,
            "percU": 867159.12,
            "percUNK": 38141.37,
            "l": 0.004514306635257231,
            "u": 0.9988582620369708
        }
    },
    "data": {
        "n_samples": 13107,
        "time": 708.4162266254425,
        "repeated_worlds": 323,
        "repeated_progs": 4402,
        "unique_progs": 8705
    }
}