{
    "status": {
        "a_0": {
            "yes": 8002,
            "no": 0,
            "undecided": 0,
            "unknown": 4790,
            "pyes": 0.01828169099238813,
            "pno": 0.0,
            "pundecided": 0.0,
            "punknown": 0.0010236730831160092,
            "time": 61.94369840621948,
            "percY": 1048822.14,
            "percN": 0.0,
            "percU": 0.0,
            "percUNK": 627825.3,
            "l": 0.01828169099238813,
            "u": 1.0
        },
        "~a_9": {
            "yes": 3629,
            "no": 1379,
            "undecided": 6038,
            "unknown": 1746,
            "pyes": 0.002248508282637202,
            "pno": 0.015905907774890038,
            "pundecided": 0.0011396251387850835,
            "punknown": 1.1322879191882326e-05,
            "time": 62.24107241630554,
            "percY": 475653.03,
            "percN": 180745.53,
            "percU": 791400.66,
            "percUNK": 228848.22,
            "l": 0.002248508282637202,
            "u": 0.98409409222511
        },
        "a_9": {
            "yes": 1379,
            "no": 3629,
            "undecided": 6038,
            "unknown": 1746,
            "pyes": 0.015905907774890038,
            "pno": 0.002248508282637202,
            "pundecided": 0.0011396251387850835,
            "punknown": 1.1322879191882326e-05,
            "time": 62.474024534225464,
            "percY": 180745.53,
            "percN": 475653.03,
            "percU": 791400.66,
            "percUNK": 228848.22,
            "l": 0.015905907774890038,
            "u": 0.9977514917173628
        }
    },
    "data": {
        "n_samples": 13107,
        "time": 197.95575666427612,
        "repeated_worlds": 315,
        "repeated_progs": 11350,
        "unique_progs": 1757
    }
}