{
    "status": {
        "~d_10": {
            "yes": 1565,
            "no": 0,
            "undecided": 10470,
            "unknown": 713,
            "pyes": 5.149462233905454e-05,
            "pno": 0.0,
            "pundecided": 0.03313303026212505,
            "punknown": 7.661737815666339e-06,
            "time": 234.6298804283142,
            "percY": 205124.55,
            "percN": 0.0,
            "percU": 1372302.9,
            "percUNK": 93452.91,
            "l": 5.149462233905454e-05,
            "u": 1.0
        },
        "~a_8": {
            "yes": 820,
            "no": 125,
            "undecided": 11692,
            "unknown": 111,
            "pyes": 5.741928606870726e-06,
            "pno": 7.085131503469303e-10,
            "pundecided": 0.03318554384721961,
            "punknown": 9.001379401909469e-07,
            "time": 234.76221776008606,
            "percY": 107477.4,
            "percN": 16383.75,
            "percU": 1532470.44,
            "percUNK": 14548.77,
            "l": 5.741928606870726e-06,
            "u": 0.9999999992914869
        },
        "a_8": {
            "yes": 125,
            "no": 820,
            "undecided": 11692,
            "unknown": 111,
            "pyes": 7.085131503469303e-10,
            "pno": 5.741928606870726e-06,
            "pundecided": 0.03318554384721961,
            "punknown": 9.001379401909469e-07,
            "time": 234.96382188796997,
            "percY": 16383.75,
            "percN": 107477.4,
            "percU": 1532470.44,
            "percUNK": 14548.77,
            "l": 7.085131503469303e-10,
            "u": 0.9999942580713931
        }
    },
    "data": {
        "n_samples": 13107,
        "time": 722.1469206809998,
        "repeated_worlds": 359,
        "repeated_progs": 6347,
        "unique_progs": 6760
    }
}