{
    "status": {
        "~d_9": {
            "yes": 7983,
            "no": 0,
            "undecided": 4719,
            "unknown": 74,
            "pyes": 0.05198894814069095,
            "pno": 0.0,
            "pundecided": 0.004418751795592665,
            "punknown": 1.0176313406429942e-05,
            "time": 257.5067195892334,
            "percY": 1046331.81,
            "percN": 0.0,
            "percU": 618519.33,
            "percUNK": 9699.18,
            "l": 0.05198894814069095,
            "u": 1.0
        },
        "a_7": {
            "yes": 2137,
            "no": 1990,
            "undecided": 7894,
            "unknown": 755,
            "pyes": 8.0028156376648e-05,
            "pno": 0.00010452321224709988,
            "pundecided": 0.05561530470266796,
            "punknown": 0.0006180201783983986,
            "time": 258.4106352329254,
            "percY": 280096.59,
            "percN": 260829.3,
            "percU": 1034666.58,
            "percUNK": 98957.85,
            "l": 8.0028156376648e-05,
            "u": 0.9998954767877529
        },
        "a_8": {
            "yes": 3452,
            "no": 1351,
            "undecided": 7923,
            "unknown": 50,
            "pyes": 0.04721769722930439,
            "pno": 0.00112219578714292,
            "pundecided": 0.008067142598891408,
            "punknown": 1.0840634351258558e-05,
            "time": 259.16113543510437,
            "percY": 452453.64,
            "percN": 177075.57,
            "percU": 1038467.61,
            "percUNK": 6553.5,
            "l": 0.04721769722930439,
            "u": 0.9988778042128571
        }
    },
    "data": {
        "n_samples": 13107,
        "time": 794.2623343467712,
        "repeated_worlds": 331,
        "repeated_progs": 6196,
        "unique_progs": 6911
    }
}