{
    "status": {
        "d_10": {
            "yes": 11184,
            "no": 0,
            "undecided": 360,
            "unknown": 1234,
            "pyes": 0.020506487926999682,
            "pno": 0.0,
            "pundecided": 2.6441621874592284e-06,
            "punknown": 9.528222715724061e-05,
            "time": 285.76282930374146,
            "percY": 1465886.88,
            "percN": 0.0,
            "percU": 47185.2,
            "percUNK": 161740.38,
            "l": 0.020506487926999682,
            "u": 1.0
        },
        "a_6": {
            "yes": 1439,
            "no": 0,
            "undecided": 4264,
            "unknown": 7075,
            "pyes": 0.003795047442128776,
            "pno": 0.0,
            "pundecided": 0.0026207013734399235,
            "punknown": 0.014188665500775778,
            "time": 285.3923234939575,
            "percY": 188609.73,
            "percN": 0.0,
            "percU": 558882.48,
            "percUNK": 927320.25,
            "l": 0.003795047442128776,
            "u": 1.0
        },
        "~a_8": {
            "yes": 421,
            "no": 876,
            "undecided": 11481,
            "unknown": 0,
            "pyes": 8.166915036890052e-05,
            "pno": 0.0019175776054436231,
            "pundecided": 0.018605167560531884,
            "punknown": 0.0,
            "time": 285.46847438812256,
            "percY": 55180.47,
            "percN": 114817.32,
            "percU": 1504814.67,
            "percUNK": 0.0,
            "l": 8.166915036890052e-05,
            "u": 0.9980824223945564
        }
    },
    "data": {
        "n_samples": 13107,
        "time": 876.5246288776398,
        "repeated_worlds": 329,
        "repeated_progs": 5004,
        "unique_progs": 8103
    }
}