{
    "status": {
        "~d_11": {
            "yes": 8026,
            "no": 0,
            "undecided": 3538,
            "unknown": 1210,
            "pyes": 0.03311908623313629,
            "pno": 0.0,
            "pundecided": 1.622854949064839e-05,
            "punknown": 0.0001645623170898536,
            "time": 156.67837142944336,
            "percY": 1051967.82,
            "percN": 0.0,
            "percU": 463725.66,
            "percUNK": 158594.7,
            "l": 0.03311908623313629,
            "u": 1.0
        },
        "~a_8": {
            "yes": 4567,
            "no": 1779,
            "undecided": 6363,
            "unknown": 65,
            "pyes": 0.005135873117116764,
            "pno": 0.027676874679038718,
            "pundecided": 0.00048705960020102275,
            "punknown": 6.970336018603392e-08,
            "time": 159.3494827747345,
            "percY": 598596.69,
            "percN": 233173.53,
            "percU": 833998.41,
            "percUNK": 8519.55,
            "l": 0.005135873117116764,
            "u": 0.9723231253209613
        },
        "a_8": {
            "yes": 1779,
            "no": 4567,
            "undecided": 6363,
            "unknown": 65,
            "pyes": 0.027676874679038718,
            "pno": 0.005135873117116764,
            "pundecided": 0.00048705960020102275,
            "punknown": 6.970336018603392e-08,
            "time": 159.19872999191284,
            "percY": 233173.53,
            "percN": 598596.69,
            "percU": 833998.41,
            "percUNK": 8519.55,
            "l": 0.027676874679038718,
            "u": 0.9948641268828833
        }
    },
    "data": {
        "n_samples": 13107,
        "time": 491.00915718078613,
        "repeated_worlds": 333,
        "repeated_progs": 8618,
        "unique_progs": 4489
    }
}