{
    "status": {
        "~d_15": {
            "yes": 7865,
            "no": 0,
            "undecided": 3669,
            "unknown": 1239,
            "pyes": 0.00421194254655786,
            "pno": 0.0,
            "pundecided": 0.0022500909484821047,
            "punknown": 4.242068042342577e-06,
            "time": 252.89742708206177,
            "percY": 1030865.55,
            "percN": 0.0,
            "percU": 480895.83,
            "percUNK": 162395.73,
            "l": 0.00421194254655786,
            "u": 1.0
        },
        "a_7": {
            "yes": 416,
            "no": 220,
            "undecided": 12040,
            "unknown": 97,
            "pyes": 8.054084606068229e-07,
            "pno": 4.4917823890215096e-08,
            "pundecided": 0.006465424579251222,
            "punknown": 6.575465918862595e-10,
            "time": 252.00735569000244,
            "percY": 54525.12,
            "percN": 28835.4,
            "percU": 1578082.8,
            "percUNK": 12713.79,
            "l": 8.054084606068229e-07,
            "u": 0.9999999550821761
        },
        "~a_8": {
            "yes": 222,
            "no": 729,
            "undecided": 11568,
            "unknown": 254,
            "pyes": 6.865596969103838e-07,
            "pno": 8.834260499660956e-06,
            "pundecided": 0.006454081756528302,
            "punknown": 2.6729863574374125e-06,
            "time": 252.3938901424408,
            "percY": 29097.54,
            "percN": 95550.03,
            "percU": 1516217.76,
            "percUNK": 33291.78,
            "l": 6.865596969103838e-07,
            "u": 0.9999911657395003
        }
    },
    "data": {
        "n_samples": 13107,
        "time": 774.86887550354,
        "repeated_worlds": 334,
        "repeated_progs": 5437,
        "unique_progs": 7670
    }
}