{
    "status": {
        "~d_15": {
            "yes": 11164,
            "no": 0,
            "undecided": 1007,
            "unknown": 595,
            "pyes": 0.07491679492931559,
            "pno": 0.0,
            "pundecided": 0.022632904965355576,
            "punknown": 7.057074854972249e-06,
            "time": 243.07178497314453,
            "percY": 1463265.48,
            "percN": 0.0,
            "percU": 131987.49,
            "percUNK": 77986.65,
            "l": 0.07491679492931559,
            "u": 1.0
        },
        "~a_8": {
            "yes": 336,
            "no": 8875,
            "undecided": 3502,
            "unknown": 53,
            "pyes": 0.0017545499335391646,
            "pno": 0.07316155404255321,
            "pundecided": 0.022640652466369017,
            "punknown": 5.270647007972948e-10,
            "time": 244.23959040641785,
            "percY": 44039.52,
            "percN": 1163246.25,
            "percU": 459007.14,
            "percUNK": 6946.71,
            "l": 0.0017545499335391646,
            "u": 0.9268384459574468
        },
        "~a_7": {
            "yes": 1873,
            "no": 5501,
            "undecided": 5244,
            "unknown": 148,
            "pyes": 9.102948256166649e-05,
            "pno": 0.09551624539856621,
            "pundecided": 0.0019494820883981627,
            "punknown": 0.0,
            "time": 245.38234329223633,
            "percY": 245494.11,
            "percN": 721016.07,
            "percU": 687331.08,
            "percUNK": 19398.36,
            "l": 9.102948256166649e-05,
            "u": 0.9044837546014338
        }
    },
    "data": {
        "n_samples": 13107,
        "time": 750.6730239391327,
        "repeated_worlds": 341,
        "repeated_progs": 5739,
        "unique_progs": 7368
    }
}