{
    "status": {
        "d_17": {
            "yes": 8010,
            "no": 0,
            "undecided": 4249,
            "unknown": 508,
            "pyes": 0.38067730086050994,
            "pno": 0.0,
            "pundecided": 6.127696986552727e-05,
            "punknown": 6.6711869589209045e-06,
            "time": 299.1960608959198,
            "percY": 1049870.7,
            "percN": 0.0,
            "percU": 556916.43,
            "percUNK": 66583.56,
            "l": 0.38067730086050994,
            "u": 1.0
        },
        "a_9": {
            "yes": 2904,
            "no": 1094,
            "undecided": 8715,
            "unknown": 54,
            "pyes": 0.37885813741470753,
            "pno": 0.0004752201764160143,
            "pundecided": 0.0014094984215335161,
            "punknown": 2.3930046776493275e-06,
            "time": 304.9484877586365,
            "percY": 380627.28,
            "percN": 143390.58,
            "percU": 1142275.05,
            "percUNK": 7077.78,
            "l": 0.37885813741470753,
            "u": 0.999524779823584
        }
    },
    "data": {
        "n_samples": 13107,
        "time": 623.8116505146027,
        "repeated_worlds": 340,
        "repeated_progs": 4009,
        "unique_progs": 9098
    }
}