{
    "status": {
        "a_3": {
            "yes": 51,
            "no": 0,
            "undecided": 26,
            "unknown": 0,
            "pyes": 0.04805044266078428,
            "pno": 0.0,
            "pundecided": 1.1444839974418186,
            "punknown": 0.0,
            "time": 2.109154224395752,
            "percY": 21.93,
            "percN": 0.0,
            "percU": 11.18,
            "percUNK": 0.0,
            "l": 0.04805044266078428,
            "u": 1.0
        },
        "a_5": {
            "yes": 70,
            "no": 0,
            "undecided": 0,
            "unknown": 7,
            "pyes": 1.1823974000723647,
            "pno": 0.0,
            "pundecided": 0.0,
            "punknown": 0.01013704003023845,
            "time": 2.134082317352295,
            "percY": 30.1,
            "percN": 0.0,
            "percU": 0.0,
            "percUNK": 3.01,
            "l": 1.1823974000723647,
            "u": 1.0,
            "flag": "INTEREST"
        },
        "~a_7": {
            "yes": 12,
            "no": 30,
            "undecided": 35,
            "unknown": 0,
            "pyes": 0.00017177036072156982,
            "pno": 0.04787358896782369,
            "pundecided": 1.1444890807740578,
            "punknown": 0.0,
            "time": 2.3507800102233887,
            "percY": 5.16,
            "percN": 12.9,
            "percU": 15.05,
            "percUNK": 0.0,
            "l": 0.00017177036072156982,
            "u": 0.9521264110321763
        }
    },
    "data": {
        "n_samples": 43,
        "time": 4.802141427993774,
        "repeated_programs": 2,
        "inconsistent_programs": 5,
        "worlds_consulted": 1000
    }
}