{
    "status": {
        "~d_17": {
            "yes": 61,
            "no": 0,
            "undecided": 0,
            "unknown": 29,
            "pyes": 0.1771363844140671,
            "pno": 0.0,
            "pundecided": 0.0,
            "punknown": 4.880833784127902e-06,
            "time": 2.681199550628662,
            "percY": 36.6,
            "percN": 0.0,
            "percU": 0.0,
            "percUNK": 17.4,
            "l": 0.1771363844140671,
            "u": 1.0
        },
        "a_6": {
            "yes": 90,
            "no": 0,
            "undecided": 0,
            "unknown": 0,
            "pyes": 0.17714126524785123,
            "pno": 0.0,
            "pundecided": 0.0,
            "punknown": 0.0,
            "time": 2.471082925796509,
            "percY": 54.0,
            "percN": 0.0,
            "percU": 0.0,
            "percUNK": 0.0,
            "l": 0.17714126524785123,
            "u": 1.0
        },
        "a_7": {
            "yes": 31,
            "no": 51,
            "undecided": 8,
            "unknown": 0,
            "pyes": 0.1733998794019311,
            "pno": 0.003716324274520763,
            "pundecided": 2.5061571399334142e-05,
            "punknown": 0.0,
            "time": 2.755669593811035,
            "percY": 18.6,
            "percN": 30.6,
            "percU": 4.8,
            "percUNK": 0.0,
            "l": 0.1733998794019311,
            "u": 0.9962836757254793
        }
    },
    "data": {
        "n_samples": 60,
        "time": 6.298102140426636,
        "repeated_programs": 7,
        "inconsistent_programs": 16,
        "worlds_consulted": 812
    }
}