{
    "status": {
        "~d_16": {
            "yes": 96,
            "no": 0,
            "undecided": 36,
            "unknown": 30,
            "pyes": 0.14596883744578476,
            "pno": 0.0,
            "pundecided": 0.00045848171195365874,
            "punknown": 0.008634854462389615,
            "time": 4.755261421203613,
            "percY": 84.48,
            "percN": 0.0,
            "percU": 31.68,
            "percUNK": 26.4,
            "l": 0.14596883744578476,
            "u": 1.0
        },
        "~a_9": {
            "yes": 60,
            "no": 56,
            "undecided": 46,
            "unknown": 0,
            "pyes": 0.1462662685131142,
            "pno": 0.005205476613065352,
            "pundecided": 0.0035904284939485926,
            "punknown": 0.0,
            "time": 4.830145835876465,
            "percY": 52.8,
            "percN": 49.28,
            "percU": 40.48,
            "percUNK": 0.0,
            "l": 0.1462662685131142,
            "u": 0.9947945233869346
        }
    },
    "data": {
        "n_samples": 88,
        "time": 6.738953590393066,
        "repeated_programs": 7,
        "inconsistent_programs": 0,
        "worlds_consulted": 1409
    }
}