{
    "status": {
        "d_11": {
            "yes": 56,
            "no": 0,
            "undecided": 0,
            "unknown": 0,
            "pyes": 0.18936274906630726,
            "pno": 0.0,
            "pundecided": 0.0,
            "punknown": 0.0,
            "time": 1.3182826042175293,
            "percY": 15.68,
            "percN": 0.0,
            "percU": 0.0,
            "percUNK": 0.0,
            "l": 0.18936274906630726,
            "u": 1.0
        },
        "a_8": {
            "yes": 34,
            "no": 10,
            "undecided": 12,
            "unknown": 0,
            "pyes": 0.1783678845058152,
            "pno": 0.0006847612437028393,
            "pundecided": 0.010310103316789224,
            "punknown": 0.0,
            "time": 1.4649972915649414,
            "percY": 9.52,
            "percN": 2.8,
            "percU": 3.36,
            "percUNK": 0.0,
            "l": 0.1783678845058152,
            "u": 0.9993152387562971
        },
        "~a_7": {
            "yes": 34,
            "no": 22,
            "undecided": 0,
            "unknown": 0,
            "pyes": 0.18707567643805542,
            "pno": 0.0022870726282518527,
            "pundecided": 0.0,
            "punknown": 0.0,
            "time": 1.4755878448486328,
            "percY": 9.52,
            "percN": 6.16,
            "percU": 0.0,
            "percUNK": 0.0,
            "l": 0.18707567643805542,
            "u": 0.9977129273717481
        }
    },
    "data": {
        "n_samples": 28,
        "time": 4.004106044769287,
        "repeated_programs": 0,
        "inconsistent_programs": 0,
        "worlds_consulted": 2036
    }
}