{
    "status": {
        "d_9": {
            "yes": 196,
            "no": 0,
            "undecided": 0,
            "unknown": 0,
            "pyes": 0.06969278615489836,
            "pno": 0.0,
            "pundecided": 0.0,
            "punknown": 0.0,
            "time": 4.670134544372559,
            "percY": 225.4,
            "percN": 0.0,
            "percU": 0.0,
            "percUNK": 0.0,
            "l": 0.06969278615489836,
            "u": 1.0
        },
        "~a_8": {
            "yes": 126,
            "no": 0,
            "undecided": 70,
            "unknown": 0,
            "pyes": 0.06969262868841279,
            "pno": 0.0,
            "pundecided": 1.5746648558813182e-07,
            "punknown": 0.0,
            "time": 4.676284313201904,
            "percY": 144.9,
            "percN": 0.0,
            "percU": 80.5,
            "percUNK": 0.0,
            "l": 0.06969262868841279,
            "u": 1.0
        }
    },
    "data": {
        "n_samples": 115,
        "time": 6.731968402862549,
        "repeated_programs": 17,
        "inconsistent_programs": 0,
        "worlds_consulted": 1599
    }
}