{
    "status": {
        "d_14": {
            "yes": 393,
            "no": 0,
            "undecided": 0,
            "unknown": 0,
            "pyes": 0.0014472659675100114,
            "pno": 0.0,
            "pundecided": 0.0,
            "punknown": 0.0,
            "time": 9.556138753890991,
            "percY": 864.6,
            "percN": 0.0,
            "percU": 0.0,
            "percUNK": 0.0,
            "l": 0.0014472659675100114,
            "u": 1.0
        },
        "~a_9": {
            "yes": 33,
            "no": 144,
            "undecided": 216,
            "unknown": 0,
            "pyes": 8.508960033272995e-05,
            "pno": 0.0013491708768748425,
            "pundecided": 1.3005490302438418e-05,
            "punknown": 0.0,
            "time": 10.00168776512146,
            "percY": 72.6,
            "percN": 316.8,
            "percU": 475.2,
            "percUNK": 0.0,
            "l": 8.508960033272995e-05,
            "u": 0.9986508291231252
        }
    },
    "data": {
        "n_samples": 220,
        "time": 13.417249202728271,
        "repeated_programs": 17,
        "inconsistent_programs": 13,
        "worlds_consulted": 2019
    }
}