{
    "status": {
        "~d_18": {
            "yes": 64,
            "no": 0,
            "undecided": 32,
            "unknown": 10,
            "pyes": 0.00029304857975291095,
            "pno": 0.0,
            "pundecided": 0.0004972218724473124,
            "punknown": 1.037252123280389e-06,
            "time": 2.4856815338134766,
            "percY": 36.48,
            "percN": 0.0,
            "percU": 18.24,
            "percUNK": 5.7,
            "l": 0.00029304857975291095,
            "u": 1.0
        },
        "a_8": {
            "yes": 38,
            "no": 24,
            "undecided": 44,
            "unknown": 0,
            "pyes": 0.00015978958559768772,
            "pno": 2.5674508978387084e-05,
            "pundecided": 0.0006058436097474287,
            "punknown": 0.0,
            "time": 2.685044765472412,
            "percY": 21.66,
            "percN": 13.68,
            "percU": 25.08,
            "percUNK": 0.0,
            "l": 0.00015978958559768772,
            "u": 0.9999743254910216
        }
    },
    "data": {
        "n_samples": 57,
        "time": 3.3673410415649414,
        "repeated_programs": 4,
        "inconsistent_programs": 0,
        "worlds_consulted": 472
    }
}