{
    "status": {
        "d_14": {
            "yes": 58,
            "no": 0,
            "undecided": 0,
            "unknown": 0,
            "pyes": 0.23819649555236028,
            "pno": 0.0,
            "pundecided": 0.0,
            "punknown": 0.0,
            "time": 1.4305596351623535,
            "percY": 18.56,
            "percN": 0.0,
            "percU": 0.0,
            "percUNK": 0.0,
            "l": 0.23819649555236028,
            "u": 1.0
        },
        "a_8": {
            "yes": 48,
            "no": 10,
            "undecided": 0,
            "unknown": 0,
            "pyes": 0.23675944317130215,
            "pno": 0.001437052381058131,
            "pundecided": 0.0,
            "punknown": 0.0,
            "time": 1.4833531379699707,
            "percY": 15.36,
            "percN": 3.2,
            "percU": 0.0,
            "percUNK": 0.0,
            "l": 0.23675944317130215,
            "u": 0.9985629476189418
        },
        "~a_7": {
            "yes": 36,
            "no": 22,
            "undecided": 0,
            "unknown": 0,
            "pyes": 0.22773951795566538,
            "pno": 0.010456977596694901,
            "pundecided": 0.0,
            "punknown": 0.0,
            "time": 1.4917407035827637,
            "percY": 11.52,
            "percN": 7.04,
            "percU": 0.0,
            "percUNK": 0.0,
            "l": 0.22773951795566538,
            "u": 0.989543022403305
        }
    },
    "data": {
        "n_samples": 32,
        "time": 4.3053553104400635,
        "repeated_programs": 3,
        "inconsistent_programs": 0,
        "worlds_consulted": 2348
    }
}