{
    "status": {
        "a_0": {
            "yes": 42,
            "no": 0,
            "undecided": 0,
            "unknown": 0,
            "pyes": 0.13681770243389144,
            "pno": 0.0,
            "pundecided": 0.0,
            "punknown": 0.0,
            "time": 1.1349120140075684,
            "percY": 9.24,
            "percN": 0.0,
            "percU": 0.0,
            "percUNK": 0.0,
            "l": 0.13681770243389144,
            "u": 1.0
        },
        "a_6": {
            "yes": 32,
            "no": 0,
            "undecided": 0,
            "unknown": 10,
            "pyes": 0.12699052344806086,
            "pno": 0.0,
            "pundecided": 0.0,
            "punknown": 0.009827178985830578,
            "time": 1.1583852767944336,
            "percY": 7.04,
            "percN": 0.0,
            "percU": 0.0,
            "percUNK": 2.2,
            "l": 0.12699052344806086,
            "u": 1.0
        },
        "a_9": {
            "yes": 14,
            "no": 28,
            "undecided": 0,
            "unknown": 0,
            "pyes": 0.0015356613404498933,
            "pno": 0.13528204109344152,
            "pundecided": 0.0,
            "punknown": 0.0,
            "time": 1.3774657249450684,
            "percY": 3.08,
            "percN": 6.16,
            "percU": 0.0,
            "percUNK": 0.0,
            "l": 0.0015356613404498933,
            "u": 0.8647179589065584
        }
    },
    "data": {
        "n_samples": 22,
        "time": 2.3289601802825928,
        "repeated_programs": 1,
        "inconsistent_programs": 0,
        "worlds_consulted": 336
    }
}