{
    "status": {
        "~d_10": {
            "yes": 168,
            "no": 0,
            "undecided": 0,
            "unknown": 0,
            "pyes": 0.2254467333904842,
            "pno": 0.0,
            "pundecided": 0.0,
            "punknown": 0.0,
            "time": 3.86409592628479,
            "percY": 193.2,
            "percN": 0.0,
            "percU": 0.0,
            "percUNK": 0.0,
            "l": 0.2254467333904842,
            "u": 1.0
        },
        "~a_5": {
            "yes": 62,
            "no": 0,
            "undecided": 106,
            "unknown": 0,
            "pyes": 0.0002616974619955562,
            "pno": 0.0,
            "pundecided": 0.2251850359284887,
            "punknown": 0.0,
            "time": 3.8287839889526367,
            "percY": 71.3,
            "percN": 0.0,
            "percU": 121.9,
            "percUNK": 0.0,
            "l": 0.0002616974619955562,
            "u": 1.0
        },
        "a_7": {
            "yes": 16,
            "no": 46,
            "undecided": 106,
            "unknown": 0,
            "pyes": 0.0002454153468710045,
            "pno": 1.6282115124551708e-05,
            "pundecided": 0.2251850359284887,
            "punknown": 0.0,
            "time": 3.9091923236846924,
            "percY": 18.4,
            "percN": 52.9,
            "percU": 121.9,
            "percUNK": 0.0,
            "l": 0.0002454153468710045,
            "u": 0.9999837178848755
        }
    },
    "data": {
        "n_samples": 115,
        "time": 10.484879493713379,
        "repeated_programs": 13,
        "inconsistent_programs": 36,
        "worlds_consulted": 3878
    }
}