{
    "status": {
        "d_10": {
            "yes": 344,
            "no": 0,
            "undecided": 62,
            "unknown": 0,
            "pyes": 1.2475152734564237,
            "pno": 0.0,
            "pundecided": 3.172507164604196e-08,
            "punknown": 0.0,
            "time": 12.793415784835815,
            "percY": 946.0,
            "percN": 0.0,
            "percU": 170.5,
            "percUNK": 0.0,
            "l": 1.2475152734564237,
            "u": 1.0,
            "flag": "INTEREST"
        },
        "a_7": {
            "yes": 362,
            "no": 34,
            "undecided": 10,
            "unknown": 0,
            "pyes": 1.247466821153591,
            "pno": 0.0,
            "pundecided": 4.848402790434571e-05,
            "punknown": 0.0,
            "time": 13.30690622329712,
            "percY": 995.5,
            "percN": 93.5,
            "percU": 27.5,
            "percUNK": 0.0,
            "l": 1.247466821153591,
            "u": 1.0,
            "flag": "INTEREST"
        },
        "a_8": {
            "yes": 348,
            "no": 30,
            "undecided": 28,
            "unknown": 0,
            "pyes": 1.2474539178803719,
            "pno": 1.1003357522733045e-05,
            "pundecided": 5.038394360117172e-05,
            "punknown": 0.0,
            "time": 13.15127420425415,
            "percY": 957.0,
            "percN": 82.5,
            "percU": 77.0,
            "percUNK": 0.0,
            "l": 1.2474539178803719,
            "u": 0.9999889966424773,
            "flag": "INTEREST"
        }
    },
    "data": {
        "n_samples": 275,
        "time": 36.4173378944397,
        "repeated_programs": 24,
        "inconsistent_programs": 96,
        "worlds_consulted": 6154
    }
}