{
    "status": {
        "~a_4": {
            "yes": 126,
            "no": 0,
            "undecided": 0,
            "unknown": 0,
            "pyes": 0.06090514484108674,
            "pno": 0.0,
            "pundecided": 0.0,
            "punknown": 0.0,
            "time": 4.044513702392578,
            "percY": 91.98,
            "percN": 0.0,
            "percU": 0.0,
            "percUNK": 0.0,
            "l": 0.06090514484108674,
            "u": 1.0
        },
        "a_5": {
            "yes": 126,
            "no": 0,
            "undecided": 0,
            "unknown": 0,
            "pyes": 0.06090514484108674,
            "pno": 0.0,
            "pundecided": 0.0,
            "punknown": 0.0,
            "time": 3.993185520172119,
            "percY": 91.98,
            "percN": 0.0,
            "percU": 0.0,
            "percUNK": 0.0,
            "l": 0.06090514484108674,
            "u": 1.0
        },
        "~a_8": {
            "yes": 52,
            "no": 64,
            "undecided": 10,
            "unknown": 0,
            "pyes": 0.0002668618881300543,
            "pno": 0.04101598802153179,
            "pundecided": 0.01962229493142489,
            "punknown": 0.0,
            "time": 4.209637641906738,
            "percY": 37.96,
            "percN": 46.72,
            "percU": 7.3,
            "percUNK": 0.0,
            "l": 0.0002668618881300543,
            "u": 0.9589840119784682
        }
    },
    "data": {
        "n_samples": 73,
        "time": 8.128183364868164,
        "repeated_programs": 10,
        "inconsistent_programs": 0,
        "worlds_consulted": 1509
    }
}