{
    "status": {
        "a_2": {
            "yes": 386,
            "no": 0,
            "undecided": 16,
            "unknown": 0,
            "pyes": 0.08157700174004018,
            "pno": 0.0,
            "pundecided": 1.4314523977179393e-05,
            "punknown": 0.0,
            "time": 12.634456157684326,
            "percY": 841.48,
            "percN": 0.0,
            "percU": 34.88,
            "percUNK": 0.0,
            "l": 0.08157700174004018,
            "u": 1.0
        },
        "~a_5": {
            "yes": 250,
            "no": 0,
            "undecided": 152,
            "unknown": 0,
            "pyes": 0.08157707459378218,
            "pno": 0.0,
            "pundecided": 1.4241670235128487e-05,
            "punknown": 0.0,
            "time": 12.680978298187256,
            "percY": 545.0,
            "percN": 0.0,
            "percU": 331.36,
            "percUNK": 0.0,
            "l": 0.08157707459378218,
            "u": 1.0
        },
        "a_8": {
            "yes": 236,
            "no": 144,
            "undecided": 22,
            "unknown": 0,
            "pyes": 0.08111168714089163,
            "pno": 0.0004644511583490736,
            "pundecided": 1.51779647767232e-05,
            "punknown": 0.0,
            "time": 13.320699214935303,
            "percY": 514.48,
            "percN": 313.92,
            "percU": 47.96,
            "percUNK": 0.0,
            "l": 0.08111168714089163,
            "u": 0.999535548841651
        }
    },
    "data": {
        "n_samples": 218,
        "time": 23.78741979598999,
        "repeated_programs": 17,
        "inconsistent_programs": 0,
        "worlds_consulted": 1709
    }
}