{
    "status": {
        "~d_9": {
            "yes": 167,
            "no": 0,
            "undecided": 88,
            "unknown": 0,
            "pyes": 1.6278142174941054e-08,
            "pno": 0.0,
            "pundecided": 0.0011337325433372542,
            "punknown": 0.0,
            "time": 8.379241228103638,
            "percY": 307.28,
            "percN": 0.0,
            "percU": 161.92,
            "percUNK": 0.0,
            "l": 1.6278142174941054e-08,
            "u": 1.0
        },
        "a_7": {
            "yes": 136,
            "no": 80,
            "undecided": 39,
            "unknown": 0,
            "pyes": 0.001133733700081813,
            "pno": 1.603396270975764e-09,
            "pundecided": 1.3518001345019503e-08,
            "punknown": 0.0,
            "time": 8.507368803024292,
            "percY": 250.24,
            "percN": 147.2,
            "percU": 71.76,
            "percUNK": 0.0,
            "l": 0.001133733700081813,
            "u": 0.9999999983966037
        },
        "a_8": {
            "yes": 216,
            "no": 0,
            "undecided": 39,
            "unknown": 0,
            "pyes": 0.001133735303478084,
            "pno": 0.0,
            "pundecided": 1.3518001345019503e-08,
            "punknown": 0.0,
            "time": 8.574543952941895,
            "percY": 397.44,
            "percN": 0.0,
            "percU": 71.76,
            "percUNK": 0.0,
            "l": 0.001133735303478084,
            "u": 1.0
        }
    },
    "data": {
        "n_samples": 184,
        "time": 21.04962158203125,
        "repeated_programs": 18,
        "inconsistent_programs": 77,
        "worlds_consulted": 1578
    }
}