{
    "status": {
        "d_10": {
            "yes": 79,
            "no": 0,
            "undecided": 30,
            "unknown": 0,
            "pyes": 0.15126551187085846,
            "pno": 0.0,
            "pundecided": 0.005897554623732041,
            "punknown": 0.0,
            "time": 3.4605114459991455,
            "percY": 52.14,
            "percN": 0.0,
            "percU": 19.8,
            "percUNK": 0.0,
            "l": 0.15126551187085846,
            "u": 1.0
        },
        "a_6": {
            "yes": 109,
            "no": 0,
            "undecided": 0,
            "unknown": 0,
            "pyes": 0.15716306649459055,
            "pno": 0.0,
            "pundecided": 0.0,
            "punknown": 0.0,
            "time": 3.5764873027801514,
            "percY": 71.94,
            "percN": 0.0,
            "percU": 0.0,
            "percUNK": 0.0,
            "l": 0.15716306649459055,
            "u": 1.0
        },
        "a_8": {
            "yes": 39,
            "no": 70,
            "undecided": 0,
            "unknown": 0,
            "pyes": 0.00025705532342418854,
            "pno": 0.15690601117116632,
            "pundecided": 0.0,
            "punknown": 0.0,
            "time": 3.614290714263916,
            "percY": 25.74,
            "percN": 46.2,
            "percU": 0.0,
            "percUNK": 0.0,
            "l": 0.00025705532342418854,
            "u": 0.8430939888288337
        }
    },
    "data": {
        "n_samples": 66,
        "time": 6.833704710006714,
        "repeated_programs": 5,
        "inconsistent_programs": 13,
        "worlds_consulted": 203
    }
}