{
    "status": {
        "d_13": {
            "yes": 56,
            "no": 0,
            "undecided": 32,
            "unknown": 2,
            "pyes": 1.391297653674322,
            "pno": 0.0,
            "pundecided": 0.009553452796098153,
            "punknown": 0.0,
            "time": 2.882441997528076,
            "percY": 28.0,
            "percN": 0.0,
            "percU": 16.0,
            "percUNK": 1.0,
            "l": 1.391297653674322,
            "u": 1.0,
            "flag": "INTEREST"
        },
        "a_6": {
            "yes": 16,
            "no": 0,
            "undecided": 74,
            "unknown": 0,
            "pyes": 0.0021473979839003177,
            "pno": 0.0,
            "pundecided": 1.3987037084865204,
            "punknown": 0.0,
            "time": 2.855269432067871,
            "percY": 8.0,
            "percN": 0.0,
            "percU": 37.0,
            "percUNK": 0.0,
            "l": 0.0021473979839003177,
            "u": 1.0
        },
        "a_7": {
            "yes": 2,
            "no": 12,
            "undecided": 76,
            "unknown": 0,
            "pyes": 4.1771209311336977e-07,
            "pno": 0.0021469797324867004,
            "pundecided": 1.398703709025841,
            "punknown": 0.0,
            "time": 2.9330177307128906,
            "percY": 1.0,
            "percN": 6.0,
            "percU": 38.0,
            "percUNK": 0.0,
            "l": 4.1771209311336977e-07,
            "u": 0.9978530202675133
        }
    },
    "data": {
        "n_samples": 50,
        "time": 9.524652481079102,
        "repeated_programs": 5,
        "inconsistent_programs": 0,
        "worlds_consulted": 3648
    }
}