{
    "status": {
        "d_13": {
            "yes": 57,
            "no": 0,
            "undecided": 60,
            "unknown": 0,
            "pyes": 0.0022927079443211718,
            "pno": 0.0,
            "pundecided": 0.08676535336339256,
            "punknown": 0.0,
            "time": 3.860015869140625,
            "percY": 39.9,
            "percN": 0.0,
            "percU": 42.0,
            "percUNK": 0.0,
            "l": 0.0022927079443211718,
            "u": 1.0
        },
        "~a_7": {
            "yes": 44,
            "no": 34,
            "undecided": 39,
            "unknown": 0,
            "pyes": 0.08270738880413273,
            "pno": 0.001029351215014872,
            "pundecided": 0.005321321288566132,
            "punknown": 0.0,
            "time": 3.778343915939331,
            "percY": 30.8,
            "percN": 23.8,
            "percU": 27.3,
            "percUNK": 0.0,
            "l": 0.08270738880413273,
            "u": 0.9989706487849851
        },
        "a_8": {
            "yes": 46,
            "no": 60,
            "undecided": 11,
            "unknown": 0,
            "pyes": 0.08724855677301263,
            "pno": 0.001809504534701072,
            "pundecided": 0.0,
            "punknown": 0.0,
            "time": 3.817981481552124,
            "percY": 32.2,
            "percN": 42.0,
            "percU": 7.7,
            "percUNK": 0.0,
            "l": 0.08724855677301263,
            "u": 0.9981904954652989
        }
    },
    "data": {
        "n_samples": 70,
        "time": 8.062703847885132,
        "repeated_programs": 2,
        "inconsistent_programs": 19,
        "worlds_consulted": 722
    }
}