{
    "status": {
        "~a_0": {
            "yes": 77,
            "no": 0,
            "undecided": 0,
            "unknown": 0,
            "pyes": 4.183554629580827e-05,
            "pno": 0.0,
            "pundecided": 0.0,
            "punknown": 0.0,
            "time": 1.7569689750671387,
            "percY": 43.12,
            "percN": 0.0,
            "percU": 0.0,
            "percUNK": 0.0,
            "l": 4.183554629580827e-05,
            "u": 1.0
        },
        "a_6": {
            "yes": 69,
            "no": 0,
            "undecided": 8,
            "unknown": 0,
            "pyes": 4.08364174697059e-05,
            "pno": 0.0,
            "pundecided": 9.991288261023564e-07,
            "punknown": 0.0,
            "time": 1.8013403415679932,
            "percY": 38.64,
            "percN": 0.0,
            "percU": 4.48,
            "percUNK": 0.0,
            "l": 4.08364174697059e-05,
            "u": 1.0
        },
        "a_7": {
            "yes": 22,
            "no": 47,
            "undecided": 8,
            "unknown": 0,
            "pyes": 0.0,
            "pno": 4.08364174697059e-05,
            "pundecided": 9.991288261023564e-07,
            "punknown": 0.0,
            "time": 1.7868363857269287,
            "percY": 12.32,
            "percN": 26.32,
            "percU": 4.48,
            "percUNK": 0.0,
            "l": 0.0,
            "u": 0.9999591635825303
        }
    },
    "data": {
        "n_samples": 56,
        "time": 4.216558456420898,
        "repeated_programs": 2,
        "inconsistent_programs": 31,
        "worlds_consulted": 192
    }
}