{
    "status": {
        "a_4": {
            "yes": 44,
            "no": 0,
            "undecided": 325,
            "unknown": 21,
            "pyes": 5.0051221185890146e-06,
            "pno": 0.0,
            "pundecided": 0.03162625080316751,
            "punknown": 2.2187625846491984e-05,
            "time": 6.980638027191162,
            "percY": 179.96,
            "percN": 0.0,
            "percU": 1329.25,
            "percUNK": 85.89,
            "l": 5.0051221185890146e-06,
            "u": 1.0
        },
        "~a_5": {
            "yes": 44,
            "no": 0,
            "undecided": 295,
            "unknown": 51,
            "pyes": 5.0051221185890146e-06,
            "pno": 0.0,
            "pundecided": 0.01966717334252151,
            "punknown": 0.011981265086492497,
            "time": 6.927095651626587,
            "percY": 179.96,
            "percN": 0.0,
            "percU": 1206.55,
            "percUNK": 208.59,
            "l": 5.0051221185890146e-06,
            "u": 1.0
        },
        "a_8": {
            "yes": 22,
            "no": 8,
            "undecided": 347,
            "unknown": 13,
            "pyes": 5.46144368752208e-07,
            "pno": 1.978070677579826e-06,
            "pundecided": 0.03164746937260073,
            "punknown": 3.449963485536584e-06,
            "time": 6.943904161453247,
            "percY": 89.98,
            "percN": 32.72,
            "percU": 1419.23,
            "percUNK": 53.17,
            "l": 5.46144368752208e-07,
            "u": 0.9999980219293224
        }
    },
    "data": {
        "n_samples": 409,
        "time": 21.276413202285767,
        "repeated_worlds": 19,
        "repeated_progs": 125,
        "unique_progs": 284
    }
}