{
    "status": {
        "d_10": {
            "yes": 229,
            "no": 0,
            "undecided": 128,
            "unknown": 28,
            "pyes": 0.030558652559392906,
            "pno": 0.0,
            "pundecided": 5.015287849893411e-05,
            "punknown": 0.002129726527061685,
            "time": 9.075950860977173,
            "percY": 936.61,
            "percN": 0.0,
            "percU": 523.52,
            "percUNK": 114.52,
            "l": 0.030558652559392906,
            "u": 1.0
        },
        "a_5": {
            "yes": 43,
            "no": 0,
            "undecided": 331,
            "unknown": 11,
            "pyes": 0.0006940146774676015,
            "pno": 0.0,
            "pundecided": 0.02993644164563173,
            "punknown": 0.0021080756418541875,
            "time": 9.045613527297974,
            "percY": 175.87,
            "percN": 0.0,
            "percU": 1353.79,
            "percUNK": 44.99,
            "l": 0.0006940146774676015,
            "u": 1.0
        },
        "a_7": {
            "yes": 135,
            "no": 102,
            "undecided": 140,
            "unknown": 8,
            "pyes": 0.005052220650289406,
            "pno": 0.02762973720309522,
            "pundecided": 5.628770713162255e-05,
            "punknown": 2.864044372838401e-07,
            "time": 9.049404859542847,
            "percY": 552.15,
            "percN": 417.18,
            "percU": 572.6,
            "percUNK": 32.72,
            "l": 0.005052220650289406,
            "u": 0.9723702627969047
        }
    },
    "data": {
        "n_samples": 409,
        "time": 27.70794153213501,
        "repeated_worlds": 24,
        "repeated_progs": 42,
        "unique_progs": 367
    }
}