{
    "status": {
        "a_3": {
            "yes": 52,
            "no": 0,
            "undecided": 0,
            "unknown": 348,
            "pyes": 1.3491412864825178e-06,
            "pno": 0.0,
            "pundecided": 0.0,
            "punknown": 0.023778061585885933,
            "time": 7.532823801040649,
            "percY": 212.68,
            "percN": 0.0,
            "percU": 0.0,
            "percUNK": 1423.32,
            "l": 1.3491412864825178e-06,
            "u": 1.0
        },
        "a_7": {
            "yes": 51,
            "no": 0,
            "undecided": 11,
            "unknown": 338,
            "pyes": 1.0924710064316546e-05,
            "pno": 0.0,
            "pundecided": 3.5451139472464795e-07,
            "punknown": 0.023768131505713375,
            "time": 7.529415607452393,
            "percY": 208.59,
            "percN": 0.0,
            "percU": 44.99,
            "percUNK": 1382.42,
            "l": 1.0924710064316546e-05,
            "u": 1.0
        },
        "a_9": {
            "yes": 44,
            "no": 196,
            "undecided": 153,
            "unknown": 7,
            "pyes": 1.89463800729491e-05,
            "pno": 0.002151073342397123,
            "pundecided": 0.01975526828715125,
            "punknown": 0.001854122717551104,
            "time": 7.669382095336914,
            "percY": 179.96,
            "percN": 801.64,
            "percU": 625.77,
            "percUNK": 28.63,
            "l": 1.89463800729491e-05,
            "u": 0.9978489266576028
        }
    },
    "data": {
        "n_samples": 409,
        "time": 23.162117958068848,
        "repeated_worlds": 9,
        "repeated_progs": 104,
        "unique_progs": 305
    }
}