{
    "status": {
        "~d_11": {
            "yes": 50,
            "no": 0,
            "undecided": 198,
            "unknown": 141,
            "pyes": 0.00273935035935376,
            "pno": 0.0,
            "pundecided": 0.0024052877166417384,
            "punknown": 0.0014637654183039884,
            "time": 8.43511438369751,
            "percY": 204.5,
            "percN": 0.0,
            "percU": 809.82,
            "percUNK": 576.69,
            "l": 0.00273935035935376,
            "u": 1.0
        },
        "a_8": {
            "yes": 163,
            "no": 101,
            "undecided": 121,
            "unknown": 4,
            "pyes": 0.002460887648968032,
            "pno": 0.00016294976758229028,
            "pundecided": 0.003984566046634532,
            "punknown": 3.111463010304e-11,
            "time": 8.61856460571289,
            "percY": 666.67,
            "percN": 413.09,
            "percU": 494.89,
            "percUNK": 16.36,
            "l": 0.002460887648968032,
            "u": 0.9998370502324178
        }
    },
    "data": {
        "n_samples": 409,
        "time": 17.55614733695984,
        "repeated_worlds": 20,
        "repeated_progs": 68,
        "unique_progs": 341
    }
}