{
    "status": {
        "d_19": {
            "yes": 39,
            "no": 0,
            "undecided": 48,
            "unknown": 296,
            "pyes": 5.339173056052751e-05,
            "pno": 0.0,
            "pundecided": 4.522027497296145e-05,
            "punknown": 0.05367033138363054,
            "time": 9.114200830459595,
            "percY": 159.51,
            "percN": 0.0,
            "percU": 196.32,
            "percUNK": 1210.64,
            "l": 5.339173056052751e-05,
            "u": 1.0
        },
        "a_7": {
            "yes": 16,
            "no": 16,
            "undecided": 347,
            "unknown": 4,
            "pyes": 0.002842926240269048,
            "pno": 0.0008913651940361471,
            "pundecided": 0.0500343055619629,
            "punknown": 3.463928959497552e-07,
            "time": 9.156169891357422,
            "percY": 65.44,
            "percN": 65.44,
            "percU": 1419.23,
            "percUNK": 16.36,
            "l": 0.002842926240269048,
            "u": 0.9991086348059639
        },
        "~a_7": {
            "yes": 16,
            "no": 16,
            "undecided": 347,
            "unknown": 4,
            "pyes": 0.0008913651940361471,
            "pno": 0.002842926240269048,
            "pundecided": 0.0500343055619629,
            "punknown": 3.463928959497552e-07,
            "time": 9.124387979507446,
            "percY": 65.44,
            "percN": 65.44,
            "percU": 1419.23,
            "percUNK": 16.36,
            "l": 0.0008913651940361471,
            "u": 0.997157073759731
        }
    },
    "data": {
        "n_samples": 409,
        "time": 27.952362537384033,
        "repeated_worlds": 26,
        "repeated_progs": 38,
        "unique_progs": 371
    }
}