{
    "status": {
        "d_11": {
            "yes": 232,
            "no": 0,
            "undecided": 133,
            "unknown": 26,
            "pyes": 0.05835437125428182,
            "pno": 0.0,
            "pundecided": 0.0025644973611202247,
            "punknown": 9.717579229116482e-07,
            "time": 8.254127502441406,
            "percY": 948.88,
            "percN": 0.0,
            "percU": 543.97,
            "percUNK": 106.34,
            "l": 0.05835437125428182,
            "u": 1.0
        },
        "~a_6": {
            "yes": 264,
            "no": 0,
            "undecided": 117,
            "unknown": 10,
            "pyes": 0.05996361475503668,
            "pno": 0.0,
            "pundecided": 0.0009485763635305182,
            "punknown": 7.649254757748211e-06,
            "time": 8.335154056549072,
            "percY": 1079.76,
            "percN": 0.0,
            "percU": 478.53,
            "percUNK": 40.9,
            "l": 0.05996361475503668,
            "u": 1.0
        },
        "a_8": {
            "yes": 136,
            "no": 85,
            "undecided": 170,
            "unknown": 0,
            "pyes": 0.05504314638989776,
            "pno": 0.0012565445469886795,
            "pundecided": 0.004620149436438518,
            "punknown": 0.0,
            "time": 8.339086294174194,
            "percY": 556.24,
            "percN": 347.65,
            "percU": 695.3,
            "percUNK": 0.0,
            "l": 0.05504314638989776,
            "u": 0.9987434554530114
        }
    },
    "data": {
        "n_samples": 409,
        "time": 25.391162395477295,
        "repeated_worlds": 18,
        "repeated_progs": 54,
        "unique_progs": 355
    }
}