{
    "status": {
        "a_1": {
            "yes": 342,
            "no": 0,
            "undecided": 0,
            "unknown": 45,
            "pyes": 0.008180826571866414,
            "pno": 0.0,
            "pundecided": 0.0,
            "punknown": 0.0013571789615210177,
            "time": 8.551546573638916,
            "percY": 1398.78,
            "percN": 0.0,
            "percU": 0.0,
            "percUNK": 184.05,
            "l": 0.008180826571866414,
            "u": 1.0
        },
        "a_7": {
            "yes": 58,
            "no": 139,
            "undecided": 182,
            "unknown": 8,
            "pyes": 0.0002615491187206408,
            "pno": 0.0005512482033363651,
            "pundecided": 0.008725206883328897,
            "punknown": 1.3280015268374403e-09,
            "time": 8.682196855545044,
            "percY": 237.22,
            "percN": 568.51,
            "percU": 744.38,
            "percUNK": 32.72,
            "l": 0.0002615491187206408,
            "u": 0.9994487517966636
        },
        "a_8": {
            "yes": 94,
            "no": 86,
            "undecided": 206,
            "unknown": 1,
            "pyes": 2.339040383148408e-05,
            "pno": 0.00010601907773634896,
            "pundecided": 0.009408596039682793,
            "punknown": 1.2136803194879998e-11,
            "time": 8.744576454162598,
            "percY": 384.46,
            "percN": 351.74,
            "percU": 842.54,
            "percUNK": 4.09,
            "l": 2.339040383148408e-05,
            "u": 0.9998939809222637
        }
    },
    "data": {
        "n_samples": 409,
        "time": 26.463355779647827,
        "repeated_worlds": 22,
        "repeated_progs": 94,
        "unique_progs": 315
    }
}