{
    "status": {
        "d_12": {
            "yes": 337,
            "no": 0,
            "undecided": 0,
            "unknown": 55,
            "pyes": 0.5482259893922621,
            "pno": 0.0,
            "pundecided": 0.0,
            "punknown": 0.0,
            "time": 8.164477825164795,
            "percY": 1378.33,
            "percN": 0.0,
            "percU": 0.0,
            "percUNK": 224.95,
            "l": 0.5482259893922621,
            "u": 1.0,
            "flag": "INTEREST"
        },
        "a_5": {
            "yes": 197,
            "no": 0,
            "undecided": 194,
            "unknown": 1,
            "pyes": 0.5451214598603416,
            "pno": 0.0,
            "pundecided": 0.003104529531920547,
            "punknown": 0.0,
            "time": 8.239353895187378,
            "percY": 805.73,
            "percN": 0.0,
            "percU": 793.46,
            "percUNK": 4.09,
            "l": 0.5451214598603416,
            "u": 1.0,
            "flag": "INTEREST"
        },
        "~a_7": {
            "yes": 176,
            "no": 136,
            "undecided": 78,
            "unknown": 2,
            "pyes": 0.547604710862942,
            "pno": 0.00017566447182073018,
            "pundecided": 0.0004456140574995138,
            "punknown": 0.0,
            "time": 8.37363052368164,
            "percY": 719.84,
            "percN": 556.24,
            "percU": 319.02,
            "percUNK": 8.18,
            "l": 0.547604710862942,
            "u": 0.9998243355281793,
            "flag": "INTEREST"
        }
    },
    "data": {
        "n_samples": 409,
        "time": 25.259830474853516,
        "repeated_worlds": 17,
        "repeated_progs": 59,
        "unique_progs": 350
    }
}