{
    "status": {
        "a_0": {
            "yes": 55,
            "no": 0,
            "undecided": 0,
            "unknown": 341,
            "pyes": 2.339931772543139e-05,
            "pno": 0.0,
            "pundecided": 0.0,
            "punknown": 0.010986573440194066,
            "time": 6.256229400634766,
            "percY": 224.95,
            "percN": 0.0,
            "percU": 0.0,
            "percUNK": 1394.69,
            "l": 2.339931772543139e-05,
            "u": 1.0
        },
        "~a_8": {
            "yes": 32,
            "no": 0,
            "undecided": 23,
            "unknown": 341,
            "pyes": 2.32115955727656e-05,
            "pno": 0.0,
            "pundecided": 0.0006444792947827633,
            "punknown": 0.010342281867563969,
            "time": 6.302809000015259,
            "percY": 130.88,
            "percN": 0.0,
            "percU": 94.07,
            "percUNK": 1394.69,
            "l": 2.32115955727656e-05,
            "u": 1.0
        },
        "a_7": {
            "yes": 121,
            "no": 40,
            "undecided": 235,
            "unknown": 0,
            "pyes": 2.0748214855794352e-05,
            "pno": 8.455794963239809e-05,
            "pundecided": 0.01090466659343131,
            "punknown": 0.0,
            "time": 6.350160837173462,
            "percY": 494.89,
            "percN": 163.6,
            "percU": 961.15,
            "percUNK": 0.0,
            "l": 2.0748214855794352e-05,
            "u": 0.9999154420503676
        }
    },
    "data": {
        "n_samples": 409,
        "time": 19.307588815689087,
        "repeated_worlds": 13,
        "repeated_progs": 142,
        "unique_progs": 267
    }
}