{
    "status": {
        "a_2": {
            "yes": 253,
            "no": 0,
            "undecided": 0,
            "unknown": 134,
            "pyes": 0.5170863861342305,
            "pno": 0.0,
            "pundecided": 0.0,
            "punknown": 0.003588668804201237,
            "time": 7.51078200340271,
            "percY": 1034.77,
            "percN": 0.0,
            "percU": 0.0,
            "percUNK": 548.06,
            "l": 0.5170863861342305,
            "u": 1.0,
            "flag": "INTEREST"
        },
        "a_7": {
            "yes": 6,
            "no": 142,
            "undecided": 223,
            "unknown": 16,
            "pyes": 3.214613086338327e-07,
            "pno": 0.03980837913988128,
            "pundecided": 0.4763587795241768,
            "punknown": 0.004507574813064862,
            "time": 7.620882511138916,
            "percY": 24.54,
            "percN": 580.78,
            "percU": 912.07,
            "percUNK": 65.44,
            "l": 3.214613086338327e-07,
            "u": 0.9601916208601187
        },
        "a_8": {
            "yes": 212,
            "no": 84,
            "undecided": 85,
            "unknown": 6,
            "pyes": 0.5070544467846326,
            "pno": 0.006280869967634193,
            "pundecided": 0.007326133181693342,
            "punknown": 1.360500447143614e-05,
            "time": 7.612021207809448,
            "percY": 867.08,
            "percN": 343.56,
            "percU": 347.65,
            "percUNK": 24.54,
            "l": 0.5070544467846326,
            "u": 0.9937191300323658,
            "flag": "INTEREST"
        }
    },
    "data": {
        "n_samples": 409,
        "time": 23.190584421157837,
        "repeated_worlds": 22,
        "repeated_progs": 86,
        "unique_progs": 323
    }
}