{
    "status": {
        "d_14": {
            "yes": 42,
            "no": 0,
            "undecided": 254,
            "unknown": 95,
            "pyes": 4.676986648248189e-08,
            "pno": 0.0,
            "pundecided": 0.0018454172785844082,
            "punknown": 0.00011700990003661225,
            "time": 8.452584743499756,
            "percY": 171.78,
            "percN": 0.0,
            "percU": 1038.86,
            "percUNK": 388.55,
            "l": 4.676986648248189e-08,
            "u": 1.0
        },
        "a_7": {
            "yes": 131,
            "no": 51,
            "undecided": 197,
            "unknown": 12,
            "pyes": 0.0006216546198269586,
            "pno": 0.0006520223178515111,
            "pundecided": 0.0006055214048764392,
            "punknown": 8.327560593259448e-05,
            "time": 8.570318937301636,
            "percY": 535.79,
            "percN": 208.59,
            "percU": 805.73,
            "percUNK": 49.08,
            "l": 0.0006216546198269586,
            "u": 0.9993479776821484
        },
        "~a_8": {
            "yes": 140,
            "no": 10,
            "undecided": 240,
            "unknown": 1,
            "pyes": 0.0006197307646894592,
            "pno": 7.574016320887682e-10,
            "pundecided": 0.0013426756639321957,
            "punknown": 6.676246421606363e-08,
            "time": 8.505714416503906,
            "percY": 572.6,
            "percN": 40.9,
            "percU": 981.6,
            "percUNK": 4.09,
            "l": 0.0006197307646894592,
            "u": 0.9999999992425984
        }
    },
    "data": {
        "n_samples": 409,
        "time": 26.025068759918213,
        "repeated_worlds": 18,
        "repeated_progs": 47,
        "unique_progs": 362
    }
}