{
    "status": {
        "d_13": {
            "yes": 49,
            "no": 0,
            "undecided": 207,
            "unknown": 134,
            "pyes": 7.050194188465345e-05,
            "pno": 0.0,
            "pundecided": 0.0022060718412594818,
            "punknown": 0.059716788998724256,
            "time": 9.53031587600708,
            "percY": 200.41,
            "percN": 0.0,
            "percU": 846.63,
            "percUNK": 548.06,
            "l": 7.050194188465345e-05,
            "u": 1.0
        },
        "~a_5": {
            "yes": 143,
            "no": 0,
            "undecided": 194,
            "unknown": 53,
            "pyes": 0.005846553363416408,
            "pno": 0.0,
            "pundecided": 0.0519273957459495,
            "punknown": 0.004219413672502479,
            "time": 9.564147233963013,
            "percY": 584.87,
            "percN": 0.0,
            "percU": 793.46,
            "percUNK": 216.77,
            "l": 0.005846553363416408,
            "u": 1.0
        },
        "a_8": {
            "yes": 29,
            "no": 103,
            "undecided": 249,
            "unknown": 9,
            "pyes": 0.004418394788514054,
            "pno": 0.005869434188666071,
            "pundecided": 0.051396133209285565,
            "punknown": 0.000309400595402689,
            "time": 9.581769466400146,
            "percY": 118.61,
            "percN": 421.27,
            "percU": 1018.41,
            "percUNK": 36.81,
            "l": 0.004418394788514054,
            "u": 0.994130565811334
        }
    },
    "data": {
        "n_samples": 409,
        "time": 29.215646743774414,
        "repeated_worlds": 19,
        "repeated_progs": 66,
        "unique_progs": 343
    }
}