{
    "status": {
        "d_13": {
            "yes": 45,
            "no": 0,
            "undecided": 207,
            "unknown": 132,
            "pyes": 0.03348378514647604,
            "pno": 0.0,
            "pundecided": 0.002399365993439543,
            "punknown": 0.00033628340441531845,
            "time": 8.850224494934082,
            "percY": 184.05,
            "percN": 0.0,
            "percU": 846.63,
            "percUNK": 539.88,
            "l": 0.03348378514647604,
            "u": 1.0
        },
        "a_5": {
            "yes": 202,
            "no": 0,
            "undecided": 160,
            "unknown": 22,
            "pyes": 0.03501406853001932,
            "pno": 0.0,
            "pundecided": 0.001183014284609487,
            "punknown": 2.2351729702096436e-05,
            "time": 8.948461771011353,
            "percY": 826.18,
            "percN": 0.0,
            "percU": 654.4,
            "percUNK": 89.98,
            "l": 0.03501406853001932,
            "u": 1.0
        },
        "a_7": {
            "yes": 115,
            "no": 87,
            "undecided": 179,
            "unknown": 3,
            "pyes": 0.00039760203224009925,
            "pno": 0.03460575326379337,
            "pundecided": 0.0012160762617204521,
            "punknown": 2.9865769758720003e-09,
            "time": 9.048993587493896,
            "percY": 470.35,
            "percN": 355.83,
            "percU": 732.11,
            "percUNK": 12.27,
            "l": 0.00039760203224009925,
            "u": 0.9653942467362067
        }
    },
    "data": {
        "n_samples": 409,
        "time": 27.34472966194153,
        "repeated_worlds": 25,
        "repeated_progs": 32,
        "unique_progs": 377
    }
}