{
    "status": {
        "a_2": {
            "yes": 343,
            "no": 0,
            "undecided": 0,
            "unknown": 47,
            "pyes": 0.010983155540148113,
            "pno": 0.0,
            "pundecided": 0.0,
            "punknown": 0.00411780382838755,
            "time": 8.133593559265137,
            "percY": 1402.87,
            "percN": 0.0,
            "percU": 0.0,
            "percUNK": 192.23,
            "l": 0.010983155540148113,
            "u": 1.0
        },
        "~a_7": {
            "yes": 12,
            "no": 4,
            "undecided": 373,
            "unknown": 1,
            "pyes": 5.076384023286447e-06,
            "pno": 1.7475721813190246e-07,
            "pundecided": 0.015095705812882533,
            "punknown": 2.4144117025996796e-09,
            "time": 8.20746636390686,
            "percY": 49.08,
            "percN": 16.36,
            "percU": 1525.57,
            "percUNK": 4.09,
            "l": 5.076384023286447e-06,
            "u": 0.9999998252427819
        },
        "a_8": {
            "yes": 90,
            "no": 62,
            "undecided": 238,
            "unknown": 0,
            "pyes": 0.002633385599705079,
            "pno": 1.9301823383557935e-06,
            "pundecided": 0.012465643586492221,
            "punknown": 0.0,
            "time": 8.285576581954956,
            "percY": 368.1,
            "percN": 253.58,
            "percU": 973.42,
            "percUNK": 0.0,
            "l": 0.002633385599705079,
            "u": 0.9999980698176616
        }
    },
    "data": {
        "n_samples": 409,
        "time": 25.091779947280884,
        "repeated_worlds": 19,
        "repeated_progs": 64,
        "unique_progs": 345
    }
}