{
    "status": {
        "~d_15": {
            "yes": 58,
            "no": 0,
            "undecided": 285,
            "unknown": 42,
            "pyes": 0.0012925632439891193,
            "pno": 0.0,
            "pundecided": 0.041585004124970744,
            "punknown": 0.0005206790632241077,
            "time": 6.501610279083252,
            "percY": 237.22,
            "percN": 0.0,
            "percU": 1165.65,
            "percUNK": 171.78,
            "l": 0.0012925632439891193,
            "u": 1.0
        },
        "a_7": {
            "yes": 200,
            "no": 66,
            "undecided": 117,
            "unknown": 2,
            "pyes": 0.000451952388325368,
            "pno": 0.04098259378986935,
            "pundecided": 0.0018513739387134172,
            "punknown": 0.00011232631527588261,
            "time": 6.7403013706207275,
            "percY": 818.0,
            "percN": 269.94,
            "percU": 478.53,
            "percUNK": 8.18,
            "l": 0.000451952388325368,
            "u": 0.9590174062101307
        }
    },
    "data": {
        "n_samples": 409,
        "time": 13.65979290008545,
        "repeated_worlds": 24,
        "repeated_progs": 131,
        "unique_progs": 278
    }
}