{
    "status": {
        "a_3": {
            "yes": 339,
            "no": 0,
            "undecided": 0,
            "unknown": 52,
            "pyes": 0.03509835282214934,
            "pno": 0.0,
            "pundecided": 0.0,
            "punknown": 0.5746018186484734,
            "time": 8.480820417404175,
            "percY": 1386.51,
            "percN": 0.0,
            "percU": 0.0,
            "percUNK": 212.68,
            "l": 0.03509835282214934,
            "u": 1.0
        },
        "a_7": {
            "yes": 12,
            "no": 127,
            "undecided": 241,
            "unknown": 11,
            "pyes": 1.7511484553240243e-05,
            "pno": 0.6081278489453817,
            "pundecided": 0.001553743069279253,
            "punknown": 1.0679714086684261e-06,
            "time": 8.563597202301025,
            "percY": 49.08,
            "percN": 519.43,
            "percU": 985.69,
            "percUNK": 44.99,
            "l": 1.7511484553240243e-05,
            "u": 0.39187215105461826,
            "flag": "INTEREST"
        },
        "a_8": {
            "yes": 19,
            "no": 18,
            "undecided": 354,
            "unknown": 0,
            "pyes": 0.0012859922540440008,
            "pno": 8.176464334036452e-06,
            "pundecided": 0.6084060027522448,
            "punknown": 0.0,
            "time": 8.549296379089355,
            "percY": 77.71,
            "percN": 73.62,
            "percU": 1447.86,
            "percUNK": 0.0,
            "l": 0.0012859922540440008,
            "u": 0.999991823535666
        }
    },
    "data": {
        "n_samples": 409,
        "time": 26.071444034576416,
        "repeated_worlds": 18,
        "repeated_progs": 44,
        "unique_progs": 365
    }
}