{
    "status": {
        "a_4": {
            "yes": 344,
            "no": 0,
            "undecided": 0,
            "unknown": 48,
            "pyes": 0.006967449215733559,
            "pno": 0.0,
            "pundecided": 0.0,
            "punknown": 0.026238695404097002,
            "time": 6.934008598327637,
            "percY": 1406.96,
            "percN": 0.0,
            "percU": 0.0,
            "percUNK": 196.32,
            "l": 0.006967449215733559,
            "u": 1.0
        },
        "~a_6": {
            "yes": 164,
            "no": 0,
            "undecided": 195,
            "unknown": 33,
            "pyes": 0.032310589654844,
            "pno": 0.0,
            "pundecided": 0.0003070812555057547,
            "punknown": 0.0005884737094808111,
            "time": 7.01401162147522,
            "percY": 670.76,
            "percN": 0.0,
            "percU": 797.55,
            "percUNK": 134.97,
            "l": 0.032310589654844,
            "u": 1.0
        },
        "a_7": {
            "yes": 30,
            "no": 87,
            "undecided": 223,
            "unknown": 52,
            "pyes": 4.812722988120389e-07,
            "pno": 0.00616043022690797,
            "pundecided": 0.026975569933724207,
            "punknown": 6.966318689954028e-05,
            "time": 7.051407814025879,
            "percY": 122.7,
            "percN": 355.83,
            "percU": 912.07,
            "percUNK": 212.68,
            "l": 4.812722988120389e-07,
            "u": 0.9938395697730921
        }
    },
    "data": {
        "n_samples": 409,
        "time": 21.37316083908081,
        "repeated_worlds": 17,
        "repeated_progs": 111,
        "unique_progs": 298
    }
}