{
    "status": {
        "~d_17": {
            "yes": 215,
            "no": 0,
            "undecided": 107,
            "unknown": 68,
            "pyes": 0.004501349419836969,
            "pno": 0.0,
            "pundecided": 0.005859219264570544,
            "punknown": 0.07807006729049257,
            "time": 8.147252559661865,
            "percY": 879.35,
            "percN": 0.0,
            "percU": 437.63,
            "percUNK": 278.12,
            "l": 0.004501349419836969,
            "u": 1.0
        },
        "a_5": {
            "yes": 31,
            "no": 0,
            "undecided": 214,
            "unknown": 145,
            "pyes": 8.106862744051394e-06,
            "pno": 0.0,
            "pundecided": 0.08448869458979147,
            "punknown": 0.003933834522364534,
            "time": 8.174898624420166,
            "percY": 126.79,
            "percN": 0.0,
            "percU": 875.26,
            "percUNK": 593.05,
            "l": 8.106862744051394e-06,
            "u": 1.0
        },
        "~a_9": {
            "yes": 8,
            "no": 42,
            "undecided": 331,
            "unknown": 9,
            "pyes": 4.430648957240244e-06,
            "pno": 0.0002526129212554865,
            "pundecided": 0.08816573347959365,
            "punknown": 7.858925093686164e-06,
            "time": 8.146821737289429,
            "percY": 32.72,
            "percN": 171.78,
            "percU": 1353.79,
            "percUNK": 36.81,
            "l": 4.430648957240244e-06,
            "u": 0.9997473870787446
        }
    },
    "data": {
        "n_samples": 409,
        "time": 24.941001653671265,
        "repeated_worlds": 19,
        "repeated_progs": 85,
        "unique_progs": 324
    }
}