{
    "status": {
        "d_16": {
            "yes": 331,
            "no": 0,
            "undecided": 56,
            "unknown": 6,
            "pyes": 0.009422515559140596,
            "pno": 0.0,
            "pundecided": 0.08541741272631348,
            "punknown": 9.114629858063175e-05,
            "time": 7.607710361480713,
            "percY": 1353.79,
            "percN": 0.0,
            "percU": 229.04,
            "percUNK": 24.54,
            "l": 0.009422515559140596,
            "u": 1.0
        },
        "a_6": {
            "yes": 44,
            "no": 0,
            "undecided": 348,
            "unknown": 1,
            "pyes": 2.961696235386909e-05,
            "pno": 0.0,
            "pundecided": 0.09490145258016662,
            "punknown": 5.041514222438401e-09,
            "time": 7.691633462905884,
            "percY": 179.96,
            "percN": 0.0,
            "percU": 1423.32,
            "percUNK": 4.09,
            "l": 2.961696235386909e-05,
            "u": 1.0
        },
        "~a_7": {
            "yes": 233,
            "no": 72,
            "undecided": 72,
            "unknown": 16,
            "pyes": 0.004048560287539534,
            "pno": 0.0038861355262900447,
            "pundecided": 0.028742057830307942,
            "punknown": 0.058254320939897186,
            "time": 7.788153171539307,
            "percY": 952.97,
            "percN": 294.48,
            "percU": 294.48,
            "percUNK": 65.44,
            "l": 0.004048560287539534,
            "u": 0.99611386447371
        }
    },
    "data": {
        "n_samples": 409,
        "time": 23.5698459148407,
        "repeated_worlds": 16,
        "repeated_progs": 100,
        "unique_progs": 309
    }
}