{
    "status": {
        "a_2": {
            "yes": 45,
            "no": 0,
            "undecided": 336,
            "unknown": 11,
            "pyes": 6.2852307964927e-05,
            "pno": 0.0,
            "pundecided": 0.0104176075098695,
            "punknown": 4.557057198921299e-05,
            "time": 8.36371636390686,
            "percY": 184.05,
            "percN": 0.0,
            "percU": 1374.24,
            "percUNK": 44.99,
            "l": 6.2852307964927e-05,
            "u": 1.0
        },
        "~a_7": {
            "yes": 166,
            "no": 55,
            "undecided": 164,
            "unknown": 7,
            "pyes": 0.005565799189224219,
            "pno": 0.0005107673283233436,
            "pundecided": 0.0013185263036899924,
            "punknown": 0.0031309375685860796,
            "time": 8.455888032913208,
            "percY": 678.94,
            "percN": 224.95,
            "percU": 670.76,
            "percUNK": 28.63,
            "l": 0.005565799189224219,
            "u": 0.9994892326716767
        },
        "a_9": {
            "yes": 13,
            "no": 27,
            "undecided": 333,
            "unknown": 19,
            "pyes": 2.99610520200144e-07,
            "pno": 3.664263178271249e-05,
            "pundecided": 0.006763814877583616,
            "punknown": 0.0037252732699371034,
            "time": 8.41661286354065,
            "percY": 53.17,
            "percN": 110.43,
            "percU": 1361.97,
            "percUNK": 77.71,
            "l": 2.99610520200144e-07,
            "u": 0.9999633573682173
        }
    },
    "data": {
        "n_samples": 409,
        "time": 25.735825300216675,
        "repeated_worlds": 17,
        "repeated_progs": 69,
        "unique_progs": 340
    }
}