{
    "status": {
        "~a_0": {
            "yes": 246,
            "no": 0,
            "undecided": 133,
            "unknown": 19,
            "pyes": 0.0455841186885741,
            "pno": 0.0,
            "pundecided": 0.019385288198563888,
            "punknown": 4.957767523395009e-05,
            "time": 7.916646480560303,
            "percY": 1006.14,
            "percN": 0.0,
            "percU": 543.97,
            "percUNK": 77.71,
            "l": 0.0455841186885741,
            "u": 1.0
        },
        "a_6": {
            "yes": 151,
            "no": 0,
            "undecided": 225,
            "unknown": 22,
            "pyes": 0.044715405477654006,
            "pno": 0.0,
            "pundecided": 0.019837796035505485,
            "punknown": 0.0004657830492124557,
            "time": 7.96066689491272,
            "percY": 617.59,
            "percN": 0.0,
            "percU": 920.25,
            "percUNK": 89.98,
            "l": 0.044715405477654006,
            "u": 1.0
        },
        "a_8": {
            "yes": 97,
            "no": 10,
            "undecided": 266,
            "unknown": 25,
            "pyes": 0.04402982104074641,
            "pno": 0.00041735015468808475,
            "pundecided": 0.0205417947493041,
            "punknown": 3.0018617633347206e-05,
            "time": 7.981944799423218,
            "percY": 396.73,
            "percN": 40.9,
            "percU": 1087.94,
            "percUNK": 102.25,
            "l": 0.04402982104074641,
            "u": 0.9995826498453119
        }
    },
    "data": {
        "n_samples": 409,
        "time": 24.29316020011902,
        "repeated_worlds": 11,
        "repeated_progs": 88,
        "unique_progs": 321
    }
}