{
    "status": {
        "d_10": {
            "yes": 325,
            "no": 0,
            "undecided": 51,
            "unknown": 9,
            "pyes": 0.09323893635224585,
            "pno": 0.0,
            "pundecided": 3.7363095861048e-07,
            "punknown": 1.5047541369e-08,
            "time": 8.757664680480957,
            "percY": 1329.25,
            "percN": 0.0,
            "percU": 208.59,
            "percUNK": 36.81,
            "l": 0.09323893635224585,
            "u": 1.0
        },
        "a_7": {
            "yes": 308,
            "no": 11,
            "undecided": 66,
            "unknown": 0,
            "pyes": 0.08839607542364712,
            "pno": 0.004831991658090993,
            "pundecided": 1.1257949007753818e-05,
            "punknown": 0.0,
            "time": 8.888269662857056,
            "percY": 1259.72,
            "percN": 44.99,
            "percU": 269.94,
            "percUNK": 0.0,
            "l": 0.08839607542364712,
            "u": 0.995168008341909
        },
        "~a_7": {
            "yes": 11,
            "no": 308,
            "undecided": 66,
            "unknown": 0,
            "pyes": 0.004831991658090993,
            "pno": 0.08839607542364712,
            "pundecided": 1.1257949007753818e-05,
            "punknown": 0.0,
            "time": 8.9185152053833,
            "percY": 44.99,
            "percN": 1259.72,
            "percU": 269.94,
            "percUNK": 0.0,
            "l": 0.004831991658090993,
            "u": 0.9116039245763529
        }
    },
    "data": {
        "n_samples": 409,
        "time": 27.08351230621338,
        "repeated_worlds": 24,
        "repeated_progs": 55,
        "unique_progs": 354
    }
}