{
    "status": {
        "a_2": {
            "yes": 228,
            "no": 0,
            "undecided": 165,
            "unknown": 2,
            "pyes": 0.02972130007023433,
            "pno": 0.0,
            "pundecided": 0.004671356771692976,
            "punknown": 0.0,
            "time": 8.879729986190796,
            "percY": 932.52,
            "percN": 0.0,
            "percU": 674.85,
            "percUNK": 8.18,
            "l": 0.02972130007023433,
            "u": 1.0
        },
        "~a_8": {
            "yes": 151,
            "no": 0,
            "undecided": 242,
            "unknown": 2,
            "pyes": 0.029472784574594058,
            "pno": 0.0,
            "pundecided": 0.004919872267333257,
            "punknown": 0.0,
            "time": 8.861277103424072,
            "percY": 617.59,
            "percN": 0.0,
            "percU": 989.78,
            "percUNK": 8.18,
            "l": 0.029472784574594058,
            "u": 1.0
        },
        "a_8": {
            "yes": 0,
            "no": 151,
            "undecided": 242,
            "unknown": 2,
            "pyes": 0.0,
            "pno": 0.029472784574594058,
            "pundecided": 0.004919872267333257,
            "punknown": 0.0,
            "time": 8.930846929550171,
            "percY": 0.0,
            "percN": 617.59,
            "percU": 989.78,
            "percUNK": 8.18,
            "l": 0.0,
            "u": 0.970527215425406
        }
    },
    "data": {
        "n_samples": 409,
        "time": 27.18908953666687,
        "repeated_worlds": 14,
        "repeated_progs": 52,
        "unique_progs": 357
    }
}