{
    "status": {
        "a_9": {
            "yes": 256,
            "no": 0,
            "undecided": 110,
            "unknown": 27,
            "pyes": 0.0005774235887214767,
            "pno": 0.0,
            "pundecided": 0.0014203114169955206,
            "punknown": 0.0010512703485959158,
            "time": 8.67335057258606,
            "percY": 1047.04,
            "percN": 0.0,
            "percU": 449.9,
            "percUNK": 110.43,
            "l": 0.0005774235887214767,
            "u": 1.0
        },
        "a_5": {
            "yes": 148,
            "no": 0,
            "undecided": 92,
            "unknown": 153,
            "pyes": 0.0004374515866957031,
            "pno": 0.0,
            "pundecided": 0.0016296375266453948,
            "punknown": 0.0009819162409718154,
            "time": 8.710572719573975,
            "percY": 605.32,
            "percN": 0.0,
            "percU": 376.28,
            "percUNK": 625.77,
            "l": 0.0004374515866957031,
            "u": 1.0
        },
        "~a_8": {
            "yes": 139,
            "no": 35,
            "undecided": 172,
            "unknown": 47,
            "pyes": 0.00012655491004465535,
            "pno": 0.00010373171423253932,
            "pundecided": 0.0016354068035004169,
            "punknown": 0.0011833119265353016,
            "time": 8.685114622116089,
            "percY": 568.51,
            "percN": 143.15,
            "percU": 703.48,
            "percUNK": 192.23,
            "l": 0.00012655491004465535,
            "u": 0.9998962682857675
        }
    },
    "data": {
        "n_samples": 409,
        "time": 26.57079529762268,
        "repeated_worlds": 16,
        "repeated_progs": 59,
        "unique_progs": 350
    }
}