{
    "status": {
        "d_14": {
            "yes": 200,
            "no": 0,
            "undecided": 26,
            "unknown": 10,
            "pyes": 0.015387639526917442,
            "pno": 0.0,
            "pundecided": 0.013867237682105921,
            "punknown": 1.0753483744967042e-06,
            "time": 7.327811241149902,
            "percY": 242.0,
            "percN": 0.0,
            "percU": 31.46,
            "percUNK": 12.1,
            "l": 0.015387639526917442,
            "u": 1.0
        },
        "a_8": {
            "yes": 2,
            "no": 0,
            "undecided": 234,
            "unknown": 0,
            "pyes": 4.650487296000001e-11,
            "pno": 0.0,
            "pundecided": 0.029255952510892965,
            "punknown": 0.0,
            "time": 7.364157676696777,
            "percY": 2.42,
            "percN": 0.0,
            "percU": 283.14,
            "percUNK": 0.0,
            "l": 4.650487296000001e-11,
            "u": 1.0
        },
        "~a_8": {
            "yes": 0,
            "no": 2,
            "undecided": 234,
            "unknown": 0,
            "pyes": 0.0,
            "pno": 4.650487296000001e-11,
            "pundecided": 0.029255952510892965,
            "punknown": 0.0,
            "time": 7.3415985107421875,
            "percY": 0.0,
            "percN": 2.42,
            "percU": 283.14,
            "percUNK": 0.0,
            "l": 0.0,
            "u": 0.9999999999534951
        }
    },
    "data": {
        "n_samples": 121,
        "time": 16.03103280067444,
        "repeated_programs": 3,
        "inconsistent_programs": 0,
        "worlds_consulted": 179
    }
}