{
    "status": {
        "~a_3": {
            "yes": 210,
            "no": 0,
            "undecided": 0,
            "unknown": 54,
            "pyes": 0.014180824151647144,
            "pno": 0.0,
            "pundecided": 0.0,
            "punknown": 0.0050269920686541614,
            "time": 5.425020694732666,
            "percY": 281.4,
            "percN": 0.0,
            "percU": 0.0,
            "percUNK": 72.36,
            "l": 0.014180824151647144,
            "u": 1.0
        },
        "a_6": {
            "yes": 22,
            "no": 0,
            "undecided": 242,
            "unknown": 0,
            "pyes": 6.2709534014976e-08,
            "pno": 0.0,
            "pundecided": 0.019207753510767304,
            "punknown": 0.0,
            "time": 5.398233413696289,
            "percY": 29.48,
            "percN": 0.0,
            "percU": 324.28,
            "percUNK": 0.0,
            "l": 6.2709534014976e-08,
            "u": 1.0
        },
        "~a_8": {
            "yes": 22,
            "no": 0,
            "undecided": 238,
            "unknown": 4,
            "pyes": 6.2709534014976e-08,
            "pno": 0.0,
            "pundecided": 0.014592364934816995,
            "punknown": 0.0046153885759502985,
            "time": 5.371977806091309,
            "percY": 29.48,
            "percN": 0.0,
            "percU": 318.92,
            "percUNK": 5.36,
            "l": 6.2709534014976e-08,
            "u": 1.0
        }
    },
    "data": {
        "n_samples": 134,
        "time": 11.86581802368164,
        "repeated_programs": 2,
        "inconsistent_programs": 0,
        "worlds_consulted": 203
    }
}