{
    "status": {
        "a_0": {
            "yes": 172,
            "no": 0,
            "undecided": 0,
            "unknown": 126,
            "pyes": 0.0005148385040608014,
            "pno": 0.0,
            "pundecided": 0.0,
            "punknown": 0.10668643223013693,
            "time": 8.757425785064697,
            "percY": 258.0,
            "percN": 0.0,
            "percU": 0.0,
            "percUNK": 189.0,
            "l": 0.0005148385040608014,
            "u": 1.0
        },
        "~a_5": {
            "yes": 140,
            "no": 0,
            "undecided": 156,
            "unknown": 2,
            "pyes": 0.0015185678851070761,
            "pno": 0.0,
            "pundecided": 0.10568270284909068,
            "punknown": 0.0,
            "time": 8.76289701461792,
            "percY": 210.0,
            "percN": 0.0,
            "percU": 234.0,
            "percUNK": 3.0,
            "l": 0.0015185678851070761,
            "u": 1.0
        },
        "a_8": {
            "yes": 20,
            "no": 78,
            "undecided": 186,
            "unknown": 14,
            "pyes": 0.0008062759105751726,
            "pno": 0.0003132850923937829,
            "pundecided": 0.10607768351240257,
            "punknown": 4.026218826210336e-06,
            "time": 8.80395793914795,
            "percY": 30.0,
            "percN": 117.0,
            "percU": 279.0,
            "percUNK": 21.0,
            "l": 0.0008062759105751726,
            "u": 0.9996867149076062
        }
    },
    "data": {
        "n_samples": 150,
        "time": 19.611562967300415,
        "repeated_programs": 1,
        "inconsistent_programs": 0,
        "worlds_consulted": 191
    }
}