{
    "status": {
        "~a_4": {
            "yes": 86,
            "no": 0,
            "undecided": 50,
            "unknown": 0,
            "pyes": 0.0008125907447284381,
            "pno": 0.0,
            "pundecided": 0.0039265017922541145,
            "punknown": 0.0,
            "time": 3.587815284729004,
            "percY": 58.48,
            "percN": 0.0,
            "percU": 34.0,
            "percUNK": 0.0,
            "l": 0.0008125907447284381,
            "u": 1.0
        },
        "a_6": {
            "yes": 68,
            "no": 0,
            "undecided": 64,
            "unknown": 4,
            "pyes": 0.0005851038639049659,
            "pno": 0.0,
            "pundecided": 0.004144171540323609,
            "punknown": 9.81713275397868e-06,
            "time": 3.5836405754089355,
            "percY": 46.24,
            "percN": 0.0,
            "percU": 43.52,
            "percUNK": 2.72,
            "l": 0.0005851038639049659,
            "u": 1.0
        },
        "a_8": {
            "yes": 64,
            "no": 4,
            "undecided": 68,
            "unknown": 0,
            "pyes": 0.0005847879492996214,
            "pno": 1.1917496761863386e-05,
            "pundecided": 0.004142387090921068,
            "punknown": 0.0,
            "time": 3.6336917877197266,
            "percY": 43.52,
            "percN": 2.72,
            "percU": 46.24,
            "percUNK": 0.0,
            "l": 0.0005847879492996214,
            "u": 0.9999880825032381
        }
    },
    "data": {
        "n_samples": 68,
        "time": 8.119334697723389,
        "repeated_programs": 0,
        "inconsistent_programs": 0,
        "worlds_consulted": 245
    }
}