{
    "status": {
        "a_1": {
            "yes": 144,
            "no": 0,
            "undecided": 0,
            "unknown": 138,
            "pyes": 0.006615346179740041,
            "pno": 0.0,
            "pundecided": 0.0,
            "punknown": 0.0003539653035548315,
            "time": 7.371362686157227,
            "percY": 205.92,
            "percN": 0.0,
            "percU": 0.0,
            "percUNK": 197.34,
            "l": 0.006615346179740041,
            "u": 1.0
        },
        "a_7": {
            "yes": 6,
            "no": 14,
            "undecided": 262,
            "unknown": 0,
            "pyes": 1.554653576360506e-07,
            "pno": 2.5892862895851037e-06,
            "pundecided": 0.006966566731647655,
            "punknown": 0.0,
            "time": 7.341348648071289,
            "percY": 8.58,
            "percN": 20.02,
            "percU": 374.66,
            "percUNK": 0.0,
            "l": 1.554653576360506e-07,
            "u": 0.9999974107137104
        }
    },
    "data": {
        "n_samples": 143,
        "time": 12.390456914901733,
        "repeated_programs": 2,
        "inconsistent_programs": 0,
        "worlds_consulted": 214
    }
}