{
    "status": {
        "d_12": {
            "yes": 184,
            "no": 0,
            "undecided": 0,
            "unknown": 22,
            "pyes": 0.16467314128382543,
            "pno": 0.0,
            "pundecided": 0.0,
            "punknown": 0.0,
            "time": 5.629339694976807,
            "percY": 196.88,
            "percN": 0.0,
            "percU": 0.0,
            "percUNK": 23.54,
            "l": 0.16467314128382543,
            "u": 1.0
        },
        "a_5": {
            "yes": 92,
            "no": 0,
            "undecided": 112,
            "unknown": 2,
            "pyes": 0.1390990926375512,
            "pno": 0.0,
            "pundecided": 0.025555989843337623,
            "punknown": 1.805880293663846e-05,
            "time": 5.689260482788086,
            "percY": 98.44,
            "percN": 0.0,
            "percU": 119.84,
            "percUNK": 2.14,
            "l": 0.1390990926375512,
            "u": 1.0
        },
        "~a_7": {
            "yes": 78,
            "no": 64,
            "undecided": 64,
            "unknown": 0,
            "pyes": 0.16462159496096895,
            "pno": 3.130034849461593e-05,
            "pundecided": 2.024597436189548e-05,
            "punknown": 0.0,
            "time": 5.534151077270508,
            "percY": 83.46,
            "percN": 68.48,
            "percU": 68.48,
            "percUNK": 0.0,
            "l": 0.16462159496096895,
            "u": 0.9999686996515054
        }
    },
    "data": {
        "n_samples": 107,
        "time": 11.940621376037598,
        "repeated_programs": 4,
        "inconsistent_programs": 0,
        "worlds_consulted": 197
    }
}