{
    "status": {
        "a_1": {
            "yes": 28,
            "no": 0,
            "undecided": 0,
            "unknown": 22,
            "pyes": 0.13949988259525833,
            "pno": 0.0,
            "pundecided": 0.0,
            "punknown": 0.00075497826671896,
            "time": 1.3070192337036133,
            "percY": 7.0,
            "percN": 0.0,
            "percU": 0.0,
            "percUNK": 5.5,
            "l": 0.13949988259525833,
            "u": 1.0
        },
        "a_8": {
            "yes": 6,
            "no": 0,
            "undecided": 18,
            "unknown": 26,
            "pyes": 0.0006328027096073252,
            "pno": 0.0,
            "pundecided": 0.05356722256242527,
            "punknown": 0.08605483558994467,
            "time": 1.3218865394592285,
            "percY": 1.5,
            "percN": 0.0,
            "percU": 4.5,
            "percUNK": 6.5,
            "l": 0.0006328027096073252,
            "u": 1.0
        },
        "~a_7": {
            "yes": 22,
            "no": 16,
            "undecided": 12,
            "unknown": 0,
            "pyes": 0.08658121619475909,
            "pno": 0.0019417576079428685,
            "pundecided": 0.051731887059275325,
            "punknown": 0.0,
            "time": 1.3774957656860352,
            "percY": 5.5,
            "percN": 4.0,
            "percU": 3.0,
            "percUNK": 0.0,
            "l": 0.08658121619475909,
            "u": 0.9980582423920571
        }
    },
    "data": {
        "n_samples": 25,
        "time": 2.590672016143799,
        "repeated_programs": 0,
        "inconsistent_programs": 0,
        "worlds_consulted": 214
    }
}