{
    "status": {
        "~d_13": {
            "yes": 24,
            "no": 0,
            "undecided": 68,
            "unknown": 72,
            "pyes": 0.0002522635744778592,
            "pno": 0.0,
            "pundecided": 0.00010928922650787096,
            "punknown": 7.562305125407999e-05,
            "time": 4.156077861785889,
            "percY": 20.4,
            "percN": 0.0,
            "percU": 57.8,
            "percUNK": 61.2,
            "l": 0.0002522635744778592,
            "u": 1.0
        },
        "a_5": {
            "yes": 96,
            "no": 0,
            "undecided": 64,
            "unknown": 4,
            "pyes": 0.00038795296018549644,
            "pno": 0.0,
            "pundecided": 4.922289205431359e-05,
            "punknown": 0.0,
            "time": 4.293911457061768,
            "percY": 81.6,
            "percN": 0.0,
            "percU": 54.4,
            "percUNK": 3.4,
            "l": 0.00038795296018549644,
            "u": 1.0
        },
        "a_9": {
            "yes": 48,
            "no": 40,
            "undecided": 70,
            "unknown": 6,
            "pyes": 0.00032780923787676286,
            "pno": 6.014372230873366e-05,
            "pundecided": 4.922289205431359e-05,
            "punknown": 0.0,
            "time": 4.43500280380249,
            "percY": 40.8,
            "percN": 34.0,
            "percU": 59.5,
            "percUNK": 5.1,
            "l": 0.00032780923787676286,
            "u": 0.9999398562776912
        }
    },
    "data": {
        "n_samples": 85,
        "time": 9.305046796798706,
        "repeated_programs": 3,
        "inconsistent_programs": 0,
        "worlds_consulted": 181
    }
}