{
    "status": {
        "d_16": {
            "yes": 222,
            "no": 0,
            "undecided": 2,
            "unknown": 20,
            "pyes": 0.015290707056870675,
            "pno": 0.0,
            "pundecided": 2.4095153418336003e-07,
            "punknown": 1.8950740061503253e-06,
            "time": 6.3507232666015625,
            "percY": 273.06,
            "percN": 0.0,
            "percU": 2.46,
            "percUNK": 24.6,
            "l": 0.015290707056870675,
            "u": 1.0
        },
        "~a_7": {
            "yes": 26,
            "no": 8,
            "undecided": 208,
            "unknown": 2,
            "pyes": 6.454141309085327e-07,
            "pno": 5.234561895168e-10,
            "pundecided": 0.015292197144823903,
            "punknown": 0.0,
            "time": 6.496034145355225,
            "percY": 31.98,
            "percN": 9.84,
            "percU": 255.84,
            "percUNK": 2.46,
            "l": 6.454141309085327e-07,
            "u": 0.9999999994765438
        },
        "~a_9": {
            "yes": 116,
            "no": 8,
            "undecided": 114,
            "unknown": 6,
            "pyes": 0.005485042912630773,
            "pno": 3.8066372764171204e-07,
            "pundecided": 0.009684560661773891,
            "punknown": 0.00012285884427869608,
            "time": 6.783539772033691,
            "percY": 142.68,
            "percN": 9.84,
            "percU": 140.22,
            "percUNK": 7.38,
            "l": 0.005485042912630773,
            "u": 0.9999996193362723
        }
    },
    "data": {
        "n_samples": 123,
        "time": 14.132765293121338,
        "repeated_programs": 1,
        "inconsistent_programs": 0,
        "worlds_consulted": 188
    }
}