{
    "status": {
        "d_12": {
            "yes": 66,
            "no": 0,
            "undecided": 20,
            "unknown": 10,
            "pyes": 0.00038006223796424767,
            "pno": 0.0,
            "pundecided": 2.1194107200000004e-10,
            "punknown": 1.0351863244800001e-08,
            "time": 2.710850238800049,
            "percY": 33.66,
            "percN": 0.0,
            "percU": 10.2,
            "percUNK": 5.1,
            "l": 0.00038006223796424767,
            "u": 1.0
        },
        "~a_9": {
            "yes": 2,
            "no": 18,
            "undecided": 70,
            "unknown": 6,
            "pyes": 4.30739445261312e-08,
            "pno": 0.00011617380601845757,
            "pundecided": 0.000263853345033408,
            "punknown": 2.5767721728e-09,
            "time": 2.6157398223876953,
            "percY": 1.02,
            "percN": 9.18,
            "percU": 35.7,
            "percUNK": 3.06,
            "l": 4.30739445261312e-08,
            "u": 0.9998838261939815
        }
    },
    "data": {
        "n_samples": 51,
        "time": 3.61222767829895,
        "repeated_programs": 3,
        "inconsistent_programs": 0,
        "worlds_consulted": 173
    }
}