{
    "status": {
        "~a_0": {
            "yes": 126,
            "no": 0,
            "undecided": 4,
            "unknown": 12,
            "pyes": 0.00035387521510731176,
            "pno": 0.0,
            "pundecided": 2.593748949442561e-05,
            "punknown": 0.0001865956917294938,
            "time": 3.176344871520996,
            "percY": 93.24,
            "percN": 0.0,
            "percU": 2.96,
            "percUNK": 8.88,
            "l": 0.00035387521510731176,
            "u": 1.0
        },
        "a_7": {
            "yes": 50,
            "no": 24,
            "undecided": 64,
            "unknown": 4,
            "pyes": 0.00016692898261363258,
            "pno": 3.4505866001064536e-05,
            "pundecided": 0.0003582935000211374,
            "punknown": 6.680047695396769e-06,
            "time": 3.1618947982788086,
            "percY": 37.0,
            "percN": 17.76,
            "percU": 47.36,
            "percUNK": 2.96,
            "l": 0.00016692898261363258,
            "u": 0.9999654941339989
        },
        "a_8": {
            "yes": 20,
            "no": 70,
            "undecided": 52,
            "unknown": 0,
            "pyes": 2.61056436572476e-05,
            "pno": 0.0003329370215424415,
            "pundecided": 0.00020736573113154215,
            "punknown": 0.0,
            "time": 3.118459701538086,
            "percY": 14.8,
            "percN": 51.8,
            "percU": 38.48,
            "percUNK": 0.0,
            "l": 2.61056436572476e-05,
            "u": 0.9996670629784575
        }
    },
    "data": {
        "n_samples": 74,
        "time": 6.688898801803589,
        "repeated_programs": 3,
        "inconsistent_programs": 0,
        "worlds_consulted": 193
    }
}