{
    "status": {
        "~d_14": {
            "yes": 146,
            "no": 0,
            "undecided": 98,
            "unknown": 14,
            "pyes": 1.1209015191666287,
            "pno": 0.0,
            "pundecided": 0.0015889235480571692,
            "punknown": 0.0,
            "time": 5.829769134521484,
            "percY": 189.8,
            "percN": 0.0,
            "percU": 127.4,
            "percUNK": 18.2,
            "l": 1.1209015191666287,
            "u": 1.0,
            "flag": "INTEREST"
        },
        "~a_7": {
            "yes": 16,
            "no": 2,
            "undecided": 240,
            "unknown": 0,
            "pyes": 4.882824402886081e-06,
            "pno": 0.0,
            "pundecided": 1.1224855598902828,
            "punknown": 0.0,
            "time": 5.961064338684082,
            "percY": 20.8,
            "percN": 2.6,
            "percU": 312.0,
            "percUNK": 0.0,
            "l": 4.882824402886081e-06,
            "u": 1.0
        },
        "~a_8": {
            "yes": 60,
            "no": 144,
            "undecided": 54,
            "unknown": 0,
            "pyes": 0.0055191799471726154,
            "pno": 0.006557518471066446,
            "pundecided": 1.1104137442964466,
            "punknown": 0.0,
            "time": 6.060526371002197,
            "percY": 78.0,
            "percN": 187.2,
            "percU": 70.2,
            "percUNK": 0.0,
            "l": 0.0055191799471726154,
            "u": 0.9934424815289336
        }
    },
    "data": {
        "n_samples": 130,
        "time": 13.06856894493103,
        "repeated_programs": 1,
        "inconsistent_programs": 0,
        "worlds_consulted": 210
    }
}