{
    "status": {
        "~a_4": {
            "yes": 82,
            "no": 0,
            "undecided": 0,
            "unknown": 86,
            "pyes": 0.0006773304450766939,
            "pno": 0.0,
            "pundecided": 0.0,
            "punknown": 0.002903601535937657,
            "time": 5.086030006408691,
            "percY": 72.98,
            "percN": 0.0,
            "percU": 0.0,
            "percUNK": 76.54,
            "l": 0.0006773304450766939,
            "u": 1.0
        },
        "a_8": {
            "yes": 56,
            "no": 20,
            "undecided": 92,
            "unknown": 0,
            "pyes": 0.00016384745153558074,
            "pno": 1.0574709712560001e-06,
            "pundecided": 0.0034160270585075142,
            "punknown": 0.0,
            "time": 5.220801830291748,
            "percY": 49.84,
            "percN": 17.8,
            "percU": 81.88,
            "percUNK": 0.0,
            "l": 0.00016384745153558074,
            "u": 0.9999989425290288
        },
        "a_9": {
            "yes": 90,
            "no": 14,
            "undecided": 54,
            "unknown": 10,
            "pyes": 0.0034014276436492375,
            "pno": 0.0,
            "pundecided": 0.0001795043373651138,
            "punknown": 0.0,
            "time": 5.118226051330566,
            "percY": 80.1,
            "percN": 12.46,
            "percU": 48.06,
            "percUNK": 8.9,
            "l": 0.0034014276436492375,
            "u": 1.0
        }
    },
    "data": {
        "n_samples": 89,
        "time": 11.432923793792725,
        "repeated_programs": 5,
        "inconsistent_programs": 0,
        "worlds_consulted": 165
    }
}