{
    "status": {
        "~d_14": {
            "yes": 20,
            "no": 0,
            "undecided": 30,
            "unknown": 30,
            "pyes": 0.004952585995961687,
            "pno": 0.0,
            "pundecided": 0.011468688599342917,
            "punknown": 0.0012648772861776733,
            "time": 2.4429383277893066,
            "percY": 8.0,
            "percN": 0.0,
            "percU": 12.0,
            "percUNK": 12.0,
            "l": 0.004952585995961687,
            "u": 1.0
        },
        "a_7": {
            "yes": 2,
            "no": 0,
            "undecided": 0,
            "unknown": 78,
            "pyes": 8.255202015211682e-07,
            "pno": 0.0,
            "pundecided": 0.0,
            "punknown": 0.01768532636128076,
            "time": 2.5090694427490234,
            "percY": 0.8,
            "percN": 0.0,
            "percU": 0.0,
            "percUNK": 31.2,
            "l": 8.255202015211682e-07,
            "u": 1.0
        },
        "a_8": {
            "yes": 8,
            "no": 44,
            "undecided": 22,
            "unknown": 6,
            "pyes": 6.860986299591352e-06,
            "pno": 0.01642538376996666,
            "pundecided": 0.0012487805270666847,
            "punknown": 5.126598149340672e-06,
            "time": 2.4868807792663574,
            "percY": 3.2,
            "percN": 17.6,
            "percU": 8.8,
            "percUNK": 2.4,
            "l": 6.860986299591352e-06,
            "u": 0.9835746162300334
        }
    },
    "data": {
        "n_samples": 40,
        "time": 4.7215416431427,
        "repeated_programs": 0,
        "inconsistent_programs": 0,
        "worlds_consulted": 245
    }
}