{
    "status": {
        "d_16": {
            "yes": 66,
            "no": 0,
            "undecided": 46,
            "unknown": 18,
            "pyes": 0.09276268086565378,
            "pno": 0.0,
            "pundecided": 0.00017407608190008066,
            "punknown": 3.3830532144754784e-07,
            "time": 3.839951992034912,
            "percY": 42.9,
            "percN": 0.0,
            "percU": 29.9,
            "percUNK": 11.7,
            "l": 0.09276268086565378,
            "u": 1.0
        },
        "a_6": {
            "yes": 2,
            "no": 0,
            "undecided": 128,
            "unknown": 0,
            "pyes": 0.012303863028276015,
            "pno": 0.0,
            "pundecided": 0.08063323222459928,
            "punknown": 0.0,
            "time": 3.874361515045166,
            "percY": 1.3,
            "percN": 0.0,
            "percU": 83.2,
            "percUNK": 0.0,
            "l": 0.012303863028276015,
            "u": 1.0
        },
        "a_8": {
            "yes": 14,
            "no": 4,
            "undecided": 112,
            "unknown": 0,
            "pyes": 0.07702231500788796,
            "pno": 0.012303869396945008,
            "pundecided": 0.003610910848042404,
            "punknown": 0.0,
            "time": 3.865640163421631,
            "percY": 9.1,
            "percN": 2.6,
            "percU": 72.8,
            "percUNK": 0.0,
            "l": 0.07702231500788796,
            "u": 0.987696130603055
        }
    },
    "data": {
        "n_samples": 65,
        "time": 7.9061102867126465,
        "repeated_programs": 0,
        "inconsistent_programs": 0,
        "worlds_consulted": 179
    }
}