{
    "status": {
        "d_9": {
            "yes": 383,
            "no": 0,
            "undecided": 0,
            "unknown": 0,
            "pyes": 0.019067306259074664,
            "pno": 0.0,
            "pundecided": 0.0,
            "punknown": 0.0,
            "time": 5.048395395278931,
            "percY": 1566.47,
            "percN": 0.0,
            "percU": 0.0,
            "percUNK": 0.0,
            "l": 0.019067306259074664,
            "u": 1.0
        },
        "~a_5": {
            "yes": 286,
            "no": 0,
            "undecided": 97,
            "unknown": 0,
            "pyes": 0.011620230924636158,
            "pno": 0.0,
            "pundecided": 0.007447075334438508,
            "punknown": 0.0,
            "time": 5.1076765060424805,
            "percY": 1169.74,
            "percN": 0.0,
            "percU": 396.73,
            "percUNK": 0.0,
            "l": 0.011620230924636158,
            "u": 1.0
        },
        "~a_7": {
            "yes": 30,
            "no": 345,
            "undecided": 8,
            "unknown": 0,
            "pyes": 0.00010253215035010301,
            "pno": 0.018961025509427187,
            "pundecided": 3.7485992973766873e-06,
            "punknown": 0.0,
            "time": 5.268235921859741,
            "percY": 122.7,
            "percN": 1411.05,
            "percU": 32.72,
            "percUNK": 0.0,
            "l": 0.00010253215035010301,
            "u": 0.9810389744905728
        }
    },
    "data": {
        "n_samples": 409,
        "time": 15.735357284545898,
        "repeated_worlds": 26,
        "repeated_progs": 216,
        "unique_progs": 193
    }
}