{
    "status": {
        "d_18": {
            "yes": 114,
            "no": 0,
            "undecided": 269,
            "unknown": 0,
            "pyes": 0.024846212322465148,
            "pno": 0.0,
            "pundecided": 0.0068592205141062125,
            "punknown": 0.0,
            "time": 4.106317520141602,
            "percY": 466.26,
            "percN": 0.0,
            "percU": 1100.21,
            "percUNK": 0.0,
            "l": 0.024846212322465148,
            "u": 1.0
        },
        "~a_5": {
            "yes": 383,
            "no": 0,
            "undecided": 0,
            "unknown": 0,
            "pyes": 0.031705432836571366,
            "pno": 0.0,
            "pundecided": 0.0,
            "punknown": 0.0,
            "time": 4.1606738567352295,
            "percY": 1566.47,
            "percN": 0.0,
            "percU": 0.0,
            "percUNK": 0.0,
            "l": 0.031705432836571366,
            "u": 1.0
        },
        "a_7": {
            "yes": 205,
            "no": 178,
            "undecided": 0,
            "unknown": 0,
            "pyes": 0.025435875252733223,
            "pno": 0.006269557583838134,
            "pundecided": 0.0,
            "punknown": 0.0,
            "time": 4.4625067710876465,
            "percY": 838.45,
            "percN": 728.02,
            "percU": 0.0,
            "percUNK": 0.0,
            "l": 0.025435875252733223,
            "u": 0.9937304424161618
        }
    },
    "data": {
        "n_samples": 409,
        "time": 13.00731897354126,
        "repeated_worlds": 26,
        "repeated_progs": 249,
        "unique_progs": 160
    }
}