{
    "status": {
        "d_9": {
            "yes": 267,
            "no": 0,
            "undecided": 115,
            "unknown": 0,
            "pyes": 0.017781620504458664,
            "pno": 0.0,
            "pundecided": 0.001840750403102798,
            "punknown": 0.0,
            "time": 2.0780768394470215,
            "percY": 1092.03,
            "percN": 0.0,
            "percU": 470.35,
            "percUNK": 0.0,
            "l": 0.017781620504458664,
            "u": 1.0
        },
        "~a_8": {
            "yes": 361,
            "no": 21,
            "undecided": 0,
            "unknown": 0,
            "pyes": 0.019458404998037613,
            "pno": 0.00016396590952386222,
            "pundecided": 0.0,
            "punknown": 0.0,
            "time": 2.1298375129699707,
            "percY": 1476.49,
            "percN": 85.89,
            "percU": 0.0,
            "percUNK": 0.0,
            "l": 0.019458404998037613,
            "u": 0.9998360340904762
        },
        "a_8": {
            "yes": 21,
            "no": 361,
            "undecided": 0,
            "unknown": 0,
            "pyes": 0.00016396590952386222,
            "pno": 0.019458404998037613,
            "pundecided": 0.0,
            "punknown": 0.0,
            "time": 2.1482129096984863,
            "percY": 85.89,
            "percN": 1476.49,
            "percU": 0.0,
            "percUNK": 0.0,
            "l": 0.00016396590952386222,
            "u": 0.9805415950019624
        }
    },
    "data": {
        "n_samples": 409,
        "time": 6.561516523361206,
        "repeated_worlds": 27,
        "repeated_progs": 323,
        "unique_progs": 86
    }
}