{
    "status": {
        "~d_10": {
            "yes": 400,
            "no": 0,
            "undecided": 0,
            "unknown": 0,
            "pyes": 0.6690586305335158,
            "pno": 0.0,
            "pundecided": 0.0,
            "punknown": 0.0,
            "time": 3.459212303161621,
            "percY": 1636.0,
            "percN": 0.0,
            "percU": 0.0,
            "percUNK": 0.0,
            "l": 0.6690586305335158,
            "u": 1.0,
            "flag": "INTEREST"
        },
        "a_8": {
            "yes": 342,
            "no": 58,
            "undecided": 0,
            "unknown": 0,
            "pyes": 0.6690543597783235,
            "pno": 4.2707551921573626e-06,
            "pundecided": 0.0,
            "punknown": 0.0,
            "time": 3.540475606918335,
            "percY": 1398.78,
            "percN": 237.22,
            "percU": 0.0,
            "percUNK": 0.0,
            "l": 0.6690543597783235,
            "u": 0.9999957292448078,
            "flag": "INTEREST"
        },
        "~a_7": {
            "yes": 73,
            "no": 261,
            "undecided": 66,
            "unknown": 0,
            "pyes": 0.6652982611162214,
            "pno": 0.003561133570679908,
            "pundecided": 0.00019923584661437306,
            "punknown": 0.0,
            "time": 3.617483139038086,
            "percY": 298.57,
            "percN": 1067.49,
            "percU": 269.94,
            "percUNK": 0.0,
            "l": 0.6652982611162214,
            "u": 0.9964388664293201,
            "flag": "INTEREST"
        }
    },
    "data": {
        "n_samples": 409,
        "time": 10.875787734985352,
        "repeated_worlds": 9,
        "repeated_progs": 266,
        "unique_progs": 143
    }
}