{
    "status": {
        "d_11": {
            "yes": 408912,
            "no": 0,
            "undecided": 409143,
            "unknown": 0,
            "pyes": 0.047469317036645864,
            "pno": 0.0,
            "pundecided": 0.0015466543022802294,
            "punknown": 0.0,
            "time": 78.04715704917908,
            "percY": 3430199203.2,
            "percN": 0.0,
            "percU": 3432136969.8,
            "percUNK": 0.0,
            "l": 0.047469317036645864,
            "u": 1.0
        },
        "~a_8": {
            "yes": 229786,
            "no": 179076,
            "undecided": 409193,
            "unknown": 0,
            "pyes": 0.01569964122251528,
            "pno": 0.014495953507171378,
            "pundecided": 0.01882037660923878,
            "punknown": 0.0,
            "time": 79.00101852416992,
            "percY": 1927582839.6,
            "percN": 1502196933.6,
            "percU": 3432556399.8,
            "percUNK": 0.0,
            "l": 0.01569964122251528,
            "u": 0.9855040464928286
        },
        "a_7": {
            "yes": 229517,
            "no": 179345,
            "undecided": 409193,
            "unknown": 0,
            "pyes": 0.00965653716123901,
            "pno": 0.020539057568447268,
            "pundecided": 0.01882037660923878,
            "punknown": 0.0,
            "time": 78.9283139705658,
            "percY": 1925326306.2,
            "percN": 1504453467.0,
            "percU": 3432556399.8,
            "percUNK": 0.0,
            "l": 0.00965653716123901,
            "u": 0.9794609424315527
        }
    },
    "data": {
        "n_samples": 838860,
        "time": 660.228438615799,
        "repeated_worlds": 20805,
        "repeated_progs": 836812,
        "unique_progs": 2048
    }
}