{
    "status": {
        "d_9": {
            "yes": 408785,
            "no": 0,
            "undecided": 409340,
            "unknown": 0,
            "pyes": 0.03607917995095809,
            "pno": 0.0,
            "pundecided": 0.01898207138738896,
            "punknown": 0.0,
            "time": 153.64388823509216,
            "percY": 3429133851.0,
            "percN": 0.0,
            "percU": 3433789524.0,
            "percUNK": 0.0,
            "l": 0.03607917995095809,
            "u": 1.0
        },
        "a_8": {
            "yes": 358130,
            "no": 51020,
            "undecided": 408975,
            "unknown": 0,
            "pyes": 0.019615176269891458,
            "pno": 0.00785680608401226,
            "pundecided": 0.02758926898444403,
            "punknown": 0.0,
            "time": 156.48057985305786,
            "percY": 3004209318.0,
            "percN": 427986372.0,
            "percU": 3430727685.0,
            "percUNK": 0.0,
            "l": 0.019615176269891458,
            "u": 0.9921431939159877
        }
    },
    "data": {
        "n_samples": 838860,
        "time": 752.9658386707306,
        "repeated_worlds": 20735,
        "repeated_progs": 834764,
        "unique_progs": 4096
    }
}