{
    "status": {
        "a_4": {
            "yes": 408948,
            "no": 0,
            "undecided": 409151,
            "unknown": 0,
            "pyes": 0.040643111413495574,
            "pno": 0.0,
            "pundecided": 0.008012679899607068,
            "punknown": 0.0,
            "time": 77.7932345867157,
            "percY": 3430501192.8,
            "percN": 0.0,
            "percU": 3432204078.6,
            "percUNK": 0.0,
            "l": 0.040643111413495574,
            "u": 1.0
        },
        "a_8": {
            "yes": 306845,
            "no": 102120,
            "undecided": 409134,
            "unknown": 0,
            "pyes": 0.028741003169399,
            "pno": 0.009014423521549096,
            "pundecided": 0.010900364622153266,
            "punknown": 0.0,
            "time": 79.4679274559021,
            "percY": 2573999967.0,
            "percN": 856643832.0,
            "percU": 3432061472.4,
            "percUNK": 0.0,
            "l": 0.028741003169399,
            "u": 0.9909855764784509
        },
        "~a_7": {
            "yes": 204793,
            "no": 204172,
            "undecided": 409134,
            "unknown": 0,
            "pyes": 0.03336132621285076,
            "pno": 0.004394100478098297,
            "pundecided": 0.010900364622153266,
            "punknown": 0.0,
            "time": 79.1908028125763,
            "percY": 1717926559.8,
            "percN": 1712717239.2,
            "percU": 3432061472.4,
            "percUNK": 0.0,
            "l": 0.03336132621285076,
            "u": 0.9956058995219017
        }
    },
    "data": {
        "n_samples": 838860,
        "time": 672.1247475147247,
        "repeated_worlds": 20761,
        "repeated_progs": 836812,
        "unique_progs": 2048
    }
}