{
    "status": {
        "~d_11": {
            "yes": 409649,
            "no": 0,
            "undecided": 408680,
            "unknown": 0,
            "pyes": 0.011201995570291107,
            "pno": 0.0,
            "pundecided": 0.03881073641110285,
            "punknown": 0.0,
            "time": 19.602007627487183,
            "percY": 3436381601.4,
            "percN": 0.0,
            "percU": 3428253048.0,
            "percUNK": 0.0,
            "l": 0.011201995570291107,
            "u": 1.0
        },
        "~a_8": {
            "yes": 307436,
            "no": 102469,
            "undecided": 408424,
            "unknown": 0,
            "pyes": 0.03780540102803968,
            "pno": 0.011292879269922937,
            "pundecided": 0.0009144516834315628,
            "punknown": 0.0,
            "time": 19.938557147979736,
            "percY": 2578957629.6,
            "percN": 859571453.4,
            "percU": 3426105566.4,
            "percUNK": 0.0,
            "l": 0.03780540102803968,
            "u": 0.988707120730077
        }
    },
    "data": {
        "n_samples": 838860,
        "time": 464.82058119773865,
        "repeated_worlds": 20531,
        "repeated_progs": 838348,
        "unique_progs": 512
    }
}