{
    "status": {
        "~d_11": {
            "yes": 409803,
            "no": 0,
            "undecided": 408493,
            "unknown": 0,
            "pyes": 0.012678885923309333,
            "pno": 0.0,
            "pundecided": 0.0338817177470597,
            "punknown": 0.0,
            "time": 10.141364574432373,
            "percY": 3437673445.8,
            "percN": 0.0,
            "percU": 3426684379.8,
            "percUNK": 0.0,
            "l": 0.012678885923309333,
            "u": 1.0
        },
        "a_8": {
            "yes": 256380,
            "no": 152873,
            "undecided": 409043,
            "unknown": 0,
            "pyes": 0.014818398512186057,
            "pno": 0.024172989724901246,
            "pundecided": 0.00756921543328205,
            "punknown": 0.0,
            "time": 10.425950288772583,
            "percY": 2150669268.0,
            "percN": 1282390447.8,
            "percU": 3431298109.8,
            "percUNK": 0.0,
            "l": 0.014818398512186057,
            "u": 0.9758270102750988
        },
        "~a_7": {
            "yes": 179170,
            "no": 230435,
            "undecided": 408691,
            "unknown": 0,
            "pyes": 0.007375895659057884,
            "pno": 0.010612844734638619,
            "pundecided": 0.028571863276673624,
            "punknown": 0.0,
            "time": 10.294126033782959,
            "percY": 1502985462.0,
            "percN": 1933027041.0,
            "percU": 3428345322.6,
            "percUNK": 0.0,
            "l": 0.007375895659057884,
            "u": 0.9893871552653614
        }
    },
    "data": {
        "n_samples": 838860,
        "time": 482.58235239982605,
        "repeated_worlds": 20564,
        "repeated_progs": 838604,
        "unique_progs": 256
    }
}