{
    "status": {
        "a_0": {
            "yes": 408496,
            "no": 0,
            "undecided": 0,
            "unknown": 409659,
            "pyes": 0.02618597350190313,
            "pno": 0.0,
            "pundecided": 0.0,
            "punknown": 0.022832866810264574,
            "time": 40.03435659408569,
            "percY": 3426709545.6,
            "percN": 0.0,
            "percU": 0.0,
            "percUNK": 3436465487.4,
            "l": 0.02618597350190313,
            "u": 1.0
        },
        "a_8": {
            "yes": 230052,
            "no": 179218,
            "undecided": 408885,
            "unknown": 0,
            "pyes": 0.006450216796451576,
            "pno": 0.007454539284457586,
            "pundecided": 0.03511408423125853,
            "punknown": 0.0,
            "time": 41.66446805000305,
            "percY": 1929814207.2,
            "percN": 1503388114.8,
            "percU": 3429972711.0,
            "percUNK": 0.0,
            "l": 0.006450216796451576,
            "u": 0.9925454607155424
        }
    },
    "data": {
        "n_samples": 838860,
        "time": 547.8227422237396,
        "repeated_worlds": 20705,
        "repeated_progs": 837836,
        "unique_progs": 1024
    }
}