{
    "status": {
        "~d_17": {
            "yes": 818313,
            "no": 0,
            "undecided": 0,
            "unknown": 0,
            "pyes": 0.04975832324004414,
            "pno": 0.0,
            "pundecided": 0.0,
            "punknown": 0.0,
            "time": 40.55911350250244,
            "percY": 6864500431.8,
            "percN": 0.0,
            "percU": 0.0,
            "percUNK": 0.0,
            "l": 0.04975832324004414,
            "u": 1.0
        },
        "a_7": {
            "yes": 268662,
            "no": 140988,
            "undecided": 408663,
            "unknown": 0,
            "pyes": 0.002061898002041335,
            "pno": 0.008177248804084708,
            "pundecided": 0.03951917643391864,
            "punknown": 0.0,
            "time": 40.811054706573486,
            "percY": 2253698053.2,
            "percN": 1182691936.8,
            "percU": 3428110441.8,
            "percUNK": 0.0,
            "l": 0.002061898002041335,
            "u": 0.9918227511959153
        },
        "~a_7": {
            "yes": 140988,
            "no": 268662,
            "undecided": 408663,
            "unknown": 0,
            "pyes": 0.008177248804084708,
            "pno": 0.002061898002041335,
            "pundecided": 0.03951917643391864,
            "punknown": 0.0,
            "time": 40.57947087287903,
            "percY": 1182691936.8,
            "percN": 2253698053.2,
            "percU": 3428110441.8,
            "percUNK": 0.0,
            "l": 0.008177248804084708,
            "u": 0.9979381019979586
        }
    },
    "data": {
        "n_samples": 838860,
        "time": 564.5433332920074,
        "repeated_worlds": 20547,
        "repeated_progs": 837836,
        "unique_progs": 1024
    }
}