{
    "status": {
        "a_1": {
            "yes": 408324,
            "no": 0,
            "undecided": 409901,
            "unknown": 0,
            "pyes": 0.01686635884692809,
            "pno": 0.0,
            "pundecided": 0.03293540048112398,
            "punknown": 0.0,
            "time": 19.833622217178345,
            "percY": 3425266706.4,
            "percN": 0.0,
            "percU": 3438495528.6,
            "percUNK": 0.0,
            "l": 0.01686635884692809,
            "u": 1.0
        },
        "~a_8": {
            "yes": 229860,
            "no": 178464,
            "undecided": 409901,
            "unknown": 0,
            "pyes": 0.002628746337965823,
            "pno": 0.014237612508962084,
            "pundecided": 0.03293540048112398,
            "punknown": 0.0,
            "time": 20.197461128234863,
            "percY": 1928203596.0,
            "percN": 1497063110.4,
            "percU": 3438495528.6,
            "percUNK": 0.0,
            "l": 0.002628746337965823,
            "u": 0.985762387491038
        },
        "~a_7": {
            "yes": 204463,
            "no": 203861,
            "undecided": 409901,
            "unknown": 0,
            "pyes": 0.0028828610804643045,
            "pno": 0.013983497766463612,
            "pundecided": 0.03293540048112398,
            "punknown": 0.0,
            "time": 20.240222454071045,
            "percY": 1715158321.8,
            "percN": 1710108384.6,
            "percU": 3438495528.6,
            "percUNK": 0.0,
            "l": 0.0028828610804643045,
            "u": 0.9860165022335364
        }
    },
    "data": {
        "n_samples": 838860,
        "time": 506.0324430465698,
        "repeated_worlds": 20635,
        "repeated_progs": 838348,
        "unique_progs": 512
    }
}