{
    "status": {
        "d_11": {
            "yes": 409277,
            "no": 0,
            "undecided": 408910,
            "unknown": 0,
            "pyes": 0.007415688506072073,
            "pno": 0.0,
            "pundecided": 0.03979795142911324,
            "punknown": 0.0,
            "time": 20.41443920135498,
            "percY": 3433261042.2,
            "percN": 0.0,
            "percU": 3430182426.0,
            "percUNK": 0.0,
            "l": 0.007415688506072073,
            "u": 1.0
        },
        "~a_6": {
            "yes": 408521,
            "no": 0,
            "undecided": 409666,
            "unknown": 0,
            "pyes": 0.036141311814292275,
            "pno": 0.0,
            "pundecided": 0.011072328120893805,
            "punknown": 0.0,
            "time": 20.469887256622314,
            "percY": 3426919260.6,
            "percN": 0.0,
            "percU": 3436524207.6,
            "percUNK": 0.0,
            "l": 0.036141311814292275,
            "u": 1.0
        },
        "a_7": {
            "yes": 89965,
            "no": 318244,
            "undecided": 409978,
            "unknown": 0,
            "pyes": 0.0011291740457223796,
            "pno": 0.03981446225802014,
            "pundecided": 0.006270003631442446,
            "punknown": 0.0,
            "time": 20.813489198684692,
            "percY": 754680399.0,
            "percN": 2669621618.4,
            "percU": 3439141450.8,
            "percUNK": 0.0,
            "l": 0.0011291740457223796,
            "u": 0.9601855377419799
        }
    },
    "data": {
        "n_samples": 838860,
        "time": 549.3055293560028,
        "repeated_worlds": 20673,
        "repeated_progs": 838348,
        "unique_progs": 512
    }
}