{
    "status": {
        "d_17": {
            "yes": 408614,
            "no": 0,
            "undecided": 409598,
            "unknown": 0,
            "pyes": 0.03601631803322115,
            "pno": 0.0,
            "pundecided": 0.009150913780473625,
            "punknown": 0.0,
            "time": 41.1388418674469,
            "percY": 3427699400.4,
            "percN": 0.0,
            "percU": 3435953782.8,
            "percUNK": 0.0,
            "l": 0.03601631803322115,
            "u": 1.0
        },
        "a_7": {
            "yes": 268243,
            "no": 140516,
            "undecided": 409453,
            "unknown": 0,
            "pyes": 0.019908977791125722,
            "pno": 0.004709100961495388,
            "pundecided": 0.02054915306107208,
            "punknown": 0.0,
            "time": 41.676533699035645,
            "percY": 2250183229.8,
            "percN": 1178732517.6,
            "percU": 3434737435.8,
            "percUNK": 0.0,
            "l": 0.019908977791125722,
            "u": 0.9952908990385047
        },
        "~a_8": {
            "yes": 153299,
            "no": 255460,
            "undecided": 409453,
            "unknown": 0,
            "pyes": 0.007206049831083553,
            "pno": 0.01741202892153765,
            "pundecided": 0.02054915306107208,
            "punknown": 0.0,
            "time": 41.578521966934204,
            "percY": 1285963991.4,
            "percN": 2142951756.0,
            "percU": 3434737435.8,
            "percUNK": 0.0,
            "l": 0.007206049831083553,
            "u": 0.9825879710784623
        }
    },
    "data": {
        "n_samples": 838860,
        "time": 580.8722612857819,
        "repeated_worlds": 20648,
        "repeated_progs": 837836,
        "unique_progs": 1024
    }
}