{
    "status": {
        "d_11": {
            "yes": 408930,
            "no": 0,
            "undecided": 409238,
            "unknown": 0,
            "pyes": 0.03902133426813249,
            "pno": 0.0,
            "pundecided": 0.014519505940252461,
            "punknown": 0.0,
            "time": 40.69236445426941,
            "percY": 3430350198.0,
            "percN": 0.0,
            "percU": 3432933886.8,
            "percUNK": 0.0,
            "l": 0.03902133426813249,
            "u": 1.0
        },
        "a_5": {
            "yes": 306292,
            "no": 0,
            "undecided": 511876,
            "unknown": 0,
            "pyes": 0.033334412411020094,
            "pno": 0.0,
            "pundecided": 0.02020642779736627,
            "punknown": 0.0,
            "time": 40.89349889755249,
            "percY": 2569361071.2,
            "percN": 0.0,
            "percU": 4293923013.6,
            "percUNK": 0.0,
            "l": 0.033334412411020094,
            "u": 1.0
        },
        "~a_7": {
            "yes": 178664,
            "no": 179004,
            "undecided": 460500,
            "unknown": 0,
            "pyes": 0.010623243552054696,
            "pno": 0.02435567473545669,
            "pundecided": 0.018561921920875097,
            "punknown": 0.0,
            "time": 41.18763470649719,
            "percY": 1498740830.4,
            "percN": 1501592954.4,
            "percU": 3862950300.0,
            "percUNK": 0.0,
            "l": 0.010623243552054696,
            "u": 0.9756443252645433
        }
    },
    "data": {
        "n_samples": 838860,
        "time": 580.1791307926178,
        "repeated_worlds": 20692,
        "repeated_progs": 837836,
        "unique_progs": 1024
    }
}