{
    "status": {
        "a_4": {
            "yes": 409087,
            "no": 0,
            "undecided": 0,
            "unknown": 408860,
            "pyes": 0.017465018840527976,
            "pno": 0.0,
            "pundecided": 0.0,
            "punknown": 0.031314832213869964,
            "time": 10.102182149887085,
            "percY": 3431667208.2,
            "percN": 0.0,
            "percU": 0.0,
            "percUNK": 3429762996.0,
            "l": 0.017465018840527976,
            "u": 1.0
        },
        "a_7": {
            "yes": 408426,
            "no": 0,
            "undecided": 409521,
            "unknown": 0,
            "pyes": 0.03391773099828508,
            "pno": 0.0,
            "pundecided": 0.014862120056113808,
            "punknown": 0.0,
            "time": 10.188574314117432,
            "percY": 3426122343.6,
            "percN": 0.0,
            "percU": 3435307860.6,
            "percUNK": 0.0,
            "l": 0.03391773099828508,
            "u": 1.0
        },
        "~a_7": {
            "yes": 0,
            "no": 408426,
            "undecided": 409521,
            "unknown": 0,
            "pyes": 0.0,
            "pno": 0.03391773099828508,
            "pundecided": 0.014862120056113808,
            "punknown": 0.0,
            "time": 10.059357404708862,
            "percY": 0.0,
            "percN": 3426122343.6,
            "percU": 3435307860.6,
            "percUNK": 0.0,
            "l": 0.0,
            "u": 0.9660822690017149
        }
    },
    "data": {
        "n_samples": 838860,
        "time": 466.0139226913452,
        "repeated_worlds": 20913,
        "repeated_progs": 838604,
        "unique_progs": 256
    }
}