{
    "status": {
        "d_12": {
            "yes": 409131,
            "no": 0,
            "undecided": 408996,
            "unknown": 0,
            "pyes": 0.04264607018606072,
            "pno": 0.0,
            "pundecided": 0.0049616990323697215,
            "punknown": 0.0,
            "time": 320.9067585468292,
            "percY": 3432036306.6,
            "percN": 0.0,
            "percU": 3430903845.6,
            "percUNK": 0.0,
            "l": 0.04264607018606072,
            "u": 1.0
        },
        "~a_8": {
            "yes": 268061,
            "no": 140349,
            "undecided": 409717,
            "unknown": 0,
            "pyes": 0.01715324830001587,
            "pno": 0.017462214166170123,
            "pundecided": 0.01299230675224472,
            "punknown": 0.0,
            "time": 325.47532081604004,
            "percY": 2248656504.6,
            "percN": 1177331621.4,
            "percU": 3436952026.2,
            "percUNK": 0.0,
            "l": 0.01715324830001587,
            "u": 0.9825377858338299
        },
        "a_8": {
            "yes": 140349,
            "no": 268061,
            "undecided": 409717,
            "unknown": 0,
            "pyes": 0.017462214166170123,
            "pno": 0.01715324830001587,
            "pundecided": 0.01299230675224472,
            "punknown": 0.0,
            "time": 324.7944233417511,
            "percY": 1177331621.4,
            "percN": 2248656504.6,
            "percU": 3436952026.2,
            "percUNK": 0.0,
            "l": 0.017462214166170123,
            "u": 0.9828467516999841
        }
    },
    "data": {
        "n_samples": 838860,
        "time": 1428.5264611244202,
        "repeated_worlds": 20733,
        "repeated_progs": 830668,
        "unique_progs": 8192
    }
}