{
    "status": {
        "a_0": {
            "yes": 80310,
            "no": 0,
            "undecided": 0,
            "unknown": 21749,
            "pyes": 0.8643604608933558,
            "pno": 0.0,
            "pundecided": 0.0,
            "punknown": 0.0740066161801964,
            "time": 56.707996129989624,
            "percY": 673688466.0,
            "percN": 0.0,
            "percU": 0.0,
            "percUNK": 182443661.4,
            "l": 0.8643604608933558,
            "u": 1.0,
            "flag": "INTEREST"
        },
        "a_7": {
            "yes": 29396,
            "no": 31204,
            "undecided": 41459,
            "unknown": 0,
            "pyes": 0.23741717358341685,
            "pno": 0.3517370769312331,
            "pundecided": 0.34921282655890157,
            "punknown": 0.0,
            "time": 56.56831407546997,
            "percY": 246591285.6,
            "percN": 261757874.4,
            "percU": 347782967.4,
            "percUNK": 0.0,
            "l": 0.23741717358341685,
            "u": 0.6482629230687669,
            "flag": "INTEREST"
        },
        "a_8": {
            "yes": 0,
            "no": 60600,
            "undecided": 41459,
            "unknown": 0,
            "pyes": 0.0,
            "pno": 0.58915425051465,
            "pundecided": 0.34921282655890157,
            "punknown": 0.0,
            "time": 57.412737131118774,
            "percY": 0.0,
            "percN": 508349160.0,
            "percU": 347782967.4,
            "percUNK": 0.0,
            "l": 0.0,
            "u": 0.41084574948535,
            "flag": "INTEREST"
        }
    },
    "data": {
        "n_samples": 838860,
        "time": 232.40110158920288,
        "repeated_worlds": 736801,
        "repeated_progs": 838352,
        "unique_progs": 508
    }
}