{
    "status": {
        "a_1": {
            "yes": 154666,
            "no": 0,
            "undecided": 64512,
            "unknown": 0,
            "pyes": 0.7404868299258552,
            "pno": 0.0,
            "pundecided": 0.10524372558298539,
            "punknown": 0.0,
            "time": 57.635231018066406,
            "percY": 1297431207.6,
            "percN": 0.0,
            "percU": 541165363.2,
            "percUNK": 0.0,
            "l": 0.7404868299258552,
            "u": 1.0,
            "flag": "INTEREST"
        },
        "~a_9": {
            "yes": 98322,
            "no": 56344,
            "undecided": 64512,
            "unknown": 0,
            "pyes": 0.49981781854633894,
            "pno": 0.24066901137952068,
            "pundecided": 0.10524372558298539,
            "punknown": 0.0,
            "time": 57.70744848251343,
            "percY": 824783929.2,
            "percN": 472647278.4,
            "percU": 541165363.2,
            "percUNK": 0.0,
            "l": 0.49981781854633894,
            "u": 0.7593309886204793,
            "flag": "INTEREST"
        },
        "a_9": {
            "yes": 56344,
            "no": 98322,
            "undecided": 64512,
            "unknown": 0,
            "pyes": 0.24066901137952068,
            "pno": 0.49981781854633894,
            "pundecided": 0.10524372558298539,
            "punknown": 0.0,
            "time": 57.789040088653564,
            "percY": 472647278.4,
            "percN": 824783929.2,
            "percU": 541165363.2,
            "percUNK": 0.0,
            "l": 0.24066901137952068,
            "u": 0.5001821814536611,
            "flag": "INTEREST"
        }
    },
    "data": {
        "n_samples": 838860,
        "time": 300.7302830219269,
        "repeated_worlds": 619682,
        "repeated_progs": 838350,
        "unique_progs": 510
    }
}