{
    "status": {
        "d_13": {
            "yes": 217402,
            "no": 0,
            "undecided": 99842,
            "unknown": 0,
            "pyes": 0.5903628121720357,
            "pno": 0.0,
            "pundecided": 0.16097640707116412,
            "punknown": 0.0,
            "time": 117.329674243927,
            "percY": 1823698417.2,
            "percN": 0.0,
            "percU": 837534601.2,
            "percUNK": 0.0,
            "l": 0.5903628121720357,
            "u": 1.0,
            "flag": "INTEREST"
        },
        "a_6": {
            "yes": 149640,
            "no": 0,
            "undecided": 167604,
            "unknown": 0,
            "pyes": 0.3894171041038684,
            "pno": 0.0,
            "pundecided": 0.3619221151393292,
            "punknown": 0.0,
            "time": 117.91959691047668,
            "percY": 1255270104.0,
            "percN": 0.0,
            "percU": 1405962914.4,
            "percUNK": 0.0,
            "l": 0.3894171041038684,
            "u": 1.0
        },
        "a_9": {
            "yes": 67762,
            "no": 149640,
            "undecided": 99842,
            "unknown": 0,
            "pyes": 0.20094570806817133,
            "pno": 0.3894171041038684,
            "pundecided": 0.16097640707116412,
            "punknown": 0.0,
            "time": 116.80584383010864,
            "percY": 568428313.2,
            "percN": 1255270104.0,
            "percU": 837534601.2,
            "percUNK": 0.0,
            "l": 0.20094570806817133,
            "u": 0.6105828958961317,
            "flag": "INTEREST"
        }
    },
    "data": {
        "n_samples": 838860,
        "time": 531.914612531662,
        "repeated_worlds": 521616,
        "repeated_progs": 837839,
        "unique_progs": 1021
    }
}