{
    "status": {
        "d_16": {
            "yes": 91789,
            "no": 0,
            "undecided": 76884,
            "unknown": 0,
            "pyes": 0.5692394001678974,
            "pno": 0.0,
            "pundecided": 0.3150390085466193,
            "punknown": 0.0,
            "time": 56.36846899986267,
            "percY": 769981205.4,
            "percN": 0.0,
            "percU": 644949122.4,
            "percUNK": 0.0,
            "l": 0.5692394001678974,
            "u": 1.0,
            "flag": "INTEREST"
        },
        "a_9": {
            "yes": 41837,
            "no": 73088,
            "undecided": 53748,
            "unknown": 0,
            "pyes": 0.2235870126494879,
            "pno": 0.39062967993615916,
            "pundecided": 0.27006171612886104,
            "punknown": 0.0,
            "time": 56.44487929344177,
            "percY": 350953858.2,
            "percN": 613105996.8,
            "percU": 450870472.8,
            "percUNK": 0.0,
            "l": 0.2235870126494879,
            "u": 0.6093703200638408,
            "flag": "INTEREST"
        },
        "a_7": {
            "yes": 64712,
            "no": 73154,
            "undecided": 30807,
            "unknown": 0,
            "pyes": 0.522043606877635,
            "pno": 0.2871019372885087,
            "pundecided": 0.07513286454836554,
            "punknown": 0.0,
            "time": 56.47122144699097,
            "percY": 542843083.2,
            "percN": 613659644.4,
            "percU": 258427600.2,
            "percUNK": 0.0,
            "l": 0.522043606877635,
            "u": 0.7128980627114914,
            "flag": "INTEREST"
        }
    },
    "data": {
        "n_samples": 838860,
        "time": 272.9960992336273,
        "repeated_worlds": 670187,
        "repeated_progs": 838364,
        "unique_progs": 496
    }
}