{
    "status": {
        "~d_16": {
            "yes": 129335,
            "no": 0,
            "undecided": 103474,
            "unknown": 0,
            "pyes": 0.5475197060409125,
            "pno": 0.0,
            "pundecided": 0.27860569424792603,
            "punknown": 0.0,
            "time": 113.38125443458557,
            "percY": 1084939581.0,
            "percN": 0.0,
            "percU": 868001996.4,
            "percUNK": 0.0,
            "l": 0.5475197060409125,
            "u": 1.0,
            "flag": "INTEREST"
        },
        "a_5": {
            "yes": 118953,
            "no": 0,
            "undecided": 113856,
            "unknown": 0,
            "pyes": 0.3197917041197418,
            "pno": 0.0,
            "pundecided": 0.506333696169098,
            "punknown": 0.0,
            "time": 112.78736782073975,
            "percY": 997849135.8,
            "percN": 0.0,
            "percU": 955092441.6,
            "percUNK": 0.0,
            "l": 0.3197917041197418,
            "u": 1.0
        },
        "~a_8": {
            "yes": 67860,
            "no": 27174,
            "undecided": 137775,
            "unknown": 0,
            "pyes": 0.3579914959945448,
            "pno": 0.07949059583153714,
            "pundecided": 0.3886433084627614,
            "punknown": 0.0,
            "time": 114.41422271728516,
            "percY": 569250396.0,
            "percN": 227951816.4,
            "percU": 1155739365.0,
            "percUNK": 0.0,
            "l": 0.3579914959945448,
            "u": 0.9205094041684628
        }
    },
    "data": {
        "n_samples": 838860,
        "time": 479.18009400367737,
        "repeated_worlds": 606051,
        "repeated_progs": 837850,
        "unique_progs": 1010
    }
}