{
    "status": {
        "a_3": {
            "yes": 92348,
            "no": 0,
            "undecided": 76749,
            "unknown": 0,
            "pyes": 0.49522505541149436,
            "pno": 0.0,
            "pundecided": 0.3886930177033487,
            "punknown": 0.0,
            "time": 182.18304228782654,
            "percY": 774670432.8,
            "percN": 0.0,
            "percU": 643816661.4,
            "percUNK": 0.0,
            "l": 0.49522505541149436,
            "u": 1.0
        },
        "a_6": {
            "yes": 92348,
            "no": 0,
            "undecided": 76749,
            "unknown": 0,
            "pyes": 0.49522505541149436,
            "pno": 0.0,
            "pundecided": 0.3886930177033487,
            "punknown": 0.0,
            "time": 180.72157502174377,
            "percY": 774670432.8,
            "percN": 0.0,
            "percU": 643816661.4,
            "percUNK": 0.0,
            "l": 0.49522505541149436,
            "u": 1.0
        },
        "~a_7": {
            "yes": 79291,
            "no": 67629,
            "undecided": 22177,
            "unknown": 0,
            "pyes": 0.31203871859093296,
            "pno": 0.5304128327933223,
            "pundecided": 0.04146652173059679,
            "punknown": 0.0,
            "time": 183.5273208618164,
            "percY": 665140482.6,
            "percN": 567312629.4,
            "percU": 186033982.2,
            "percUNK": 0.0,
            "l": 0.31203871859093296,
            "u": 0.4695871672066777,
            "flag": "INTEREST"
        }
    },
    "data": {
        "n_samples": 838860,
        "time": 649.4990935325623,
        "repeated_worlds": 669763,
        "repeated_progs": 837259,
        "unique_progs": 1601
    }
}