{
    "status": {
        "a_3": {
            "yes": 60328,
            "no": 0,
            "undecided": 97492,
            "unknown": 0,
            "pyes": 0.3542652972786273,
            "pno": 0.0,
            "pundecided": 0.5362270618917883,
            "punknown": 0.0,
            "time": 100.18398904800415,
            "percY": 506067460.8,
            "percN": 0.0,
            "percU": 817821391.2,
            "percUNK": 0.0,
            "l": 0.3542652972786273,
            "u": 1.0
        },
        "a_6": {
            "yes": 60328,
            "no": 0,
            "undecided": 97492,
            "unknown": 0,
            "pyes": 0.3542652972786273,
            "pno": 0.0,
            "pundecided": 0.5362270618917883,
            "punknown": 0.0,
            "time": 99.79654002189636,
            "percY": 506067460.8,
            "percN": 0.0,
            "percU": 817821391.2,
            "percUNK": 0.0,
            "l": 0.3542652972786273,
            "u": 1.0
        },
        "a_8": {
            "yes": 31855,
            "no": 28473,
            "undecided": 97492,
            "unknown": 0,
            "pyes": 0.17510371652158369,
            "pno": 0.17916158075704594,
            "pundecided": 0.5362270618917883,
            "punknown": 0.0,
            "time": 100.09266018867493,
            "percY": 267218853.0,
            "percN": 238848607.8,
            "percU": 817821391.2,
            "percUNK": 0.0,
            "l": 0.17510371652158369,
            "u": 0.8208384192429541
        }
    },
    "data": {
        "n_samples": 838860,
        "time": 394.95738887786865,
        "repeated_worlds": 681040,
        "repeated_progs": 837956,
        "unique_progs": 904
    }
}