{
    "status": {
        "d_15": {
            "yes": 1053,
            "no": 0,
            "undecided": 0,
            "unknown": 0,
            "pyes": 0.990904674138202,
            "pno": 0.0,
            "pundecided": 0.0,
            "punknown": 0.0,
            "time": 3.6661994457244873,
            "percY": 552066.84,
            "percN": 0.0,
            "percU": 0.0,
            "percUNK": 0.0,
            "l": 0.990904674138202,
            "u": 1.0,
            "flag": "INTEREST"
        },
        "a_8": {
            "yes": 993,
            "no": 0,
            "undecided": 60,
            "unknown": 0,
            "pyes": 0.9845736837966903,
            "pno": 0.0,
            "pundecided": 0.006330990341511692,
            "punknown": 0.0,
            "time": 3.7255606651306152,
            "percY": 520610.04,
            "percN": 0.0,
            "percU": 31456.8,
            "percUNK": 0.0,
            "l": 0.9845736837966903,
            "u": 1.0,
            "flag": "INTEREST"
        },
        "a_7": {
            "yes": 0,
            "no": 1053,
            "undecided": 0,
            "unknown": 0,
            "pyes": 0.0,
            "pno": 0.990904674138202,
            "pundecided": 0.0,
            "punknown": 0.0,
            "time": 3.7575254440307617,
            "percY": 0.0,
            "percN": 552066.84,
            "percU": 0.0,
            "percUNK": 0.0,
            "l": 0.0,
            "u": 0.009095325861797954,
            "flag": "INTEREST"
        }
    },
    "data": {
        "n_samples": 52428,
        "time": 11.762874603271484,
        "repeated_worlds": 51375,
        "repeated_progs": 52298,
        "unique_progs": 130
    }
}