{
    "status": {
        "a_4": {
            "yes": 125,
            "no": 0,
            "undecided": 1379,
            "unknown": 1,
            "pyes": 0.008729913753281318,
            "pno": 0.0,
            "pundecided": 0.9783383737393019,
            "punknown": 6.05225145665511e-08,
            "time": 4.587032079696655,
            "percY": 65535.0,
            "percN": 0.0,
            "percU": 722982.12,
            "percUNK": 524.28,
            "l": 0.008729913753281318,
            "u": 1.0
        },
        "a_5": {
            "yes": 30,
            "no": 0,
            "undecided": 1475,
            "unknown": 0,
            "pyes": 0.0022454120853961906,
            "pno": 0.0,
            "pundecided": 0.9848229359297018,
            "punknown": 0.0,
            "time": 4.564001560211182,
            "percY": 15728.4,
            "percN": 0.0,
            "percU": 773313.0,
            "percUNK": 0.0,
            "l": 0.0022454120853961906,
            "u": 1.0
        },
        "a_7": {
            "yes": 0,
            "no": 1505,
            "undecided": 0,
            "unknown": 0,
            "pyes": 0.0,
            "pno": 0.987068348015098,
            "pundecided": 0.0,
            "punknown": 0.0,
            "time": 4.6391355991363525,
            "percY": 0.0,
            "percN": 789041.4,
            "percU": 0.0,
            "percUNK": 0.0,
            "l": 0.0,
            "u": 0.012931651984901982,
            "flag": "INTEREST"
        }
    },
    "data": {
        "n_samples": 52428,
        "time": 14.619990110397339,
        "repeated_worlds": 50923,
        "repeated_progs": 52266,
        "unique_progs": 162
    }
}