{
    "status": {
        "d_14": {
            "yes": 1048,
            "no": 0,
            "undecided": 0,
            "unknown": 0,
            "pyes": 0.9906370505351452,
            "pno": 0.0,
            "pundecided": 0.0,
            "punknown": 0.0,
            "time": 1.6427295207977295,
            "percY": 549445.44,
            "percN": 0.0,
            "percU": 0.0,
            "percUNK": 0.0,
            "l": 0.9906370505351452,
            "u": 1.0,
            "flag": "INTEREST"
        },
        "a_8": {
            "yes": 996,
            "no": 52,
            "undecided": 0,
            "unknown": 0,
            "pyes": 0.984361388933793,
            "pno": 0.006275661601351949,
            "pundecided": 0.0,
            "punknown": 0.0,
            "time": 1.7302803993225098,
            "percY": 522182.88,
            "percN": 27262.56,
            "percU": 0.0,
            "percUNK": 0.0,
            "l": 0.984361388933793,
            "u": 0.993724338398648,
            "flag": "INTEREST"
        },
        "~a_7": {
            "yes": 946,
            "no": 102,
            "undecided": 0,
            "unknown": 0,
            "pyes": 0.9380544494605533,
            "pno": 0.05258260107459188,
            "pundecided": 0.0,
            "punknown": 0.0,
            "time": 1.666783332824707,
            "percY": 495968.88,
            "percN": 53476.56,
            "percU": 0.0,
            "percUNK": 0.0,
            "l": 0.9380544494605533,
            "u": 0.9474173989254081,
            "flag": "INTEREST"
        }
    },
    "data": {
        "n_samples": 52428,
        "time": 5.54007363319397,
        "repeated_worlds": 51380,
        "repeated_progs": 52370,
        "unique_progs": 58
    }
}