{
    "status": {
        "~a_0": {
            "yes": 956,
            "no": 0,
            "undecided": 22,
            "unknown": 440,
            "pyes": 0.904200126255451,
            "pno": 0.0,
            "pundecided": 0.0013343873014263945,
            "punknown": 0.08206361404797942,
            "time": 2.2311205863952637,
            "percY": 501211.68,
            "percN": 0.0,
            "percU": 11534.16,
            "percUNK": 230683.2,
            "l": 0.904200126255451,
            "u": 1.0,
            "flag": "INTEREST"
        },
        "a_7": {
            "yes": 1418,
            "no": 0,
            "undecided": 0,
            "unknown": 0,
            "pyes": 0.9875981276048569,
            "pno": 0.0,
            "pundecided": 0.0,
            "punknown": 0.0,
            "time": 2.2458982467651367,
            "percY": 743429.04,
            "percN": 0.0,
            "percU": 0.0,
            "percUNK": 0.0,
            "l": 0.9875981276048569,
            "u": 1.0,
            "flag": "INTEREST"
        },
        "~a_9": {
            "yes": 20,
            "no": 27,
            "undecided": 1371,
            "unknown": 0,
            "pyes": 0.0005799896714935075,
            "pno": 0.0029557512817141745,
            "pundecided": 0.984062386651649,
            "punknown": 0.0,
            "time": 2.2976744174957275,
            "percY": 10485.6,
            "percN": 14155.56,
            "percU": 718787.88,
            "percUNK": 0.0,
            "l": 0.0005799896714935075,
            "u": 0.9970442487182858
        }
    },
    "data": {
        "n_samples": 52428,
        "time": 7.410250186920166,
        "repeated_worlds": 51010,
        "repeated_progs": 52348,
        "unique_progs": 80
    }
}