{
    "status": {
        "a_1": {
            "yes": 769,
            "no": 0,
            "undecided": 0,
            "unknown": 0,
            "pyes": 0.9939622492395466,
            "pno": 0.0,
            "pundecided": 0.0,
            "punknown": 0.0,
            "time": 1.1087217330932617,
            "percY": 403171.32,
            "percN": 0.0,
            "percU": 0.0,
            "percUNK": 0.0,
            "l": 0.9939622492395466,
            "u": 1.0,
            "flag": "INTEREST"
        },
        "a_5": {
            "yes": 121,
            "no": 0,
            "undecided": 648,
            "unknown": 0,
            "pyes": 0.06972215103520946,
            "pno": 0.0,
            "pundecided": 0.924240098204337,
            "punknown": 0.0,
            "time": 1.103259801864624,
            "percY": 63437.88,
            "percN": 0.0,
            "percU": 339733.44,
            "percUNK": 0.0,
            "l": 0.06972215103520946,
            "u": 1.0
        },
        "~a_7": {
            "yes": 128,
            "no": 182,
            "undecided": 459,
            "unknown": 0,
            "pyes": 0.05512803359718576,
            "pno": 0.07449625617499897,
            "pundecided": 0.8643379594673618,
            "punknown": 0.0,
            "time": 1.1269941329956055,
            "percY": 67107.84,
            "percN": 95418.96,
            "percU": 240644.52,
            "percUNK": 0.0,
            "l": 0.05512803359718576,
            "u": 0.925503743825001
        }
    },
    "data": {
        "n_samples": 52428,
        "time": 3.68780255317688,
        "repeated_worlds": 51659,
        "repeated_progs": 52388,
        "unique_progs": 40
    }
}