{
    "status": {
        "~d_9": {
            "yes": 2,
            "no": 0,
            "undecided": 1058,
            "unknown": 0,
            "pyes": 2.2537647541995418e-05,
            "pno": 0.0,
            "pundecided": 0.9920746525397383,
            "punknown": 0.0,
            "time": 2.6986279487609863,
            "percY": 1048.56,
            "percN": 0.0,
            "percU": 554688.24,
            "percUNK": 0.0,
            "l": 2.2537647541995418e-05,
            "u": 1.0
        },
        "a_7": {
            "yes": 1028,
            "no": 32,
            "undecided": 0,
            "unknown": 0,
            "pyes": 0.9899378508299868,
            "pno": 0.0021593393572936362,
            "pundecided": 0.0,
            "punknown": 0.0,
            "time": 2.7134878635406494,
            "percY": 538959.84,
            "percN": 16776.96,
            "percU": 0.0,
            "percUNK": 0.0,
            "l": 0.9899378508299868,
            "u": 0.9978406606427064,
            "flag": "INTEREST"
        },
        "a_8": {
            "yes": 1060,
            "no": 0,
            "undecided": 0,
            "unknown": 0,
            "pyes": 0.9920971901872802,
            "pno": 0.0,
            "pundecided": 0.0,
            "punknown": 0.0,
            "time": 2.714189052581787,
            "percY": 555736.8,
            "percN": 0.0,
            "percU": 0.0,
            "percUNK": 0.0,
            "l": 0.9920971901872802,
            "u": 1.0,
            "flag": "INTEREST"
        }
    },
    "data": {
        "n_samples": 52428,
        "time": 8.64827036857605,
        "repeated_worlds": 51368,
        "repeated_progs": 52332,
        "unique_progs": 96
    }
}