{
    "status": {
        "~a_1": {
            "yes": 876,
            "no": 0,
            "undecided": 0,
            "unknown": 0,
            "pyes": 0.9932711209258039,
            "pno": 0.0,
            "pundecided": 0.0,
            "punknown": 0.0,
            "time": 1.6630125045776367,
            "percY": 459269.28,
            "percN": 0.0,
            "percU": 0.0,
            "percUNK": 0.0,
            "l": 0.9932711209258039,
            "u": 1.0,
            "flag": "INTEREST"
        },
        "a_5": {
            "yes": 788,
            "no": 0,
            "undecided": 88,
            "unknown": 0,
            "pyes": 0.974394676493982,
            "pno": 0.0,
            "pundecided": 0.018876444431822292,
            "punknown": 0.0,
            "time": 1.6798062324523926,
            "percY": 413132.64,
            "percN": 0.0,
            "percU": 46136.64,
            "percUNK": 0.0,
            "l": 0.974394676493982,
            "u": 1.0,
            "flag": "INTEREST"
        },
        "~a_7": {
            "yes": 108,
            "no": 734,
            "undecided": 34,
            "unknown": 0,
            "pyes": 0.01783548695390514,
            "pno": 0.9726206284520423,
            "pundecided": 0.0028150055198569238,
            "punknown": 0.0,
            "time": 1.851027250289917,
            "percY": 56622.24,
            "percN": 384821.52,
            "percU": 17825.52,
            "percUNK": 0.0,
            "l": 0.01783548695390514,
            "u": 0.027379371547957665,
            "flag": "INTEREST"
        }
    },
    "data": {
        "n_samples": 52428,
        "time": 5.600888729095459,
        "repeated_worlds": 51552,
        "repeated_progs": 52369,
        "unique_progs": 59
    }
}