{
    "status": {
        "a_3": {
            "yes": 1349,
            "no": 0,
            "undecided": 0,
            "unknown": 0,
            "pyes": 0.9883093330630244,
            "pno": 0.0,
            "pundecided": 0.0,
            "punknown": 0.0,
            "time": 4.92135214805603,
            "percY": 707253.72,
            "percN": 0.0,
            "percU": 0.0,
            "percUNK": 0.0,
            "l": 0.9883093330630244,
            "u": 1.0,
            "flag": "INTEREST"
        },
        "a_8": {
            "yes": 139,
            "no": 13,
            "undecided": 1197,
            "unknown": 0,
            "pyes": 0.011212652743308623,
            "pno": 0.0002519776713958977,
            "pundecided": 0.97684470264832,
            "punknown": 0.0,
            "time": 5.0031139850616455,
            "percY": 72874.92,
            "percN": 6815.64,
            "percU": 627563.16,
            "percUNK": 0.0,
            "l": 0.011212652743308623,
            "u": 0.999748022328604
        },
        "~a_7": {
            "yes": 148,
            "no": 1011,
            "undecided": 190,
            "unknown": 0,
            "pyes": 0.06733927254757763,
            "pno": 0.9021114815377207,
            "pundecided": 0.018858578977725707,
            "punknown": 0.0,
            "time": 5.137598037719727,
            "percY": 77593.44,
            "percN": 530047.08,
            "percU": 99613.2,
            "percUNK": 0.0,
            "l": 0.06733927254757763,
            "u": 0.0978885184622793,
            "flag": "INTEREST"
        }
    },
    "data": {
        "n_samples": 52428,
        "time": 15.790040254592896,
        "repeated_worlds": 51079,
        "repeated_progs": 52250,
        "unique_progs": 178
    }
}