{
    "status": {
        "d_10": {
            "yes": 1612,
            "no": 0,
            "undecided": 118,
            "unknown": 0,
            "pyes": 0.9792194507862366,
            "pno": 0.0,
            "pundecided": 0.005849528904837357,
            "punknown": 0.0,
            "time": 4.108550071716309,
            "percY": 845139.36,
            "percN": 0.0,
            "percU": 61865.04,
            "percUNK": 0.0,
            "l": 0.9792194507862366,
            "u": 1.0,
            "flag": "INTEREST"
        },
        "a_6": {
            "yes": 1017,
            "no": 0,
            "undecided": 713,
            "unknown": 0,
            "pyes": 0.7404845125935751,
            "pno": 0.0,
            "pundecided": 0.24458446709749818,
            "punknown": 0.0,
            "time": 4.140859365463257,
            "percY": 533192.76,
            "percN": 0.0,
            "percU": 373811.64,
            "percUNK": 0.0,
            "l": 0.7404845125935751,
            "u": 1.0,
            "flag": "INTEREST"
        },
        "a_8": {
            "yes": 34,
            "no": 983,
            "undecided": 713,
            "unknown": 0,
            "pyes": 0.001659014764022745,
            "pno": 0.7388254978295524,
            "pundecided": 0.24458446709749818,
            "punknown": 0.0,
            "time": 4.334623336791992,
            "percY": 17825.52,
            "percN": 515367.24,
            "percU": 373811.64,
            "percUNK": 0.0,
            "l": 0.001659014764022745,
            "u": 0.2611745021704476,
            "flag": "INTEREST"
        }
    },
    "data": {
        "n_samples": 52428,
        "time": 13.51712679862976,
        "repeated_worlds": 50698,
        "repeated_progs": 52280,
        "unique_progs": 148
    }
}