{
    "status": {
        "a_0": {
            "yes": 148144,
            "no": 0,
            "undecided": 0,
            "unknown": 48038,
            "pyes": 0.8915559773664609,
            "pno": 0.0,
            "pundecided": 0.0,
            "punknown": 0.0824852912576881,
            "time": 90.7512629032135,
            "percY": 4970887477.92,
            "percN": 0.0,
            "percU": 0.0,
            "percUNK": 1611887708.34,
            "l": 0.8915559773664609,
            "u": 1.0,
            "flag": "INTEREST"
        },
        "a_7": {
            "yes": 56381,
            "no": 57379,
            "undecided": 82422,
            "unknown": 0,
            "pyes": 0.24770526170695417,
            "pno": 0.3622607138032436,
            "pundecided": 0.3640752931139285,
            "punknown": 0.0,
            "time": 91.38838696479797,
            "percY": 1891832317.83,
            "percN": 1925319638.97,
            "percU": 2765623229.46,
            "percUNK": 0.0,
            "l": 0.24770526170695417,
            "u": 0.6377392861967563,
            "flag": "INTEREST"
        },
        "a_8": {
            "yes": 0,
            "no": 113760,
            "undecided": 82422,
            "unknown": 0,
            "pyes": 0.0,
            "pno": 0.6099659755102099,
            "pundecided": 0.3640752931139285,
            "punknown": 0.0,
            "time": 91.6072404384613,
            "percY": 0.0,
            "percN": 3817151956.8,
            "percU": 2765623229.46,
            "percUNK": 0.0,
            "l": 0.0,
            "u": 0.3900340244897901,
            "flag": "INTEREST"
        }
    },
    "data": {
        "n_samples": 3355443,
        "time": 351.2445809841156,
        "repeated_worlds": 3159261,
        "repeated_progs": 3354931,
        "unique_progs": 512
    }
}