{
    "status": {
        "~d_17": {
            "yes": 252035,
            "no": 0,
            "undecided": 0,
            "unknown": 0,
            "pyes": 0.9657298888236442,
            "pno": 0.0,
            "pundecided": 0.0,
            "punknown": 0.0,
            "time": 82.25350308418274,
            "percY": 8456890765.05,
            "percN": 0.0,
            "percU": 0.0,
            "percUNK": 0.0,
            "l": 0.9657298888236442,
            "u": 1.0,
            "flag": "INTEREST"
        },
        "a_7": {
            "yes": 28024,
            "no": 55984,
            "undecided": 168027,
            "unknown": 0,
            "pyes": 0.03468003387068659,
            "pno": 0.15554130612027037,
            "pundecided": 0.775508548832704,
            "punknown": 0.0,
            "time": 82.89958190917969,
            "percY": 940329346.32,
            "percN": 1878511209.12,
            "percU": 5638050209.61,
            "percUNK": 0.0,
            "l": 0.03468003387068659,
            "u": 0.8444586938797296
        },
        "~a_7": {
            "yes": 55984,
            "no": 28024,
            "undecided": 168027,
            "unknown": 0,
            "pyes": 0.15554130612027037,
            "pno": 0.03468003387068659,
            "pundecided": 0.775508548832704,
            "punknown": 0.0,
            "time": 82.81653261184692,
            "percY": 1878511209.12,
            "percN": 940329346.32,
            "percU": 5638050209.61,
            "percUNK": 0.0,
            "l": 0.15554130612027037,
            "u": 0.9653199661293134
        }
    },
    "data": {
        "n_samples": 3355443,
        "time": 345.3599624633789,
        "repeated_worlds": 3103408,
        "repeated_progs": 3354982,
        "unique_progs": 461
    }
}