{
    "status": {
        "a_0": {
            "yes": 205886,
            "no": 0,
            "undecided": 0,
            "unknown": 154166,
            "pyes": 0.5554784831940285,
            "pno": 0.0,
            "pundecided": 0.0,
            "punknown": 0.39082192724536974,
            "time": 626.555624961853,
            "percY": 6908387374.98,
            "percN": 0.0,
            "percU": 0.0,
            "percUNK": 5172952255.38,
            "l": 0.5554784831940285,
            "u": 1.0,
            "flag": "INTEREST"
        },
        "a_7": {
            "yes": 197332,
            "no": 27897,
            "undecided": 134823,
            "unknown": 0,
            "pyes": 0.6447331327802391,
            "pno": 0.022964603187990634,
            "pundecided": 0.2786026744711762,
            "punknown": 0.0,
            "time": 631.1648459434509,
            "percY": 6621362780.76,
            "percN": 936067933.71,
            "percU": 4523908915.89,
            "percUNK": 0.0,
            "l": 0.6447331327802391,
            "u": 0.9770353968120093,
            "flag": "INTEREST"
        },
        "~a_7": {
            "yes": 27897,
            "no": 197332,
            "undecided": 134823,
            "unknown": 0,
            "pyes": 0.022964603187990634,
            "pno": 0.6447331327802391,
            "pundecided": 0.2786026744711762,
            "punknown": 0.0,
            "time": 631.6591396331787,
            "percY": 936067933.71,
            "percN": 6621362780.76,
            "percU": 4523908915.89,
            "percUNK": 0.0,
            "l": 0.022964603187990634,
            "u": 0.35526686721976086,
            "flag": "INTEREST"
        }
    },
    "data": {
        "n_samples": 3355443,
        "time": 2036.8855562210083,
        "repeated_worlds": 2995391,
        "repeated_progs": 3351738,
        "unique_progs": 3705
    }
}