{
    "status": {
        "d_14": {
            "yes": 151316,
            "no": 0,
            "undecided": 258134,
            "unknown": 0,
            "pyes": 0.27499854970691145,
            "pno": 0.0,
            "pundecided": 0.6613671173547624,
            "punknown": 0.0,
            "time": 175.63867282867432,
            "percY": 5077322129.88,
            "percN": 0.0,
            "percU": 8661539233.62,
            "percUNK": 0.0,
            "l": 0.27499854970691145,
            "u": 1.0
        },
        "~a_7": {
            "yes": 113761,
            "no": 98825,
            "undecided": 196864,
            "unknown": 0,
            "pyes": 0.2876656504896435,
            "pno": 0.23786227068975316,
            "pundecided": 0.41083774588226657,
            "punknown": 0.0,
            "time": 176.67666482925415,
            "percY": 3817185511.23,
            "percN": 3316016544.75,
            "percU": 6605659307.52,
            "percUNK": 0.0,
            "l": 0.2876656504896435,
            "u": 0.7621377293102468,
            "flag": "INTEREST"
        }
    },
    "data": {
        "n_samples": 3355443,
        "time": 518.974559545517,
        "repeated_worlds": 2945993,
        "repeated_progs": 3354460,
        "unique_progs": 983
    }
}