{
    "status": {
        "~d_14": {
            "yes": 4096,
            "no": 0,
            "undecided": 0,
            "unknown": 0,
            "pyes": 1.0000000000000013,
            "pno": 0.0,
            "pundecided": 0.0,
            "punknown": 0.0,
            "time": 4.397087812423706,
            "percY": 167772.16,
            "percN": 0.0,
            "percU": 0.0,
            "percUNK": 0.0,
            "l": 1.0000000000000013,
            "u": 1.0,
            "flag": "INTEREST"
        },
        "a_7": {
            "yes": 768,
            "no": 256,
            "undecided": 3072,
            "unknown": 0,
            "pyes": 0.01291914432440348,
            "pno": 0.0741389929939566,
            "pundecided": 0.9129418626816412,
            "punknown": 0.0,
            "time": 4.467705726623535,
            "percY": 31457.28,
            "percN": 10485.76,
            "percU": 125829.12,
            "percUNK": 0.0,
            "l": 0.01291914432440348,
            "u": 0.9258610070060433
        }
    },
    "data": {
        "n_samples": 4096,
        "time": 14.94006609916687,
        "repeated_worlds": 0,
        "repeated_progs": 3913,
        "unique_progs": 183
    }
}