{
    "status": {
        "~d_11": {
            "yes": 4096,
            "no": 0,
            "undecided": 0,
            "unknown": 0,
            "pyes": 0.9999999999999996,
            "pno": 0.0,
            "pundecided": 0.0,
            "punknown": 0.0,
            "time": 3.176396369934082,
            "percY": 167772.16,
            "percN": 0.0,
            "percU": 0.0,
            "percUNK": 0.0,
            "l": 0.9999999999999996,
            "u": 1.0,
            "flag": "INTEREST"
        },
        "~a_8": {
            "yes": 544,
            "no": 128,
            "undecided": 3424,
            "unknown": 0,
            "pyes": 0.058638203445319656,
            "pno": 0.004363844583436799,
            "pundecided": 0.9369979519712431,
            "punknown": 0.0,
            "time": 3.2246389389038086,
            "percY": 22282.24,
            "percN": 5242.88,
            "percU": 140247.04,
            "percUNK": 0.0,
            "l": 0.058638203445319656,
            "u": 0.9956361554165633
        },
        "a_8": {
            "yes": 128,
            "no": 544,
            "undecided": 3424,
            "unknown": 0,
            "pyes": 0.004363844583436799,
            "pno": 0.058638203445319656,
            "pundecided": 0.9369979519712431,
            "punknown": 0.0,
            "time": 3.1736905574798584,
            "percY": 5242.88,
            "percN": 22282.24,
            "percU": 140247.04,
            "percUNK": 0.0,
            "l": 0.004363844583436799,
            "u": 0.9413617965546803
        }
    },
    "data": {
        "n_samples": 4096,
        "time": 11.015045166015625,
        "repeated_worlds": 0,
        "repeated_progs": 3964,
        "unique_progs": 132
    }
}