{
    "status": {
        "a_1": {
            "yes": 4096,
            "no": 0,
            "undecided": 0,
            "unknown": 0,
            "pyes": 0.9999999999999958,
            "pno": 0.0,
            "pundecided": 0.0,
            "punknown": 0.0,
            "time": 0.9453084468841553,
            "percY": 167772.16,
            "percN": 0.0,
            "percU": 0.0,
            "percUNK": 0.0,
            "l": 0.9999999999999958,
            "u": 1.0,
            "flag": "INTEREST"
        },
        "a_5": {
            "yes": 4096,
            "no": 0,
            "undecided": 0,
            "unknown": 0,
            "pyes": 0.9999999999999958,
            "pno": 0.0,
            "pundecided": 0.0,
            "punknown": 0.0,
            "time": 0.9248828887939453,
            "percY": 167772.16,
            "percN": 0.0,
            "percU": 0.0,
            "percUNK": 0.0,
            "l": 0.9999999999999958,
            "u": 1.0,
            "flag": "INTEREST"
        },
        "~a_8": {
            "yes": 768,
            "no": 3328,
            "undecided": 0,
            "unknown": 0,
            "pyes": 0.08449921927255688,
            "pno": 0.915500780727441,
            "pundecided": 0.0,
            "punknown": 0.0,
            "time": 0.9542462825775146,
            "percY": 31457.28,
            "percN": 136314.88,
            "percU": 0.0,
            "percUNK": 0.0,
            "l": 0.08449921927255688,
            "u": 0.08449921927255899,
            "flag": "INTEREST"
        }
    },
    "data": {
        "n_samples": 4096,
        "time": 4.1015541553497314,
        "repeated_worlds": 0,
        "repeated_progs": 4057,
        "unique_progs": 39
    }
}