{
    "status": {
        "d_12": {
            "yes": 1024,
            "no": 0,
            "undecided": 3072,
            "unknown": 0,
            "pyes": 0.03644685000000005,
            "pno": 0.0,
            "pundecided": 0.9635531500000009,
            "punknown": 0.0,
            "time": 4.955602169036865,
            "percY": 41943.04,
            "percN": 0.0,
            "percU": 125829.12,
            "percUNK": 0.0,
            "l": 0.03644685000000005,
            "u": 1.0
        },
        "~a_7": {
            "yes": 3328,
            "no": 768,
            "undecided": 0,
            "unknown": 0,
            "pyes": 0.9975356960000004,
            "pno": 0.0024643039999999996,
            "pundecided": 0.0,
            "punknown": 0.0,
            "time": 5.2626683712005615,
            "percY": 136314.88,
            "percN": 31457.28,
            "percU": 0.0,
            "percUNK": 0.0,
            "l": 0.9975356960000004,
            "u": 0.997535696,
            "flag": "INTEREST"
        },
        "~a_8": {
            "yes": 2304,
            "no": 1792,
            "undecided": 0,
            "unknown": 0,
            "pyes": 0.9622016212000006,
            "pno": 0.03779837880000004,
            "pundecided": 0.0,
            "punknown": 0.0,
            "time": 5.459449529647827,
            "percY": 94371.84,
            "percN": 73400.32,
            "percU": 0.0,
            "percUNK": 0.0,
            "l": 0.9622016212000006,
            "u": 0.9622016212,
            "flag": "INTEREST"
        }
    },
    "data": {
        "n_samples": 4096,
        "time": 17.20712184906006,
        "repeated_worlds": 0,
        "repeated_progs": 3888,
        "unique_progs": 208
    }
}