{
    "status": {
        "~d_12": {
            "yes": 4096,
            "no": 0,
            "undecided": 0,
            "unknown": 0,
            "pyes": 1.0000000000000007,
            "pno": 0.0,
            "pundecided": 0.0,
            "punknown": 0.0,
            "time": 2.470536708831787,
            "percY": 167772.16,
            "percN": 0.0,
            "percU": 0.0,
            "percUNK": 0.0,
            "l": 1.0000000000000007,
            "u": 1.0,
            "flag": "INTEREST"
        },
        "a_5": {
            "yes": 4096,
            "no": 0,
            "undecided": 0,
            "unknown": 0,
            "pyes": 1.0000000000000007,
            "pno": 0.0,
            "pundecided": 0.0,
            "punknown": 0.0,
            "time": 2.5312883853912354,
            "percY": 167772.16,
            "percN": 0.0,
            "percU": 0.0,
            "percUNK": 0.0,
            "l": 1.0000000000000007,
            "u": 1.0,
            "flag": "INTEREST"
        },
        "a_9": {
            "yes": 3072,
            "no": 1024,
            "undecided": 0,
            "unknown": 0,
            "pyes": 0.9506710258508233,
            "pno": 0.049328974149177335,
            "pundecided": 0.0,
            "punknown": 0.0,
            "time": 2.5582594871520996,
            "percY": 125829.12,
            "percN": 41943.04,
            "percU": 0.0,
            "percUNK": 0.0,
            "l": 0.9506710258508233,
            "u": 0.9506710258508226,
            "flag": "INTEREST"
        }
    },
    "data": {
        "n_samples": 4096,
        "time": 8.88930892944336,
        "repeated_worlds": 0,
        "repeated_progs": 3992,
        "unique_progs": 104
    }
}