{
    "status": {
        "d_14": {
            "yes": 3072,
            "no": 0,
            "undecided": 1024,
            "unknown": 0,
            "pyes": 0.9974179519999989,
            "pno": 0.0,
            "pundecided": 0.0025820480000000026,
            "punknown": 0.0,
            "time": 3.4992849826812744,
            "percY": 125829.12,
            "percN": 0.0,
            "percU": 41943.04,
            "percUNK": 0.0,
            "l": 0.9974179519999989,
            "u": 1.0,
            "flag": "INTEREST"
        },
        "a_5": {
            "yes": 3072,
            "no": 0,
            "undecided": 1024,
            "unknown": 0,
            "pyes": 0.9999999999999988,
            "pno": 0.0,
            "pundecided": 0.0,
            "punknown": 0.0,
            "time": 3.494103193283081,
            "percY": 125829.12,
            "percN": 0.0,
            "percU": 41943.04,
            "percUNK": 0.0,
            "l": 0.9999999999999988,
            "u": 1.0,
            "flag": "INTEREST"
        },
        "~a_7": {
            "yes": 1024,
            "no": 2048,
            "undecided": 1024,
            "unknown": 0,
            "pyes": 0.12067170166199992,
            "pno": 0.8793282983379993,
            "pundecided": 0.0,
            "punknown": 0.0,
            "time": 3.5672013759613037,
            "percY": 41943.04,
            "percN": 83886.08,
            "percU": 41943.04,
            "percUNK": 0.0,
            "l": 0.12067170166199992,
            "u": 0.1206717016620007,
            "flag": "INTEREST"
        }
    },
    "data": {
        "n_samples": 4096,
        "time": 12.0343017578125,
        "repeated_worlds": 0,
        "repeated_progs": 3952,
        "unique_progs": 144
    }
}