{
    "status": {
        "a_4": {
            "yes": 4096,
            "no": 0,
            "undecided": 0,
            "unknown": 0,
            "pyes": 1.0000000000000004,
            "pno": 0.0,
            "pundecided": 0.0,
            "punknown": 0.0,
            "time": 8.840213060379028,
            "percY": 167772.16,
            "percN": 0.0,
            "percU": 0.0,
            "percUNK": 0.0,
            "l": 1.0000000000000004,
            "u": 1.0,
            "flag": "INTEREST"
        },
        "a_5": {
            "yes": 4096,
            "no": 0,
            "undecided": 0,
            "unknown": 0,
            "pyes": 1.0000000000000004,
            "pno": 0.0,
            "pundecided": 0.0,
            "punknown": 0.0,
            "time": 8.902166366577148,
            "percY": 167772.16,
            "percN": 0.0,
            "percU": 0.0,
            "percUNK": 0.0,
            "l": 1.0000000000000004,
            "u": 1.0,
            "flag": "INTEREST"
        },
        "a_7": {
            "yes": 1640,
            "no": 2456,
            "undecided": 0,
            "unknown": 0,
            "pyes": 0.8870766015139536,
            "pno": 0.11292339848604688,
            "pundecided": 0.0,
            "punknown": 0.0,
            "time": 9.047710180282593,
            "percY": 67174.4,
            "percN": 100597.76,
            "percU": 0.0,
            "percUNK": 0.0,
            "l": 0.8870766015139536,
            "u": 0.8870766015139531,
            "flag": "INTEREST"
        }
    },
    "data": {
        "n_samples": 4096,
        "time": 28.53670883178711,
        "repeated_worlds": 0,
        "repeated_progs": 3730,
        "unique_progs": 366
    }
}