{
    "status": {
        "a_1": {
            "yes": 3072,
            "no": 0,
            "undecided": 0,
            "unknown": 1024,
            "pyes": 0.9392800000000001,
            "pno": 0.0,
            "pundecided": 0.0,
            "punknown": 0.06071999999999998,
            "time": 5.525346755981445,
            "percY": 125829.12,
            "percN": 0.0,
            "percU": 0.0,
            "percUNK": 41943.04,
            "l": 0.9392800000000001,
            "u": 1.0,
            "flag": "INTEREST"
        },
        "a_6": {
            "yes": 4096,
            "no": 0,
            "undecided": 0,
            "unknown": 0,
            "pyes": 1.0000000000000002,
            "pno": 0.0,
            "pundecided": 0.0,
            "punknown": 0.0,
            "time": 5.49773383140564,
            "percY": 167772.16,
            "percN": 0.0,
            "percU": 0.0,
            "percUNK": 0.0,
            "l": 1.0000000000000002,
            "u": 1.0,
            "flag": "INTEREST"
        },
        "~a_8": {
            "yes": 576,
            "no": 2304,
            "undecided": 1216,
            "unknown": 0,
            "pyes": 0.8927904430000001,
            "pno": 0.1059449999999999,
            "pundecided": 0.0012645570000000001,
            "punknown": 0.0,
            "time": 5.654112100601196,
            "percY": 23592.96,
            "percN": 94371.84,
            "percU": 49807.36,
            "percUNK": 0.0,
            "l": 0.8927904430000001,
            "u": 0.894055,
            "flag": "INTEREST"
        }
    },
    "data": {
        "n_samples": 4096,
        "time": 18.253295421600342,
        "repeated_worlds": 0,
        "repeated_progs": 3868,
        "unique_progs": 228
    }
}