{
    "status": {
        "d_10": {
            "yes": 4096,
            "no": 0,
            "undecided": 0,
            "unknown": 0,
            "pyes": 0.9999999999999998,
            "pno": 0.0,
            "pundecided": 0.0,
            "punknown": 0.0,
            "time": 6.912768125534058,
            "percY": 167772.16,
            "percN": 0.0,
            "percU": 0.0,
            "percUNK": 0.0,
            "l": 0.9999999999999998,
            "u": 1.0,
            "flag": "INTEREST"
        },
        "a_7": {
            "yes": 896,
            "no": 3200,
            "undecided": 0,
            "unknown": 0,
            "pyes": 0.003455999999999995,
            "pno": 0.9965439999999999,
            "pundecided": 0.0,
            "punknown": 0.0,
            "time": 7.211824178695679,
            "percY": 36700.16,
            "percN": 131072.0,
            "percU": 0.0,
            "percUNK": 0.0,
            "l": 0.003455999999999995,
            "u": 0.0034560000000001256,
            "flag": "INTEREST"
        }
    },
    "data": {
        "n_samples": 4096,
        "time": 23.05719542503357,
        "repeated_worlds": 0,
        "repeated_progs": 3809,
        "unique_progs": 287
    }
}