{
    "status": {
        "d_14": {
            "yes": 3072,
            "no": 0,
            "undecided": 1024,
            "unknown": 0,
            "pyes": 0.9443154880000005,
            "pno": 0.0,
            "pundecided": 0.055684512000000005,
            "punknown": 0.0,
            "time": 3.080155611038208,
            "percY": 125829.12,
            "percN": 0.0,
            "percU": 41943.04,
            "percUNK": 0.0,
            "l": 0.9443154880000005,
            "u": 1.0,
            "flag": "INTEREST"
        },
        "a_6": {
            "yes": 4096,
            "no": 0,
            "undecided": 0,
            "unknown": 0,
            "pyes": 0.9999999999999999,
            "pno": 0.0,
            "pundecided": 0.0,
            "punknown": 0.0,
            "time": 3.0551936626434326,
            "percY": 167772.16,
            "percN": 0.0,
            "percU": 0.0,
            "percUNK": 0.0,
            "l": 0.9999999999999999,
            "u": 1.0,
            "flag": "INTEREST"
        },
        "a_8": {
            "yes": 896,
            "no": 3200,
            "undecided": 0,
            "unknown": 0,
            "pyes": 0.08252828979500396,
            "pno": 0.9174717102049949,
            "pundecided": 0.0,
            "punknown": 0.0,
            "time": 3.210695743560791,
            "percY": 36700.16,
            "percN": 131072.0,
            "percU": 0.0,
            "percUNK": 0.0,
            "l": 0.08252828979500396,
            "u": 0.08252828979500515,
            "flag": "INTEREST"
        }
    },
    "data": {
        "n_samples": 4096,
        "time": 10.851531505584717,
        "repeated_worlds": 0,
        "repeated_progs": 3968,
        "unique_progs": 128
    }
}