{
    "status": {
        "d_10": {
            "yes": 1024,
            "no": 0,
            "undecided": 2304,
            "unknown": 768,
            "pyes": 0.0861516474,
            "pno": 0.0,
            "pundecided": 0.9046397487728496,
            "punknown": 0.009208603827150007,
            "time": 10.201588869094849,
            "percY": 41943.04,
            "percN": 0.0,
            "percU": 94371.84,
            "percUNK": 31457.28,
            "l": 0.0861516474,
            "u": 1.0
        },
        "~a_6": {
            "yes": 3072,
            "no": 0,
            "undecided": 0,
            "unknown": 1024,
            "pyes": 0.9330974355999996,
            "pno": 0.0,
            "pundecided": 0.0,
            "punknown": 0.0669025644000001,
            "time": 10.21096420288086,
            "percY": 125829.12,
            "percN": 0.0,
            "percU": 0.0,
            "percUNK": 41943.04,
            "l": 0.9330974355999996,
            "u": 1.0,
            "flag": "INTEREST"
        },
        "a_8": {
            "yes": 3904,
            "no": 192,
            "undecided": 0,
            "unknown": 0,
            "pyes": 0.9998802049129061,
            "pno": 0.0001197950870933955,
            "pundecided": 0.0,
            "punknown": 0.0,
            "time": 10.303975343704224,
            "percY": 159907.84,
            "percN": 7864.32,
            "percU": 0.0,
            "percUNK": 0.0,
            "l": 0.9998802049129061,
            "u": 0.9998802049129066,
            "flag": "INTEREST"
        }
    },
    "data": {
        "n_samples": 4096,
        "time": 32.44182753562927,
        "repeated_worlds": 0,
        "repeated_progs": 3638,
        "unique_progs": 458
    }
}