{
    "status": {
        "a_0": {
            "yes": 4096,
            "no": 0,
            "undecided": 0,
            "unknown": 0,
            "pyes": 0.9999999999999982,
            "pno": 0.0,
            "pundecided": 0.0,
            "punknown": 0.0,
            "time": 3.892857789993286,
            "percY": 167772.16,
            "percN": 0.0,
            "percU": 0.0,
            "percUNK": 0.0,
            "l": 0.9999999999999982,
            "u": 1.0,
            "flag": "INTEREST"
        },
        "a_7": {
            "yes": 1216,
            "no": 2880,
            "undecided": 0,
            "unknown": 0,
            "pyes": 0.04313810763550719,
            "pno": 0.9568618923644914,
            "pundecided": 0.0,
            "punknown": 0.0,
            "time": 4.014793157577515,
            "percY": 49807.36,
            "percN": 117964.8,
            "percU": 0.0,
            "percUNK": 0.0,
            "l": 0.04313810763550719,
            "u": 0.04313810763550863,
            "flag": "INTEREST"
        },
        "a_8": {
            "yes": 3712,
            "no": 384,
            "undecided": 0,
            "unknown": 0,
            "pyes": 0.9963309006965795,
            "pno": 0.0036690993034185593,
            "pundecided": 0.0,
            "punknown": 0.0,
            "time": 4.0145697593688965,
            "percY": 152043.52,
            "percN": 15728.64,
            "percU": 0.0,
            "percUNK": 0.0,
            "l": 0.9963309006965795,
            "u": 0.9963309006965815,
            "flag": "INTEREST"
        }
    },
    "data": {
        "n_samples": 4096,
        "time": 13.449958801269531,
        "repeated_worlds": 0,
        "repeated_progs": 3936,
        "unique_progs": 160
    }
}