{
    "status": {
        "d_12": {
            "yes": 4096,
            "no": 0,
            "undecided": 0,
            "unknown": 0,
            "pyes": 1.000000000000005,
            "pno": 0.0,
            "pundecided": 0.0,
            "punknown": 0.0,
            "time": 1.932945966720581,
            "percY": 167772.16,
            "percN": 0.0,
            "percU": 0.0,
            "percUNK": 0.0,
            "l": 1.000000000000005,
            "u": 1.0,
            "flag": "INTEREST"
        },
        "a_8": {
            "yes": 768,
            "no": 2304,
            "undecided": 1024,
            "unknown": 0,
            "pyes": 0.09667063488300008,
            "pno": 0.8183088651170032,
            "pundecided": 0.08502050000000015,
            "punknown": 0.0,
            "time": 1.9981024265289307,
            "percY": 31457.28,
            "percN": 94371.84,
            "percU": 41943.04,
            "percUNK": 0.0,
            "l": 0.09667063488300008,
            "u": 0.18169113488299682,
            "flag": "INTEREST"
        }
    },
    "data": {
        "n_samples": 4096,
        "time": 7.285146951675415,
        "repeated_worlds": 0,
        "repeated_progs": 4016,
        "unique_progs": 80
    }
}