{
    "status": {
        "d_17": {
            "yes": 47642,
            "no": 0,
            "undecided": 0,
            "unknown": 0,
            "pyes": 0.1233104237966512,
            "pno": 0.0,
            "pundecided": 0.0,
            "punknown": 0.0,
            "time": 15.696072340011597,
            "percY": 24977747.76,
            "percN": 0.0,
            "percU": 0.0,
            "percUNK": 0.0,
            "l": 0.1233104237966512,
            "u": 1.0
        },
        "~a_6": {
            "yes": 3026,
            "no": 0,
            "undecided": 8917,
            "unknown": 35699,
            "pyes": 0.0004835366512026161,
            "pno": 0.0,
            "pundecided": 0.003172354782448542,
            "punknown": 0.11965453236300011,
            "time": 15.723320245742798,
            "percY": 1586471.28,
            "percN": 0.0,
            "percU": 4675004.76,
            "percUNK": 18716271.72,
            "l": 0.0004835366512026161,
            "u": 1.0
        },
        "~a_8": {
            "yes": 2318,
            "no": 0,
            "undecided": 45324,
            "unknown": 0,
            "pyes": 0.0003793948222808108,
            "pno": 0.0,
            "pundecided": 0.12293102897437046,
            "punknown": 0.0,
            "time": 16.024003982543945,
            "percY": 1215281.04,
            "percN": 0.0,
            "percU": 23762466.72,
            "percUNK": 0.0,
            "l": 0.0003793948222808108,
            "u": 1.0
        }
    },
    "data": {
        "n_samples": 52428,
        "time": 69.30202007293701,
        "repeated_worlds": 4786,
        "repeated_progs": 51932,
        "unique_progs": 496
    }
}