{
    "status": {
        "~d_15": {
            "yes": 47437,
            "no": 0,
            "undecided": 0,
            "unknown": 0,
            "pyes": 0.10347813694077529,
            "pno": 0.0,
            "pundecided": 0.0,
            "punknown": 0.0,
            "time": 65.71021890640259,
            "percY": 24870270.36,
            "percN": 0.0,
            "percU": 0.0,
            "percUNK": 0.0,
            "l": 0.10347813694077529,
            "u": 1.0
        },
        "~a_6": {
            "yes": 35488,
            "no": 0,
            "undecided": 11949,
            "unknown": 0,
            "pyes": 0.10239006907629132,
            "pno": 0.0,
            "pundecided": 0.0010880678644848004,
            "punknown": 0.0,
            "time": 65.5826530456543,
            "percY": 18605648.64,
            "percN": 0.0,
            "percU": 6264621.72,
            "percUNK": 0.0,
            "l": 0.10239006907629132,
            "u": 1.0
        },
        "a_7": {
            "yes": 8758,
            "no": 0,
            "undecided": 38679,
            "unknown": 0,
            "pyes": 0.011709760701435097,
            "pno": 0.0,
            "pundecided": 0.09176837623934007,
            "punknown": 0.0,
            "time": 66.23166108131409,
            "percY": 4591644.24,
            "percN": 0.0,
            "percU": 20278626.12,
            "percUNK": 0.0,
            "l": 0.011709760701435097,
            "u": 1.0
        }
    },
    "data": {
        "n_samples": 52428,
        "time": 223.7247326374054,
        "repeated_worlds": 4991,
        "repeated_progs": 50381,
        "unique_progs": 2047
    }
}