{
    "status": {
        "a_1": {
            "yes": 11970,
            "no": 0,
            "undecided": 0,
            "unknown": 35638,
            "pyes": 0.0013836522521390442,
            "pno": 0.0,
            "pundecided": 0.0,
            "punknown": 0.13717707824095404,
            "time": 3.938873052597046,
            "percY": 6275631.6,
            "percN": 0.0,
            "percU": 0.0,
            "percUNK": 18684290.64,
            "l": 0.0013836522521390442,
            "u": 1.0
        },
        "a_8": {
            "yes": 2995,
            "no": 8708,
            "undecided": 35905,
            "unknown": 0,
            "pyes": 9.561273165701586e-05,
            "pno": 0.023424445261604466,
            "pundecided": 0.11504067249983303,
            "punknown": 0.0,
            "time": 4.101496458053589,
            "percY": 1570218.6,
            "percN": 4565430.24,
            "percU": 18824273.4,
            "percUNK": 0.0,
            "l": 9.561273165701586e-05,
            "u": 0.9765755547383955
        },
        "~a_8": {
            "yes": 8708,
            "no": 2995,
            "undecided": 35905,
            "unknown": 0,
            "pyes": 0.023424445261604466,
            "pno": 9.561273165701586e-05,
            "pundecided": 0.11504067249983303,
            "punknown": 0.0,
            "time": 4.079634428024292,
            "percY": 4565430.24,
            "percN": 1570218.6,
            "percU": 18824273.4,
            "percUNK": 0.0,
            "l": 0.023424445261604466,
            "u": 0.999904387268343
        }
    },
    "data": {
        "n_samples": 52428,
        "time": 33.00802445411682,
        "repeated_worlds": 4820,
        "repeated_progs": 52302,
        "unique_progs": 126
    }
}