{
    "status": {
        "d_13": {
            "yes": 11823,
            "no": 0,
            "undecided": 35709,
            "unknown": 0,
            "pyes": 0.037816477701267046,
            "pno": 0.0,
            "pundecided": 0.012117998001192532,
            "punknown": 0.0,
            "time": 5.0066237449646,
            "percY": 6198562.44,
            "percN": 0.0,
            "percU": 18721514.52,
            "percUNK": 0.0,
            "l": 0.037816477701267046,
            "u": 1.0
        },
        "~a_5": {
            "yes": 47532,
            "no": 0,
            "undecided": 0,
            "unknown": 0,
            "pyes": 0.04993447570245942,
            "pno": 0.0,
            "pundecided": 0.0,
            "punknown": 0.0,
            "time": 4.916871547698975,
            "percY": 24920076.96,
            "percN": 0.0,
            "percU": 0.0,
            "percUNK": 0.0,
            "l": 0.04993447570245942,
            "u": 1.0
        },
        "~a_8": {
            "yes": 8950,
            "no": 38582,
            "undecided": 0,
            "unknown": 0,
            "pyes": 0.03421023283821662,
            "pno": 0.015724242864242805,
            "pundecided": 0.0,
            "punknown": 0.0,
            "time": 5.355599641799927,
            "percY": 4692306.0,
            "percN": 20227770.96,
            "percU": 0.0,
            "percUNK": 0.0,
            "l": 0.03421023283821662,
            "u": 0.9842757571357572
        }
    },
    "data": {
        "n_samples": 52428,
        "time": 35.72046780586243,
        "repeated_worlds": 4896,
        "repeated_progs": 52272,
        "unique_progs": 156
    }
}