{
    "status": {
        "d_18": {
            "yes": 35512,
            "no": 0,
            "undecided": 8935,
            "unknown": 3031,
            "pyes": 0.4924818767163139,
            "pno": 0.0,
            "pundecided": 0.001983431422011364,
            "punknown": 0.0010847741385718998,
            "time": 5.00615382194519,
            "percY": 18618231.36,
            "percN": 0.0,
            "percU": 4684441.8,
            "percUNK": 1589092.68,
            "l": 0.4924818767163139,
            "u": 1.0
        },
        "a_8": {
            "yes": 11940,
            "no": 0,
            "undecided": 35538,
            "unknown": 0,
            "pyes": 0.001932577559246487,
            "pno": 0.0,
            "pundecided": 0.49361750471765053,
            "punknown": 0.0,
            "time": 4.973443984985352,
            "percY": 6259903.2,
            "percN": 0.0,
            "percU": 18631862.64,
            "percUNK": 0.0,
            "l": 0.001932577559246487,
            "u": 1.0
        }
    },
    "data": {
        "n_samples": 52428,
        "time": 30.59781050682068,
        "repeated_worlds": 4950,
        "repeated_progs": 52274,
        "unique_progs": 154
    }
}