{
    "status": {
        "a_4": {
            "yes": 11809,
            "no": 0,
            "undecided": 0,
            "unknown": 35691,
            "pyes": 0.09950240506587861,
            "pno": 0.0,
            "pundecided": 0.0,
            "punknown": 0.023847479321752414,
            "time": 24.45950412750244,
            "percY": 6191222.52,
            "percN": 0.0,
            "percU": 0.0,
            "percUNK": 18712077.48,
            "l": 0.09950240506587861,
            "u": 1.0
        },
        "~a_9": {
            "yes": 13368,
            "no": 6722,
            "undecided": 27410,
            "unknown": 0,
            "pyes": 0.11170404466288184,
            "pno": 0.00018315040387054983,
            "pundecided": 0.011462689320879127,
            "punknown": 0.0,
            "time": 25.67766833305359,
            "percY": 7008575.04,
            "percN": 3524210.16,
            "percU": 14370514.8,
            "percUNK": 0.0,
            "l": 0.11170404466288184,
            "u": 0.9998168495961295
        }
    },
    "data": {
        "n_samples": 52428,
        "time": 76.23739624023438,
        "repeated_worlds": 4928,
        "repeated_progs": 51710,
        "unique_progs": 718
    }
}