{
    "status": {
        "d_15": {
            "yes": 47599,
            "no": 0,
            "undecided": 0,
            "unknown": 0,
            "pyes": 0.09783828176741734,
            "pno": 0.0,
            "pundecided": 0.0,
            "punknown": 0.0,
            "time": 36.41963005065918,
            "percY": 24955203.72,
            "percN": 0.0,
            "percU": 0.0,
            "percUNK": 0.0,
            "l": 0.09783828176741734,
            "u": 1.0
        },
        "a_8": {
            "yes": 44287,
            "no": 0,
            "undecided": 3312,
            "unknown": 0,
            "pyes": 0.0958447083336642,
            "pno": 0.0,
            "pundecided": 0.0019935734337532336,
            "punknown": 0.0,
            "time": 37.514731884002686,
            "percY": 23218788.36,
            "percN": 0.0,
            "percU": 1736415.36,
            "percUNK": 0.0,
            "l": 0.0958447083336642,
            "u": 1.0
        },
        "a_7": {
            "yes": 0,
            "no": 47599,
            "undecided": 0,
            "unknown": 0,
            "pyes": 0.0,
            "pno": 0.09783828176741734,
            "pundecided": 0.0,
            "punknown": 0.0,
            "time": 37.73922324180603,
            "percY": 0.0,
            "percN": 24955203.72,
            "percU": 0.0,
            "percUNK": 0.0,
            "l": 0.0,
            "u": 0.9021617182325826
        }
    },
    "data": {
        "n_samples": 52428,
        "time": 133.15762543678284,
        "repeated_worlds": 4829,
        "repeated_progs": 51158,
        "unique_progs": 1270
    }
}