{
    "status": {
        "a_4": {
            "yes": 47424,
            "no": 0,
            "undecided": 0,
            "unknown": 0,
            "pyes": 0.1291790081705677,
            "pno": 0.0,
            "pundecided": 0.0,
            "punknown": 0.0,
            "time": 23.89150309562683,
            "percY": 24863454.72,
            "percN": 0.0,
            "percU": 0.0,
            "percUNK": 0.0,
            "l": 0.1291790081705677,
            "u": 1.0
        },
        "a_6": {
            "yes": 11059,
            "no": 0,
            "undecided": 36365,
            "unknown": 0,
            "pyes": 0.038596249407323056,
            "pno": 0.0,
            "pundecided": 0.09058275876324463,
            "punknown": 0.0,
            "time": 24.875507831573486,
            "percY": 5798012.52,
            "percN": 0.0,
            "percU": 19065442.2,
            "percUNK": 0.0,
            "l": 0.038596249407323056,
            "u": 1.0
        },
        "a_7": {
            "yes": 5456,
            "no": 2260,
            "undecided": 39708,
            "unknown": 0,
            "pyes": 0.00022355858806239368,
            "pno": 1.6665116894754195e-05,
            "pundecided": 0.12893878446561052,
            "punknown": 0.0,
            "time": 26.758561372756958,
            "percY": 2860471.68,
            "percN": 1184872.8,
            "percU": 20818110.24,
            "percUNK": 0.0,
            "l": 0.00022355858806239368,
            "u": 0.9999833348831052
        }
    },
    "data": {
        "n_samples": 52428,
        "time": 96.58487343788147,
        "repeated_worlds": 5004,
        "repeated_progs": 51597,
        "unique_progs": 831
    }
}