{
    "status": {
        "~d_10": {
            "yes": 47500,
            "no": 0,
            "undecided": 0,
            "unknown": 0,
            "pyes": 0.07757017179076864,
            "pno": 0.0,
            "pundecided": 0.0,
            "punknown": 0.0,
            "time": 20.43800139427185,
            "percY": 24903300.0,
            "percN": 0.0,
            "percU": 0.0,
            "percUNK": 0.0,
            "l": 0.07757017179076864,
            "u": 1.0
        },
        "a_7": {
            "yes": 11908,
            "no": 35592,
            "undecided": 0,
            "unknown": 0,
            "pyes": 0.0007866660672012011,
            "pno": 0.0767835057235672,
            "pundecided": 0.0,
            "punknown": 0.0,
            "time": 21.779216766357422,
            "percY": 6243126.24,
            "percN": 18660173.76,
            "percU": 0.0,
            "percUNK": 0.0,
            "l": 0.0007866660672012011,
            "u": 0.9232164942764328
        },
        "~a_7": {
            "yes": 35592,
            "no": 11908,
            "undecided": 0,
            "unknown": 0,
            "pyes": 0.0767835057235672,
            "pno": 0.0007866660672012011,
            "pundecided": 0.0,
            "punknown": 0.0,
            "time": 21.6417236328125,
            "percY": 18660173.76,
            "percN": 6243126.24,
            "percU": 0.0,
            "percUNK": 0.0,
            "l": 0.0767835057235672,
            "u": 0.9992133339327988
        }
    },
    "data": {
        "n_samples": 52428,
        "time": 85.23979020118713,
        "repeated_worlds": 4928,
        "repeated_progs": 51717,
        "unique_progs": 711
    }
}