{
    "status": {
        "d_13": {
            "yes": 11957,
            "no": 0,
            "undecided": 26743,
            "unknown": 8924,
            "pyes": 0.12084488353056619,
            "pno": 0.0,
            "pundecided": 0.054079306028304075,
            "punknown": 0.0013159820571542627,
            "time": 4.191344499588013,
            "percY": 6268815.96,
            "percN": 0.0,
            "percU": 14020820.04,
            "percUNK": 4678674.72,
            "l": 0.12084488353056619,
            "u": 1.0
        },
        "~a_9": {
            "yes": 29665,
            "no": 17959,
            "undecided": 0,
            "unknown": 0,
            "pyes": 0.16314450640224637,
            "pno": 0.013095665213776215,
            "pundecided": 0.0,
            "punknown": 0.0,
            "time": 4.596262454986572,
            "percY": 15552766.2,
            "percN": 9415544.52,
            "percU": 0.0,
            "percUNK": 0.0,
            "l": 0.16314450640224637,
            "u": 0.9869043347862237
        },
        "a_9": {
            "yes": 17959,
            "no": 29665,
            "undecided": 0,
            "unknown": 0,
            "pyes": 0.013095665213776215,
            "pno": 0.16314450640224637,
            "pundecided": 0.0,
            "punknown": 0.0,
            "time": 4.593161344528198,
            "percY": 9415544.52,
            "percN": 15552766.2,
            "percU": 0.0,
            "percUNK": 0.0,
            "l": 0.013095665213776215,
            "u": 0.8368554935977537
        }
    },
    "data": {
        "n_samples": 52428,
        "time": 31.929893016815186,
        "repeated_worlds": 4804,
        "repeated_progs": 52278,
        "unique_progs": 150
    }
}