{
    "status": {
        "d_13": {
            "yes": 47454,
            "no": 0,
            "undecided": 0,
            "unknown": 0,
            "pyes": 0.051883175506867045,
            "pno": 0.0,
            "pundecided": 0.0,
            "punknown": 0.0,
            "time": 12.975143194198608,
            "percY": 24879183.12,
            "percN": 0.0,
            "percU": 0.0,
            "percUNK": 0.0,
            "l": 0.051883175506867045,
            "u": 1.0
        },
        "~a_5": {
            "yes": 12010,
            "no": 0,
            "undecided": 35444,
            "unknown": 0,
            "pyes": 0.002283385109025956,
            "pno": 0.0,
            "pundecided": 0.049599790397841154,
            "punknown": 0.0,
            "time": 12.84935998916626,
            "percY": 6296602.8,
            "percN": 0.0,
            "percU": 18582580.32,
            "percUNK": 0.0,
            "l": 0.002283385109025956,
            "u": 1.0
        },
        "~a_8": {
            "yes": 6773,
            "no": 5237,
            "undecided": 35444,
            "unknown": 0,
            "pyes": 0.00021054586701242824,
            "pno": 0.002072839242013523,
            "pundecided": 0.049599790397841154,
            "punknown": 0.0,
            "time": 13.103782176971436,
            "percY": 3550948.44,
            "percN": 2745654.36,
            "percU": 18582580.32,
            "percUNK": 0.0,
            "l": 0.00021054586701242824,
            "u": 0.9979271607579865
        }
    },
    "data": {
        "n_samples": 52428,
        "time": 62.94487261772156,
        "repeated_worlds": 4974,
        "repeated_progs": 52050,
        "unique_progs": 378
    }
}