{
    "status": {
        "d_17": {
            "yes": 47425,
            "no": 0,
            "undecided": 0,
            "unknown": 0,
            "pyes": 0.4320725119150687,
            "pno": 0.0,
            "pundecided": 0.0,
            "punknown": 0.0,
            "time": 8.252229928970337,
            "percY": 24863979.0,
            "percN": 0.0,
            "percU": 0.0,
            "percUNK": 0.0,
            "l": 0.4320725119150687,
            "u": 1.0
        },
        "~a_8": {
            "yes": 21388,
            "no": 26037,
            "undecided": 0,
            "unknown": 0,
            "pyes": 0.01627021990373639,
            "pno": 0.4158022920113359,
            "pundecided": 0.0,
            "punknown": 0.0,
            "time": 8.59160852432251,
            "percY": 11213300.64,
            "percN": 13650678.36,
            "percU": 0.0,
            "percUNK": 0.0,
            "l": 0.01627021990373639,
            "u": 0.5841977079886641
        },
        "a_7": {
            "yes": 8986,
            "no": 11842,
            "undecided": 26597,
            "unknown": 0,
            "pyes": 0.0003786389590998588,
            "pno": 0.42514804053605015,
            "pundecided": 0.0065458324199258715,
            "punknown": 0.0,
            "time": 9.249235391616821,
            "percY": 4711180.08,
            "percN": 6208523.76,
            "percU": 13944275.16,
            "percUNK": 0.0,
            "l": 0.0003786389590998588,
            "u": 0.5748519594639498
        }
    },
    "data": {
        "n_samples": 52428,
        "time": 43.42975378036499,
        "repeated_worlds": 5003,
        "repeated_progs": 52110,
        "unique_progs": 318
    }
}