{
    "status": {
        "~d_14": {
            "yes": 47422,
            "no": 0,
            "undecided": 0,
            "unknown": 0,
            "pyes": 0.11771355653956266,
            "pno": 0.0,
            "pundecided": 0.0,
            "punknown": 0.0,
            "time": 2.7434747219085693,
            "percY": 24862406.16,
            "percN": 0.0,
            "percU": 0.0,
            "percUNK": 0.0,
            "l": 0.11771355653956266,
            "u": 1.0
        },
        "a_6": {
            "yes": 47422,
            "no": 0,
            "undecided": 0,
            "unknown": 0,
            "pyes": 0.11771355653956266,
            "pno": 0.0,
            "pundecided": 0.0,
            "punknown": 0.0,
            "time": 2.720320701599121,
            "percY": 24862406.16,
            "percN": 0.0,
            "percU": 0.0,
            "percUNK": 0.0,
            "l": 0.11771355653956266,
            "u": 1.0
        },
        "a_8": {
            "yes": 2942,
            "no": 8936,
            "undecided": 35544,
            "unknown": 0,
            "pyes": 0.004048842194522041,
            "pno": 0.10339075167750561,
            "pundecided": 0.010273962667535426,
            "punknown": 0.0,
            "time": 2.7722506523132324,
            "percY": 1542431.76,
            "percN": 4684966.08,
            "percU": 18635008.32,
            "percUNK": 0.0,
            "l": 0.004048842194522041,
            "u": 0.8966092483224943
        }
    },
    "data": {
        "n_samples": 52428,
        "time": 27.84341526031494,
        "repeated_worlds": 5006,
        "repeated_progs": 52344,
        "unique_progs": 84
    }
}