{
    "status": {
        "d_14": {
            "yes": 47496,
            "no": 0,
            "undecided": 0,
            "unknown": 0,
            "pyes": 0.11345827725336531,
            "pno": 0.0,
            "pundecided": 0.0,
            "punknown": 0.0,
            "time": 6.977296829223633,
            "percY": 24901202.88,
            "percN": 0.0,
            "percU": 0.0,
            "percUNK": 0.0,
            "l": 0.11345827725336531,
            "u": 1.0
        },
        "a_5": {
            "yes": 11947,
            "no": 0,
            "undecided": 35549,
            "unknown": 0,
            "pyes": 0.0005771730259278348,
            "pno": 0.0,
            "pundecided": 0.1128811042274378,
            "punknown": 0.0,
            "time": 6.8847496509552,
            "percY": 6263573.16,
            "percN": 0.0,
            "percU": 18637629.72,
            "percUNK": 0.0,
            "l": 0.0005771730259278348,
            "u": 1.0
        },
        "~a_9": {
            "yes": 0,
            "no": 29756,
            "undecided": 17740,
            "unknown": 0,
            "pyes": 0.0,
            "pno": 0.010775579204582598,
            "pundecided": 0.10268269804878363,
            "punknown": 0.0,
            "time": 6.902868270874023,
            "percY": 0.0,
            "percN": 15600475.68,
            "percU": 9300727.2,
            "percUNK": 0.0,
            "l": 0.0,
            "u": 0.9892244207954174
        }
    },
    "data": {
        "n_samples": 52428,
        "time": 41.22457695007324,
        "repeated_worlds": 4932,
        "repeated_progs": 52212,
        "unique_progs": 216
    }
}