{
    "status": {
        "a_2": {
            "yes": 47483,
            "no": 0,
            "undecided": 0,
            "unknown": 0,
            "pyes": 0.05283235729248584,
            "pno": 0.0,
            "pundecided": 0.0,
            "punknown": 0.0,
            "time": 34.488194704055786,
            "percY": 24894387.24,
            "percN": 0.0,
            "percU": 0.0,
            "percUNK": 0.0,
            "l": 0.05283235729248584,
            "u": 1.0
        },
        "~a_5": {
            "yes": 35607,
            "no": 0,
            "undecided": 11876,
            "unknown": 0,
            "pyes": 0.052774622861252264,
            "pno": 0.0,
            "pundecided": 5.7734431233725723e-05,
            "punknown": 0.0,
            "time": 34.30953621864319,
            "percY": 18668037.96,
            "percN": 0.0,
            "percU": 6226349.28,
            "percUNK": 0.0,
            "l": 0.052774622861252264,
            "u": 1.0
        },
        "a_8": {
            "yes": 36938,
            "no": 10545,
            "undecided": 0,
            "unknown": 0,
            "pyes": 0.0108046900850561,
            "pno": 0.04202766720742995,
            "pundecided": 0.0,
            "punknown": 0.0,
            "time": 35.765910148620605,
            "percY": 19365854.64,
            "percN": 5528532.6,
            "percU": 0.0,
            "percUNK": 0.0,
            "l": 0.0108046900850561,
            "u": 0.95797233279257
        }
    },
    "data": {
        "n_samples": 52428,
        "time": 128.8346996307373,
        "repeated_worlds": 4945,
        "repeated_progs": 51343,
        "unique_progs": 1085
    }
}