{
    "status": {
        "~d_11": {
            "yes": 35647,
            "no": 0,
            "undecided": 8904,
            "unknown": 3000,
            "pyes": 0.11182077709285237,
            "pno": 0.0,
            "pundecided": 0.026273093132289597,
            "punknown": 3.7703239668775075e-05,
            "time": 64.75875878334045,
            "percY": 18689009.16,
            "percN": 0.0,
            "percU": 4668189.12,
            "percUNK": 1572840.0,
            "l": 0.11182077709285237,
            "u": 1.0
        },
        "a_6": {
            "yes": 35607,
            "no": 0,
            "undecided": 11944,
            "unknown": 0,
            "pyes": 0.1374961166867066,
            "pno": 0.0,
            "pundecided": 0.0006354567781018741,
            "punknown": 0.0,
            "time": 64.74116683006287,
            "percY": 18668037.96,
            "percN": 0.0,
            "percU": 6262000.32,
            "percUNK": 0.0,
            "l": 0.1374961166867066,
            "u": 1.0
        },
        "~a_7": {
            "yes": 0,
            "no": 34256,
            "undecided": 13295,
            "unknown": 0,
            "pyes": 0.0,
            "pno": 0.1372839726097192,
            "pundecided": 0.000847600855089399,
            "punknown": 0.0,
            "time": 65.8509361743927,
            "percY": 0.0,
            "percN": 17959735.68,
            "percU": 6970302.6,
            "percUNK": 0.0,
            "l": 0.0,
            "u": 0.8627160273902807
        }
    },
    "data": {
        "n_samples": 52428,
        "time": 220.13175082206726,
        "repeated_worlds": 4877,
        "repeated_progs": 50170,
        "unique_progs": 2258
    }
}