{
    "status": {
        "d_31": {
            "yes": 149,
            "no": 0,
            "undecided": 156,
            "unknown": 0,
            "pyes": 0.014854005225758828,
            "pno": 0.0,
            "pundecided": 0.0019434012266758922,
            "punknown": 0.0,
            "time": 9.376710653305054,
            "percY": 303.96,
            "percN": 0.0,
            "percU": 318.24,
            "percUNK": 0.0,
            "l": 0.014854005225758828,
            "u": 1.0
        },
        "~a_17": {
            "yes": 130,
            "no": 122,
            "undecided": 53,
            "unknown": 0,
            "pyes": 0.010828170129579304,
            "pno": 0.0005477379675866074,
            "pundecided": 0.005421498355268813,
            "punknown": 0.0,
            "time": 12.85773253440857,
            "percY": 265.2,
            "percN": 248.88,
            "percU": 108.12,
            "percUNK": 0.0,
            "l": 0.010828170129579304,
            "u": 0.9994522620324134
        }
    },
    "data": {
        "n_samples": 204,
        "time": 18.13832378387451,
        "repeated_programs": 6,
        "inconsistent_programs": 91,
        "worlds_consulted": 107
    }
}