{
    "status": {
        "d_54": {
            "yes": 301,
            "no": 0,
            "undecided": 302,
            "unknown": 0,
            "pyes": 0.06077096749634779,
            "pno": 0.0,
            "pundecided": 0.009113418691860444,
            "punknown": 0.0,
            "time": 18.282657384872437,
            "percY": 1231.09,
            "percN": 0.0,
            "percU": 1235.18,
            "percUNK": 0.0,
            "l": 0.06077096749634779,
            "u": 1.0
        },
        "a_14": {
            "yes": 420,
            "no": 113,
            "undecided": 70,
            "unknown": 0,
            "pyes": 0.06654855083775359,
            "pno": 0.000418254101827633,
            "pundecided": 0.0029175812486269995,
            "punknown": 0.0,
            "time": 19.246885538101196,
            "percY": 1717.8,
            "percN": 462.17,
            "percU": 286.3,
            "percUNK": 0.0,
            "l": 0.06654855083775359,
            "u": 0.9995817458981724
        },
        "~a_14": {
            "yes": 113,
            "no": 420,
            "undecided": 70,
            "unknown": 0,
            "pyes": 0.000418254101827633,
            "pno": 0.06654855083775359,
            "pundecided": 0.0029175812486269995,
            "punknown": 0.0,
            "time": 20.151872396469116,
            "percY": 462.17,
            "percN": 1717.8,
            "percU": 286.3,
            "percUNK": 0.0,
            "l": 0.000418254101827633,
            "u": 0.9334514491622464
        }
    },
    "data": {
        "n_samples": 409,
        "time": 47.93523859977722,
        "repeated_programs": 14,
        "inconsistent_programs": 187,
        "worlds_consulted": 208
    }
}