{
    "status": {
        "~d_23": {
            "yes": 144,
            "no": 0,
            "undecided": 10,
            "unknown": 0,
            "pyes": 0.014499395597341896,
            "pno": 0.0,
            "pundecided": 0.0,
            "punknown": 0.0,
            "time": 4.746824741363525,
            "percY": 146.88,
            "percN": 0.0,
            "percU": 10.2,
            "percUNK": 0.0,
            "l": 0.014499395597341896,
            "u": 1.0
        },
        "a_11": {
            "yes": 80,
            "no": 0,
            "undecided": 74,
            "unknown": 0,
            "pyes": 0.013803273428005403,
            "pno": 0.0,
            "pundecided": 0.0006961221693364942,
            "punknown": 0.0,
            "time": 4.656436443328857,
            "percY": 81.6,
            "percN": 0.0,
            "percU": 75.48,
            "percUNK": 0.0,
            "l": 0.013803273428005403,
            "u": 1.0
        },
        "a_15": {
            "yes": 60,
            "no": 8,
            "undecided": 86,
            "unknown": 0,
            "pyes": 0.007559115803851845,
            "pno": 0.0,
            "pundecided": 0.0069402797934900486,
            "punknown": 0.0,
            "time": 5.881103515625,
            "percY": 61.2,
            "percN": 8.16,
            "percU": 87.72,
            "percUNK": 0.0,
            "l": 0.007559115803851845,
            "u": 1.0
        }
    },
    "data": {
        "n_samples": 102,
        "time": 11.53964638710022,
        "repeated_programs": 4,
        "inconsistent_programs": 42,
        "worlds_consulted": 56
    }
}