{
    "status": {
        "~d_31": {
            "yes": 778,
            "no": 0,
            "undecided": 0,
            "unknown": 0,
            "pyes": 0.22808170519876342,
            "pno": 0.0,
            "pundecided": 0.0,
            "punknown": 0.0,
            "time": 21.4794979095459,
            "percY": 3182.02,
            "percN": 0.0,
            "percU": 0.0,
            "percUNK": 0.0,
            "l": 0.22808170519876342,
            "u": 1.0
        },
        "~a_15": {
            "yes": 316,
            "no": 104,
            "undecided": 358,
            "unknown": 0,
            "pyes": 0.21350118208583563,
            "pno": 0.0004014351295164049,
            "pundecided": 0.014179087983411422,
            "punknown": 0.0,
            "time": 22.723875522613525,
            "percY": 1292.44,
            "percN": 425.36,
            "percU": 1464.22,
            "percUNK": 0.0,
            "l": 0.21350118208583563,
            "u": 0.9995985648704836
        },
        "~a_14": {
            "yes": 390,
            "no": 388,
            "undecided": 0,
            "unknown": 0,
            "pyes": 0.12767952859543652,
            "pno": 0.10040217660332668,
            "pundecided": 0.0,
            "punknown": 0.0,
            "time": 33.46966075897217,
            "percY": 1595.1,
            "percN": 1586.92,
            "percU": 0.0,
            "percUNK": 0.0,
            "l": 0.12767952859543652,
            "u": 0.8995978233966733
        }
    },
    "data": {
        "n_samples": 409,
        "time": 45.95147466659546,
        "repeated_programs": 20,
        "inconsistent_programs": 0,
        "worlds_consulted": 389
    }
}