{
    "status": {
        "d_30": {
            "yes": 167,
            "no": 0,
            "undecided": 135,
            "unknown": 0,
            "pyes": 0.06388459487894646,
            "pno": 0.0,
            "pundecided": 0.00012358872589214598,
            "punknown": 0.0,
            "time": 8.056655645370483,
            "percY": 340.68,
            "percN": 0.0,
            "percU": 275.4,
            "percUNK": 0.0,
            "l": 0.06388459487894646,
            "u": 1.0
        },
        "a_15": {
            "yes": 114,
            "no": 54,
            "undecided": 134,
            "unknown": 0,
            "pyes": 0.001160040086560433,
            "pno": 0.06154521649188953,
            "pundecided": 0.0013029270263886167,
            "punknown": 0.0,
            "time": 9.078452348709106,
            "percY": 232.56,
            "percN": 110.16,
            "percU": 273.36,
            "percUNK": 0.0,
            "l": 0.001160040086560433,
            "u": 0.9384547835081105
        },
        "~a_16": {
            "yes": 88,
            "no": 167,
            "undecided": 47,
            "unknown": 0,
            "pyes": 0.0017869391324595622,
            "pno": 0.06222124447237902,
            "pundecided": 0.0,
            "punknown": 0.0,
            "time": 10.15718388557434,
            "percY": 179.52,
            "percN": 340.68,
            "percU": 95.88,
            "percUNK": 0.0,
            "l": 0.0017869391324595622,
            "u": 0.937778755527621
        }
    },
    "data": {
        "n_samples": 204,
        "time": 22.877198934555054,
        "repeated_programs": 5,
        "inconsistent_programs": 96,
        "worlds_consulted": 103
    }
}