{
    "status": {
        "~d_43": {
            "yes": 302,
            "no": 0,
            "undecided": 276,
            "unknown": 0,
            "pyes": 0.9769005431182245,
            "pno": 0.0,
            "pundecided": 0.00044368870157733006,
            "punknown": 0.0,
            "time": 15.93224287033081,
            "percY": 1235.18,
            "percN": 0.0,
            "percU": 1128.84,
            "percUNK": 0.0,
            "l": 0.9769005431182245,
            "u": 1.0,
            "flag": "INTEREST"
        },
        "~a_16": {
            "yes": 201,
            "no": 103,
            "undecided": 274,
            "unknown": 0,
            "pyes": 0.0068789139573950525,
            "pno": 0.0001139037453658334,
            "pundecided": 0.9703514141170406,
            "punknown": 0.0,
            "time": 17.773751497268677,
            "percY": 822.09,
            "percN": 421.27,
            "percU": 1120.66,
            "percUNK": 0.0,
            "l": 0.0068789139573950525,
            "u": 0.9998860962546342
        },
        "a_14": {
            "yes": 148,
            "no": 10,
            "undecided": 420,
            "unknown": 0,
            "pyes": 0.003176145517966642,
            "pno": 8.10602861290186e-09,
            "pundecided": 0.9741680781958064,
            "punknown": 0.0,
            "time": 16.713066339492798,
            "percY": 605.32,
            "percN": 40.9,
            "percU": 1717.8,
            "percUNK": 0.0,
            "l": 0.003176145517966642,
            "u": 0.9999999918939714
        }
    },
    "data": {
        "n_samples": 409,
        "time": 46.24918794631958,
        "repeated_programs": 22,
        "inconsistent_programs": 196,
        "worlds_consulted": 191
    }
}