{
    "status": {
        "~d_54": {
            "yes": 297,
            "no": 0,
            "undecided": 280,
            "unknown": 7,
            "pyes": 0.006289103448258112,
            "pno": 0.0,
            "pundecided": 0.001386399187547991,
            "punknown": 0.0,
            "time": 17.669539213180542,
            "percY": 1214.73,
            "percN": 0.0,
            "percU": 1145.2,
            "percUNK": 28.63,
            "l": 0.006289103448258112,
            "u": 1.0
        },
        "~a_15": {
            "yes": 163,
            "no": 62,
            "undecided": 359,
            "unknown": 0,
            "pyes": 0.005756911099042543,
            "pno": 0.0010393252988119273,
            "pundecided": 0.0008792662379516345,
            "punknown": 0.0,
            "time": 24.834280014038086,
            "percY": 666.67,
            "percN": 253.58,
            "percU": 1468.31,
            "percUNK": 0.0,
            "l": 0.005756911099042543,
            "u": 0.9989606747011881
        },
        "a_17": {
            "yes": 59,
            "no": 278,
            "undecided": 247,
            "unknown": 0,
            "pyes": 3.042027403940782e-06,
            "pno": 0.0008517136364800406,
            "pundecided": 0.00682074697192212,
            "punknown": 0.0,
            "time": 21.832185983657837,
            "percY": 241.31,
            "percN": 1137.02,
            "percU": 1010.23,
            "percUNK": 0.0,
            "l": 3.042027403940782e-06,
            "u": 0.9991482863635199
        }
    },
    "data": {
        "n_samples": 409,
        "time": 55.73186802864075,
        "repeated_programs": 13,
        "inconsistent_programs": 208,
        "worlds_consulted": 188
    }
}