{
    "status": {
        "d_41": {
            "yes": 190,
            "no": 0,
            "undecided": 404,
            "unknown": 0,
            "pyes": 0.005189413664055306,
            "pno": 0.0,
            "pundecided": 0.11832137990181163,
            "punknown": 0.0,
            "time": 15.9825918674469,
            "percY": 777.1,
            "percN": 0.0,
            "percU": 1652.36,
            "percUNK": 0.0,
            "l": 0.005189413664055306,
            "u": 1.0
        },
        "~a_16": {
            "yes": 60,
            "no": 0,
            "undecided": 534,
            "unknown": 0,
            "pyes": 0.0,
            "pno": 0.0,
            "pundecided": 0.12351079356586694,
            "punknown": 0.0,
            "time": 17.345420360565186,
            "percY": 245.4,
            "percN": 0.0,
            "percU": 2184.06,
            "percUNK": 0.0,
            "l": 0.0,
            "u": 1.0
        }
    },
    "data": {
        "n_samples": 409,
        "time": 35.09761452674866,
        "repeated_programs": 19,
        "inconsistent_programs": 186,
        "worlds_consulted": 204
    }
}