{
    "status": {
        "d_54": {
            "yes": 402,
            "no": 0,
            "undecided": 185,
            "unknown": 0,
            "pyes": 0.07161361807477926,
            "pno": 0.0,
            "pundecided": 0.0,
            "punknown": 0.0,
            "time": 18.34099578857422,
            "percY": 1644.18,
            "percN": 0.0,
            "percU": 756.65,
            "percUNK": 0.0,
            "l": 0.07161361807477926,
            "u": 1.0
        },
        "~a_16": {
            "yes": 147,
            "no": 44,
            "undecided": 396,
            "unknown": 0,
            "pyes": 0.019671235529213377,
            "pno": 0.0,
            "pundecided": 0.05194238254556593,
            "punknown": 0.0,
            "time": 18.83527421951294,
            "percY": 601.23,
            "percN": 179.96,
            "percU": 1619.64,
            "percUNK": 0.0,
            "l": 0.019671235529213377,
            "u": 1.0
        },
        "a_14": {
            "yes": 142,
            "no": 87,
            "undecided": 358,
            "unknown": 0,
            "pyes": 0.07102806680907396,
            "pno": 0.00030995058528477,
            "pundecided": 0.00027560068042049125,
            "punknown": 0.0,
            "time": 18.622978687286377,
            "percY": 580.78,
            "percN": 355.83,
            "percU": 1464.22,
            "percUNK": 0.0,
            "l": 0.07102806680907396,
            "u": 0.9996900494147152
        }
    },
    "data": {
        "n_samples": 409,
        "time": 45.91945028305054,
        "repeated_programs": 23,
        "inconsistent_programs": 185,
        "worlds_consulted": 201
    }
}