{
    "status": {
        "a_3": {
            "yes": 392,
            "no": 0,
            "undecided": 0,
            "unknown": 178,
            "pyes": 0.10217016066606775,
            "pno": 0.0,
            "pundecided": 0.0,
            "punknown": 0.0014861177097112285,
            "time": 16.607876539230347,
            "percY": 1603.28,
            "percN": 0.0,
            "percU": 0.0,
            "percUNK": 728.02,
            "l": 0.10217016066606775,
            "u": 1.0
        },
        "a_13": {
            "yes": 227,
            "no": 0,
            "undecided": 343,
            "unknown": 0,
            "pyes": 0.07446326508210296,
            "pno": 0.0,
            "pundecided": 0.029193013293676053,
            "punknown": 0.0,
            "time": 16.271252870559692,
            "percY": 928.43,
            "percN": 0.0,
            "percU": 1402.87,
            "percUNK": 0.0,
            "l": 0.07446326508210296,
            "u": 1.0
        },
        "a_16": {
            "yes": 67,
            "no": 39,
            "undecided": 464,
            "unknown": 0,
            "pyes": 0.07379785087854687,
            "pno": 0.0005210682349653993,
            "pundecided": 0.02933735926226675,
            "punknown": 0.0,
            "time": 18.633835077285767,
            "percY": 274.03,
            "percN": 159.51,
            "percU": 1897.76,
            "percUNK": 0.0,
            "l": 0.07379785087854687,
            "u": 0.9994789317650346
        }
    },
    "data": {
        "n_samples": 409,
        "time": 47.49215626716614,
        "repeated_programs": 18,
        "inconsistent_programs": 212,
        "worlds_consulted": 179
    }
}