{
    "status": {
        "d_60": {
            "yes": 346,
            "no": 0,
            "undecided": 256,
            "unknown": 0,
            "pyes": 0.06194882234985383,
            "pno": 0.0,
            "pundecided": 0.008485332787054227,
            "punknown": 0.0,
            "time": 16.81897735595703,
            "percY": 1415.14,
            "percN": 0.0,
            "percU": 1047.04,
            "percUNK": 0.0,
            "l": 0.06194882234985383,
            "u": 1.0
        },
        "a_13": {
            "yes": 244,
            "no": 0,
            "undecided": 358,
            "unknown": 0,
            "pyes": 0.05461269455916415,
            "pno": 0.0,
            "pundecided": 0.01582146057774392,
            "punknown": 0.0,
            "time": 16.45810866355896,
            "percY": 997.96,
            "percN": 0.0,
            "percU": 1464.22,
            "percUNK": 0.0,
            "l": 0.05461269455916415,
            "u": 1.0
        },
        "~a_16": {
            "yes": 60,
            "no": 217,
            "undecided": 325,
            "unknown": 0,
            "pyes": 0.04577540248498031,
            "pno": 0.008837292074183834,
            "pundecided": 0.01582146057774392,
            "punknown": 0.0,
            "time": 19.57866406440735,
            "percY": 245.4,
            "percN": 887.53,
            "percU": 1329.25,
            "percUNK": 0.0,
            "l": 0.04577540248498031,
            "u": 0.9911627079258162
        }
    },
    "data": {
        "n_samples": 409,
        "time": 46.09477519989014,
        "repeated_programs": 19,
        "inconsistent_programs": 178,
        "worlds_consulted": 212
    }
}