{
    "status": {
        "~d_37": {
            "yes": 181,
            "no": 0,
            "undecided": 105,
            "unknown": 0,
            "pyes": 1.4270011446530776e-05,
            "pno": 0.0,
            "pundecided": 8.171090814446688e-05,
            "punknown": 0.0,
            "time": 9.001656770706177,
            "percY": 369.24,
            "percN": 0.0,
            "percU": 214.2,
            "percUNK": 0.0,
            "l": 1.4270011446530776e-05,
            "u": 1.0
        },
        "~a_10": {
            "yes": 95,
            "no": 0,
            "undecided": 191,
            "unknown": 0,
            "pyes": 5.9202602926912274e-06,
            "pno": 0.0,
            "pundecided": 9.006065929830641e-05,
            "punknown": 0.0,
            "time": 9.003833770751953,
            "percY": 193.8,
            "percN": 0.0,
            "percU": 389.64,
            "percUNK": 0.0,
            "l": 5.9202602926912274e-06,
            "u": 1.0
        },
        "~a_16": {
            "yes": 9,
            "no": 13,
            "undecided": 264,
            "unknown": 0,
            "pyes": 0.0,
            "pno": 0.0,
            "pundecided": 9.598091959099766e-05,
            "punknown": 0.0,
            "time": 9.196956396102905,
            "percY": 18.36,
            "percN": 26.52,
            "percU": 538.56,
            "percUNK": 0.0,
            "l": 0.0,
            "u": 1.0
        }
    },
    "data": {
        "n_samples": 204,
        "time": 23.67926526069641,
        "repeated_programs": 13,
        "inconsistent_programs": 96,
        "worlds_consulted": 95
    }
}