{
    "status": {
        "d_33": {
            "yes": 276,
            "no": 0,
            "undecided": 314,
            "unknown": 0,
            "pyes": 0.0001381645821912985,
            "pno": 0.0,
            "pundecided": 0.0010326389246076385,
            "punknown": 0.0,
            "time": 15.971043348312378,
            "percY": 1128.84,
            "percN": 0.0,
            "percU": 1284.26,
            "percUNK": 0.0,
            "l": 0.0001381645821912985,
            "u": 1.0
        },
        "a_15": {
            "yes": 107,
            "no": 14,
            "undecided": 469,
            "unknown": 0,
            "pyes": 1.716845045355418e-06,
            "pno": 1.7643568439347205e-07,
            "pundecided": 0.001168910226069189,
            "punknown": 0.0,
            "time": 17.12468957901001,
            "percY": 437.63,
            "percN": 57.26,
            "percU": 1918.21,
            "percUNK": 0.0,
            "l": 1.716845045355418e-06,
            "u": 0.9999998235643156
        },
        "a_17": {
            "yes": 91,
            "no": 30,
            "undecided": 469,
            "unknown": 0,
            "pyes": 1.8368876306087426e-06,
            "pno": 5.639309914014721e-08,
            "pundecided": 0.001168910226069189,
            "punknown": 0.0,
            "time": 17.226447105407715,
            "percY": 372.19,
            "percN": 122.7,
            "percU": 1918.21,
            "percUNK": 0.0,
            "l": 1.8368876306087426e-06,
            "u": 0.9999999436069008
        }
    },
    "data": {
        "n_samples": 409,
        "time": 42.70828342437744,
        "repeated_programs": 24,
        "inconsistent_programs": 180,
        "worlds_consulted": 205
    }
}