{
    "status": {
        "~d_49": {
            "yes": 293,
            "no": 0,
            "undecided": 292,
            "unknown": 2,
            "pyes": 0.0012310940387409998,
            "pno": 0.0,
            "pundecided": 5.024478827481698e-05,
            "punknown": 0.0,
            "time": 16.074678897857666,
            "percY": 1198.37,
            "percN": 0.0,
            "percU": 1194.28,
            "percUNK": 8.18,
            "l": 0.0012310940387409998,
            "u": 1.0
        },
        "a_17": {
            "yes": 157,
            "no": 127,
            "undecided": 303,
            "unknown": 0,
            "pyes": 0.0,
            "pno": 0.0,
            "pundecided": 0.0012813388270158173,
            "punknown": 0.0,
            "time": 17.745003700256348,
            "percY": 642.13,
            "percN": 519.43,
            "percU": 1239.27,
            "percUNK": 0.0,
            "l": 0.0,
            "u": 1.0
        },
        "a_14": {
            "yes": 295,
            "no": 102,
            "undecided": 190,
            "unknown": 0,
            "pyes": 0.001150970862080176,
            "pno": 1.63589481963072e-05,
            "pundecided": 0.00011400901673933374,
            "punknown": 0.0,
            "time": 18.432802438735962,
            "percY": 1206.55,
            "percN": 417.18,
            "percU": 777.1,
            "percUNK": 0.0,
            "l": 0.001150970862080176,
            "u": 0.9999836410518037
        }
    },
    "data": {
        "n_samples": 409,
        "time": 45.85769581794739,
        "repeated_programs": 19,
        "inconsistent_programs": 193,
        "worlds_consulted": 197
    }
}