{
    "status": {
        "d_21": {
            "yes": 310,
            "no": 0,
            "undecided": 307,
            "unknown": 0,
            "pyes": 0.0006535130381936246,
            "pno": 0.0,
            "pundecided": 0.04656654795118667,
            "punknown": 0.0,
            "time": 18.676243782043457,
            "percY": 1267.9,
            "percN": 0.0,
            "percU": 1255.63,
            "percUNK": 0.0,
            "l": 0.0006535130381936246,
            "u": 1.0
        },
        "a_12": {
            "yes": 516,
            "no": 0,
            "undecided": 101,
            "unknown": 0,
            "pyes": 0.04722006098938028,
            "pno": 0.0,
            "pundecided": 0.0,
            "punknown": 0.0,
            "time": 18.82791543006897,
            "percY": 2110.44,
            "percN": 0.0,
            "percU": 413.09,
            "percUNK": 0.0,
            "l": 0.04722006098938028,
            "u": 1.0
        },
        "a_17": {
            "yes": 503,
            "no": 114,
            "undecided": 0,
            "unknown": 0,
            "pyes": 0.04708843358363314,
            "pno": 0.00013162740574712626,
            "pundecided": 0.0,
            "punknown": 0.0,
            "time": 19.508708715438843,
            "percY": 2057.27,
            "percN": 466.26,
            "percU": 0.0,
            "percUNK": 0.0,
            "l": 0.04708843358363314,
            "u": 0.9998683725942529
        }
    },
    "data": {
        "n_samples": 409,
        "time": 45.074060916900635,
        "repeated_programs": 13,
        "inconsistent_programs": 175,
        "worlds_consulted": 221
    }
}