{
    "status": {
        "a_1": {
            "yes": 279,
            "no": 0,
            "undecided": 0,
            "unknown": 314,
            "pyes": 0.008740045832613624,
            "pno": 0.0,
            "pundecided": 0.0,
            "punknown": 0.023165149945983246,
            "time": 17.63462805747986,
            "percY": 1141.11,
            "percN": 0.0,
            "percU": 0.0,
            "percUNK": 1284.26,
            "l": 0.008740045832613624,
            "u": 1.0
        },
        "a_16": {
            "yes": 331,
            "no": 161,
            "undecided": 101,
            "unknown": 0,
            "pyes": 0.03152126115664195,
            "pno": 0.0003839346219549738,
            "pundecided": 0.0,
            "punknown": 0.0,
            "time": 19.151917219161987,
            "percY": 1353.79,
            "percN": 658.49,
            "percU": 413.09,
            "percUNK": 0.0,
            "l": 0.03152126115664195,
            "u": 0.999616065378045
        },
        "~a_16": {
            "yes": 161,
            "no": 331,
            "undecided": 101,
            "unknown": 0,
            "pyes": 0.0003839346219549738,
            "pno": 0.03152126115664195,
            "pundecided": 0.0,
            "punknown": 0.0,
            "time": 18.882429599761963,
            "percY": 658.49,
            "percN": 1353.79,
            "percU": 413.09,
            "percUNK": 0.0,
            "l": 0.0003839346219549738,
            "u": 0.968478738843358
        }
    },
    "data": {
        "n_samples": 409,
        "time": 47.354329347610474,
        "repeated_programs": 19,
        "inconsistent_programs": 187,
        "worlds_consulted": 203
    }
}