{
    "status": {
        "a_0": {
            "yes": 29651,
            "no": 0,
            "undecided": 0,
            "unknown": 17862,
            "pyes": 0.14510538116634794,
            "pno": 0.0,
            "pundecided": 0.0,
            "punknown": 0.005048517973585058,
            "time": 699.6904211044312,
            "percY": 15545426.28,
            "percN": 0.0,
            "percU": 0.0,
            "percUNK": 9364689.36,
            "l": 0.14510538116634794,
            "u": 1.0
        },
        "~a_7": {
            "yes": 1429,
            "no": 3485,
            "undecided": 41364,
            "unknown": 1235,
            "pyes": 0.0010093257755570168,
            "pno": 1.328290295895555e-05,
            "pundecided": 0.14790089621920247,
            "punknown": 0.0012303942422141727,
            "time": 698.432626247406,
            "percY": 749196.12,
            "percN": 1827115.8,
            "percU": 21686317.92,
            "percUNK": 647485.8,
            "l": 0.0010093257755570168,
            "u": 0.999986717097041
        },
        "a_8": {
            "yes": 15719,
            "no": 3866,
            "undecided": 27804,
            "unknown": 124,
            "pyes": 0.03790148117641039,
            "pno": 0.06814247035675046,
            "pundecided": 0.044109801338176324,
            "punknown": 1.4626859796002075e-07,
            "time": 704.0409779548645,
            "percY": 8241157.32,
            "percN": 2026866.48,
            "percU": 14577081.12,
            "percUNK": 65010.72,
            "l": 0.03790148117641039,
            "u": 0.9318575296432495
        }
    },
    "data": {
        "n_samples": 52428,
        "time": 2163.225173473358,
        "repeated_worlds": 4915,
        "repeated_progs": 31720,
        "unique_progs": 20708
    }
}