{
    "status": {
        "~d_17": {
            "yes": 29675,
            "no": 0,
            "undecided": 11132,
            "unknown": 6688,
            "pyes": 0.4292236084239872,
            "pno": 0.0,
            "pundecided": 0.0033079539418702348,
            "punknown": 0.0006236787627618964,
            "time": 771.9650990962982,
            "percY": 15558009.0,
            "percN": 0.0,
            "percU": 5836284.96,
            "percUNK": 3506384.64,
            "l": 0.4292236084239872,
            "u": 1.0
        },
        "a_7": {
            "yes": 8902,
            "no": 11888,
            "undecided": 25374,
            "unknown": 1331,
            "pyes": 0.011566855562561562,
            "pno": 0.3753895407978089,
            "pundecided": 0.04517692515372665,
            "punknown": 0.0010219196145246957,
            "time": 775.3912255764008,
            "percY": 4667140.56,
            "percN": 6232640.64,
            "percU": 13303080.72,
            "percUNK": 697816.68,
            "l": 0.011566855562561562,
            "u": 0.624610459202191
        },
        "~a_8": {
            "yes": 17580,
            "no": 7175,
            "undecided": 22673,
            "unknown": 67,
            "pyes": 0.38730612939378006,
            "pno": 0.00822259590993671,
            "pundecided": 0.037626475542573375,
            "punknown": 4.028233027171415e-08,
            "time": 776.7083699703217,
            "percY": 9216842.4,
            "percN": 3761709.0,
            "percU": 11887000.44,
            "percUNK": 35126.76,
            "l": 0.38730612939378006,
            "u": 0.9917774040900633
        }
    },
    "data": {
        "n_samples": 52428,
        "time": 2388.1149928569794,
        "repeated_worlds": 4933,
        "repeated_progs": 29247,
        "unique_progs": 23181
    }
}