{
    "status": {
        "a_0": {
            "yes": 29782,
            "no": 0,
            "undecided": 0,
            "unknown": 17708,
            "pyes": 0.017810346374202247,
            "pno": 0.0,
            "pundecided": 0.0,
            "punknown": 0.04318168081694058,
            "time": 402.7407147884369,
            "percY": 15614106.96,
            "percN": 0.0,
            "percU": 0.0,
            "percUNK": 9283950.24,
            "l": 0.017810346374202247,
            "u": 1.0
        },
        "a_7": {
            "yes": 11520,
            "no": 15259,
            "undecided": 19143,
            "unknown": 1568,
            "pyes": 0.0040238631285111695,
            "pno": 0.033393338712588115,
            "pundecided": 0.023566475664761236,
            "punknown": 8.349685282549857e-06,
            "time": 406.09378695487976,
            "percY": 6039705.6,
            "percN": 7999988.52,
            "percU": 10036292.04,
            "percUNK": 822071.04,
            "l": 0.0040238631285111695,
            "u": 0.9666066612874119
        }
    },
    "data": {
        "n_samples": 52428,
        "time": 857.8117125034332,
        "repeated_worlds": 4938,
        "repeated_progs": 37424,
        "unique_progs": 15004
    }
}