{
    "status": {
        "d_16": {
            "yes": 5861,
            "no": 0,
            "undecided": 23855,
            "unknown": 17862,
            "pyes": 0.0003352020342206581,
            "pno": 0.0,
            "pundecided": 0.012308666244031376,
            "punknown": 0.06991048701576799,
            "time": 515.1277372837067,
            "percY": 3072805.08,
            "percN": 0.0,
            "percU": 12506699.4,
            "percUNK": 9364689.36,
            "l": 0.0003352020342206581,
            "u": 1.0
        },
        "~a_6": {
            "yes": 26937,
            "no": 0,
            "undecided": 2989,
            "unknown": 17652,
            "pyes": 0.03163511554131316,
            "pno": 0.0,
            "pundecided": 6.895451404595804e-05,
            "punknown": 0.050850285238661204,
            "time": 514.8211026191711,
            "percY": 14122530.36,
            "percN": 0.0,
            "percU": 1567072.92,
            "percUNK": 9254590.56,
            "l": 0.03163511554131316,
            "u": 1.0
        },
        "a_7": {
            "yes": 2242,
            "no": 18892,
            "undecided": 26107,
            "unknown": 337,
            "pyes": 0.0015786247483753945,
            "pno": 0.017149674744159172,
            "pundecided": 0.06376899836388998,
            "punknown": 5.705743759592966e-05,
            "time": 519.4454965591431,
            "percY": 1175435.76,
            "percN": 9904697.76,
            "percU": 13687377.96,
            "percUNK": 176682.36,
            "l": 0.0015786247483753945,
            "u": 0.9828503252558408
        }
    },
    "data": {
        "n_samples": 52428,
        "time": 1600.706078529358,
        "repeated_worlds": 4850,
        "repeated_progs": 33488,
        "unique_progs": 18940
    }
}