{
    "status": {
        "d_10": {
            "yes": 5868,
            "no": 0,
            "undecided": 26928,
            "unknown": 14705,
            "pyes": 0.005398583444171956,
            "pno": 0.0,
            "pundecided": 0.056910136190142714,
            "punknown": 0.06194665165411609,
            "time": 306.3863732814789,
            "percY": 3076475.04,
            "percN": 0.0,
            "percU": 14117811.84,
            "percUNK": 7709537.4,
            "l": 0.005398583444171956,
            "u": 1.0
        },
        "a_8": {
            "yes": 972,
            "no": 3360,
            "undecided": 42510,
            "unknown": 659,
            "pyes": 0.00011169866457548316,
            "pno": 0.00186189940364815,
            "pundecided": 0.12225681733224344,
            "punknown": 2.495588796329382e-05,
            "time": 305.44373655319214,
            "percY": 509600.16,
            "percN": 1761580.8,
            "percU": 22287142.8,
            "percUNK": 345500.52,
            "l": 0.00011169866457548316,
            "u": 0.9981381005963519
        },
        "~a_7": {
            "yes": 3967,
            "no": 543,
            "undecided": 42409,
            "unknown": 582,
            "pyes": 0.0016298746869007558,
            "pno": 0.00014698589981626954,
            "pundecided": 0.1224298954018459,
            "punknown": 4.861529986753439e-05,
            "time": 306.90352988243103,
            "percY": 2079818.76,
            "percN": 284684.04,
            "percU": 22234190.52,
            "percUNK": 305130.96,
            "l": 0.0016298746869007558,
            "u": 0.9998530141001837
        }
    },
    "data": {
        "n_samples": 52428,
        "time": 962.3537182807922,
        "repeated_worlds": 4927,
        "repeated_progs": 41190,
        "unique_progs": 11238
    }
}