{
    "status": {
        "d_14": {
            "yes": 41553,
            "no": 0,
            "undecided": 5768,
            "unknown": 197,
            "pyes": 0.14514852522876875,
            "pno": 0.0,
            "pundecided": 0.00032145711429930216,
            "punknown": 2.1645764062721364e-05,
            "time": 438.9265329837799,
            "percY": 21785406.84,
            "percN": 0.0,
            "percU": 3024047.04,
            "percUNK": 103283.16,
            "l": 0.14514852522876875,
            "u": 1.0
        },
        "a_5": {
            "yes": 18441,
            "no": 0,
            "undecided": 11173,
            "unknown": 17904,
            "pyes": 0.09366238001535229,
            "pno": 0.0,
            "pundecided": 0.03348235014146218,
            "punknown": 0.018346897950316646,
            "time": 439.7080192565918,
            "percY": 9668247.48,
            "percN": 0.0,
            "percU": 5857780.44,
            "percUNK": 9386709.12,
            "l": 0.09366238001535229,
            "u": 1.0
        },
        "~a_8": {
            "yes": 8928,
            "no": 13807,
            "undecided": 23892,
            "unknown": 891,
            "pyes": 0.06035152894579391,
            "pno": 0.008014565534012094,
            "pundecided": 0.07700562408924691,
            "punknown": 0.00011990953807752147,
            "time": 443.0391345024109,
            "percY": 4680771.84,
            "percN": 7238733.96,
            "percU": 12526097.76,
            "percUNK": 467133.48,
            "l": 0.06035152894579391,
            "u": 0.9919854344659879
        }
    },
    "data": {
        "n_samples": 52428,
        "time": 1367.2247822284698,
        "repeated_worlds": 4910,
        "repeated_progs": 33769,
        "unique_progs": 18659
    }
}