{
    "status": {
        "a_4": {
            "yes": 41557,
            "no": 0,
            "undecided": 0,
            "unknown": 5973,
            "pyes": 0.0742617833085373,
            "pno": 0.0,
            "pundecided": 0.0,
            "punknown": 0.0021321143511385003,
            "time": 691.16241979599,
            "percY": 21787503.96,
            "percN": 0.0,
            "percU": 0.0,
            "percUNK": 3131524.44,
            "l": 0.0742617833085373,
            "u": 1.0
        },
        "a_8": {
            "yes": 19434,
            "no": 2684,
            "undecided": 24728,
            "unknown": 684,
            "pyes": 0.07158726194930984,
            "pno": 0.00020897351468079299,
            "pundecided": 0.004596594999656246,
            "punknown": 1.0671960290301946e-06,
            "time": 693.9613962173462,
            "percY": 10188857.52,
            "percN": 1407167.52,
            "percU": 12964395.84,
            "percUNK": 358607.52,
            "l": 0.07158726194930984,
            "u": 0.9997910264853193
        },
        "a_7": {
            "yes": 20182,
            "no": 10269,
            "undecided": 17079,
            "unknown": 0,
            "pyes": 0.070116939933275,
            "pno": 0.001702697754334579,
            "pundecided": 0.00457425997206621,
            "punknown": 0.0,
            "time": 707.0449998378754,
            "percY": 10581018.96,
            "percN": 5383831.32,
            "percU": 8954178.12,
            "percUNK": 0.0,
            "l": 0.070116939933275,
            "u": 0.9982973022456654
        }
    },
    "data": {
        "n_samples": 52428,
        "time": 2148.5392830371857,
        "repeated_worlds": 4898,
        "repeated_progs": 23520,
        "unique_progs": 28908
    }
}