{
    "status": {
        "d_14": {
            "yes": 41385,
            "no": 0,
            "undecided": 0,
            "unknown": 6033,
            "pyes": 0.07880271910578787,
            "pno": 0.0,
            "pundecided": 0.0,
            "punknown": 0.00707992123449433,
            "time": 382.18963646888733,
            "percY": 21697327.8,
            "percN": 0.0,
            "percU": 0.0,
            "percUNK": 3162981.24,
            "l": 0.07880271910578787,
            "u": 1.0
        },
        "a_8": {
            "yes": 3997,
            "no": 349,
            "undecided": 42404,
            "unknown": 668,
            "pyes": 0.009652958375883763,
            "pno": 7.41541067555221e-08,
            "pundecided": 0.07622953652832747,
            "punknown": 7.128196430435652e-08,
            "time": 382.86871361732483,
            "percY": 2095547.16,
            "percN": 182973.72,
            "percU": 22231569.12,
            "percUNK": 350219.04,
            "l": 0.009652958375883763,
            "u": 0.9999999258458933
        },
        "a_7": {
            "yes": 4798,
            "no": 6,
            "undecided": 42477,
            "unknown": 137,
            "pyes": 0.009625446367625329,
            "pno": 1.004136386675937e-09,
            "pundecided": 0.07625705061487519,
            "punknown": 1.4235364541816284e-07,
            "time": 383.53362345695496,
            "percY": 2515495.44,
            "percN": 3145.68,
            "percU": 22269841.56,
            "percUNK": 71826.36,
            "l": 0.009625446367625329,
            "u": 0.9999999989958636
        }
    },
    "data": {
        "n_samples": 52428,
        "time": 1194.6001632213593,
        "repeated_worlds": 5010,
        "repeated_progs": 36431,
        "unique_progs": 15997
    }
}