{
    "status": {
        "d_12": {
            "yes": 29734,
            "no": 0,
            "undecided": 2235,
            "unknown": 15539,
            "pyes": 0.10008802224124137,
            "pno": 0.0,
            "pundecided": 0.0014097445831811413,
            "punknown": 0.021749766561169434,
            "time": 214.70906472206116,
            "percY": 15588941.52,
            "percN": 0.0,
            "percU": 1171765.8,
            "percUNK": 8146786.92,
            "l": 0.10008802224124137,
            "u": 1.0
        },
        "a_5": {
            "yes": 36337,
            "no": 0,
            "undecided": 11098,
            "unknown": 73,
            "pyes": 0.12314143823466278,
            "pno": 0.0,
            "pundecided": 0.00010609515092931746,
            "punknown": 0.0,
            "time": 215.06268954277039,
            "percY": 19050762.36,
            "percN": 0.0,
            "percU": 5818459.44,
            "percUNK": 38272.44,
            "l": 0.12314143823466278,
            "u": 1.0
        },
        "a_7": {
            "yes": 20077,
            "no": 15063,
            "undecided": 9727,
            "unknown": 2641,
            "pyes": 0.10607395289229195,
            "pno": 0.0036692801420289893,
            "pundecided": 4.649125202159528e-05,
            "punknown": 0.01345780909924945,
            "time": 216.8850085735321,
            "percY": 10525969.56,
            "percN": 7897229.64,
            "percU": 5099671.56,
            "percUNK": 1384623.48,
            "l": 0.10607395289229195,
            "u": 0.9963307198579711
        }
    },
    "data": {
        "n_samples": 52428,
        "time": 683.3895540237427,
        "repeated_worlds": 4920,
        "repeated_progs": 43443,
        "unique_progs": 8985
    }
}