{
    "status": {
        "~d_9": {
            "yes": 29813,
            "no": 0,
            "undecided": 14552,
            "unknown": 3288,
            "pyes": 0.42872003510590273,
            "pno": 0.0,
            "pundecided": 0.06415255771932173,
            "punknown": 0.001617318445626818,
            "time": 649.6133840084076,
            "percY": 15630359.64,
            "percN": 0.0,
            "percU": 7629322.56,
            "percUNK": 1723832.64,
            "l": 0.42872003510590273,
            "u": 1.0
        },
        "~a_5": {
            "yes": 3691,
            "no": 0,
            "undecided": 42287,
            "unknown": 1675,
            "pyes": 0.0006821918651303695,
            "pno": 0.0,
            "pundecided": 0.4938071672217652,
            "punknown": 5.521839537095608e-07,
            "time": 649.8406195640564,
            "percY": 1935117.48,
            "percN": 0.0,
            "percU": 22170228.36,
            "percUNK": 878169.0,
            "l": 0.0006821918651303695,
            "u": 1.0
        },
        "~a_8": {
            "yes": 3715,
            "no": 566,
            "undecided": 42491,
            "unknown": 881,
            "pyes": 0.0006333514803348684,
            "pno": 3.953986791780821e-05,
            "pundecided": 0.4938160827193662,
            "punknown": 9.372032313273955e-07,
            "time": 651.2451686859131,
            "percY": 1947700.2,
            "percN": 296742.48,
            "percU": 22277181.48,
            "percUNK": 461890.68,
            "l": 0.0006333514803348684,
            "u": 0.9999604601320822
        }
    },
    "data": {
        "n_samples": 52428,
        "time": 2007.2332990169525,
        "repeated_worlds": 4775,
        "repeated_progs": 25463,
        "unique_progs": 26965
    }
}