{
    "status": {
        "d_18": {
            "yes": 5915,
            "no": 0,
            "undecided": 35650,
            "unknown": 5904,
            "pyes": 0.0010245254957451065,
            "pno": 0.0,
            "pundecided": 0.08405672767173648,
            "punknown": 0.0026057094647878136,
            "time": 609.0578980445862,
            "percY": 3101116.2,
            "percN": 0.0,
            "percU": 18690582.0,
            "percUNK": 3095349.12,
            "l": 0.0010245254957451065,
            "u": 1.0
        },
        "a_7": {
            "yes": 19576,
            "no": 6533,
            "undecided": 21293,
            "unknown": 67,
            "pyes": 0.0027424992280491167,
            "pno": 0.07537735680528086,
            "pundecided": 0.009567106232980996,
            "punknown": 3.6595833069094945e-10,
            "time": 619.4373228549957,
            "percY": 10263305.28,
            "percN": 3425121.24,
            "percU": 11163494.04,
            "percUNK": 35126.76,
            "l": 0.0027424992280491167,
            "u": 0.9246226431947191
        }
    },
    "data": {
        "n_samples": 52428,
        "time": 1281.7385337352753,
        "repeated_worlds": 4959,
        "repeated_progs": 26907,
        "unique_progs": 25521
    }
}