{
    "status": {
        "d_14": {
            "yes": 41648,
            "no": 0,
            "undecided": 2935,
            "unknown": 2987,
            "pyes": 0.10276644603932826,
            "pno": 0.0,
            "pundecided": 3.2909458046880464e-06,
            "punknown": 2.008064226693168e-05,
            "time": 431.8742699623108,
            "percY": 21835213.44,
            "percN": 0.0,
            "percU": 1538761.8,
            "percUNK": 1566024.36,
            "l": 0.10276644603932826,
            "u": 1.0
        },
        "a_7": {
            "yes": 10847,
            "no": 25718,
            "undecided": 10946,
            "unknown": 59,
            "pyes": 0.009639554297254696,
            "pno": 0.07914597446498153,
            "pundecided": 0.014003782685390273,
            "punknown": 5.061797734831193e-07,
            "time": 440.9177567958832,
            "percY": 5686865.16,
            "percN": 13483433.04,
            "percU": 5738768.88,
            "percUNK": 30932.52,
            "l": 0.009639554297254696,
            "u": 0.9208540255350185
        }
    },
    "data": {
        "n_samples": 52428,
        "time": 919.87446641922,
        "repeated_worlds": 4858,
        "repeated_progs": 34252,
        "unique_progs": 18176
    }
}