{
    "status": {
        "~a_2": {
            "yes": 41500,
            "no": 0,
            "undecided": 5963,
            "unknown": 0,
            "pyes": 0.48282481136727046,
            "pno": 0.0,
            "pundecided": 3.450362063624623e-05,
            "punknown": 0.0,
            "time": 476.12159752845764,
            "percY": 21757620.0,
            "percN": 0.0,
            "percU": 3126281.64,
            "percUNK": 0.0,
            "l": 0.48282481136727046,
            "u": 1.0
        },
        "a_6": {
            "yes": 37014,
            "no": 0,
            "undecided": 8980,
            "unknown": 1469,
            "pyes": 0.48281942608231354,
            "pno": 0.0,
            "pundecided": 3.988890559334875e-05,
            "punknown": 0.0,
            "time": 477.90056681632996,
            "percY": 19405699.92,
            "percN": 0.0,
            "percU": 4708034.4,
            "percUNK": 770167.32,
            "l": 0.48281942608231354,
            "u": 1.0
        },
        "a_8": {
            "yes": 3682,
            "no": 34977,
            "undecided": 8524,
            "unknown": 280,
            "pyes": 0.0025719655300724185,
            "pno": 0.48024882548544023,
            "pundecided": 3.852397239568428e-05,
            "punknown": 0.0,
            "time": 482.4221923351288,
            "percY": 1930398.96,
            "percN": 18337741.56,
            "percU": 4468962.72,
            "percUNK": 146798.4,
            "l": 0.0025719655300724185,
            "u": 0.5197511745145598
        }
    },
    "data": {
        "n_samples": 52428,
        "time": 1483.8434612751007,
        "repeated_worlds": 4965,
        "repeated_progs": 31638,
        "unique_progs": 20790
    }
}