{
    "status": {
        "d_19": {
            "yes": 29672,
            "no": 0,
            "undecided": 2295,
            "unknown": 15518,
            "pyes": 0.0908276684092799,
            "pno": 0.0,
            "pundecided": 5.1913764434481196e-06,
            "punknown": 0.003770112540052881,
            "time": 341.05870389938354,
            "percY": 15556436.16,
            "percN": 0.0,
            "percU": 1203222.6,
            "percUNK": 8135777.04,
            "l": 0.0908276684092799,
            "u": 1.0
        },
        "a_6": {
            "yes": 4491,
            "no": 0,
            "undecided": 25113,
            "unknown": 17881,
            "pyes": 3.6402202461381354e-05,
            "pno": 0.0,
            "pundecided": 0.05704946063706032,
            "punknown": 0.03751710948625488,
            "time": 341.8255126476288,
            "percY": 2354541.48,
            "percN": 0.0,
            "percU": 13166243.64,
            "percUNK": 9374650.68,
            "l": 3.6402202461381354e-05,
            "u": 1.0
        },
        "a_7": {
            "yes": 4393,
            "no": 740,
            "undecided": 42352,
            "unknown": 0,
            "pyes": 1.503395115254142e-06,
            "pno": 3.1818136990373935e-08,
            "pundecided": 0.09460143711252399,
            "punknown": 0.0,
            "time": 342.53842186927795,
            "percY": 2303162.04,
            "percN": 387967.2,
            "percU": 22204306.56,
            "percUNK": 0.0,
            "l": 1.503395115254142e-06,
            "u": 0.999999968181863
        }
    },
    "data": {
        "n_samples": 52428,
        "time": 1068.745457649231,
        "repeated_worlds": 4943,
        "repeated_progs": 37332,
        "unique_progs": 15096
    }
}