{
    "status": {
        "d_12": {
            "yes": 29622,
            "no": 0,
            "undecided": 11156,
            "unknown": 6717,
            "pyes": 0.057312289623737064,
            "pno": 0.0,
            "pundecided": 0.002592912927324322,
            "punknown": 0.014382523080869429,
            "time": 465.25257110595703,
            "percY": 15530222.16,
            "percN": 0.0,
            "percU": 5848867.68,
            "percUNK": 3521588.76,
            "l": 0.057312289623737064,
            "u": 1.0
        },
        "~a_5": {
            "yes": 25835,
            "no": 0,
            "undecided": 21427,
            "unknown": 233,
            "pyes": 0.01259953835067247,
            "pno": 0.0,
            "pundecided": 0.06164068923839267,
            "punknown": 4.749804286575401e-05,
            "time": 466.6614582538605,
            "percY": 13544773.8,
            "percN": 0.0,
            "percU": 11233747.56,
            "percUNK": 122157.24,
            "l": 0.01259953835067247,
            "u": 1.0
        },
        "~a_7": {
            "yes": 14948,
            "no": 7675,
            "undecided": 24049,
            "unknown": 823,
            "pyes": 0.01147706193641586,
            "pno": 0.00013377769732854947,
            "pundecided": 0.055499916586351866,
            "punknown": 0.007176969411834662,
            "time": 467.68109488487244,
            "percY": 7836937.44,
            "percN": 4023849.0,
            "percU": 12608409.72,
            "percUNK": 431482.44,
            "l": 0.01147706193641586,
            "u": 0.9998662223026714
        }
    },
    "data": {
        "n_samples": 52428,
        "time": 1444.9663043022156,
        "repeated_worlds": 4933,
        "repeated_progs": 32009,
        "unique_progs": 20419
    }
}