{
    "status": {
        "a_2": {
            "yes": 41699,
            "no": 0,
            "undecided": 0,
            "unknown": 5929,
            "pyes": 0.05320962153676897,
            "pno": 0.0,
            "pundecided": 0.0,
            "punknown": 0.10991096391911605,
            "time": 343.67639350891113,
            "percY": 21861951.72,
            "percN": 0.0,
            "percU": 0.0,
            "percUNK": 3108456.12,
            "l": 0.05320962153676897,
            "u": 1.0
        },
        "a_5": {
            "yes": 3646,
            "no": 0,
            "undecided": 43277,
            "unknown": 705,
            "pyes": 0.03757071042255162,
            "pno": 0.0,
            "pundecided": 0.12554982785413613,
            "punknown": 4.717919679572116e-08,
            "time": 344.7257137298584,
            "percY": 1911524.88,
            "percN": 0.0,
            "percU": 22689265.56,
            "percUNK": 369617.4,
            "l": 0.03757071042255162,
            "u": 1.0
        },
        "~a_7": {
            "yes": 1447,
            "no": 2316,
            "undecided": 43865,
            "unknown": 0,
            "pyes": 0.001664205578911324,
            "pno": 0.035218348281774274,
            "pundecided": 0.12623803159519956,
            "punknown": 0.0,
            "time": 344.97102975845337,
            "percY": 758633.16,
            "percN": 1214232.48,
            "percU": 22997542.2,
            "percUNK": 0.0,
            "l": 0.001664205578911324,
            "u": 0.9647816517182257
        }
    },
    "data": {
        "n_samples": 52428,
        "time": 1074.3978247642517,
        "repeated_worlds": 4800,
        "repeated_progs": 37429,
        "unique_progs": 14999
    }
}