{
    "status": {
        "~d_13": {
            "yes": 41608,
            "no": 0,
            "undecided": 5783,
            "unknown": 148,
            "pyes": 0.1324470005455399,
            "pno": 0.0,
            "pundecided": 0.005188768202476468,
            "punknown": 1.2740118406003472e-09,
            "time": 451.0615961551666,
            "percY": 21814242.24,
            "percN": 0.0,
            "percU": 3031911.24,
            "percUNK": 77593.44,
            "l": 0.1324470005455399,
            "u": 1.0
        },
        "~a_5": {
            "yes": 2301,
            "no": 0,
            "undecided": 44827,
            "unknown": 411,
            "pyes": 0.0303768417218995,
            "pno": 0.0,
            "pundecided": 0.10725891527981933,
            "punknown": 1.3020309336160306e-08,
            "time": 452.61661887168884,
            "percY": 1206368.28,
            "percN": 0.0,
            "percU": 23501899.56,
            "percUNK": 215479.08,
            "l": 0.0303768417218995,
            "u": 1.0
        },
        "a_7": {
            "yes": 3942,
            "no": 1328,
            "undecided": 42130,
            "unknown": 139,
            "pyes": 0.07584718770239798,
            "pno": 0.04437743312200155,
            "pundecided": 0.017411148553952118,
            "punknown": 6.436768193632236e-10,
            "time": 452.33757495880127,
            "percY": 2066711.76,
            "percN": 696243.84,
            "percU": 22087916.4,
            "percUNK": 72874.92,
            "l": 0.07584718770239798,
            "u": 0.9556225668779984
        }
    },
    "data": {
        "n_samples": 52428,
        "time": 1401.1099224090576,
        "repeated_worlds": 4889,
        "repeated_progs": 32641,
        "unique_progs": 19787
    }
}