{
    "status": {
        "a_1": {
            "yes": 29659,
            "no": 0,
            "undecided": 0,
            "unknown": 17915,
            "pyes": 0.013016691909606259,
            "pno": 0.0,
            "pundecided": 0.0,
            "punknown": 0.43750841243099714,
            "time": 266.74537086486816,
            "percY": 15549620.52,
            "percN": 0.0,
            "percU": 0.0,
            "percUNK": 9392476.2,
            "l": 0.013016691909606259,
            "u": 1.0
        },
        "a_5": {
            "yes": 20934,
            "no": 0,
            "undecided": 22795,
            "unknown": 3845,
            "pyes": 0.012256287746581966,
            "pno": 0.0,
            "pundecided": 0.4371230115187094,
            "punknown": 0.0011458050753107441,
            "time": 267.27175736427307,
            "percY": 10975277.52,
            "percN": 0.0,
            "percU": 11950962.6,
            "percUNK": 2015856.6,
            "l": 0.012256287746581966,
            "u": 1.0
        },
        "~a_9": {
            "yes": 9601,
            "no": 14409,
            "undecided": 22948,
            "unknown": 616,
            "pyes": 0.0005771873117817863,
            "pno": 0.012563847420132663,
            "pundecided": 0.43725847562470666,
            "punknown": 0.000125593983981592,
            "time": 268.08192467689514,
            "percY": 5033612.28,
            "percN": 7554350.52,
            "percU": 12031177.44,
            "percUNK": 322956.48,
            "l": 0.0005771873117817863,
            "u": 0.9874361525798674
        }
    },
    "data": {
        "n_samples": 52428,
        "time": 838.9852457046509,
        "repeated_worlds": 4854,
        "repeated_progs": 40760,
        "unique_progs": 11668
    }
}