{
    "status": {
        "d_12": {
            "yes": 5963,
            "no": 0,
            "undecided": 36305,
            "unknown": 5143,
            "pyes": 0.0009657382283783883,
            "pno": 0.0,
            "pundecided": 0.034688794238419585,
            "punknown": 0.004325451072024467,
            "time": 372.91114830970764,
            "percY": 3126281.64,
            "percN": 0.0,
            "percU": 19033985.4,
            "percUNK": 2696372.04,
            "l": 0.0009657382283783883,
            "u": 1.0
        },
        "~a_6": {
            "yes": 3585,
            "no": 0,
            "undecided": 40783,
            "unknown": 3043,
            "pyes": 0.0033787525874586157,
            "pno": 0.0,
            "pundecided": 0.03552817558994189,
            "punknown": 0.0010730553614218185,
            "time": 373.5177221298218,
            "percY": 1879543.8,
            "percN": 0.0,
            "percU": 21381711.24,
            "percUNK": 1595384.04,
            "l": 0.0033787525874586157,
            "u": 1.0
        },
        "a_8": {
            "yes": 17309,
            "no": 18539,
            "undecided": 11381,
            "unknown": 182,
            "pyes": 0.015398818794171452,
            "pno": 0.020131163963245022,
            "pundecided": 0.004441903971197091,
            "punknown": 8.096810208638192e-06,
            "time": 377.6288514137268,
            "percY": 9074762.52,
            "percN": 9719626.92,
            "percU": 5966830.68,
            "percUNK": 95418.96,
            "l": 0.015398818794171452,
            "u": 0.979868836036755
        }
    },
    "data": {
        "n_samples": 52428,
        "time": 1166.1588048934937,
        "repeated_worlds": 5017,
        "repeated_progs": 36250,
        "unique_progs": 16178
    }
}