{
    "status": {
        "a_8": {
            "yes": 29676,
            "no": 0,
            "undecided": 10443,
            "unknown": 7389,
            "pyes": 0.045420494663338126,
            "pno": 0.0,
            "pundecided": 0.11520168471042777,
            "punknown": 0.03404068919575045,
            "time": 44.616209745407104,
            "percY": 15558533.28,
            "percN": 0.0,
            "percU": 5475056.04,
            "percUNK": 3873904.92,
            "l": 0.045420494663338126,
            "u": 1.0
        },
        "~a_9": {
            "yes": 4965,
            "no": 9677,
            "undecided": 32779,
            "unknown": 87,
            "pyes": 0.0008018102435274201,
            "pno": 0.00030454833524469667,
            "pundecided": 0.1935474108574588,
            "punknown": 9.099133285053935e-06,
            "time": 44.90052390098572,
            "percY": 2603050.2,
            "percN": 5073457.56,
            "percU": 17185374.12,
            "percUNK": 45612.36,
            "l": 0.0008018102435274201,
            "u": 0.9996954516647553
        },
        "a_9": {
            "yes": 9677,
            "no": 4965,
            "undecided": 32779,
            "unknown": 87,
            "pyes": 0.00030454833524469667,
            "pno": 0.0008018102435274201,
            "pundecided": 0.1935474108574588,
            "punknown": 9.099133285053935e-06,
            "time": 44.67491912841797,
            "percY": 5073457.56,
            "percN": 2603050.2,
            "percU": 17185374.12,
            "percUNK": 45612.36,
            "l": 0.00030454833524469667,
            "u": 0.9991981897564726
        }
    },
    "data": {
        "n_samples": 52428,
        "time": 158.6601755619049,
        "repeated_worlds": 4920,
        "repeated_progs": 50472,
        "unique_progs": 1956
    }
}