{
    "status": {
        "a_0": {
            "yes": 41560,
            "no": 0,
            "undecided": 0,
            "unknown": 5959,
            "pyes": 0.5277261673631184,
            "pno": 0.0,
            "pundecided": 0.0,
            "punknown": 0.017901811816932404,
            "time": 307.34789633750916,
            "percY": 21789076.8,
            "percN": 0.0,
            "percU": 0.0,
            "percUNK": 3124184.52,
            "l": 0.5277261673631184,
            "u": 1.0,
            "flag": "INTEREST"
        },
        "~a_5": {
            "yes": 4461,
            "no": 0,
            "undecided": 42332,
            "unknown": 726,
            "pyes": 0.0,
            "pno": 0.0,
            "pundecided": 0.5455415069706069,
            "punknown": 8.647220944369868e-05,
            "time": 307.82421922683716,
            "percY": 2338813.08,
            "percN": 0.0,
            "percU": 22193820.96,
            "percUNK": 380627.28,
            "l": 0.0,
            "u": 1.0
        },
        "a_8": {
            "yes": 2285,
            "no": 2711,
            "undecided": 42058,
            "unknown": 465,
            "pyes": 0.0,
            "pno": 0.0,
            "pundecided": 0.5450822020931785,
            "punknown": 0.000545777086871908,
            "time": 307.73757767677307,
            "percY": 1197979.8,
            "percN": 1421323.08,
            "percU": 22050168.24,
            "percUNK": 243790.2,
            "l": 0.0,
            "u": 1.0
        }
    },
    "data": {
        "n_samples": 52428,
        "time": 961.5041444301605,
        "repeated_worlds": 4909,
        "repeated_progs": 39030,
        "unique_progs": 13398
    }
}