{
    "status": {
        "~d_9": {
            "yes": 41633,
            "no": 0,
            "undecided": 5206,
            "unknown": 704,
            "pyes": 0.14262348045988732,
            "pno": 0.0,
            "pundecided": 0.0027682816055224465,
            "punknown": 4.929475457447723e-05,
            "time": 287.165150642395,
            "percY": 21827349.24,
            "percN": 0.0,
            "percU": 2729401.68,
            "percUNK": 369093.12,
            "l": 0.14262348045988732,
            "u": 1.0
        },
        "a_7": {
            "yes": 4033,
            "no": 1049,
            "undecided": 42392,
            "unknown": 69,
            "pyes": 0.0006696983860408941,
            "pno": 1.4155260679777497e-05,
            "pundecided": 0.14170610075554602,
            "punknown": 0.0030511024177183608,
            "time": 289.1070432662964,
            "percY": 2114421.24,
            "percN": 549969.72,
            "percU": 22225277.76,
            "percUNK": 36175.32,
            "l": 0.0006696983860408941,
            "u": 0.9999858447393202
        }
    },
    "data": {
        "n_samples": 52428,
        "time": 612.9129781723022,
        "repeated_worlds": 4885,
        "repeated_progs": 40086,
        "unique_progs": 12342
    }
}