{
    "status": {
        "~d_11": {
            "yes": 29567,
            "no": 0,
            "undecided": 13268,
            "unknown": 4529,
            "pyes": 0.4645706638714811,
            "pno": 0.0,
            "pundecided": 0.000307373421413877,
            "punknown": 0.0004510213486733963,
            "time": 259.6852617263794,
            "percY": 15501386.76,
            "percN": 0.0,
            "percU": 6956147.04,
            "percUNK": 2374464.12,
            "l": 0.4645706638714811,
            "u": 1.0
        },
        "~a_8": {
            "yes": 17149,
            "no": 6622,
            "undecided": 23366,
            "unknown": 227,
            "pyes": 0.013637534036205178,
            "pno": 0.4474520562842838,
            "pundecided": 0.004239077592847666,
            "punknown": 3.907282349584985e-07,
            "time": 262.09681391716003,
            "percY": 8990877.72,
            "percN": 3471782.16,
            "percU": 12250326.48,
            "percUNK": 119011.56,
            "l": 0.013637534036205178,
            "u": 0.5525479437157161
        },
        "a_8": {
            "yes": 6622,
            "no": 17149,
            "undecided": 23366,
            "unknown": 227,
            "pyes": 0.4474520562842838,
            "pno": 0.013637534036205178,
            "pundecided": 0.004239077592847666,
            "punknown": 3.907282349584985e-07,
            "time": 262.25444531440735,
            "percY": 3471782.16,
            "percN": 8990877.72,
            "percU": 12250326.48,
            "percUNK": 119011.56,
            "l": 0.4474520562842838,
            "u": 0.9863624659637948
        }
    },
    "data": {
        "n_samples": 52428,
        "time": 830.2734160423279,
        "repeated_worlds": 5064,
        "repeated_progs": 44593,
        "unique_progs": 7835
    }
}