{
    "status": {
        "a_4": {
            "yes": 29514,
            "no": 0,
            "undecided": 0,
            "unknown": 17977,
            "pyes": 0.14160217478210302,
            "pno": 0.0,
            "pundecided": 0.0,
            "punknown": 0.006355982819573426,
            "time": 178.32380056381226,
            "percY": 15473599.92,
            "percN": 0.0,
            "percU": 0.0,
            "percUNK": 9424981.56,
            "l": 0.14160217478210302,
            "u": 1.0
        },
        "a_7": {
            "yes": 3508,
            "no": 0,
            "undecided": 26018,
            "unknown": 17965,
            "pyes": 0.03635451664834081,
            "pno": 0.0,
            "pundecided": 0.004912502102232405,
            "punknown": 0.10669113885110444,
            "time": 178.02643370628357,
            "percY": 1839174.24,
            "percN": 0.0,
            "percU": 13640717.04,
            "percUNK": 9418690.2,
            "l": 0.03635451664834081,
            "u": 1.0
        },
        "~a_8": {
            "yes": 3833,
            "no": 20127,
            "undecided": 22019,
            "unknown": 1512,
            "pyes": 0.08454491990366324,
            "pno": 0.04402117468580796,
            "pundecided": 0.019221571475151283,
            "punknown": 0.00017049153705503414,
            "time": 178.6144096851349,
            "percY": 2009565.24,
            "percN": 10552183.56,
            "percU": 11544121.32,
            "percUNK": 792711.36,
            "l": 0.08454491990366324,
            "u": 0.9559788253141921
        }
    },
    "data": {
        "n_samples": 52428,
        "time": 570.8423433303833,
        "repeated_worlds": 4937,
        "repeated_progs": 47055,
        "unique_progs": 5373
    }
}