{
    "status": {
        "~d_16": {
            "yes": 29624,
            "no": 0,
            "undecided": 16476,
            "unknown": 1465,
            "pyes": 0.030813403323831142,
            "pno": 0.0,
            "pundecided": 0.16052838520978246,
            "punknown": 0.00041816635611678887,
            "time": 690.678957939148,
            "percY": 15531270.72,
            "percN": 0.0,
            "percU": 8638037.28,
            "percUNK": 768070.2,
            "l": 0.030813403323831142,
            "u": 1.0
        },
        "a_5": {
            "yes": 5230,
            "no": 0,
            "undecided": 26779,
            "unknown": 15556,
            "pyes": 0.14366858296896126,
            "pno": 0.0,
            "pundecided": 0.029660731424103526,
            "punknown": 0.01843064049666609,
            "time": 688.9257278442383,
            "percY": 2741984.4,
            "percN": 0.0,
            "percU": 14039694.12,
            "percUNK": 8155699.68,
            "l": 0.14366858296896126,
            "u": 1.0
        },
        "~a_7": {
            "yes": 11740,
            "no": 21684,
            "undecided": 13871,
            "unknown": 270,
            "pyes": 0.0002998969445633863,
            "pno": 0.18809803660791552,
            "pundecided": 0.0033573904092624863,
            "punknown": 4.630927987914865e-06,
            "time": 703.63978099823,
            "percY": 6155047.2,
            "percN": 11368487.52,
            "percU": 7272287.88,
            "percUNK": 141555.6,
            "l": 0.0002998969445633863,
            "u": 0.8119019633920845
        }
    },
    "data": {
        "n_samples": 52428,
        "time": 2143.0893743038177,
        "repeated_worlds": 4863,
        "repeated_progs": 31875,
        "unique_progs": 20553
    }
}