{
    "status": {
        "d_14": {
            "yes": 29783,
            "no": 0,
            "undecided": 10951,
            "unknown": 6620,
            "pyes": 0.0037077738826631766,
            "pno": 0.0,
            "pundecided": 0.013220113466662402,
            "punknown": 0.03172874673372129,
            "time": 466.17281699180603,
            "percY": 15614631.24,
            "percN": 0.0,
            "percU": 5741390.28,
            "percUNK": 3470733.6,
            "l": 0.0037077738826631766,
            "u": 1.0
        },
        "a_5": {
            "yes": 26611,
            "no": 0,
            "undecided": 19352,
            "unknown": 1391,
            "pyes": 0.03822725174226014,
            "pno": 0.0,
            "pundecided": 0.010253311400376674,
            "punknown": 0.00017607094040966216,
            "time": 464.1374831199646,
            "percY": 13951615.08,
            "percN": 0.0,
            "percU": 10145866.56,
            "percUNK": 729273.48,
            "l": 0.03822725174226014,
            "u": 1.0
        },
        "~a_8": {
            "yes": 10461,
            "no": 16680,
            "undecided": 17928,
            "unknown": 2285,
            "pyes": 0.026790169487949114,
            "pno": 0.011425358022683055,
            "pundecided": 0.007915536944914448,
            "punknown": 0.0025255696275000754,
            "time": 466.94577717781067,
            "percY": 5484493.08,
            "percN": 8744990.4,
            "percU": 9399291.84,
            "percUNK": 1197979.8,
            "l": 0.026790169487949114,
            "u": 0.9885746419773169
        }
    },
    "data": {
        "n_samples": 52428,
        "time": 1449.9822554588318,
        "repeated_worlds": 5074,
        "repeated_progs": 38566,
        "unique_progs": 13862
    }
}