{
    "status": {
        "~d_15": {
            "yes": 29566,
            "no": 0,
            "undecided": 13487,
            "unknown": 4466,
            "pyes": 0.06667284890203048,
            "pno": 0.0,
            "pundecided": 0.027176970029835105,
            "punknown": 0.00011344317225328834,
            "time": 522.6591818332672,
            "percY": 15500862.48,
            "percN": 0.0,
            "percU": 7070964.36,
            "percUNK": 2341434.48,
            "l": 0.06667284890203048,
            "u": 1.0
        },
        "a_7": {
            "yes": 1507,
            "no": 747,
            "undecided": 44867,
            "unknown": 398,
            "pyes": 0.00013601537496378546,
            "pno": 3.7396391375338313e-07,
            "pundecided": 0.09382683538704911,
            "punknown": 3.737819216933244e-08,
            "time": 520.2225477695465,
            "percY": 790089.96,
            "percN": 391637.16,
            "percU": 23522870.76,
            "percUNK": 208663.44,
            "l": 0.00013601537496378546,
            "u": 0.9999996260360863
        },
        "~a_8": {
            "yes": 812,
            "no": 2629,
            "undecided": 43121,
            "unknown": 957,
            "pyes": 2.91346021945517e-05,
            "pno": 3.972896437090741e-05,
            "pundecided": 0.09388090568934646,
            "punknown": 1.3492848206852414e-05,
            "time": 522.3385696411133,
            "percY": 425715.36,
            "percN": 1378332.12,
            "percU": 22607477.88,
            "percUNK": 501735.96,
            "l": 2.91346021945517e-05,
            "u": 0.9999602710356291
        }
    },
    "data": {
        "n_samples": 52428,
        "time": 1618.444097995758,
        "repeated_worlds": 4909,
        "repeated_progs": 36843,
        "unique_progs": 15585
    }
}