{
    "status": {
        "d_18": {
            "yes": 5899,
            "no": 0,
            "undecided": 5283,
            "unknown": 36368,
            "pyes": 0.0009225564214752934,
            "pno": 0.0,
            "pundecided": 0.029136200876989992,
            "punknown": 0.1283907009979918,
            "time": 475.5404667854309,
            "percY": 3092727.72,
            "percN": 0.0,
            "percU": 2769771.24,
            "percUNK": 19067015.04,
            "l": 0.0009225564214752934,
            "u": 1.0
        },
        "~a_7": {
            "yes": 1014,
            "no": 2889,
            "undecided": 43027,
            "unknown": 620,
            "pyes": 2.4402560396626985e-08,
            "pno": 1.5698145241668686e-05,
            "pundecided": 0.15842593059391358,
            "punknown": 7.805154741175744e-06,
            "time": 474.2248513698578,
            "percY": 531619.92,
            "percN": 1514644.92,
            "percU": 22558195.56,
            "percUNK": 325053.6,
            "l": 2.4402560396626985e-08,
            "u": 0.9999843018547583
        }
    },
    "data": {
        "n_samples": 52428,
        "time": 1003.4200654029846,
        "repeated_worlds": 4878,
        "repeated_progs": 38358,
        "unique_progs": 14070
    }
}