{
    "status": {
        "~d_14": {
            "yes": 29705,
            "no": 0,
            "undecided": 11173,
            "unknown": 6640,
            "pyes": 0.004054809214269249,
            "pno": 0.0,
            "pundecided": 0.030204084537076317,
            "punknown": 0.40083145033356693,
            "time": 876.6877908706665,
            "percY": 15573737.4,
            "percN": 0.0,
            "percU": 5857780.44,
            "percUNK": 3481219.2,
            "l": 0.004054809214269249,
            "u": 1.0
        },
        "a_5": {
            "yes": 23013,
            "no": 0,
            "undecided": 24074,
            "unknown": 431,
            "pyes": 0.010993303952501182,
            "pno": 0.0,
            "pundecided": 0.4240854193935322,
            "punknown": 1.162073888025967e-05,
            "time": 877.032999753952,
            "percY": 12065255.64,
            "percN": 0.0,
            "percU": 12621516.72,
            "percUNK": 225964.68,
            "l": 0.010993303952501182,
            "u": 1.0
        },
        "a_7": {
            "yes": 19876,
            "no": 9221,
            "undecided": 18363,
            "unknown": 58,
            "pyes": 0.0027476799863527896,
            "pno": 0.003000233225901675,
            "pundecided": 0.4293424269494996,
            "punknown": 3.9231597490422186e-09,
            "time": 891.8084950447083,
            "percY": 10420589.28,
            "percN": 4834385.88,
            "percU": 9627353.64,
            "percUNK": 30408.24,
            "l": 0.0027476799863527896,
            "u": 0.9969997667740983
        }
    },
    "data": {
        "n_samples": 52428,
        "time": 2711.0976815223694,
        "repeated_worlds": 4910,
        "repeated_progs": 26435,
        "unique_progs": 25993
    }
}