{
    "status": {
        "~d_64": {
            "yes": 2560,
            "no": 0,
            "undecided": 960,
            "unknown": 576,
            "pyes": 0.9564755001238461,
            "pno": 0.0,
            "pundecided": 0.04171248802010906,
            "punknown": 0.0018120118560445383,
            "time": 129.95090627670288,
            "percY": 104857.6,
            "percN": 0.0,
            "percU": 39321.6,
            "percUNK": 23592.96,
            "l": 0.9564755001238461,
            "u": 1.0,
            "flag": "INTEREST"
        },
        "a_13": {
            "yes": 280,
            "no": 0,
            "undecided": 3800,
            "unknown": 16,
            "pyes": 0.00467184330217428,
            "pno": 0.0,
            "pundecided": 0.9913231716892715,
            "punknown": 0.004004985008553984,
            "time": 130.0980565547943,
            "percY": 11468.8,
            "percN": 0.0,
            "percU": 155648.0,
            "percUNK": 655.36,
            "l": 0.00467184330217428,
            "u": 1.0
        },
        "a_14": {
            "yes": 516,
            "no": 1900,
            "undecided": 1664,
            "unknown": 16,
            "pyes": 0.002689536235624119,
            "pno": 0.897499657415992,
            "pundecided": 0.09980876135180577,
            "punknown": 2.044996578127872e-06,
            "time": 133.27174472808838,
            "percY": 21135.36,
            "percN": 77824.0,
            "percU": 68157.44,
            "percUNK": 655.36,
            "l": 0.002689536235624119,
            "u": 0.10250034258400798,
            "flag": "INTEREST"
        }
    },
    "data": {
        "n_samples": 4096,
        "time": 405.22111773490906,
        "repeated_worlds": 0,
        "repeated_progs": 0,
        "unique_progs": 4096
    }
}