{
    "status": {
        "a_4": {
            "yes": 2560,
            "no": 0,
            "undecided": 1528,
            "unknown": 8,
            "pyes": 0.02833066628239994,
            "pno": 0.0,
            "pundecided": 0.9715895207352105,
            "punknown": 7.981298239068001e-05,
            "time": 137.10824370384216,
            "percY": 104857.6,
            "percN": 0.0,
            "percU": 62586.88,
            "percUNK": 327.68,
            "l": 0.02833066628239994,
            "u": 1.0
        },
        "~a_11": {
            "yes": 448,
            "no": 0,
            "undecided": 3647,
            "unknown": 1,
            "pyes": 0.015709692903599984,
            "pno": 0.0,
            "pundecided": 0.9842868256399,
            "punknown": 3.481456501908e-06,
            "time": 137.19789457321167,
            "percY": 18350.08,
            "percN": 0.0,
            "percU": 149381.12,
            "percUNK": 40.96,
            "l": 0.015709692903599984,
            "u": 1.0
        },
        "a_16": {
            "yes": 60,
            "no": 203,
            "undecided": 3833,
            "unknown": 0,
            "pyes": 2.665143491768755e-06,
            "pno": 0.00013705329367777238,
            "pundecided": 0.9998602815628325,
            "punknown": 0.0,
            "time": 138.00944924354553,
            "percY": 2457.6,
            "percN": 8314.88,
            "percU": 156999.68,
            "percUNK": 0.0,
            "l": 2.665143491768755e-06,
            "u": 0.9998629467063223
        }
    },
    "data": {
        "n_samples": 4096,
        "time": 423.76732325553894,
        "repeated_worlds": 0,
        "repeated_progs": 0,
        "unique_progs": 4096
    }
}