{
    "status": {
        "~d_32": {
            "yes": 512,
            "no": 0,
            "undecided": 2048,
            "unknown": 1536,
            "pyes": 0.0011282308916899838,
            "pno": 0.0,
            "pundecided": 0.958180357756824,
            "punknown": 0.040691411351486115,
            "time": 120.3436074256897,
            "percY": 20971.52,
            "percN": 0.0,
            "percU": 83886.08,
            "percUNK": 62914.56,
            "l": 0.0011282308916899838,
            "u": 1.0
        },
        "a_12": {
            "yes": 128,
            "no": 0,
            "undecided": 3880,
            "unknown": 88,
            "pyes": 5.258879999999998e-06,
            "pno": 0.0,
            "pundecided": 0.9999944678135637,
            "punknown": 2.733064365312e-07,
            "time": 119.37855267524719,
            "percY": 5242.88,
            "percN": 0.0,
            "percU": 158924.8,
            "percUNK": 3604.48,
            "l": 5.258879999999998e-06,
            "u": 1.0
        },
        "a_14": {
            "yes": 1460,
            "no": 18,
            "undecided": 2614,
            "unknown": 4,
            "pyes": 0.8547486509734971,
            "pno": 1.5162229247616e-09,
            "pundecided": 0.14525134751027946,
            "punknown": 0.0,
            "time": 121.00740432739258,
            "percY": 59801.6,
            "percN": 737.28,
            "percU": 107069.44,
            "percUNK": 163.84,
            "l": 0.8547486509734971,
            "u": 0.9999999984837771,
            "flag": "INTEREST"
        }
    },
    "data": {
        "n_samples": 4096,
        "time": 372.368301153183,
        "repeated_worlds": 0,
        "repeated_progs": 0,
        "unique_progs": 4096
    }
}