{
    "status": {
        "d_29": {
            "yes": 3584,
            "no": 0,
            "undecided": 256,
            "unknown": 256,
            "pyes": 0.9053695612000019,
            "pno": 0.0,
            "pundecided": 0.08641348853811838,
            "punknown": 0.008216950261881602,
            "time": 118.50456047058105,
            "percY": 146800.64,
            "percN": 0.0,
            "percU": 10485.76,
            "percUNK": 10485.76,
            "l": 0.9053695612000019,
            "u": 1.0,
            "flag": "INTEREST"
        },
        "a_11": {
            "yes": 0,
            "no": 0,
            "undecided": 3648,
            "unknown": 448,
            "pyes": 0.0,
            "pno": 0.0,
            "pundecided": 0.9995393539845727,
            "punknown": 0.0004606460154288001,
            "time": 118.03446674346924,
            "percY": 0.0,
            "percN": 0.0,
            "percU": 149422.08,
            "percUNK": 18350.08,
            "l": 0.0,
            "u": 1.0
        },
        "a_14": {
            "yes": 0,
            "no": 398,
            "undecided": 3696,
            "unknown": 2,
            "pyes": 0.0,
            "pno": 0.052788486693454914,
            "pundecided": 0.9472115115986106,
            "punknown": 1.7079356601216008e-09,
            "time": 119.63781714439392,
            "percY": 0.0,
            "percN": 16302.08,
            "percU": 151388.16,
            "percUNK": 81.92,
            "l": 0.0,
            "u": 0.9472115133065451
        }
    },
    "data": {
        "n_samples": 4096,
        "time": 368.20157384872437,
        "repeated_worlds": 0,
        "repeated_progs": 1,
        "unique_progs": 4095
    }
}