{
    "status": {
        "~d_22": {
            "yes": 512,
            "no": 0,
            "undecided": 3008,
            "unknown": 576,
            "pyes": 0.06204595199265177,
            "pno": 0.0,
            "pundecided": 0.9301649718976338,
            "punknown": 0.00778907610971451,
            "time": 117.36616635322571,
            "percY": 20971.52,
            "percN": 0.0,
            "percU": 123207.68,
            "percUNK": 23592.96,
            "l": 0.06204595199265177,
            "u": 1.0
        },
        "a_15": {
            "yes": 1060,
            "no": 118,
            "undecided": 2918,
            "unknown": 0,
            "pyes": 0.7549540471326938,
            "pno": 9.193788505567255e-05,
            "pundecided": 0.2449540149822506,
            "punknown": 0.0,
            "time": 121.40088319778442,
            "percY": 43417.6,
            "percN": 4833.28,
            "percU": 119521.28,
            "percUNK": 0.0,
            "l": 0.7549540471326938,
            "u": 0.9999080621149443,
            "flag": "INTEREST"
        },
        "a_17": {
            "yes": 662,
            "no": 551,
            "undecided": 2883,
            "unknown": 0,
            "pyes": 0.03225975834358653,
            "pno": 0.07148920678095683,
            "pundecided": 0.8962510348754561,
            "punknown": 0.0,
            "time": 123.47180366516113,
            "percY": 27115.52,
            "percN": 22568.96,
            "percU": 118087.68,
            "percUNK": 0.0,
            "l": 0.03225975834358653,
            "u": 0.9285107932190432
        }
    },
    "data": {
        "n_samples": 4096,
        "time": 373.7232458591461,
        "repeated_worlds": 0,
        "repeated_progs": 1,
        "unique_progs": 4095
    }
}