{
    "status": {
        "d_45": {
            "yes": 2560,
            "no": 0,
            "undecided": 1144,
            "unknown": 392,
            "pyes": 0.9843008598604813,
            "pno": 0.0,
            "pundecided": 0.011226877696577802,
            "punknown": 0.004472262442942197,
            "time": 117.31318163871765,
            "percY": 104857.6,
            "percN": 0.0,
            "percU": 46858.24,
            "percUNK": 16056.32,
            "l": 0.9843008598604813,
            "u": 1.0,
            "flag": "INTEREST"
        },
        "~a_16": {
            "yes": 2735,
            "no": 659,
            "undecided": 702,
            "unknown": 0,
            "pyes": 0.9600092510693812,
            "pno": 0.03553239258746327,
            "pundecided": 0.004458356343155612,
            "punknown": 0.0,
            "time": 126.09238719940186,
            "percY": 112025.6,
            "percN": 26992.64,
            "percU": 28753.92,
            "percUNK": 0.0,
            "l": 0.9600092510693812,
            "u": 0.9644676074125367,
            "flag": "INTEREST"
        },
        "~a_15": {
            "yes": 1027,
            "no": 311,
            "undecided": 2758,
            "unknown": 0,
            "pyes": 0.7711667339526451,
            "pno": 0.025845228753314957,
            "pundecided": 0.20298803729404044,
            "punknown": 0.0,
            "time": 125.04767394065857,
            "percY": 42065.92,
            "percN": 12738.56,
            "percU": 112967.68,
            "percUNK": 0.0,
            "l": 0.7711667339526451,
            "u": 0.974154771246685,
            "flag": "INTEREST"
        }
    },
    "data": {
        "n_samples": 4096,
        "time": 381.3546211719513,
        "repeated_worlds": 0,
        "repeated_progs": 0,
        "unique_progs": 4096
    }
}