{
    "status": {
        "~d_21": {
            "yes": 2560,
            "no": 0,
            "undecided": 1152,
            "unknown": 384,
            "pyes": 0.25054458219151315,
            "pno": 0.0,
            "pundecided": 0.7062161716090769,
            "punknown": 0.04323924619941016,
            "time": 94.003586769104,
            "percY": 104857.6,
            "percN": 0.0,
            "percU": 47185.92,
            "percUNK": 15728.64,
            "l": 0.25054458219151315,
            "u": 1.0
        },
        "a_10": {
            "yes": 240,
            "no": 0,
            "undecided": 272,
            "unknown": 3584,
            "pyes": 0.07682602576739989,
            "pno": 0.0,
            "pundecided": 0.0015577342325999999,
            "punknown": 0.9216162400000002,
            "time": 94.07152938842773,
            "percY": 9830.4,
            "percN": 0.0,
            "percU": 11141.12,
            "percUNK": 146800.64,
            "l": 0.07682602576739989,
            "u": 1.0
        },
        "a_15": {
            "yes": 1290,
            "no": 968,
            "undecided": 1838,
            "unknown": 0,
            "pyes": 0.14092750948673582,
            "pno": 0.8268656055153366,
            "pundecided": 0.032206884997927954,
            "punknown": 0.0,
            "time": 97.56477165222168,
            "percY": 52838.4,
            "percN": 39649.28,
            "percU": 75284.48,
            "percUNK": 0.0,
            "l": 0.14092750948673582,
            "u": 0.1731343944846634,
            "flag": "INTEREST"
        }
    },
    "data": {
        "n_samples": 4096,
        "time": 296.0007483959198,
        "repeated_worlds": 0,
        "repeated_progs": 16,
        "unique_progs": 4080
    }
}