{
    "status": {
        "d_49": {
            "yes": 2560,
            "no": 0,
            "undecided": 128,
            "unknown": 1408,
            "pyes": 0.12129912267586172,
            "pno": 0.0,
            "pundecided": 0.004327649372403301,
            "punknown": 0.8743732279517338,
            "time": 87.0371425151825,
            "percY": 104857.6,
            "percN": 0.0,
            "percU": 5242.88,
            "percUNK": 57671.68,
            "l": 0.12129912267586172,
            "u": 1.0
        },
        "a_13": {
            "yes": 512,
            "no": 0,
            "undecided": 2048,
            "unknown": 1536,
            "pyes": 0.0015039999999999988,
            "pno": 0.0,
            "pundecided": 0.9423194769525219,
            "punknown": 0.05617652304747542,
            "time": 86.66575717926025,
            "percY": 20971.52,
            "percN": 0.0,
            "percU": 83886.08,
            "percUNK": 62914.56,
            "l": 0.0015039999999999988,
            "u": 1.0
        },
        "a_15": {
            "yes": 1436,
            "no": 457,
            "undecided": 2203,
            "unknown": 0,
            "pyes": 0.043385422595956326,
            "pno": 0.0038874784542973066,
            "pundecided": 0.9527270989497445,
            "punknown": 0.0,
            "time": 89.25357913970947,
            "percY": 58818.56,
            "percN": 18718.72,
            "percU": 90234.88,
            "percUNK": 0.0,
            "l": 0.043385422595956326,
            "u": 0.9961125215457027
        }
    },
    "data": {
        "n_samples": 4096,
        "time": 270.1561574935913,
        "repeated_worlds": 0,
        "repeated_progs": 11,
        "unique_progs": 4085
    }
}