{
    "status": {
        "d_29": {
            "yes": 2560,
            "no": 0,
            "undecided": 1536,
            "unknown": 0,
            "pyes": 0.9500399999999973,
            "pno": 0.0,
            "pundecided": 0.049960000000000004,
            "punknown": 0.0,
            "time": 137.17868328094482,
            "percY": 104857.6,
            "percN": 0.0,
            "percU": 62914.56,
            "percUNK": 0.0,
            "l": 0.9500399999999973,
            "u": 1.0,
            "flag": "INTEREST"
        },
        "a_15": {
            "yes": 186,
            "no": 1130,
            "undecided": 2779,
            "unknown": 1,
            "pyes": 0.00018003431550444484,
            "pno": 0.2961226484372482,
            "pundecided": 0.7035501649542153,
            "punknown": 0.0001471522930311168,
            "time": 143.48718285560608,
            "percY": 7618.56,
            "percN": 46284.8,
            "percU": 113827.84,
            "percUNK": 40.96,
            "l": 0.00018003431550444484,
            "u": 0.7038773515627518
        }
    },
    "data": {
        "n_samples": 4096,
        "time": 436.9990530014038,
        "repeated_worlds": 0,
        "repeated_progs": 0,
        "unique_progs": 4096
    }
}