{
    "status": {
        "a_6": {
            "yes": 3584,
            "no": 0,
            "undecided": 0,
            "unknown": 512,
            "pyes": 0.9277568056000001,
            "pno": 0.0,
            "pundecided": 0.0,
            "punknown": 0.0722431944,
            "time": 87.79305720329285,
            "percY": 146800.64,
            "percN": 0.0,
            "percU": 0.0,
            "percUNK": 20971.52,
            "l": 0.9277568056000001,
            "u": 1.0,
            "flag": "INTEREST"
        },
        "a_15": {
            "yes": 182,
            "no": 66,
            "undecided": 3840,
            "unknown": 8,
            "pyes": 0.008501768596656724,
            "pno": 0.0025508618931126977,
            "pundecided": 0.988946619942206,
            "punknown": 7.495680245760001e-07,
            "time": 87.66919922828674,
            "percY": 7454.72,
            "percN": 2703.36,
            "percU": 157286.4,
            "percUNK": 327.68,
            "l": 0.008501768596656724,
            "u": 0.9974491381068873
        },
        "~a_18": {
            "yes": 189,
            "no": 339,
            "undecided": 3560,
            "unknown": 8,
            "pyes": 0.006456977175675272,
            "pno": 0.06363000738581073,
            "pundecided": 0.9298966433619912,
            "punknown": 1.6372076522780163e-05,
            "time": 88.52739906311035,
            "percY": 7741.44,
            "percN": 13885.44,
            "percU": 145817.6,
            "percUNK": 327.68,
            "l": 0.006456977175675272,
            "u": 0.9363699926141893
        }
    },
    "data": {
        "n_samples": 4096,
        "time": 271.7305507659912,
        "repeated_worlds": 0,
        "repeated_progs": 0,
        "unique_progs": 4096
    }
}