{
    "status": {
        "~d_34": {
            "yes": 2560,
            "no": 0,
            "undecided": 960,
            "unknown": 576,
            "pyes": 0.94685142379,
            "pno": 0.0,
            "pundecided": 0.049650719775978715,
            "punknown": 0.0034978564340212535,
            "time": 86.90814185142517,
            "percY": 104857.6,
            "percN": 0.0,
            "percU": 39321.6,
            "percUNK": 23592.96,
            "l": 0.94685142379,
            "u": 1.0,
            "flag": "INTEREST"
        },
        "~a_14": {
            "yes": 1490,
            "no": 864,
            "undecided": 1742,
            "unknown": 0,
            "pyes": 0.07349400855171774,
            "pno": 0.08350729569373021,
            "pundecided": 0.8429986957545518,
            "punknown": 0.0,
            "time": 87.42218065261841,
            "percY": 61030.4,
            "percN": 35389.44,
            "percU": 71352.32,
            "percUNK": 0.0,
            "l": 0.07349400855171774,
            "u": 0.9164927043062698
        },
        "~a_17": {
            "yes": 131,
            "no": 946,
            "undecided": 3019,
            "unknown": 0,
            "pyes": 3.4108525703524995e-05,
            "pno": 0.07010833697514339,
            "pundecided": 0.9298575544991546,
            "punknown": 0.0,
            "time": 87.83256101608276,
            "percY": 5365.76,
            "percN": 38748.16,
            "percU": 123658.24,
            "percUNK": 0.0,
            "l": 3.4108525703524995e-05,
            "u": 0.9298916630248566
        }
    },
    "data": {
        "n_samples": 4096,
        "time": 269.18677854537964,
        "repeated_worlds": 0,
        "repeated_progs": 0,
        "unique_progs": 4096
    }
}