{
    "status": {
        "a_6": {
            "yes": 3584,
            "no": 0,
            "undecided": 448,
            "unknown": 64,
            "pyes": 0.9989848253045398,
            "pno": 0.0,
            "pundecided": 0.0010150512631915136,
            "punknown": 1.2343226832719997e-07,
            "time": 87.05292820930481,
            "percY": 146800.64,
            "percN": 0.0,
            "percU": 18350.08,
            "percUNK": 2621.44,
            "l": 0.9989848253045398,
            "u": 1.0,
            "flag": "INTEREST"
        },
        "a_13": {
            "yes": 336,
            "no": 0,
            "undecided": 176,
            "unknown": 3584,
            "pyes": 0.004629688967499359,
            "pno": 0.0,
            "pundecided": 6.369928370064003e-05,
            "punknown": 0.9953066117488004,
            "time": 86.52588105201721,
            "percY": 13762.56,
            "percN": 0.0,
            "percU": 7208.96,
            "percUNK": 146800.64,
            "l": 0.004629688967499359,
            "u": 1.0
        },
        "~a_15": {
            "yes": 510,
            "no": 1836,
            "undecided": 1720,
            "unknown": 30,
            "pyes": 0.0003937832783937035,
            "pno": 0.8385358289216992,
            "pundecided": 0.1610113135487364,
            "punknown": 5.907425117102207e-05,
            "time": 89.29415988922119,
            "percY": 20889.6,
            "percN": 75202.56,
            "percU": 70451.2,
            "percUNK": 1228.8,
            "l": 0.0003937832783937035,
            "u": 0.1614641710783008,
            "flag": "INTEREST"
        }
    },
    "data": {
        "n_samples": 4096,
        "time": 269.4132146835327,
        "repeated_worlds": 0,
        "repeated_progs": 5,
        "unique_progs": 4091
    }
}