{
    "status": {
        "d_42": {
            "yes": 2560,
            "no": 0,
            "undecided": 832,
            "unknown": 704,
            "pyes": 0.9933694430000012,
            "pno": 0.0,
            "pundecided": 0.0004641389899999999,
            "punknown": 0.006166418009999993,
            "time": 135.57552313804626,
            "percY": 104857.6,
            "percN": 0.0,
            "percU": 34078.72,
            "percUNK": 28835.84,
            "l": 0.9933694430000012,
            "u": 1.0,
            "flag": "INTEREST"
        },
        "a_12": {
            "yes": 2304,
            "no": 0,
            "undecided": 1280,
            "unknown": 512,
            "pyes": 0.9154000000000003,
            "pno": 0.0,
            "pundecided": 0.0,
            "punknown": 0.08460000000000001,
            "time": 135.1936707496643,
            "percY": 94371.84,
            "percN": 0.0,
            "percU": 52428.8,
            "percUNK": 20971.52,
            "l": 0.9154000000000003,
            "u": 1.0,
            "flag": "INTEREST"
        },
        "~a_17": {
            "yes": 216,
            "no": 216,
            "undecided": 3640,
            "unknown": 24,
            "pyes": 0.0,
            "pno": 0.0,
            "pundecided": 1.0000000000000007,
            "punknown": 0.0,
            "time": 137.50374698638916,
            "percY": 8847.36,
            "percN": 8847.36,
            "percU": 149094.4,
            "percUNK": 983.04,
            "l": 0.0,
            "u": 1.0
        }
    },
    "data": {
        "n_samples": 4096,
        "time": 419.544061422348,
        "repeated_worlds": 0,
        "repeated_progs": 3,
        "unique_progs": 4093
    }
}