{
    "status": {
        "a_6": {
            "yes": 2560,
            "no": 0,
            "undecided": 0,
            "unknown": 1536,
            "pyes": 0.0689100497920002,
            "pno": 0.0,
            "pundecided": 0.0,
            "punknown": 0.9310899502080001,
            "time": 134.6572232246399,
            "percY": 104857.6,
            "percN": 0.0,
            "percU": 0.0,
            "percUNK": 62914.56,
            "l": 0.0689100497920002,
            "u": 1.0
        },
        "a_17": {
            "yes": 358,
            "no": 1496,
            "undecided": 2242,
            "unknown": 0,
            "pyes": 7.9019170269946e-06,
            "pno": 0.004199802500600906,
            "pundecided": 0.9957922955823725,
            "punknown": 0.0,
            "time": 144.79370951652527,
            "percY": 14663.68,
            "percN": 61276.16,
            "percU": 91832.32,
            "percUNK": 0.0,
            "l": 7.9019170269946e-06,
            "u": 0.9958001974993991
        },
        "~a_16": {
            "yes": 1802,
            "no": 1233,
            "undecided": 1061,
            "unknown": 0,
            "pyes": 0.019832625312832117,
            "pno": 0.22699159426197446,
            "pundecided": 0.753175780425193,
            "punknown": 0.0,
            "time": 140.81575298309326,
            "percY": 73809.92,
            "percN": 50503.68,
            "percU": 43458.56,
            "percUNK": 0.0,
            "l": 0.019832625312832117,
            "u": 0.7730084057380255
        }
    },
    "data": {
        "n_samples": 4096,
        "time": 431.5064160823822,
        "repeated_worlds": 0,
        "repeated_progs": 0,
        "unique_progs": 4096
    }
}