{
    "status": {
        "a_4": {
            "yes": 512,
            "no": 0,
            "undecided": 3584,
            "unknown": 0,
            "pyes": 0.0007663199999999994,
            "pno": 0.0,
            "pundecided": 0.9992336800000005,
            "punknown": 0.0,
            "time": 134.08070611953735,
            "percY": 20971.52,
            "percN": 0.0,
            "percU": 146800.64,
            "percUNK": 0.0,
            "l": 0.0007663199999999994,
            "u": 1.0
        },
        "a_17": {
            "yes": 498,
            "no": 6,
            "undecided": 3592,
            "unknown": 0,
            "pyes": 0.00020703210911910452,
            "pno": 1.1565779644512e-06,
            "pundecided": 0.9997918113129168,
            "punknown": 0.0,
            "time": 134.33806896209717,
            "percY": 20398.08,
            "percN": 245.76,
            "percU": 147128.32,
            "percUNK": 0.0,
            "l": 0.00020703210911910452,
            "u": 0.9999988434220356
        },
        "~a_14": {
            "yes": 0,
            "no": 506,
            "undecided": 3586,
            "unknown": 4,
            "pyes": 0.0,
            "pno": 0.017155194155498956,
            "pundecided": 0.9827114436727411,
            "punknown": 0.00013336217175962414,
            "time": 138.89964532852173,
            "percY": 0.0,
            "percN": 20725.76,
            "percU": 146882.56,
            "percUNK": 163.84,
            "l": 0.0,
            "u": 0.9828448058445011
        }
    },
    "data": {
        "n_samples": 4096,
        "time": 420.5647404193878,
        "repeated_worlds": 0,
        "repeated_progs": 0,
        "unique_progs": 4096
    }
}