{
    "status": {
        "a_4": {
            "yes": 2560,
            "no": 0,
            "undecided": 1504,
            "unknown": 32,
            "pyes": 0.9805025156133467,
            "pno": 0.0,
            "pundecided": 0.019495461764859397,
            "punknown": 2.0226217925997724e-06,
            "time": 131.16657948493958,
            "percY": 104857.6,
            "percN": 0.0,
            "percU": 61603.84,
            "percUNK": 1310.72,
            "l": 0.9805025156133467,
            "u": 1.0,
            "flag": "INTEREST"
        },
        "a_12": {
            "yes": 1400,
            "no": 0,
            "undecided": 2680,
            "unknown": 16,
            "pyes": 0.8890060262102762,
            "pno": 0.0,
            "pundecided": 0.11099389013467797,
            "punknown": 8.3655045091584e-08,
            "time": 130.9703185558319,
            "percY": 57344.0,
            "percN": 0.0,
            "percU": 109772.8,
            "percUNK": 655.36,
            "l": 0.8890060262102762,
            "u": 1.0,
            "flag": "INTEREST"
        },
        "a_18": {
            "yes": 672,
            "no": 964,
            "undecided": 2448,
            "unknown": 12,
            "pyes": 0.007525094298648944,
            "pno": 0.03289674597065502,
            "pundecided": 0.9595751961861745,
            "punknown": 2.9635445210112e-06,
            "time": 138.96504139900208,
            "percY": 27525.12,
            "percN": 39485.44,
            "percU": 100270.08,
            "percUNK": 491.52,
            "l": 0.007525094298648944,
            "u": 0.9671032540293449
        }
    },
    "data": {
        "n_samples": 4096,
        "time": 411.3329231739044,
        "repeated_worlds": 0,
        "repeated_progs": 8,
        "unique_progs": 4088
    }
}