{
    "status": {
        "d_20": {
            "yes": 2560,
            "no": 0,
            "undecided": 960,
            "unknown": 576,
            "pyes": 0.13218231075807976,
            "pno": 0.0,
            "pundecided": 0.07465440565283216,
            "punknown": 0.793163283589088,
            "time": 136.185941696167,
            "percY": 104857.6,
            "percN": 0.0,
            "percU": 39321.6,
            "percUNK": 23592.96,
            "l": 0.13218231075807976,
            "u": 1.0
        },
        "a_10": {
            "yes": 254,
            "no": 0,
            "undecided": 3770,
            "unknown": 72,
            "pyes": 0.0005662985851225593,
            "pno": 0.0,
            "pundecided": 0.9978642908323558,
            "punknown": 0.0015694105825221115,
            "time": 136.22492671012878,
            "percY": 10403.84,
            "percN": 0.0,
            "percU": 154419.2,
            "percUNK": 2949.12,
            "l": 0.0005662985851225593,
            "u": 1.0
        },
        "a_16": {
            "yes": 325,
            "no": 18,
            "undecided": 3741,
            "unknown": 12,
            "pyes": 0.0005630586026660335,
            "pno": 1.5251035503580804e-06,
            "pundecided": 0.9981672129444484,
            "punknown": 0.00126820334933568,
            "time": 137.54395151138306,
            "percY": 13312.0,
            "percN": 737.28,
            "percU": 153231.36,
            "percUNK": 491.52,
            "l": 0.0005630586026660335,
            "u": 0.9999984748964497
        }
    },
    "data": {
        "n_samples": 4096,
        "time": 422.1030418872833,
        "repeated_worlds": 0,
        "repeated_progs": 0,
        "unique_progs": 4096
    }
}