{
    "status": {
        "d_37": {
            "yes": 3584,
            "no": 0,
            "undecided": 384,
            "unknown": 128,
            "pyes": 0.99941738055595,
            "pno": 0.0,
            "pundecided": 0.0005770262973871197,
            "punknown": 5.5931466628799986e-06,
            "time": 134.32203578948975,
            "percY": 146800.64,
            "percN": 0.0,
            "percU": 15728.64,
            "percUNK": 5242.88,
            "l": 0.99941738055595,
            "u": 1.0,
            "flag": "INTEREST"
        },
        "a_18": {
            "yes": 120,
            "no": 8,
            "undecided": 3966,
            "unknown": 2,
            "pyes": 1.38937339183104e-07,
            "pno": 1.286315954896896e-06,
            "pundecided": 0.9999985747395309,
            "punknown": 7.175037542399999e-12,
            "time": 137.01337146759033,
            "percY": 4915.2,
            "percN": 327.68,
            "percU": 162447.36,
            "percUNK": 81.92,
            "l": 1.38937339183104e-07,
            "u": 0.9999987136840451
        }
    },
    "data": {
        "n_samples": 4096,
        "time": 420.46885228157043,
        "repeated_worlds": 0,
        "repeated_progs": 0,
        "unique_progs": 4096
    }
}