{
    "status": {
        "d_24": {
            "yes": 512,
            "no": 0,
            "undecided": 2240,
            "unknown": 1344,
            "pyes": 0.06302735999999999,
            "pno": 0.0,
            "pundecided": 0.7862453948943349,
            "punknown": 0.15072724510566451,
            "time": 89.22328543663025,
            "percY": 20971.52,
            "percN": 0.0,
            "percU": 91750.4,
            "percUNK": 55050.24,
            "l": 0.06302735999999999,
            "u": 1.0
        },
        "a_14": {
            "yes": 2463,
            "no": 314,
            "undecided": 1319,
            "unknown": 0,
            "pyes": 0.9777626013223054,
            "pno": 0.01210521581732912,
            "pundecided": 0.010132182860364934,
            "punknown": 0.0,
            "time": 91.20483565330505,
            "percY": 100884.48,
            "percN": 12861.44,
            "percU": 54026.24,
            "percUNK": 0.0,
            "l": 0.9777626013223054,
            "u": 0.9878947841826708,
            "flag": "INTEREST"
        },
        "~a_17": {
            "yes": 945,
            "no": 1465,
            "undecided": 1674,
            "unknown": 12,
            "pyes": 0.8409812887127016,
            "pno": 0.05756164899622757,
            "pundecided": 0.10145605434012345,
            "punknown": 1.007950946317056e-06,
            "time": 96.60409903526306,
            "percY": 38707.2,
            "percN": 60006.4,
            "percU": 68567.04,
            "percUNK": 491.52,
            "l": 0.8409812887127016,
            "u": 0.9424383510037724,
            "flag": "INTEREST"
        }
    },
    "data": {
        "n_samples": 4096,
        "time": 284.50229716300964,
        "repeated_worlds": 0,
        "repeated_progs": 36,
        "unique_progs": 4060
    }
}