{
    "status": {
        "d_53": {
            "yes": 3584,
            "no": 0,
            "undecided": 64,
            "unknown": 448,
            "pyes": 0.9970555281131732,
            "pno": 0.0,
            "pundecided": 7.382703409480796e-08,
            "punknown": 0.0029443980597896003,
            "time": 135.77926921844482,
            "percY": 146800.64,
            "percN": 0.0,
            "percU": 2621.44,
            "percUNK": 18350.08,
            "l": 0.9970555281131732,
            "u": 1.0,
            "flag": "INTEREST"
        },
        "a_10": {
            "yes": 512,
            "no": 0,
            "undecided": 3072,
            "unknown": 512,
            "pyes": 0.0005620855134953023,
            "pno": 0.0,
            "pundecided": 0.9984679144865037,
            "punknown": 0.0009699999999999994,
            "time": 135.58494758605957,
            "percY": 20971.52,
            "percN": 0.0,
            "percU": 125829.12,
            "percUNK": 20971.52,
            "l": 0.0005620855134953023,
            "u": 1.0
        },
        "a_17": {
            "yes": 360,
            "no": 12,
            "undecided": 3724,
            "unknown": 0,
            "pyes": 0.879977576931364,
            "pno": 2.2484415542102506e-06,
            "pundecided": 0.12002017462708169,
            "punknown": 0.0,
            "time": 137.89304852485657,
            "percY": 14745.6,
            "percN": 491.52,
            "percU": 152535.04,
            "percUNK": 0.0,
            "l": 0.879977576931364,
            "u": 0.9999977515584458,
            "flag": "INTEREST"
        }
    },
    "data": {
        "n_samples": 4096,
        "time": 422.04407811164856,
        "repeated_worlds": 0,
        "repeated_progs": 2,
        "unique_progs": 4094
    }
}