{
    "status": {
        "d_39": {
            "yes": 2560,
            "no": 0,
            "undecided": 0,
            "unknown": 1536,
            "pyes": 0.996283742000002,
            "pno": 0.0,
            "pundecided": 0.0,
            "punknown": 0.0037162579999999988,
            "time": 134.57764315605164,
            "percY": 104857.6,
            "percN": 0.0,
            "percU": 0.0,
            "percUNK": 62914.56,
            "l": 0.996283742000002,
            "u": 1.0,
            "flag": "INTEREST"
        },
        "a_13": {
            "yes": 2304,
            "no": 0,
            "undecided": 1280,
            "unknown": 512,
            "pyes": 0.27344031787932793,
            "pno": 0.0,
            "pundecided": 0.7121556399930741,
            "punknown": 0.014404042127596805,
            "time": 135.0560703277588,
            "percY": 94371.84,
            "percN": 0.0,
            "percU": 52428.8,
            "percUNK": 20971.52,
            "l": 0.27344031787932793,
            "u": 1.0
        },
        "~a_14": {
            "yes": 784,
            "no": 314,
            "undecided": 2930,
            "unknown": 68,
            "pyes": 0.011203369779681862,
            "pno": 0.1478873086071099,
            "pundecided": 0.8407496539494373,
            "punknown": 0.00015966766376971202,
            "time": 137.09843039512634,
            "percY": 32112.64,
            "percN": 12861.44,
            "percU": 120012.8,
            "percUNK": 2785.28,
            "l": 0.011203369779681862,
            "u": 0.85211269139289
        }
    },
    "data": {
        "n_samples": 4096,
        "time": 416.1234276294708,
        "repeated_worlds": 0,
        "repeated_progs": 13,
        "unique_progs": 4083
    }
}