{
    "status": {
        "a_0": {
            "yes": 10,
            "no": 0,
            "undecided": 0,
            "unknown": 0,
            "pyes": 0.0010344425017423684,
            "pno": 0.0,
            "pundecided": 0.0,
            "punknown": 0.0,
            "time": 0.23250341415405273,
            "percY": 0.5,
            "percN": 0.0,
            "percU": 0.0,
            "percUNK": 0.0,
            "l": 0.0010344425017423684,
            "u": 1.0
        },
        "a_6": {
            "yes": 2,
            "no": 0,
            "undecided": 8,
            "unknown": 0,
            "pyes": 0.0002825119255989025,
            "pno": 0.0,
            "pundecided": 0.0007519305761434659,
            "punknown": 0.0,
            "time": 0.22986173629760742,
            "percY": 0.1,
            "percN": 0.0,
            "percU": 0.4,
            "percUNK": 0.0,
            "l": 0.0002825119255989025,
            "u": 1.0
        },
        "a_7": {
            "yes": 2,
            "no": 0,
            "undecided": 8,
            "unknown": 0,
            "pyes": 0.0002825119255989025,
            "pno": 0.0,
            "pundecided": 0.0007519305761434659,
            "punknown": 0.0,
            "time": 0.22358942031860352,
            "percY": 0.1,
            "percN": 0.0,
            "percU": 0.4,
            "percUNK": 0.0,
            "l": 0.0002825119255989025,
            "u": 1.0
        }
    },
    "data": {
        "n_samples": 5,
        "time": 0.39878296852111816,
        "repeated_programs": 0,
        "inconsistent_programs": 0,
        "worlds_consulted": 42
    }
}