{
    "status": {
        "a_3": {
            "yes": 7,
            "no": 0,
            "undecided": 0,
            "unknown": 4,
            "pyes": 0.00018254299462041598,
            "pno": 0.0,
            "pundecided": 0.0,
            "punknown": 0.0,
            "time": 0.23012971878051758,
            "percY": 0.63,
            "percN": 0.0,
            "percU": 0.0,
            "percUNK": 0.36,
            "l": 0.00018254299462041598,
            "u": 1.0
        },
        "a_8": {
            "yes": 0,
            "no": 0,
            "undecided": 11,
            "unknown": 0,
            "pyes": 0.0,
            "pno": 0.0,
            "pundecided": 0.00018254299462041598,
            "punknown": 0.0,
            "time": 0.22750163078308105,
            "percY": 0.0,
            "percN": 0.0,
            "percU": 0.99,
            "percUNK": 0.0,
            "l": 0.0,
            "u": 1.0
        }
    },
    "data": {
        "n_samples": 9,
        "time": 0.41599535942077637,
        "repeated_programs": 0,
        "inconsistent_programs": 7,
        "worlds_consulted": 12
    }
}