{
    "status": {
        "~a_3": {
            "yes": 14,
            "no": 0,
            "undecided": 0,
            "unknown": 0,
            "pyes": 0.0328970726277928,
            "pno": 0.0,
            "pundecided": 0.0,
            "punknown": 0.0,
            "time": 0.2965531349182129,
            "percY": 0.98,
            "percN": 0.0,
            "percU": 0.0,
            "percUNK": 0.0,
            "l": 0.0328970726277928,
            "u": 1.0
        },
        "~a_6": {
            "yes": 0,
            "no": 0,
            "undecided": 14,
            "unknown": 0,
            "pyes": 0.0,
            "pno": 0.0,
            "pundecided": 0.0328970726277928,
            "punknown": 0.0,
            "time": 0.28622961044311523,
            "percY": 0.0,
            "percN": 0.0,
            "percU": 0.98,
            "percUNK": 0.0,
            "l": 0.0,
            "u": 1.0
        },
        "a_7": {
            "yes": 0,
            "no": 0,
            "undecided": 14,
            "unknown": 0,
            "pyes": 0.0,
            "pno": 0.0,
            "pundecided": 0.0328970726277928,
            "punknown": 0.0,
            "time": 0.287839412689209,
            "percY": 0.0,
            "percN": 0.0,
            "percU": 0.98,
            "percUNK": 0.0,
            "l": 0.0,
            "u": 1.0
        }
    },
    "data": {
        "n_samples": 7,
        "time": 0.4975459575653076,
        "repeated_programs": 0,
        "inconsistent_programs": 0,
        "worlds_consulted": 74
    }
}