{
    "status": {
        "~a_1": {
            "yes": 24,
            "no": 0,
            "undecided": 0,
            "unknown": 14,
            "pyes": 0.001546522983198771,
            "pno": 0.0,
            "pundecided": 0.0,
            "punknown": 2.133059637391872e-05,
            "time": 0.7986655235290527,
            "percY": 4.56,
            "percN": 0.0,
            "percU": 0.0,
            "percUNK": 2.66,
            "l": 0.001546522983198771,
            "u": 1.0
        },
        "a_8": {
            "yes": 12,
            "no": 14,
            "undecided": 12,
            "unknown": 0,
            "pyes": 0.0015651326821866083,
            "pno": 0.0,
            "pundecided": 2.7208973860812797e-06,
            "punknown": 0.0,
            "time": 0.7934684753417969,
            "percY": 2.28,
            "percN": 2.66,
            "percU": 2.28,
            "percUNK": 0.0,
            "l": 0.0015651326821866083,
            "u": 1.0
        },
        "a_9": {
            "yes": 24,
            "no": 12,
            "undecided": 2,
            "unknown": 0,
            "pyes": 2.405149376e-05,
            "pno": 0.0015438020858126898,
            "pundecided": 0.0,
            "punknown": 0.0,
            "time": 0.8152399063110352,
            "percY": 4.56,
            "percN": 2.28,
            "percU": 0.38,
            "percUNK": 0.0,
            "l": 2.405149376e-05,
            "u": 0.9984561979141873
        }
    },
    "data": {
        "n_samples": 19,
        "time": 1.4458849430084229,
        "repeated_programs": 0,
        "inconsistent_programs": 0,
        "worlds_consulted": 232
    }
}