{
    "status": {
        "d_16": {
            "yes": 10,
            "no": 0,
            "undecided": 6,
            "unknown": 0,
            "pyes": 1.4449141917917996e-05,
            "pno": 0.0,
            "pundecided": 0.0004890951836448059,
            "punknown": 0.0,
            "time": 0.3337368965148926,
            "percY": 0.8,
            "percN": 0.0,
            "percU": 0.48,
            "percUNK": 0.0,
            "l": 1.4449141917917996e-05,
            "u": 1.0
        },
        "~a_9": {
            "yes": 12,
            "no": 2,
            "undecided": 2,
            "unknown": 0,
            "pyes": 0.000489646942746726,
            "pno": 1.1014612747182e-05,
            "pundecided": 2.8827700688159998e-06,
            "punknown": 0.0,
            "time": 0.34978342056274414,
            "percY": 0.96,
            "percN": 0.16,
            "percU": 0.16,
            "percUNK": 0.0,
            "l": 0.000489646942746726,
            "u": 0.9999889853872528
        },
        "a_7": {
            "yes": 0,
            "no": 16,
            "undecided": 0,
            "unknown": 0,
            "pyes": 0.0,
            "pno": 0.0005035443255627239,
            "pundecided": 0.0,
            "punknown": 0.0,
            "time": 0.3427424430847168,
            "percY": 0.0,
            "percN": 1.28,
            "percU": 0.0,
            "percUNK": 0.0,
            "l": 0.0,
            "u": 0.9994964556744372
        }
    },
    "data": {
        "n_samples": 8,
        "time": 0.5714001655578613,
        "repeated_programs": 0,
        "inconsistent_programs": 0,
        "worlds_consulted": 78
    }
}