{
    "status": {
        "a_4": {
            "yes": 24,
            "no": 0,
            "undecided": 0,
            "unknown": 0,
            "pyes": 1.6568471307385353,
            "pno": 0.0,
            "pundecided": 0.0,
            "punknown": 0.0,
            "time": 0.47754526138305664,
            "percY": 2.88,
            "percN": 0.0,
            "percU": 0.0,
            "percUNK": 0.0,
            "l": 1.6568471307385353,
            "u": 1.0,
            "flag": "INTEREST"
        },
        "a_7": {
            "yes": 24,
            "no": 0,
            "undecided": 0,
            "unknown": 0,
            "pyes": 1.6568471307385353,
            "pno": 0.0,
            "pundecided": 0.0,
            "punknown": 0.0,
            "time": 0.4987373352050781,
            "percY": 2.88,
            "percN": 0.0,
            "percU": 0.0,
            "percUNK": 0.0,
            "l": 1.6568471307385353,
            "u": 1.0,
            "flag": "INTEREST"
        }
    },
    "data": {
        "n_samples": 12,
        "time": 0.6131691932678223,
        "repeated_programs": 0,
        "inconsistent_programs": 0,
        "worlds_consulted": 281
    }
}