{
    "status": {
        "a_2": {
            "yes": 10,
            "no": 0,
            "undecided": 0,
            "unknown": 10,
            "pyes": 0.0007497323032331863,
            "pno": 0.0,
            "pundecided": 0.0,
            "punknown": 0.0017114181116461723,
            "time": 0.4548921585083008,
            "percY": 1.0,
            "percN": 0.0,
            "percU": 0.0,
            "percUNK": 1.0,
            "l": 0.0007497323032331863,
            "u": 1.0
        },
        "a_5": {
            "yes": 6,
            "no": 0,
            "undecided": 0,
            "unknown": 14,
            "pyes": 0.0007171520114778729,
            "pno": 0.0,
            "pundecided": 0.0,
            "punknown": 0.001743998403401486,
            "time": 0.45710086822509766,
            "percY": 0.6,
            "percN": 0.0,
            "percU": 0.0,
            "percUNK": 1.4,
            "l": 0.0007171520114778729,
            "u": 1.0
        },
        "a_9": {
            "yes": 0,
            "no": 20,
            "undecided": 0,
            "unknown": 0,
            "pyes": 0.0,
            "pno": 0.002461150414879358,
            "pundecided": 0.0,
            "punknown": 0.0,
            "time": 0.46605587005615234,
            "percY": 0.0,
            "percN": 2.0,
            "percU": 0.0,
            "percUNK": 0.0,
            "l": 0.0,
            "u": 0.9975388495851206
        }
    },
    "data": {
        "n_samples": 10,
        "time": 0.7812066078186035,
        "repeated_programs": 0,
        "inconsistent_programs": 0,
        "worlds_consulted": 66
    }
}