{
    "status": {
        "d_19": {
            "yes": 41,
            "no": 0,
            "undecided": 12,
            "unknown": 0,
            "pyes": 0.0493106061283502,
            "pno": 0.0,
            "pundecided": 0.0,
            "punknown": 0.0,
            "time": 1.1697430610656738,
            "percY": 13.12,
            "percN": 0.0,
            "percU": 3.84,
            "percUNK": 0.0,
            "l": 0.0493106061283502,
            "u": 1.0
        },
        "~a_8": {
            "yes": 30,
            "no": 18,
            "undecided": 5,
            "unknown": 0,
            "pyes": 0.0,
            "pno": 0.01986635101982969,
            "pundecided": 0.0294442551085205,
            "punknown": 0.0,
            "time": 1.2002439498901367,
            "percY": 9.6,
            "percN": 5.76,
            "percU": 1.6,
            "percUNK": 0.0,
            "l": 0.0,
            "u": 0.9801336489801703
        },
        "a_7": {
            "yes": 15,
            "no": 38,
            "undecided": 0,
            "unknown": 0,
            "pyes": 0.0,
            "pno": 0.0493106061283502,
            "pundecided": 0.0,
            "punknown": 0.0,
            "time": 1.2832188606262207,
            "percY": 4.8,
            "percN": 12.16,
            "percU": 0.0,
            "percUNK": 0.0,
            "l": 0.0,
            "u": 0.9506893938716499
        }
    },
    "data": {
        "n_samples": 32,
        "time": 2.4859554767608643,
        "repeated_programs": 0,
        "inconsistent_programs": 11,
        "worlds_consulted": 150
    }
}