{
    "status": {
        "a_4": {
            "yes": 8,
            "no": 0,
            "undecided": 0,
            "unknown": 0,
            "pyes": 0.004574665871999999,
            "pno": 0.0,
            "pundecided": 0.0,
            "punknown": 0.0,
            "time": 0.16975879669189453,
            "percY": 0.32,
            "percN": 0.0,
            "percU": 0.0,
            "percUNK": 0.0,
            "l": 0.004574665871999999,
            "u": 1.0
        },
        "a_6": {
            "yes": 6,
            "no": 0,
            "undecided": 0,
            "unknown": 2,
            "pyes": 0.0,
            "pno": 0.0,
            "pundecided": 0.0,
            "punknown": 0.004574665871999999,
            "time": 0.16502857208251953,
            "percY": 0.24,
            "percN": 0.0,
            "percU": 0.0,
            "percUNK": 0.08,
            "l": 0.0,
            "u": 1.0
        },
        "a_7": {
            "yes": 4,
            "no": 2,
            "undecided": 2,
            "unknown": 0,
            "pyes": 0.0,
            "pno": 0.0,
            "pundecided": 0.004574665871999999,
            "punknown": 0.0,
            "time": 0.16540002822875977,
            "percY": 0.16,
            "percN": 0.08,
            "percU": 0.08,
            "percUNK": 0.0,
            "l": 0.0,
            "u": 1.0
        }
    },
    "data": {
        "n_samples": 4,
        "time": 0.28452157974243164,
        "repeated_programs": 0,
        "inconsistent_programs": 0,
        "worlds_consulted": 42
    }
}