{
    "status": {
        "d_18": {
            "yes": 18,
            "no": 0,
            "undecided": 0,
            "unknown": 0,
            "pyes": 0.00015249789247650999,
            "pno": 0.0,
            "pundecided": 0.0,
            "punknown": 0.0,
            "time": 0.3791065216064453,
            "percY": 1.8,
            "percN": 0.0,
            "percU": 0.0,
            "percUNK": 0.0,
            "l": 0.00015249789247650999,
            "u": 1.0
        },
        "a_6": {
            "yes": 12,
            "no": 0,
            "undecided": 6,
            "unknown": 0,
            "pyes": 0.00015249350916048487,
            "pno": 0.0,
            "pundecided": 4.3833160251360006e-09,
            "punknown": 0.0,
            "time": 0.3715214729309082,
            "percY": 1.2,
            "percN": 0.0,
            "percU": 0.6,
            "percUNK": 0.0,
            "l": 0.00015249350916048487,
            "u": 1.0
        },
        "a_8": {
            "yes": 8,
            "no": 2,
            "undecided": 8,
            "unknown": 0,
            "pyes": 0.00015249350916048487,
            "pno": 0.0,
            "pundecided": 4.3833160251360006e-09,
            "punknown": 0.0,
            "time": 0.38649559020996094,
            "percY": 0.8,
            "percN": 0.2,
            "percU": 0.8,
            "percUNK": 0.0,
            "l": 0.00015249350916048487,
            "u": 1.0
        }
    },
    "data": {
        "n_samples": 10,
        "time": 0.6142129898071289,
        "repeated_programs": 1,
        "inconsistent_programs": 0,
        "worlds_consulted": 12
    }
}