{
    "status": {
        "a_3": {
            "yes": 28,
            "no": 0,
            "undecided": 0,
            "unknown": 0,
            "pyes": 0.009642941188392411,
            "pno": 0.0,
            "pundecided": 0.0,
            "punknown": 0.0,
            "time": 0.6044058799743652,
            "percY": 3.92,
            "percN": 0.0,
            "percU": 0.0,
            "percUNK": 0.0,
            "l": 0.009642941188392411,
            "u": 1.0
        },
        "a_5": {
            "yes": 28,
            "no": 0,
            "undecided": 0,
            "unknown": 0,
            "pyes": 0.009642941188392411,
            "pno": 0.0,
            "pundecided": 0.0,
            "punknown": 0.0,
            "time": 0.5946884155273438,
            "percY": 3.92,
            "percN": 0.0,
            "percU": 0.0,
            "percUNK": 0.0,
            "l": 0.009642941188392411,
            "u": 1.0
        },
        "a_8": {
            "yes": 28,
            "no": 0,
            "undecided": 0,
            "unknown": 0,
            "pyes": 0.009642941188392411,
            "pno": 0.0,
            "pundecided": 0.0,
            "punknown": 0.0,
            "time": 0.5894699096679688,
            "percY": 3.92,
            "percN": 0.0,
            "percU": 0.0,
            "percUNK": 0.0,
            "l": 0.009642941188392411,
            "u": 1.0
        }
    },
    "data": {
        "n_samples": 14,
        "time": 1.0260050296783447,
        "repeated_programs": 0,
        "inconsistent_programs": 0,
        "worlds_consulted": 57
    }
}