{
    "status": {
        "d_17": {
            "yes": 13,
            "no": 0,
            "undecided": 8,
            "unknown": 0,
            "pyes": 0.0138403075535283,
            "pno": 0.0,
            "pundecided": 0.000715428490361328,
            "punknown": 0.0,
            "time": 0.4502441883087158,
            "percY": 1.69,
            "percN": 0.0,
            "percU": 1.04,
            "percUNK": 0.0,
            "l": 0.0138403075535283,
            "u": 1.0
        },
        "a_8": {
            "yes": 21,
            "no": 0,
            "undecided": 0,
            "unknown": 0,
            "pyes": 0.014555736043889628,
            "pno": 0.0,
            "pundecided": 0.0,
            "punknown": 0.0,
            "time": 0.45980286598205566,
            "percY": 2.73,
            "percN": 0.0,
            "percU": 0.0,
            "percUNK": 0.0,
            "l": 0.014555736043889628,
            "u": 1.0
        },
        "~a_7": {
            "yes": 6,
            "no": 12,
            "undecided": 3,
            "unknown": 0,
            "pyes": 0.0005252114325276,
            "pno": 0.010860232042302482,
            "pundecided": 0.0031702925690595433,
            "punknown": 0.0,
            "time": 0.4452953338623047,
            "percY": 0.78,
            "percN": 1.56,
            "percU": 0.39,
            "percUNK": 0.0,
            "l": 0.0005252114325276,
            "u": 0.9891397679576975
        }
    },
    "data": {
        "n_samples": 13,
        "time": 0.8702330589294434,
        "repeated_programs": 1,
        "inconsistent_programs": 3,
        "worlds_consulted": 123
    }
}