{
    "status": {
        "d_11": {
            "yes": 10,
            "no": 0,
            "undecided": 0,
            "unknown": 0,
            "pyes": 6.637538915279998e-08,
            "pno": 0.0,
            "pundecided": 0.0,
            "punknown": 0.0,
            "time": 0.2082509994506836,
            "percY": 0.9,
            "percN": 0.0,
            "percU": 0.0,
            "percUNK": 0.0,
            "l": 6.637538915279998e-08,
            "u": 1.0
        },
        "~a_7": {
            "yes": 1,
            "no": 0,
            "undecided": 9,
            "unknown": 0,
            "pyes": 0.0,
            "pno": 0.0,
            "pundecided": 6.637538915279998e-08,
            "punknown": 0.0,
            "time": 0.20862412452697754,
            "percY": 0.09,
            "percN": 0.0,
            "percU": 0.81,
            "percUNK": 0.0,
            "l": 0.0,
            "u": 1.0
        },
        "a_9": {
            "yes": 0,
            "no": 10,
            "undecided": 0,
            "unknown": 0,
            "pyes": 0.0,
            "pno": 6.637538915279998e-08,
            "pundecided": 0.0,
            "punknown": 0.0,
            "time": 0.2133479118347168,
            "percY": 0.0,
            "percN": 0.9,
            "percU": 0.0,
            "percUNK": 0.0,
            "l": 0.0,
            "u": 0.9999999336246108
        }
    },
    "data": {
        "n_samples": 9,
        "time": 0.6113429069519043,
        "repeated_programs": 0,
        "inconsistent_programs": 8,
        "worlds_consulted": 4
    }
}