{
    "status": {
        "d_13": {
            "yes": 5680,
            "no": 0,
            "undecided": 812,
            "unknown": 144,
            "pyes": 0.2675524313916539,
            "pno": 0.0,
            "pundecided": 0.16275195122580657,
            "punknown": 6.654783663877054e-05,
            "time": 218.78428173065186,
            "percY": 207888.0,
            "percN": 0.0,
            "percU": 29719.2,
            "percUNK": 5270.4,
            "l": 0.2675524313916539,
            "u": 1.0
        },
        "a_6": {
            "yes": 662,
            "no": 0,
            "undecided": 4882,
            "unknown": 1092,
            "pyes": 0.00030713226971810896,
            "pno": 0.0,
            "pundecided": 0.10989216455170363,
            "punknown": 0.32017163363267687,
            "time": 219.2128710746765,
            "percY": 24229.2,
            "percN": 0.0,
            "percU": 178681.2,
            "percUNK": 39967.2,
            "l": 0.00030713226971810896,
            "u": 1.0
        },
        "a_8": {
            "yes": 328,
            "no": 90,
            "undecided": 6218,
            "unknown": 0,
            "pyes": 0.00026878084359819394,
            "pno": 4.023610455235785e-08,
            "pundecided": 0.4301021093743951,
            "punknown": 0.0,
            "time": 221.96309900283813,
            "percY": 12004.8,
            "percN": 3294.0,
            "percU": 227578.8,
            "percUNK": 0.0,
            "l": 0.00026878084359819394,
            "u": 0.9999999597638954
        }
    },
    "data": {
        "n_samples": 3660,
        "time": 804.010491847992,
        "repeated_programs": 342,
        "inconsistent_programs": 0,
        "worlds_consulted": 47583
    }
}