{
    "status": {
        "~d_12": {
            "yes": 169,
            "no": 0,
            "undecided": 735,
            "unknown": 0,
            "pyes": 0.06912346223015572,
            "pno": 0.0,
            "pundecided": 0.8963328489894099,
            "punknown": 0.0,
            "time": 2.504530906677246,
            "percY": 22150.83,
            "percN": 0.0,
            "percU": 96336.45,
            "percUNK": 0.0,
            "l": 0.06912346223015572,
            "u": 1.0
        },
        "a_6": {
            "yes": 115,
            "no": 0,
            "undecided": 789,
            "unknown": 0,
            "pyes": 0.03953892909780373,
            "pno": 0.0,
            "pundecided": 0.9259173821217617,
            "punknown": 0.0,
            "time": 2.5455334186553955,
            "percY": 15073.05,
            "percN": 0.0,
            "percU": 103414.23,
            "percUNK": 0.0,
            "l": 0.03953892909780373,
            "u": 1.0
        },
        "a_7": {
            "yes": 522,
            "no": 329,
            "undecided": 53,
            "unknown": 0,
            "pyes": 0.8078595035271148,
            "pno": 0.15245304337192414,
            "pundecided": 0.005143764320526578,
            "punknown": 0.0,
            "time": 2.547337770462036,
            "percY": 68418.54,
            "percN": 43122.03,
            "percU": 6946.71,
            "percUNK": 0.0,
            "l": 0.8078595035271148,
            "u": 0.8475469566280759,
            "flag": "INTEREST"
        }
    },
    "data": {
        "n_samples": 13107,
        "time": 8.072472333908081,
        "repeated_worlds": 12203,
        "repeated_progs": 13012,
        "unique_progs": 95
    }
}