{
    "status": {
        "~d_18": {
            "yes": 449,
            "no": 0,
            "undecided": 388,
            "unknown": 0,
            "pyes": 0.7388122869048177,
            "pno": 0.0,
            "pundecided": 0.2304166111822274,
            "punknown": 0.0,
            "time": 2.7791507244110107,
            "percY": 58850.43,
            "percN": 0.0,
            "percU": 50855.16,
            "percUNK": 0.0,
            "l": 0.7388122869048177,
            "u": 1.0,
            "flag": "INTEREST"
        },
        "a_7": {
            "yes": 94,
            "no": 63,
            "undecided": 680,
            "unknown": 0,
            "pyes": 0.04660368832207526,
            "pno": 0.034450594225751835,
            "pundecided": 0.8881746155392185,
            "punknown": 0.0,
            "time": 2.8532001972198486,
            "percY": 12320.58,
            "percN": 8257.41,
            "percU": 89127.6,
            "percUNK": 0.0,
            "l": 0.04660368832207526,
            "u": 0.9655494057742482
        },
        "~a_7": {
            "yes": 63,
            "no": 94,
            "undecided": 680,
            "unknown": 0,
            "pyes": 0.034450594225751835,
            "pno": 0.04660368832207526,
            "pundecided": 0.8881746155392185,
            "punknown": 0.0,
            "time": 2.860128879547119,
            "percY": 8257.41,
            "percN": 12320.58,
            "percU": 89127.6,
            "percUNK": 0.0,
            "l": 0.034450594225751835,
            "u": 0.9533963116779247
        }
    },
    "data": {
        "n_samples": 13107,
        "time": 8.93580412864685,
        "repeated_worlds": 12270,
        "repeated_progs": 12999,
        "unique_progs": 108
    }
}