{
    "status": {
        "a_2": {
            "yes": 28,
            "no": 0,
            "undecided": 0,
            "unknown": 461,
            "pyes": 0.006892545306768962,
            "pno": 0.0,
            "pundecided": 0.0,
            "punknown": 0.9741622444892946,
            "time": 2.2678756713867188,
            "percY": 3669.96,
            "percN": 0.0,
            "percU": 0.0,
            "percUNK": 60423.27,
            "l": 0.006892545306768962,
            "u": 1.0
        },
        "a_8": {
            "yes": 36,
            "no": 453,
            "undecided": 0,
            "unknown": 0,
            "pyes": 0.05194589779254205,
            "pno": 0.9291088920035214,
            "pundecided": 0.0,
            "punknown": 0.0,
            "time": 2.2580630779266357,
            "percY": 4718.52,
            "percN": 59374.71,
            "percU": 0.0,
            "percUNK": 0.0,
            "l": 0.05194589779254205,
            "u": 0.07089110799647858,
            "flag": "INTEREST"
        }
    },
    "data": {
        "n_samples": 13107,
        "time": 4.808064222335815,
        "repeated_worlds": 12618,
        "repeated_progs": 13022,
        "unique_progs": 85
    }
}