{
    "status": {
        "~d_12": {
            "yes": 548,
            "no": 0,
            "undecided": 0,
            "unknown": 0,
            "pyes": 0.9782039926752666,
            "pno": 0.0,
            "pundecided": 0.0,
            "punknown": 0.0,
            "time": 1.6471002101898193,
            "percY": 71826.36,
            "percN": 0.0,
            "percU": 0.0,
            "percUNK": 0.0,
            "l": 0.9782039926752666,
            "u": 1.0,
            "flag": "INTEREST"
        },
        "a_7": {
            "yes": 189,
            "no": 0,
            "undecided": 350,
            "unknown": 9,
            "pyes": 0.11704263369260444,
            "pno": 0.0,
            "pundecided": 0.8600173966011558,
            "punknown": 0.0011439623815062575,
            "time": 1.5976297855377197,
            "percY": 24772.23,
            "percN": 0.0,
            "percU": 45874.5,
            "percUNK": 1179.63,
            "l": 0.11704263369260444,
            "u": 1.0
        },
        "~a_9": {
            "yes": 498,
            "no": 29,
            "undecided": 21,
            "unknown": 0,
            "pyes": 0.971557490970954,
            "pno": 0.004339686793131706,
            "pundecided": 0.002306814911180798,
            "punknown": 0.0,
            "time": 1.721555471420288,
            "percY": 65272.86,
            "percN": 3801.03,
            "percU": 2752.47,
            "percUNK": 0.0,
            "l": 0.971557490970954,
            "u": 0.9956603132068683,
            "flag": "INTEREST"
        }
    },
    "data": {
        "n_samples": 13107,
        "time": 5.244071006774902,
        "repeated_worlds": 12559,
        "repeated_progs": 13046,
        "unique_progs": 61
    }
}