{
    "status": {
        "a_3": {
            "yes": 196,
            "no": 0,
            "undecided": 426,
            "unknown": 0,
            "pyes": 0.17371594067456458,
            "pno": 0.0,
            "pundecided": 0.802049705649055,
            "punknown": 0.0,
            "time": 1.6379764080047607,
            "percY": 25689.72,
            "percN": 0.0,
            "percU": 55835.82,
            "percUNK": 0.0,
            "l": 0.17371594067456458,
            "u": 1.0
        },
        "a_6": {
            "yes": 196,
            "no": 0,
            "undecided": 426,
            "unknown": 0,
            "pyes": 0.17371594067456458,
            "pno": 0.0,
            "pundecided": 0.802049705649055,
            "punknown": 0.0,
            "time": 1.6583287715911865,
            "percY": 25689.72,
            "percN": 0.0,
            "percU": 55835.82,
            "percUNK": 0.0,
            "l": 0.17371594067456458,
            "u": 1.0
        },
        "a_7": {
            "yes": 196,
            "no": 0,
            "undecided": 426,
            "unknown": 0,
            "pyes": 0.17371594067456458,
            "pno": 0.0,
            "pundecided": 0.802049705649055,
            "punknown": 0.0,
            "time": 1.6786959171295166,
            "percY": 25689.72,
            "percN": 0.0,
            "percU": 55835.82,
            "percUNK": 0.0,
            "l": 0.17371594067456458,
            "u": 1.0
        }
    },
    "data": {
        "n_samples": 13107,
        "time": 5.299513816833496,
        "repeated_worlds": 12485,
        "repeated_progs": 13042,
        "unique_progs": 65
    }
}