{
    "status": {
        "d_17": {
            "yes": 579,
            "no": 0,
            "undecided": 87,
            "unknown": 0,
            "pyes": 0.9611124321265178,
            "pno": 0.0,
            "pundecided": 0.016231392743391408,
            "punknown": 0.0,
            "time": 2.420332908630371,
            "percY": 75889.53,
            "percN": 0.0,
            "percU": 11403.09,
            "percUNK": 0.0,
            "l": 0.9611124321265178,
            "u": 1.0,
            "flag": "INTEREST"
        },
        "a_7": {
            "yes": 666,
            "no": 0,
            "undecided": 0,
            "unknown": 0,
            "pyes": 0.9773438248699091,
            "pno": 0.0,
            "pundecided": 0.0,
            "punknown": 0.0,
            "time": 2.5478546619415283,
            "percY": 87292.62,
            "percN": 0.0,
            "percU": 0.0,
            "percUNK": 0.0,
            "l": 0.9773438248699091,
            "u": 1.0,
            "flag": "INTEREST"
        },
        "~a_9": {
            "yes": 37,
            "no": 1,
            "undecided": 628,
            "unknown": 0,
            "pyes": 0.005418136409241619,
            "pno": 2.7477343429397e-05,
            "pundecided": 0.9718982111172381,
            "punknown": 0.0,
            "time": 2.3994879722595215,
            "percY": 4849.59,
            "percN": 131.07,
            "percU": 82311.96,
            "percUNK": 0.0,
            "l": 0.005418136409241619,
            "u": 0.9999725226565706
        }
    },
    "data": {
        "n_samples": 13107,
        "time": 7.756847143173218,
        "repeated_worlds": 12441,
        "repeated_progs": 13013,
        "unique_progs": 94
    }
}