{
    "status": {
        "a_0": {
            "yes": 646,
            "no": 0,
            "undecided": 0,
            "unknown": 0,
            "pyes": 0.9776294164578021,
            "pno": 0.0,
            "pundecided": 0.0,
            "punknown": 0.0,
            "time": 1.7809181213378906,
            "percY": 84671.22,
            "percN": 0.0,
            "percU": 0.0,
            "percUNK": 0.0,
            "l": 0.9776294164578021,
            "u": 1.0,
            "flag": "INTEREST"
        },
        "a_6": {
            "yes": 646,
            "no": 0,
            "undecided": 0,
            "unknown": 0,
            "pyes": 0.9776294164578021,
            "pno": 0.0,
            "pundecided": 0.0,
            "punknown": 0.0,
            "time": 1.7370715141296387,
            "percY": 84671.22,
            "percN": 0.0,
            "percU": 0.0,
            "percUNK": 0.0,
            "l": 0.9776294164578021,
            "u": 1.0,
            "flag": "INTEREST"
        },
        "~a_7": {
            "yes": 64,
            "no": 6,
            "undecided": 576,
            "unknown": 0,
            "pyes": 0.021426021360243408,
            "pno": 0.00041402452599449403,
            "pundecided": 0.9557893705715644,
            "punknown": 0.0,
            "time": 1.7874794006347656,
            "percY": 8388.48,
            "percN": 786.42,
            "percU": 75496.32,
            "percUNK": 0.0,
            "l": 0.021426021360243408,
            "u": 0.9995859754740055
        }
    },
    "data": {
        "n_samples": 13107,
        "time": 5.650000333786011,
        "repeated_worlds": 12461,
        "repeated_progs": 13040,
        "unique_progs": 67
    }
}