{
    "status": {
        "a_2": {
            "yes": 493,
            "no": 0,
            "undecided": 0,
            "unknown": 33,
            "pyes": 0.9701851645834725,
            "pno": 0.0,
            "pundecided": 0.0,
            "punknown": 0.0076290357061193125,
            "time": 2.9936842918395996,
            "percY": 64617.51,
            "percN": 0.0,
            "percU": 0.0,
            "percUNK": 4325.31,
            "l": 0.9701851645834725,
            "u": 1.0,
            "flag": "INTEREST"
        },
        "a_7": {
            "yes": 123,
            "no": 33,
            "undecided": 370,
            "unknown": 0,
            "pyes": 0.0780998005597692,
            "pno": 0.004828764425933418,
            "pundecided": 0.8948856353038888,
            "punknown": 0.0,
            "time": 3.1046764850616455,
            "percY": 16121.61,
            "percN": 4325.31,
            "percU": 48495.9,
            "percUNK": 0.0,
            "l": 0.0780998005597692,
            "u": 0.9951712355740666
        }
    },
    "data": {
        "n_samples": 13107,
        "time": 6.439010143280029,
        "repeated_worlds": 12581,
        "repeated_progs": 12995,
        "unique_progs": 112
    }
}