{
    "status": {
        "~a_3": {
            "yes": 356,
            "no": 0,
            "undecided": 0,
            "unknown": 239,
            "pyes": 0.7691743502038998,
            "pno": 0.0,
            "pundecided": 0.0,
            "punknown": 0.20802118844601533,
            "time": 2.707650661468506,
            "percY": 46660.92,
            "percN": 0.0,
            "percU": 0.0,
            "percUNK": 31325.73,
            "l": 0.7691743502038998,
            "u": 1.0,
            "flag": "INTEREST"
        },
        "a_7": {
            "yes": 163,
            "no": 78,
            "undecided": 354,
            "unknown": 0,
            "pyes": 0.694300336705834,
            "pno": 0.01614120546817217,
            "pundecided": 0.266753996475909,
            "punknown": 0.0,
            "time": 2.7026524543762207,
            "percY": 21364.41,
            "percN": 10223.46,
            "percU": 46398.78,
            "percUNK": 0.0,
            "l": 0.694300336705834,
            "u": 0.9838587945318278,
            "flag": "INTEREST"
        },
        "~a_8": {
            "yes": 12,
            "no": 209,
            "undecided": 374,
            "unknown": 0,
            "pyes": 0.0006848409883018294,
            "pno": 0.7085632777779249,
            "pundecided": 0.2679474198836886,
            "punknown": 0.0,
            "time": 2.7171151638031006,
            "percY": 1572.84,
            "percN": 27393.63,
            "percU": 49020.18,
            "percUNK": 0.0,
            "l": 0.0006848409883018294,
            "u": 0.29143672222207506,
            "flag": "INTEREST"
        }
    },
    "data": {
        "n_samples": 13107,
        "time": 8.552472352981567,
        "repeated_worlds": 12512,
        "repeated_progs": 13018,
        "unique_progs": 89
    }
}