{
    "status": {
        "d_14": {
            "yes": 648,
            "no": 0,
            "undecided": 70,
            "unknown": 21,
            "pyes": 0.027353832188156284,
            "pno": 0.0,
            "pundecided": 0.648086359309753,
            "punknown": 1.701369164657746e-05,
            "time": 15.502726793289185,
            "percY": 5307.12,
            "percN": 0.0,
            "percU": 573.3,
            "percUNK": 171.99,
            "l": 0.027353832188156284,
            "u": 1.0
        },
        "a_8": {
            "yes": 8,
            "no": 0,
            "undecided": 713,
            "unknown": 18,
            "pyes": 8.330368066675202e-07,
            "pno": 0.0,
            "pundecided": 0.675456262850486,
            "punknown": 1.0930226358534909e-07,
            "time": 15.614368438720703,
            "percY": 65.52,
            "percN": 0.0,
            "percU": 5839.47,
            "percUNK": 147.42,
            "l": 8.330368066675202e-07,
            "u": 1.0
        },
        "~a_8": {
            "yes": 0,
            "no": 8,
            "undecided": 713,
            "unknown": 18,
            "pyes": 0.0,
            "pno": 8.330368066675202e-07,
            "pundecided": 0.675456262850486,
            "punknown": 1.0930226358534909e-07,
            "time": 15.582987785339355,
            "percY": 0.0,
            "percN": 65.52,
            "percU": 5839.47,
            "percUNK": 147.42,
            "l": 0.0,
            "u": 0.9999991669631934
        }
    },
    "data": {
        "n_samples": 819,
        "time": 47.601396322250366,
        "repeated_worlds": 80,
        "repeated_progs": 165,
        "unique_progs": 654
    }
}