{
    "status": {
        "d_17": {
            "yes": 90,
            "no": 0,
            "undecided": 64,
            "unknown": 590,
            "pyes": 5.754169371334102e-07,
            "pno": 0.0,
            "pundecided": 7.583271267996486e-06,
            "punknown": 0.11084109710757101,
            "time": 15.81317663192749,
            "percY": 737.1,
            "percN": 0.0,
            "percU": 524.16,
            "percUNK": 4832.1,
            "l": 5.754169371334102e-07,
            "u": 1.0
        },
        "a_5": {
            "yes": 64,
            "no": 0,
            "undecided": 425,
            "unknown": 255,
            "pyes": 7.882695479464323e-05,
            "pno": 0.0,
            "pundecided": 0.10677375452851139,
            "punknown": 0.003996674312470092,
            "time": 15.854422569274902,
            "percY": 524.16,
            "percN": 0.0,
            "percU": 3480.75,
            "percUNK": 2088.45,
            "l": 7.882695479464323e-05,
            "u": 1.0
        },
        "~a_8": {
            "yes": 21,
            "no": 49,
            "undecided": 668,
            "unknown": 6,
            "pyes": 1.3898148530287194e-05,
            "pno": 6.706990895182764e-05,
            "pundecided": 0.11076828773829406,
            "punknown": 0.0,
            "time": 15.926262140274048,
            "percY": 171.99,
            "percN": 401.31,
            "percU": 5470.92,
            "percUNK": 49.14,
            "l": 1.3898148530287194e-05,
            "u": 0.9999329300910482
        }
    },
    "data": {
        "n_samples": 819,
        "time": 48.48923945426941,
        "repeated_worlds": 75,
        "repeated_progs": 151,
        "unique_progs": 668
    }
}