{
    "status": {
        "d_19": {
            "yes": 89,
            "no": 0,
            "undecided": 569,
            "unknown": 82,
            "pyes": 0.00018301857087070096,
            "pno": 0.0,
            "pundecided": 0.5817682696102139,
            "punknown": 0.005723080368556219,
            "time": 16.278130292892456,
            "percY": 728.91,
            "percN": 0.0,
            "percU": 4660.11,
            "percUNK": 671.58,
            "l": 0.00018301857087070096,
            "u": 1.0
        },
        "a_5": {
            "yes": 102,
            "no": 0,
            "undecided": 500,
            "unknown": 138,
            "pyes": 0.0004403112248371337,
            "pno": 0.0,
            "pundecided": 0.5872257726787943,
            "punknown": 8.284646009257502e-06,
            "time": 16.444406509399414,
            "percY": 835.38,
            "percN": 0.0,
            "percU": 4095.0,
            "percUNK": 1130.22,
            "l": 0.0004403112248371337,
            "u": 1.0
        },
        "a_9": {
            "yes": 40,
            "no": 419,
            "undecided": 265,
            "unknown": 16,
            "pyes": 1.1089368911463254e-05,
            "pno": 0.5624074799210647,
            "pundecided": 0.02525568526691348,
            "punknown": 1.1399275125245277e-07,
            "time": 16.593977212905884,
            "percY": 327.6,
            "percN": 3431.61,
            "percU": 2170.35,
            "percUNK": 131.04,
            "l": 1.1089368911463254e-05,
            "u": 0.43759252007893534,
            "flag": "INTEREST"
        }
    },
    "data": {
        "n_samples": 819,
        "time": 50.28337812423706,
        "repeated_worlds": 79,
        "repeated_progs": 142,
        "unique_progs": 677
    }
}