{
    "status": {
        "~a_2": {
            "yes": 481,
            "no": 0,
            "undecided": 271,
            "unknown": 4,
            "pyes": 0.07482693089586209,
            "pno": 0.0,
            "pundecided": 0.008391037856933839,
            "punknown": 1.67646294024192e-06,
            "time": 11.993479251861572,
            "percY": 3939.39,
            "percN": 0.0,
            "percU": 2219.49,
            "percUNK": 32.76,
            "l": 0.07482693089586209,
            "u": 1.0
        },
        "a_8": {
            "yes": 163,
            "no": 137,
            "undecided": 448,
            "unknown": 8,
            "pyes": 0.002283802791942244,
            "pno": 0.023561528061896167,
            "pundecided": 0.05735211813481666,
            "punknown": 2.219622708111621e-05,
            "time": 12.111088037490845,
            "percY": 1334.97,
            "percN": 1122.03,
            "percU": 3669.12,
            "percUNK": 65.52,
            "l": 0.002283802791942244,
            "u": 0.9764384719381038
        },
        "~a_7": {
            "yes": 98,
            "no": 208,
            "undecided": 443,
            "unknown": 7,
            "pyes": 0.00031992103668599157,
            "pno": 0.02563943406624989,
            "pundecided": 0.05723954158673128,
            "punknown": 2.0748526069025668e-05,
            "time": 12.22491717338562,
            "percY": 802.62,
            "percN": 1703.52,
            "percU": 3628.17,
            "percUNK": 57.33,
            "l": 0.00031992103668599157,
            "u": 0.9743605659337501
        }
    },
    "data": {
        "n_samples": 819,
        "time": 37.093706369400024,
        "repeated_worlds": 63,
        "repeated_progs": 297,
        "unique_progs": 522
    }
}