{
    "status": {
        "d_12": {
            "yes": 95,
            "no": 0,
            "undecided": 378,
            "unknown": 269,
            "pyes": 1.8663677056951852e-05,
            "pno": 0.0,
            "pundecided": 0.5728196084956968,
            "punknown": 0.0036954738193898965,
            "time": 10.546600103378296,
            "percY": 778.05,
            "percN": 0.0,
            "percU": 3095.82,
            "percUNK": 2203.11,
            "l": 1.8663677056951852e-05,
            "u": 1.0
        },
        "a_8": {
            "yes": 43,
            "no": 42,
            "undecided": 623,
            "unknown": 34,
            "pyes": 0.0036631209683781127,
            "pno": 0.00045603540595193833,
            "pundecided": 0.5724129753812888,
            "punknown": 1.6142365247236303e-06,
            "time": 10.664050579071045,
            "percY": 352.17,
            "percN": 343.98,
            "percU": 5102.37,
            "percUNK": 278.46,
            "l": 0.0036631209683781127,
            "u": 0.999543964594048
        },
        "~a_7": {
            "yes": 67,
            "no": 342,
            "undecided": 331,
            "unknown": 2,
            "pyes": 0.022188891050538548,
            "pno": 0.0007548320479718264,
            "pundecided": 0.5535900189338059,
            "punknown": 3.959827329830401e-09,
            "time": 10.749170780181885,
            "percY": 548.73,
            "percN": 2800.98,
            "percU": 2710.89,
            "percUNK": 16.38,
            "l": 0.022188891050538548,
            "u": 0.9992451679520282
        }
    },
    "data": {
        "n_samples": 819,
        "time": 32.67545008659363,
        "repeated_worlds": 77,
        "repeated_progs": 361,
        "unique_progs": 458
    }
}