{
    "status": {
        "d_18": {
            "yes": 108,
            "no": 0,
            "undecided": 393,
            "unknown": 245,
            "pyes": 0.0003016548800973749,
            "pno": 0.0,
            "pundecided": 0.017480224492217415,
            "punknown": 0.009929885733102965,
            "time": 14.551472902297974,
            "percY": 884.52,
            "percN": 0.0,
            "percU": 3218.67,
            "percUNK": 2006.55,
            "l": 0.0003016548800973749,
            "u": 1.0
        },
        "~a_8": {
            "yes": 33,
            "no": 43,
            "undecided": 655,
            "unknown": 15,
            "pyes": 6.809040345783311e-05,
            "pno": 2.916146685270873e-05,
            "pundecided": 0.027031917521911124,
            "punknown": 0.000582595713196087,
            "time": 14.737639904022217,
            "percY": 270.27,
            "percN": 352.17,
            "percU": 5364.45,
            "percUNK": 122.85,
            "l": 6.809040345783311e-05,
            "u": 0.9999708385331473
        }
    },
    "data": {
        "n_samples": 819,
        "time": 30.132619619369507,
        "repeated_worlds": 73,
        "repeated_progs": 184,
        "unique_progs": 635
    }
}