{
    "status": {
        "d_13": {
            "yes": 629,
            "no": 0,
            "undecided": 35,
            "unknown": 74,
            "pyes": 0.6468435808388681,
            "pno": 0.0,
            "pundecided": 0.0,
            "punknown": 0.0020366110069432505,
            "time": 15.287473201751709,
            "percY": 5151.51,
            "percN": 0.0,
            "percU": 286.65,
            "percUNK": 606.06,
            "l": 0.6468435808388681,
            "u": 1.0,
            "flag": "INTEREST"
        },
        "~a_9": {
            "yes": 310,
            "no": 221,
            "undecided": 203,
            "unknown": 4,
            "pyes": 0.6348183777215546,
            "pno": 0.007297343916719807,
            "pundecided": 0.006760049781497084,
            "punknown": 4.420426039502778e-06,
            "time": 15.687466144561768,
            "percY": 2538.9,
            "percN": 1809.99,
            "percU": 1662.57,
            "percUNK": 32.76,
            "l": 0.6348183777215546,
            "u": 0.9927026560832802,
            "flag": "INTEREST"
        }
    },
    "data": {
        "n_samples": 819,
        "time": 31.82558250427246,
        "repeated_worlds": 81,
        "repeated_progs": 156,
        "unique_progs": 663
    }
}