{
    "status": {
        "a_3": {
            "yes": 438,
            "no": 0,
            "undecided": 303,
            "unknown": 0,
            "pyes": 0.08469879811264958,
            "pno": 0.0,
            "pundecided": 0.007620272953420272,
            "punknown": 0.0,
            "time": 15.04948377609253,
            "percY": 3587.22,
            "percN": 0.0,
            "percU": 2481.57,
            "percUNK": 0.0,
            "l": 0.08469879811264958,
            "u": 1.0
        },
        "a_7": {
            "yes": 303,
            "no": 91,
            "undecided": 346,
            "unknown": 1,
            "pyes": 0.021264584978045533,
            "pno": 0.0001078841797616049,
            "pundecided": 0.07094660190826263,
            "punknown": 0.0,
            "time": 15.296485900878906,
            "percY": 2481.57,
            "percN": 745.29,
            "percU": 2833.74,
            "percUNK": 8.19,
            "l": 0.021264584978045533,
            "u": 0.9998921158202384
        },
        "~a_8": {
            "yes": 161,
            "no": 178,
            "undecided": 375,
            "unknown": 27,
            "pyes": 0.016956358332047068,
            "pno": 0.00030350787905213155,
            "pundecided": 0.07045971694638917,
            "punknown": 0.004599487908581356,
            "time": 15.179105281829834,
            "percY": 1318.59,
            "percN": 1457.82,
            "percU": 3071.25,
            "percUNK": 221.13,
            "l": 0.016956358332047068,
            "u": 0.9996964921209479
        }
    },
    "data": {
        "n_samples": 819,
        "time": 46.343329429626465,
        "repeated_worlds": 78,
        "repeated_progs": 161,
        "unique_progs": 658
    }
}