{
    "status": {
        "~d_18": {
            "yes": 95,
            "no": 0,
            "undecided": 366,
            "unknown": 276,
            "pyes": 0.0014323352384879018,
            "pno": 0.0,
            "pundecided": 0.04826433926077014,
            "punknown": 0.1105419173259324,
            "time": 13.369591236114502,
            "percY": 778.05,
            "percN": 0.0,
            "percU": 2997.54,
            "percUNK": 2260.44,
            "l": 0.0014323352384879018,
            "u": 1.0
        },
        "a_5": {
            "yes": 418,
            "no": 0,
            "undecided": 39,
            "unknown": 280,
            "pyes": 0.13903968725679414,
            "pno": 0.0,
            "pundecided": 2.035181898821489e-05,
            "punknown": 0.021178552749408094,
            "time": 13.343096017837524,
            "percY": 3423.42,
            "percN": 0.0,
            "percU": 319.41,
            "percUNK": 2293.2,
            "l": 0.13903968725679414,
            "u": 1.0
        },
        "a_7": {
            "yes": 263,
            "no": 297,
            "undecided": 175,
            "unknown": 2,
            "pyes": 0.1373594243939548,
            "pno": 0.0025287999125598115,
            "pundecided": 0.02035036690253191,
            "punknown": 6.161440479505919e-10,
            "time": 13.755278587341309,
            "percY": 2153.97,
            "percN": 2432.43,
            "percU": 1433.25,
            "percUNK": 16.38,
            "l": 0.1373594243939548,
            "u": 0.9974712000874402
        }
    },
    "data": {
        "n_samples": 819,
        "time": 41.276891469955444,
        "repeated_worlds": 82,
        "repeated_progs": 235,
        "unique_progs": 584
    }
}