{
    "status": {
        "d_13": {
            "yes": 98,
            "no": 0,
            "undecided": 399,
            "unknown": 251,
            "pyes": 0.00020468637685140152,
            "pno": 0.0,
            "pundecided": 0.00028280107135522956,
            "punknown": 0.10416079346599007,
            "time": 17.40638017654419,
            "percY": 802.62,
            "percN": 0.0,
            "percU": 3267.81,
            "percUNK": 2055.69,
            "l": 0.00020468637685140152,
            "u": 1.0
        },
        "a_8": {
            "yes": 240,
            "no": 89,
            "undecided": 395,
            "unknown": 24,
            "pyes": 0.07311204190520984,
            "pno": 2.8109722783168665e-05,
            "pundecided": 0.03144383118651928,
            "punknown": 6.4298099684371e-05,
            "time": 17.559117317199707,
            "percY": 1965.6,
            "percN": 728.91,
            "percU": 3235.05,
            "percUNK": 196.56,
            "l": 0.07311204190520984,
            "u": 0.9999718902772168
        }
    },
    "data": {
        "n_samples": 819,
        "time": 35.94995307922363,
        "repeated_worlds": 71,
        "repeated_progs": 129,
        "unique_progs": 690
    }
}