{
    "status": {
        "d_17": {
            "yes": 658,
            "no": 0,
            "undecided": 0,
            "unknown": 74,
            "pyes": 0.03981979846432922,
            "pno": 0.0,
            "pundecided": 0.0,
            "punknown": 0.04374886727239588,
            "time": 15.514135360717773,
            "percY": 5389.02,
            "percN": 0.0,
            "percU": 0.0,
            "percUNK": 606.06,
            "l": 0.03981979846432922,
            "u": 1.0
        },
        "a_7": {
            "yes": 187,
            "no": 85,
            "undecided": 456,
            "unknown": 4,
            "pyes": 0.07615616204346155,
            "pno": 0.0005689407838368096,
            "pundecided": 0.006835047342800696,
            "punknown": 8.515566625991445e-06,
            "time": 15.705886602401733,
            "percY": 1531.53,
            "percN": 696.15,
            "percU": 3734.64,
            "percUNK": 32.76,
            "l": 0.07615616204346155,
            "u": 0.9994310592161632
        }
    },
    "data": {
        "n_samples": 819,
        "time": 32.1600399017334,
        "repeated_worlds": 87,
        "repeated_progs": 201,
        "unique_progs": 618
    }
}