{
    "status": {
        "d_11": {
            "yes": 635,
            "no": 0,
            "undecided": 19,
            "unknown": 80,
            "pyes": 0.06700207556736709,
            "pno": 0.0,
            "pundecided": 1.9260437930697598e-07,
            "punknown": 0.00035774639815424865,
            "time": 15.071649551391602,
            "percY": 5200.65,
            "percN": 0.0,
            "percU": 155.61,
            "percUNK": 655.2,
            "l": 0.06700207556736709,
            "u": 1.0
        },
        "~a_7": {
            "yes": 65,
            "no": 278,
            "undecided": 342,
            "unknown": 49,
            "pyes": 0.005460364501772434,
            "pno": 0.05711739381335862,
            "pundecided": 0.00465951962808077,
            "punknown": 0.0001227366266887525,
            "time": 15.33584475517273,
            "percY": 532.35,
            "percN": 2276.82,
            "percU": 2800.98,
            "percUNK": 401.31,
            "l": 0.005460364501772434,
            "u": 0.9428826061866413
        },
        "a_7": {
            "yes": 278,
            "no": 65,
            "undecided": 342,
            "unknown": 49,
            "pyes": 0.05711739381335862,
            "pno": 0.005460364501772434,
            "pundecided": 0.00465951962808077,
            "punknown": 0.0001227366266887525,
            "time": 15.156516075134277,
            "percY": 2276.82,
            "percN": 532.35,
            "percU": 2800.98,
            "percUNK": 401.31,
            "l": 0.05711739381335862,
            "u": 0.9945396354982275
        }
    },
    "data": {
        "n_samples": 819,
        "time": 46.50272536277771,
        "repeated_worlds": 85,
        "repeated_progs": 217,
        "unique_progs": 602
    }
}