{
    "status": {
        "~a_2": {
            "yes": 648,
            "no": 0,
            "undecided": 0,
            "unknown": 97,
            "pyes": 0.6456597409805576,
            "pno": 0.0,
            "pundecided": 0.0,
            "punknown": 4.4451262775882825e-05,
            "time": 17.61327075958252,
            "percY": 5307.12,
            "percN": 0.0,
            "percU": 0.0,
            "percUNK": 794.43,
            "l": 0.6456597409805576,
            "u": 1.0,
            "flag": "INTEREST"
        },
        "a_6": {
            "yes": 87,
            "no": 0,
            "undecided": 647,
            "unknown": 11,
            "pyes": 2.1610713654006345e-05,
            "pno": 0.0,
            "pundecided": 0.6456821925014271,
            "punknown": 3.890282529099266e-07,
            "time": 17.66939640045166,
            "percY": 712.53,
            "percN": 0.0,
            "percU": 5298.93,
            "percUNK": 90.09,
            "l": 2.1610713654006345e-05,
            "u": 1.0
        },
        "a_8": {
            "yes": 270,
            "no": 289,
            "undecided": 186,
            "unknown": 0,
            "pyes": 0.012083754446255352,
            "pno": 0.6323806007463372,
            "pundecided": 0.0012398370507409689,
            "punknown": 0.0,
            "time": 17.783815145492554,
            "percY": 2211.3,
            "percN": 2366.91,
            "percU": 1523.34,
            "percUNK": 0.0,
            "l": 0.012083754446255352,
            "u": 0.3676193992536628,
            "flag": "INTEREST"
        }
    },
    "data": {
        "n_samples": 819,
        "time": 54.08622407913208,
        "repeated_worlds": 74,
        "repeated_progs": 117,
        "unique_progs": 702
    }
}