{
    "status": {
        "d_14": {
            "yes": 653,
            "no": 0,
            "undecided": 68,
            "unknown": 19,
            "pyes": 0.052156731672395935,
            "pno": 0.0,
            "pundecided": 0.00014663991614045018,
            "punknown": 0.0005021612298874511,
            "time": 16.76776361465454,
            "percY": 5348.07,
            "percN": 0.0,
            "percU": 556.92,
            "percUNK": 155.61,
            "l": 0.052156731672395935,
            "u": 1.0
        },
        "a_5": {
            "yes": 281,
            "no": 0,
            "undecided": 449,
            "unknown": 10,
            "pyes": 0.051680597539690884,
            "pno": 0.0,
            "pundecided": 0.0011236148796668127,
            "punknown": 1.3203990661352831e-06,
            "time": 16.74889349937439,
            "percY": 2301.39,
            "percN": 0.0,
            "percU": 3677.31,
            "percUNK": 81.9,
            "l": 0.051680597539690884,
            "u": 1.0
        },
        "a_7": {
            "yes": 285,
            "no": 43,
            "undecided": 406,
            "unknown": 6,
            "pyes": 0.0516805975398672,
            "pno": 5.6102541151297536e-06,
            "pundecided": 0.0011077175136243664,
            "punknown": 1.1607510817138579e-05,
            "time": 16.742999792099,
            "percY": 2334.15,
            "percN": 352.17,
            "percU": 3325.14,
            "percUNK": 49.14,
            "l": 0.0516805975398672,
            "u": 0.9999943897458848
        }
    },
    "data": {
        "n_samples": 819,
        "time": 51.21841096878052,
        "repeated_worlds": 79,
        "repeated_progs": 318,
        "unique_progs": 501
    }
}