{
    "status": {
        "d_17": {
            "yes": 97,
            "no": 0,
            "undecided": 387,
            "unknown": 249,
            "pyes": 0.0036634421307025836,
            "pno": 0.0,
            "pundecided": 0.11106502902305308,
            "punknown": 0.012171773530194234,
            "time": 15.999654293060303,
            "percY": 794.43,
            "percN": 0.0,
            "percU": 3169.53,
            "percUNK": 2039.31,
            "l": 0.0036634421307025836,
            "u": 1.0
        },
        "a_5": {
            "yes": 13,
            "no": 0,
            "undecided": 720,
            "unknown": 0,
            "pyes": 2.2290820456109297e-06,
            "pno": 0.0,
            "pundecided": 0.1268980156019043,
            "punknown": 0.0,
            "time": 15.90817642211914,
            "percY": 106.47,
            "percN": 0.0,
            "percU": 5896.8,
            "percUNK": 0.0,
            "l": 2.2290820456109297e-06,
            "u": 1.0
        },
        "~a_8": {
            "yes": 28,
            "no": 14,
            "undecided": 691,
            "unknown": 0,
            "pyes": 0.0011546754863632045,
            "pno": 9.895144543453037e-05,
            "pundecided": 0.1256466177521522,
            "punknown": 0.0,
            "time": 16.023266077041626,
            "percY": 229.32,
            "percN": 114.66,
            "percU": 5659.29,
            "percUNK": 0.0,
            "l": 0.0011546754863632045,
            "u": 0.9999010485545655
        }
    },
    "data": {
        "n_samples": 819,
        "time": 48.88534903526306,
        "repeated_worlds": 86,
        "repeated_progs": 178,
        "unique_progs": 641
    }
}