{
    "status": {
        "~d_14": {
            "yes": 95,
            "no": 0,
            "undecided": 416,
            "unknown": 238,
            "pyes": 0.0032841715183749877,
            "pno": 0.0,
            "pundecided": 0.03533600194457079,
            "punknown": 0.04878254884205672,
            "time": 10.236262321472168,
            "percY": 778.05,
            "percN": 0.0,
            "percU": 3407.04,
            "percUNK": 1949.22,
            "l": 0.0032841715183749877,
            "u": 1.0
        },
        "a_7": {
            "yes": 89,
            "no": 0,
            "undecided": 0,
            "unknown": 660,
            "pyes": 1.8636600003721125e-05,
            "pno": 0.0,
            "pundecided": 0.0,
            "punknown": 0.08738408570499874,
            "time": 10.285082578659058,
            "percY": 728.91,
            "percN": 0.0,
            "percU": 0.0,
            "percUNK": 5405.4,
            "l": 1.8636600003721125e-05,
            "u": 1.0
        },
        "a_8": {
            "yes": 227,
            "no": 324,
            "undecided": 193,
            "unknown": 5,
            "pyes": 0.0027881784107131394,
            "pno": 0.08190028126988921,
            "pundecided": 0.0027142603212467636,
            "punknown": 2.3031533028556807e-09,
            "time": 10.284478187561035,
            "percY": 1859.13,
            "percN": 2653.56,
            "percU": 1580.67,
            "percUNK": 40.95,
            "l": 0.0027881784107131394,
            "u": 0.9180997187301108
        }
    },
    "data": {
        "n_samples": 819,
        "time": 31.479444980621338,
        "repeated_worlds": 70,
        "repeated_progs": 387,
        "unique_progs": 432
    }
}