{
    "status": {
        "d_14": {
            "yes": 631,
            "no": 0,
            "undecided": 92,
            "unknown": 14,
            "pyes": 0.6211927190964357,
            "pno": 0.0,
            "pundecided": 0.03574898682772725,
            "punknown": 5.058653891525499e-06,
            "time": 15.456052303314209,
            "percY": 5167.89,
            "percN": 0.0,
            "percU": 753.48,
            "percUNK": 114.66,
            "l": 0.6211927190964357,
            "u": 1.0,
            "flag": "INTEREST"
        },
        "a_8": {
            "yes": 69,
            "no": 61,
            "undecided": 589,
            "unknown": 18,
            "pyes": 0.03576646257810862,
            "pno": 0.0024445755071846077,
            "pundecided": 0.6187355420850514,
            "punknown": 1.84407709947264e-07,
            "time": 15.508544683456421,
            "percY": 565.11,
            "percN": 499.59,
            "percU": 4823.91,
            "percUNK": 147.42,
            "l": 0.03576646257810862,
            "u": 0.9975554244928154
        },
        "~a_7": {
            "yes": 29,
            "no": 53,
            "undecided": 633,
            "unknown": 22,
            "pyes": 0.0017689642976072384,
            "pno": 0.0002154131836392437,
            "pundecided": 0.6549577239473069,
            "punknown": 4.663149501137303e-06,
            "time": 15.69772720336914,
            "percY": 237.51,
            "percN": 434.07,
            "percU": 5184.27,
            "percUNK": 180.18,
            "l": 0.0017689642976072384,
            "u": 0.9997845868163607
        }
    },
    "data": {
        "n_samples": 819,
        "time": 47.61629915237427,
        "repeated_worlds": 82,
        "repeated_progs": 267,
        "unique_progs": 552
    }
}