{
    "status": {
        "a_8": {
            "yes": 9574,
            "no": 0,
            "undecided": 0,
            "unknown": 3197,
            "pyes": 0.0037241602275788393,
            "pno": 0.0,
            "pundecided": 0.0,
            "punknown": 0.0003563651216534,
            "time": 343.9790678024292,
            "percY": 1254864.18,
            "percN": 0.0,
            "percU": 0.0,
            "percUNK": 419030.79,
            "l": 0.0037241602275788393,
            "u": 1.0
        },
        "~a_13": {
            "yes": 7200,
            "no": 0,
            "undecided": 5571,
            "unknown": 0,
            "pyes": 0.003720553647898232,
            "pno": 0.0,
            "pundecided": 0.000359971701334004,
            "punknown": 0.0,
            "time": 344.96441316604614,
            "percY": 943704.0,
            "percN": 0.0,
            "percU": 730190.97,
            "percUNK": 0.0,
            "l": 0.003720553647898232,
            "u": 1.0
        },
        "a_18": {
            "yes": 7247,
            "no": 0,
            "undecided": 5524,
            "unknown": 0,
            "pyes": 0.0029177395893860776,
            "pno": 0.0,
            "pundecided": 0.0011627857598461556,
            "punknown": 0.0,
            "time": 769.5850737094879,
            "percY": 949864.29,
            "percN": 0.0,
            "percU": 724030.68,
            "percUNK": 0.0,
            "l": 0.0029177395893860776,
            "u": 1.0
        }
    },
    "data": {
        "n_samples": 13107,
        "time": 1480.3892886638641,
        "repeated_worlds": 336,
        "repeated_progs": 1720,
        "unique_progs": 11387
    }
}