{
    "status": {
        "~d_36": {
            "yes": 12804,
            "no": 0,
            "undecided": 0,
            "unknown": 0,
            "pyes": 0.016744231926639142,
            "pno": 0.0,
            "pundecided": 0.0,
            "punknown": 0.0,
            "time": 283.0074563026428,
            "percY": 1678220.28,
            "percN": 0.0,
            "percU": 0.0,
            "percUNK": 0.0,
            "l": 0.016744231926639142,
            "u": 1.0
        },
        "a_11": {
            "yes": 12804,
            "no": 0,
            "undecided": 0,
            "unknown": 0,
            "pyes": 0.016744231926639142,
            "pno": 0.0,
            "pundecided": 0.0,
            "punknown": 0.0,
            "time": 283.1259124279022,
            "percY": 1678220.28,
            "percN": 0.0,
            "percU": 0.0,
            "percUNK": 0.0,
            "l": 0.016744231926639142,
            "u": 1.0
        },
        "~a_17": {
            "yes": 0,
            "no": 815,
            "undecided": 11989,
            "unknown": 0,
            "pyes": 0.0,
            "pno": 0.014916519741979092,
            "pundecided": 0.001827712184659976,
            "punknown": 0.0,
            "time": 337.8363871574402,
            "percY": 0.0,
            "percN": 106822.05,
            "percU": 1571398.23,
            "percUNK": 0.0,
            "l": 0.0,
            "u": 0.985083480258021
        }
    },
    "data": {
        "n_samples": 13107,
        "time": 923.7465212345123,
        "repeated_worlds": 303,
        "repeated_progs": 914,
        "unique_progs": 12193
    }
}