{
    "status": {
        "~d_13": {
            "yes": 12778,
            "no": 0,
            "undecided": 0,
            "unknown": 0,
            "pyes": 0.04293731070095496,
            "pno": 0.0,
            "pundecided": 0.0,
            "punknown": 0.0,
            "time": 5.408771753311157,
            "percY": 1674812.46,
            "percN": 0.0,
            "percU": 0.0,
            "percUNK": 0.0,
            "l": 0.04293731070095496,
            "u": 1.0
        },
        "~a_6": {
            "yes": 3181,
            "no": 0,
            "undecided": 9597,
            "unknown": 0,
            "pyes": 0.0001965018708819184,
            "pno": 0.0,
            "pundecided": 0.04274080883007307,
            "punknown": 0.0,
            "time": 5.261748552322388,
            "percY": 416933.67,
            "percN": 0.0,
            "percU": 1257878.79,
            "percUNK": 0.0,
            "l": 0.0001965018708819184,
            "u": 1.0
        },
        "~a_8": {
            "yes": 10013,
            "no": 2385,
            "undecided": 380,
            "unknown": 0,
            "pyes": 0.04012769859602859,
            "pno": 0.0025803700002047336,
            "pundecided": 0.00022924210472148056,
            "punknown": 0.0,
            "time": 5.548086643218994,
            "percY": 1312403.91,
            "percN": 312601.95,
            "percU": 49806.6,
            "percUNK": 0.0,
            "l": 0.04012769859602859,
            "u": 0.9974196299997953
        }
    },
    "data": {
        "n_samples": 13107,
        "time": 22.789390087127686,
        "repeated_worlds": 329,
        "repeated_progs": 12939,
        "unique_progs": 168
    }
}