{
    "status": {
        "~a_0": {
            "yes": 9641,
            "no": 0,
            "undecided": 0,
            "unknown": 3145,
            "pyes": 0.03498814391073524,
            "pno": 0.0,
            "pundecided": 0.0,
            "punknown": 0.00011460266794825607,
            "time": 3.467074394226074,
            "percY": 1263645.87,
            "percN": 0.0,
            "percU": 0.0,
            "percUNK": 412215.15,
            "l": 0.03498814391073524,
            "u": 1.0
        },
        "~a_6": {
            "yes": 9606,
            "no": 0,
            "undecided": 3180,
            "unknown": 0,
            "pyes": 0.03489911029571647,
            "pno": 0.0,
            "pundecided": 0.00020363628296712641,
            "punknown": 0.0,
            "time": 3.398101806640625,
            "percY": 1259058.42,
            "percN": 0.0,
            "percU": 416802.6,
            "percUNK": 0.0,
            "l": 0.03489911029571647,
            "u": 1.0
        },
        "a_8": {
            "yes": 12786,
            "no": 0,
            "undecided": 0,
            "unknown": 0,
            "pyes": 0.03510274657868338,
            "pno": 0.0,
            "pundecided": 0.0,
            "punknown": 0.0,
            "time": 3.4914910793304443,
            "percY": 1675861.02,
            "percN": 0.0,
            "percU": 0.0,
            "percUNK": 0.0,
            "l": 0.03510274657868338,
            "u": 1.0
        }
    },
    "data": {
        "n_samples": 13107,
        "time": 15.611629247665405,
        "repeated_worlds": 321,
        "repeated_progs": 12995,
        "unique_progs": 112
    }
}