{
    "status": {
        "d_17": {
            "yes": 12799,
            "no": 0,
            "undecided": 0,
            "unknown": 0,
            "pyes": 0.009833667405109821,
            "pno": 0.0,
            "pundecided": 0.0,
            "punknown": 0.0,
            "time": 25.17202639579773,
            "percY": 1677564.93,
            "percN": 0.0,
            "percU": 0.0,
            "percUNK": 0.0,
            "l": 0.009833667405109821,
            "u": 1.0
        },
        "~a_7": {
            "yes": 1277,
            "no": 1082,
            "undecided": 10440,
            "unknown": 0,
            "pyes": 8.609076328571895e-07,
            "pno": 4.015735775794404e-06,
            "pundecided": 0.009828790761701171,
            "punknown": 0.0,
            "time": 25.18892812728882,
            "percY": 167376.39,
            "percN": 141817.74,
            "percU": 1368370.8,
            "percUNK": 0.0,
            "l": 8.609076328571895e-07,
            "u": 0.9999959842642242
        },
        "a_7": {
            "yes": 1082,
            "no": 1277,
            "undecided": 10440,
            "unknown": 0,
            "pyes": 4.015735775794404e-06,
            "pno": 8.609076328571895e-07,
            "pundecided": 0.009828790761701171,
            "punknown": 0.0,
            "time": 25.29331135749817,
            "percY": 141817.74,
            "percN": 167376.39,
            "percU": 1368370.8,
            "percUNK": 0.0,
            "l": 4.015735775794404e-06,
            "u": 0.9999991390923672
        }
    },
    "data": {
        "n_samples": 13107,
        "time": 83.16071724891663,
        "repeated_worlds": 308,
        "repeated_progs": 12314,
        "unique_progs": 793
    }
}