{
    "status": {
        "~a_3": {
            "yes": 12771,
            "no": 0,
            "undecided": 0,
            "unknown": 0,
            "pyes": 0.04863894231452795,
            "pno": 0.0,
            "pundecided": 0.0,
            "punknown": 0.0,
            "time": 9.599423170089722,
            "percY": 1673894.97,
            "percN": 0.0,
            "percU": 0.0,
            "percUNK": 0.0,
            "l": 0.04863894231452795,
            "u": 1.0
        },
        "a_6": {
            "yes": 12771,
            "no": 0,
            "undecided": 0,
            "unknown": 0,
            "pyes": 0.04863894231452795,
            "pno": 0.0,
            "pundecided": 0.0,
            "punknown": 0.0,
            "time": 9.438899040222168,
            "percY": 1673894.97,
            "percN": 0.0,
            "percU": 0.0,
            "percUNK": 0.0,
            "l": 0.04863894231452795,
            "u": 1.0
        },
        "a_8": {
            "yes": 2004,
            "no": 10767,
            "undecided": 0,
            "unknown": 0,
            "pyes": 1.2117678047446858e-05,
            "pno": 0.0486268246364805,
            "pundecided": 0.0,
            "punknown": 0.0,
            "time": 9.791313409805298,
            "percY": 262664.28,
            "percN": 1411230.69,
            "percU": 0.0,
            "percUNK": 0.0,
            "l": 1.2117678047446858e-05,
            "u": 0.9513731753635195
        }
    },
    "data": {
        "n_samples": 13107,
        "time": 34.92647361755371,
        "repeated_worlds": 336,
        "repeated_progs": 12799,
        "unique_progs": 308
    }
}