{
    "status": {
        "~a_2": {
            "yes": 9714,
            "no": 0,
            "undecided": 3041,
            "unknown": 0,
            "pyes": 0.0385652234041538,
            "pno": 0.0,
            "pundecided": 0.00015532761158901974,
            "punknown": 0.0,
            "time": 5.478099584579468,
            "percY": 1273213.98,
            "percN": 0.0,
            "percU": 398583.87,
            "percUNK": 0.0,
            "l": 0.0385652234041538,
            "u": 1.0
        },
        "~a_5": {
            "yes": 12755,
            "no": 0,
            "undecided": 0,
            "unknown": 0,
            "pyes": 0.03872055101574282,
            "pno": 0.0,
            "pundecided": 0.0,
            "punknown": 0.0,
            "time": 5.470781087875366,
            "percY": 1671797.85,
            "percN": 0.0,
            "percU": 0.0,
            "percUNK": 0.0,
            "l": 0.03872055101574282,
            "u": 1.0
        },
        "a_7": {
            "yes": 12755,
            "no": 0,
            "undecided": 0,
            "unknown": 0,
            "pyes": 0.03872055101574282,
            "pno": 0.0,
            "pundecided": 0.0,
            "punknown": 0.0,
            "time": 5.580289125442505,
            "percY": 1671797.85,
            "percN": 0.0,
            "percU": 0.0,
            "percUNK": 0.0,
            "l": 0.03872055101574282,
            "u": 1.0
        }
    },
    "data": {
        "n_samples": 13107,
        "time": 21.561468362808228,
        "repeated_worlds": 352,
        "repeated_progs": 12916,
        "unique_progs": 191
    }
}