{
    "status": {
        "~a_2": {
            "yes": 12774,
            "no": 0,
            "undecided": 0,
            "unknown": 0,
            "pyes": 0.01575471309703361,
            "pno": 0.0,
            "pundecided": 0.0,
            "punknown": 0.0,
            "time": 11.178006172180176,
            "percY": 1674288.18,
            "percN": 0.0,
            "percU": 0.0,
            "percUNK": 0.0,
            "l": 0.01575471309703361,
            "u": 1.0
        },
        "a_5": {
            "yes": 12774,
            "no": 0,
            "undecided": 0,
            "unknown": 0,
            "pyes": 0.01575471309703361,
            "pno": 0.0,
            "pundecided": 0.0,
            "punknown": 0.0,
            "time": 11.113171339035034,
            "percY": 1674288.18,
            "percN": 0.0,
            "percU": 0.0,
            "percUNK": 0.0,
            "l": 0.01575471309703361,
            "u": 1.0
        },
        "~a_7": {
            "yes": 0,
            "no": 11507,
            "undecided": 1267,
            "unknown": 0,
            "pyes": 0.0,
            "pno": 0.015729767375077724,
            "pundecided": 2.4945721955871746e-05,
            "punknown": 0.0,
            "time": 12.323904037475586,
            "percY": 0.0,
            "percN": 1508222.49,
            "percU": 166065.69,
            "percUNK": 0.0,
            "l": 0.0,
            "u": 0.9842702326249223
        }
    },
    "data": {
        "n_samples": 13107,
        "time": 40.48988461494446,
        "repeated_worlds": 333,
        "repeated_progs": 12756,
        "unique_progs": 351
    }
}