{
    "status": {
        "d_11": {
            "yes": 9550,
            "no": 0,
            "undecided": 3233,
            "unknown": 0,
            "pyes": 0.0040087380321099314,
            "pno": 0.0,
            "pundecided": 0.007482417890022537,
            "punknown": 0.0,
            "time": 36.104695081710815,
            "percY": 1251718.5,
            "percN": 0.0,
            "percU": 423749.31,
            "percUNK": 0.0,
            "l": 0.0040087380321099314,
            "u": 1.0
        },
        "a_6": {
            "yes": 12783,
            "no": 0,
            "undecided": 0,
            "unknown": 0,
            "pyes": 0.011491155922132429,
            "pno": 0.0,
            "pundecided": 0.0,
            "punknown": 0.0,
            "time": 35.95210599899292,
            "percY": 1675467.81,
            "percN": 0.0,
            "percU": 0.0,
            "percUNK": 0.0,
            "l": 0.011491155922132429,
            "u": 1.0
        },
        "a_8": {
            "yes": 0,
            "no": 9516,
            "undecided": 3267,
            "unknown": 0,
            "pyes": 0.0,
            "pno": 0.010668126217628799,
            "pundecided": 0.0008230297045036463,
            "punknown": 0.0,
            "time": 37.135287284851074,
            "percY": 0.0,
            "percN": 1247262.12,
            "percU": 428205.69,
            "percUNK": 0.0,
            "l": 0.0,
            "u": 0.9893318737823712
        }
    },
    "data": {
        "n_samples": 13107,
        "time": 117.53113722801208,
        "repeated_worlds": 324,
        "repeated_progs": 12020,
        "unique_progs": 1087
    }
}