{
    "status": {
        "a_9": {
            "yes": 9566,
            "no": 0,
            "undecided": 3227,
            "unknown": 0,
            "pyes": 0.008910018667866186,
            "pno": 0.0,
            "pundecided": 0.0007119968906290204,
            "punknown": 0.0,
            "time": 37.914122104644775,
            "percY": 1253815.62,
            "percN": 0.0,
            "percU": 422962.89,
            "percUNK": 0.0,
            "l": 0.008910018667866186,
            "u": 1.0
        },
        "~a_7": {
            "yes": 4837,
            "no": 384,
            "undecided": 7572,
            "unknown": 0,
            "pyes": 0.00729310059176986,
            "pno": 4.063086579076012e-06,
            "pundecided": 0.002324851880146275,
            "punknown": 0.0,
            "time": 38.44286751747131,
            "percY": 633985.59,
            "percN": 50330.88,
            "percU": 992462.04,
            "percUNK": 0.0,
            "l": 0.00729310059176986,
            "u": 0.9999959369134209
        },
        "~a_8": {
            "yes": 473,
            "no": 9093,
            "undecided": 3227,
            "unknown": 0,
            "pyes": 8.184813759364538e-06,
            "pno": 0.00890183385410682,
            "pundecided": 0.0007119968906290204,
            "punknown": 0.0,
            "time": 38.71980929374695,
            "percY": 61996.11,
            "percN": 1191819.51,
            "percU": 422962.89,
            "percUNK": 0.0,
            "l": 8.184813759364538e-06,
            "u": 0.9910981661458932
        }
    },
    "data": {
        "n_samples": 13107,
        "time": 122.67387819290161,
        "repeated_worlds": 314,
        "repeated_progs": 11905,
        "unique_progs": 1202
    }
}