{
    "status": {
        "a_3": {
            "yes": 9603,
            "no": 0,
            "undecided": 0,
            "unknown": 3159,
            "pyes": 0.04398787504878953,
            "pno": 0.0,
            "pundecided": 0.0,
            "punknown": 0.0013441491425619308,
            "time": 3.9360129833221436,
            "percY": 1258665.21,
            "percN": 0.0,
            "percU": 0.0,
            "percUNK": 414050.13,
            "l": 0.04398787504878953,
            "u": 1.0
        },
        "~a_6": {
            "yes": 12762,
            "no": 0,
            "undecided": 0,
            "unknown": 0,
            "pyes": 0.045332024191351405,
            "pno": 0.0,
            "pundecided": 0.0,
            "punknown": 0.0,
            "time": 3.967860460281372,
            "percY": 1672715.34,
            "percN": 0.0,
            "percU": 0.0,
            "percUNK": 0.0,
            "l": 0.045332024191351405,
            "u": 1.0
        },
        "~a_8": {
            "yes": 9527,
            "no": 3235,
            "undecided": 0,
            "unknown": 0,
            "pyes": 0.045317158955287505,
            "pno": 1.4865236064062818e-05,
            "pundecided": 0.0,
            "punknown": 0.0,
            "time": 4.474040746688843,
            "percY": 1248703.89,
            "percN": 424011.45,
            "percU": 0.0,
            "percUNK": 0.0,
            "l": 0.045317158955287505,
            "u": 0.9999851347639359
        }
    },
    "data": {
        "n_samples": 13107,
        "time": 18.46289324760437,
        "repeated_worlds": 345,
        "repeated_progs": 12987,
        "unique_progs": 120
    }
}