{
    "status": {
        "d_9": {
            "yes": 9575,
            "no": 0,
            "undecided": 3191,
            "unknown": 0,
            "pyes": 0.0032068385889243984,
            "pno": 0.0,
            "pundecided": 0.037481907270191656,
            "punknown": 0.0,
            "time": 18.39185070991516,
            "percY": 1254995.25,
            "percN": 0.0,
            "percU": 418244.37,
            "percUNK": 0.0,
            "l": 0.0032068385889243984,
            "u": 1.0
        },
        "a_6": {
            "yes": 3190,
            "no": 0,
            "undecided": 9576,
            "unknown": 0,
            "pyes": 2.00281805717968e-05,
            "pno": 0.0,
            "pundecided": 0.04066871767854396,
            "punknown": 0.0,
            "time": 18.470423698425293,
            "percY": 418113.3,
            "percN": 0.0,
            "percU": 1255126.32,
            "percUNK": 0.0,
            "l": 2.00281805717968e-05,
            "u": 1.0
        },
        "~a_7": {
            "yes": 787,
            "no": 2403,
            "undecided": 9576,
            "unknown": 0,
            "pyes": 9.446555598256148e-07,
            "pno": 1.9083525011971194e-05,
            "pundecided": 0.04066871767854396,
            "punknown": 0.0,
            "time": 18.62285876274109,
            "percY": 103152.09,
            "percN": 314961.21,
            "percU": 1255126.32,
            "percUNK": 0.0,
            "l": 9.446555598256148e-07,
            "u": 0.999980916474988
        }
    },
    "data": {
        "n_samples": 13107,
        "time": 62.76279282569885,
        "repeated_worlds": 341,
        "repeated_progs": 12551,
        "unique_progs": 556
    }
}