{
    "status": {
        "~a_4": {
            "yes": 9548,
            "no": 0,
            "undecided": 0,
            "unknown": 3240,
            "pyes": 0.017294423391544828,
            "pno": 0.0,
            "pundecided": 0.0,
            "punknown": 0.00480789755569019,
            "time": 13.747479677200317,
            "percY": 1251456.36,
            "percN": 0.0,
            "percU": 0.0,
            "percUNK": 424666.8,
            "l": 0.017294423391544828,
            "u": 1.0
        },
        "~a_9": {
            "yes": 6045,
            "no": 2521,
            "undecided": 4222,
            "unknown": 0,
            "pyes": 0.004938778468828361,
            "pno": 0.01575530754890622,
            "pundecided": 0.0014082349295004484,
            "punknown": 0.0,
            "time": 13.667592763900757,
            "percY": 792318.15,
            "percN": 330427.47,
            "percU": 553377.54,
            "percUNK": 0.0,
            "l": 0.004938778468828361,
            "u": 0.9842446924510938
        },
        "~a_7": {
            "yes": 2782,
            "no": 0,
            "undecided": 10006,
            "unknown": 0,
            "pyes": 4.695069102179884e-05,
            "pno": 0.0,
            "pundecided": 0.022055370256213257,
            "punknown": 0.0,
            "time": 14.063050031661987,
            "percY": 364636.74,
            "percN": 0.0,
            "percU": 1311486.42,
            "percUNK": 0.0,
            "l": 4.695069102179884e-05,
            "u": 1.0
        }
    },
    "data": {
        "n_samples": 13107,
        "time": 48.360978841781616,
        "repeated_worlds": 319,
        "repeated_progs": 12699,
        "unique_progs": 408
    }
}