{
    "status": {
        "d_14": {
            "yes": 9640,
            "no": 0,
            "undecided": 3136,
            "unknown": 0,
            "pyes": 0.0005954827106008703,
            "pno": 0.0,
            "pundecided": 0.003134524369903894,
            "punknown": 0.0,
            "time": 30.503580570220947,
            "percY": 1263514.8,
            "percN": 0.0,
            "percU": 411035.52,
            "percUNK": 0.0,
            "l": 0.0005954827106008703,
            "u": 1.0
        },
        "a_6": {
            "yes": 12776,
            "no": 0,
            "undecided": 0,
            "unknown": 0,
            "pyes": 0.003730007080504756,
            "pno": 0.0,
            "pundecided": 0.0,
            "punknown": 0.0,
            "time": 30.57268214225769,
            "percY": 1674550.32,
            "percN": 0.0,
            "percU": 0.0,
            "percUNK": 0.0,
            "l": 0.003730007080504756,
            "u": 1.0
        },
        "a_7": {
            "yes": 12776,
            "no": 0,
            "undecided": 0,
            "unknown": 0,
            "pyes": 0.003730007080504756,
            "pno": 0.0,
            "pundecided": 0.0,
            "punknown": 0.0,
            "time": 30.69123387336731,
            "percY": 1674550.32,
            "percN": 0.0,
            "percU": 0.0,
            "percUNK": 0.0,
            "l": 0.003730007080504756,
            "u": 1.0
        }
    },
    "data": {
        "n_samples": 13107,
        "time": 99.4007318019867,
        "repeated_worlds": 331,
        "repeated_progs": 12192,
        "unique_progs": 915
    }
}