{
    "status": {
        "~a_4": {
            "yes": 12790,
            "no": 0,
            "undecided": 0,
            "unknown": 0,
            "pyes": 0.016892004687797446,
            "pno": 0.0,
            "pundecided": 0.0,
            "punknown": 0.0,
            "time": 11.83456301689148,
            "percY": 1676385.3,
            "percN": 0.0,
            "percU": 0.0,
            "percUNK": 0.0,
            "l": 0.016892004687797446,
            "u": 1.0
        },
        "a_5": {
            "yes": 12790,
            "no": 0,
            "undecided": 0,
            "unknown": 0,
            "pyes": 0.016892004687797446,
            "pno": 0.0,
            "pundecided": 0.0,
            "punknown": 0.0,
            "time": 11.946799755096436,
            "percY": 1676385.3,
            "percN": 0.0,
            "percU": 0.0,
            "percUNK": 0.0,
            "l": 0.016892004687797446,
            "u": 1.0
        },
        "~a_8": {
            "yes": 6412,
            "no": 5433,
            "undecided": 945,
            "unknown": 0,
            "pyes": 0.0016631410959977693,
            "pno": 0.014745965301296352,
            "pundecided": 0.0004828982905033176,
            "punknown": 0.0,
            "time": 12.840872764587402,
            "percY": 840420.84,
            "percN": 712103.31,
            "percU": 123861.15,
            "percUNK": 0.0,
            "l": 0.0016631410959977693,
            "u": 0.9852540346987037
        }
    },
    "data": {
        "n_samples": 13107,
        "time": 43.43491077423096,
        "repeated_worlds": 317,
        "repeated_progs": 12744,
        "unique_progs": 363
    }
}