{
    "status": {
        "~d_12": {
            "yes": 9567,
            "no": 0,
            "undecided": 3215,
            "unknown": 0,
            "pyes": 0.006962653480125899,
            "pno": 0.0,
            "pundecided": 0.00014117729883371288,
            "punknown": 0.0,
            "time": 16.123461723327637,
            "percY": 1253946.69,
            "percN": 0.0,
            "percU": 421390.05,
            "percUNK": 0.0,
            "l": 0.006962653480125899,
            "u": 1.0
        },
        "a_8": {
            "yes": 6528,
            "no": 3082,
            "undecided": 3172,
            "unknown": 0,
            "pyes": 0.0015281410997825492,
            "pno": 0.005540125493911751,
            "pundecided": 3.556418526531365e-05,
            "punknown": 0.0,
            "time": 16.268653869628906,
            "percY": 855624.96,
            "percN": 403957.74,
            "percU": 415754.04,
            "percUNK": 0.0,
            "l": 0.0015281410997825492,
            "u": 0.9944598745060883
        }
    },
    "data": {
        "n_samples": 13107,
        "time": 39.15992188453674,
        "repeated_worlds": 325,
        "repeated_progs": 12592,
        "unique_progs": 515
    }
}