{
    "status": {
        "d_18": {
            "yes": 3269,
            "no": 0,
            "undecided": 9492,
            "unknown": 0,
            "pyes": 0.46028064526171747,
            "pno": 0.0,
            "pundecided": 0.00231605525722139,
            "punknown": 0.0,
            "time": 18.632133960723877,
            "percY": 428467.83,
            "percN": 0.0,
            "percU": 1244116.44,
            "percUNK": 0.0,
            "l": 0.46028064526171747,
            "u": 1.0
        },
        "a_9": {
            "yes": 5711,
            "no": 7050,
            "undecided": 0,
            "unknown": 0,
            "pyes": 0.46073955561259866,
            "pno": 0.0018571449063397685,
            "pundecided": 0.0,
            "punknown": 0.0,
            "time": 18.935431241989136,
            "percY": 748540.77,
            "percN": 924043.5,
            "percU": 0.0,
            "percUNK": 0.0,
            "l": 0.46073955561259866,
            "u": 0.9981428550936602
        }
    },
    "data": {
        "n_samples": 13107,
        "time": 44.138855934143066,
        "repeated_worlds": 346,
        "repeated_progs": 12442,
        "unique_progs": 665
    }
}