{
    "status": {
        "d_15": {
            "yes": 3252,
            "no": 0,
            "undecided": 9539,
            "unknown": 0,
            "pyes": 0.0015510234775457964,
            "pno": 0.0,
            "pundecided": 0.039697930579425854,
            "punknown": 0.0,
            "time": 7.707108497619629,
            "percY": 426239.64,
            "percN": 0.0,
            "percU": 1250276.73,
            "percUNK": 0.0,
            "l": 0.0015510234775457964,
            "u": 1.0
        },
        "a_7": {
            "yes": 1764,
            "no": 10154,
            "undecided": 873,
            "unknown": 0,
            "pyes": 0.0010353073389900629,
            "pno": 0.04008542761597309,
            "pundecided": 0.00012821910200853584,
            "punknown": 0.0,
            "time": 7.944120168685913,
            "percY": 231207.48,
            "percN": 1330884.78,
            "percU": 114424.11,
            "percUNK": 0.0,
            "l": 0.0010353073389900629,
            "u": 0.9599145723840269
        }
    },
    "data": {
        "n_samples": 13107,
        "time": 21.62861943244934,
        "repeated_worlds": 316,
        "repeated_progs": 12857,
        "unique_progs": 250
    }
}