{
    "status": {
        "~d_42": {
            "yes": 127,
            "no": 0,
            "undecided": 73,
            "unknown": 0,
            "pyes": 0.003024308935146432,
            "pno": 0.0,
            "pundecided": 0.005486710314564599,
            "punknown": 0.0,
            "time": 4.91218900680542,
            "percY": 259.08,
            "percN": 0.0,
            "percU": 148.92,
            "percUNK": 0.0,
            "l": 0.003024308935146432,
            "u": 1.0
        },
        "a_12": {
            "yes": 19,
            "no": 0,
            "undecided": 181,
            "unknown": 0,
            "pyes": 1.49431943641918e-05,
            "pno": 0.0,
            "pundecided": 0.00849607605534684,
            "punknown": 0.0,
            "time": 4.959579944610596,
            "percY": 38.76,
            "percN": 0.0,
            "percU": 369.24,
            "percUNK": 0.0,
            "l": 1.49431943641918e-05,
            "u": 1.0
        },
        "~a_17": {
            "yes": 48,
            "no": 75,
            "undecided": 77,
            "unknown": 0,
            "pyes": 0.002873531988868761,
            "pno": 6.423120757419542e-05,
            "pundecided": 0.0055732560532680735,
            "punknown": 0.0,
            "time": 5.157323122024536,
            "percY": 97.92,
            "percN": 153.0,
            "percU": 157.08,
            "percUNK": 0.0,
            "l": 0.002873531988868761,
            "u": 0.9999357687924258
        }
    },
    "data": {
        "n_samples": 204,
        "time": 15.571770429611206,
        "repeated_worlds": 4,
        "repeated_progs": 4,
        "unique_progs": 200
    }
}