{
    "status": {
        "d_65": {
            "yes": 126,
            "no": 0,
            "undecided": 72,
            "unknown": 0,
            "pyes": 0.001499426125664039,
            "pno": 0.0,
            "pundecided": 0.006363047518492368,
            "punknown": 0.0,
            "time": 4.936280727386475,
            "percY": 257.04,
            "percN": 0.0,
            "percU": 146.88,
            "percUNK": 0.0,
            "l": 0.001499426125664039,
            "u": 1.0
        },
        "a_11": {
            "yes": 44,
            "no": 0,
            "undecided": 149,
            "unknown": 5,
            "pyes": 3.676149641565838e-05,
            "pno": 0.0,
            "pundecided": 0.0069855583637535214,
            "punknown": 0.0008401537839872275,
            "time": 4.953122138977051,
            "percY": 89.76,
            "percN": 0.0,
            "percU": 303.96,
            "percUNK": 10.2,
            "l": 3.676149641565838e-05,
            "u": 1.0
        },
        "~a_15": {
            "yes": 66,
            "no": 16,
            "undecided": 116,
            "unknown": 0,
            "pyes": 0.001014678444997697,
            "pno": 4.744220966185951e-05,
            "pundecided": 0.006800352989496851,
            "punknown": 0.0,
            "time": 5.2668797969818115,
            "percY": 134.64,
            "percN": 32.64,
            "percU": 236.64,
            "percUNK": 0.0,
            "l": 0.001014678444997697,
            "u": 0.9999525577903381
        }
    },
    "data": {
        "n_samples": 204,
        "time": 15.708600282669067,
        "repeated_worlds": 6,
        "repeated_progs": 6,
        "unique_progs": 198
    }
}