{
    "status": {
        "~d_33": {
            "yes": 28,
            "no": 0,
            "undecided": 121,
            "unknown": 50,
            "pyes": 7.170314668614264e-05,
            "pno": 0.0,
            "pundecided": 0.0003289503505214625,
            "punknown": 0.001338510266412479,
            "time": 4.916463613510132,
            "percY": 57.12,
            "percN": 0.0,
            "percU": 246.84,
            "percUNK": 102.0,
            "l": 7.170314668614264e-05,
            "u": 1.0
        },
        "~a_14": {
            "yes": 18,
            "no": 0,
            "undecided": 109,
            "unknown": 72,
            "pyes": 1.1008377691392388e-05,
            "pno": 0.0,
            "pundecided": 0.0016279232177513,
            "punknown": 0.0001002321681773914,
            "time": 4.9710681438446045,
            "percY": 36.72,
            "percN": 0.0,
            "percU": 222.36,
            "percUNK": 146.88,
            "l": 1.1008377691392388e-05,
            "u": 1.0
        },
        "a_19": {
            "yes": 0,
            "no": 21,
            "undecided": 178,
            "unknown": 0,
            "pyes": 0.0,
            "pno": 1.083077277809339e-05,
            "pundecided": 0.0017283329908419904,
            "punknown": 0.0,
            "time": 5.033182859420776,
            "percY": 0.0,
            "percN": 42.84,
            "percU": 363.12,
            "percUNK": 0.0,
            "l": 0.0,
            "u": 0.9999891692272219
        }
    },
    "data": {
        "n_samples": 204,
        "time": 15.439210176467896,
        "repeated_worlds": 5,
        "repeated_progs": 5,
        "unique_progs": 199
    }
}