{
    "status": {
        "d_64": {
            "yes": 180,
            "no": 0,
            "undecided": 19,
            "unknown": 2,
            "pyes": 0.5402941667210921,
            "pno": 0.0,
            "pundecided": 3.763110733200001e-09,
            "punknown": 4.814579155932e-07,
            "time": 5.043248414993286,
            "percY": 367.2,
            "percN": 0.0,
            "percU": 38.76,
            "percUNK": 4.08,
            "l": 0.5402941667210921,
            "u": 1.0,
            "flag": "INTEREST"
        },
        "a_10": {
            "yes": 4,
            "no": 0,
            "undecided": 197,
            "unknown": 0,
            "pyes": 0.0,
            "pno": 0.0,
            "pundecided": 0.5402946519421185,
            "punknown": 0.0,
            "time": 5.0080108642578125,
            "percY": 8.16,
            "percN": 0.0,
            "percU": 401.88,
            "percUNK": 0.0,
            "l": 0.0,
            "u": 1.0
        },
        "~a_16": {
            "yes": 0,
            "no": 7,
            "undecided": 194,
            "unknown": 0,
            "pyes": 0.0,
            "pno": 4.804345839487741e-05,
            "pundecided": 0.5402466084837235,
            "punknown": 0.0,
            "time": 5.0396506786346436,
            "percY": 0.0,
            "percN": 14.28,
            "percU": 395.76,
            "percUNK": 0.0,
            "l": 0.0,
            "u": 0.9999519565416051
        }
    },
    "data": {
        "n_samples": 204,
        "time": 15.61205768585205,
        "repeated_worlds": 3,
        "repeated_progs": 3,
        "unique_progs": 201
    }
}