{
    "status": {
        "~d_29": {
            "yes": 179,
            "no": 0,
            "undecided": 18,
            "unknown": 4,
            "pyes": 0.0018682909466498719,
            "pno": 0.0,
            "pundecided": 6.031448747733566e-05,
            "punknown": 1.9278312305725449e-07,
            "time": 4.9955291748046875,
            "percY": 365.16,
            "percN": 0.0,
            "percU": 36.72,
            "percUNK": 8.16,
            "l": 0.0018682909466498719,
            "u": 1.0
        },
        "a_10": {
            "yes": 12,
            "no": 0,
            "undecided": 110,
            "unknown": 79,
            "pyes": 0.000425489333082997,
            "pno": 0.0,
            "pundecided": 0.0009049130001891907,
            "punknown": 0.0005983958839780765,
            "time": 5.029112100601196,
            "percY": 24.48,
            "percN": 0.0,
            "percU": 224.4,
            "percUNK": 161.16,
            "l": 0.000425489333082997,
            "u": 1.0
        },
        "~a_19": {
            "yes": 63,
            "no": 27,
            "undecided": 111,
            "unknown": 0,
            "pyes": 0.0004958790403807172,
            "pno": 0.00019442680795168392,
            "pundecided": 0.0012384923689178632,
            "punknown": 0.0,
            "time": 5.206060409545898,
            "percY": 128.52,
            "percN": 55.08,
            "percU": 226.44,
            "percUNK": 0.0,
            "l": 0.0004958790403807172,
            "u": 0.9998055731920483
        }
    },
    "data": {
        "n_samples": 204,
        "time": 15.753915786743164,
        "repeated_worlds": 3,
        "repeated_progs": 3,
        "unique_progs": 201
    }
}