{
    "status": {
        "a_7": {
            "yes": 121,
            "no": 0,
            "undecided": 79,
            "unknown": 0,
            "pyes": 0.008551618254122659,
            "pno": 0.0,
            "pundecided": 0.010713118136849664,
            "punknown": 0.0,
            "time": 4.9618449211120605,
            "percY": 246.84,
            "percN": 0.0,
            "percU": 161.16,
            "percUNK": 0.0,
            "l": 0.008551618254122659,
            "u": 1.0
        },
        "a_19": {
            "yes": 26,
            "no": 68,
            "undecided": 106,
            "unknown": 0,
            "pyes": 0.0037857147315217493,
            "pno": 0.004704088891415057,
            "pundecided": 0.010774932768035527,
            "punknown": 0.0,
            "time": 5.088770866394043,
            "percY": 53.04,
            "percN": 138.72,
            "percU": 216.24,
            "percUNK": 0.0,
            "l": 0.0037857147315217493,
            "u": 0.995295911108585
        },
        "~a_16": {
            "yes": 42,
            "no": 17,
            "undecided": 141,
            "unknown": 0,
            "pyes": 0.004532912102695049,
            "pno": 0.00018328475676641703,
            "pundecided": 0.014548539531510855,
            "punknown": 0.0,
            "time": 5.125027656555176,
            "percY": 85.68,
            "percN": 34.68,
            "percU": 287.64,
            "percUNK": 0.0,
            "l": 0.004532912102695049,
            "u": 0.9998167152432336
        }
    },
    "data": {
        "n_samples": 204,
        "time": 15.665814638137817,
        "repeated_worlds": 4,
        "repeated_progs": 4,
        "unique_progs": 200
    }
}