{
    "status": {
        "d_42": {
            "yes": 122,
            "no": 0,
            "undecided": 7,
            "unknown": 69,
            "pyes": 0.0062335503930757985,
            "pno": 0.0,
            "pundecided": 2.3398869711672e-07,
            "punknown": 0.0006313574609679543,
            "time": 4.981104612350464,
            "percY": 248.88,
            "percN": 0.0,
            "percU": 14.28,
            "percUNK": 140.76,
            "l": 0.0062335503930757985,
            "u": 1.0
        },
        "a_17": {
            "yes": 24,
            "no": 5,
            "undecided": 169,
            "unknown": 0,
            "pyes": 0.00031220603662962163,
            "pno": 9.288949083834243e-06,
            "pundecided": 0.006543646857027414,
            "punknown": 0.0,
            "time": 5.147046089172363,
            "percY": 48.96,
            "percN": 10.2,
            "percU": 344.76,
            "percUNK": 0.0,
            "l": 0.00031220603662962163,
            "u": 0.9999907110509162
        }
    },
    "data": {
        "n_samples": 204,
        "time": 10.684606790542603,
        "repeated_worlds": 6,
        "repeated_progs": 6,
        "unique_progs": 198
    }
}