{
    "status": {
        "~d_78": {
            "yes": 34,
            "no": 0,
            "undecided": 19,
            "unknown": 147,
            "pyes": 3.412910218857875e-05,
            "pno": 0.0,
            "pundecided": 0.0,
            "punknown": 0.005292455181264914,
            "time": 5.0179712772369385,
            "percY": 69.36,
            "percN": 0.0,
            "percU": 38.76,
            "percUNK": 299.88,
            "l": 3.412910218857875e-05,
            "u": 1.0
        },
        "a_13": {
            "yes": 11,
            "no": 0,
            "undecided": 126,
            "unknown": 63,
            "pyes": 0.00017336351423650898,
            "pno": 0.0,
            "pundecided": 0.0004082438062603204,
            "punknown": 0.004744976962956664,
            "time": 5.002508163452148,
            "percY": 22.44,
            "percN": 0.0,
            "percU": 257.04,
            "percUNK": 128.52,
            "l": 0.00017336351423650898,
            "u": 1.0
        },
        "a_15": {
            "yes": 34,
            "no": 18,
            "undecided": 148,
            "unknown": 0,
            "pyes": 6.725078715699344e-06,
            "pno": 0.00022196367086732156,
            "pundecided": 0.005097895533870473,
            "punknown": 0.0,
            "time": 5.491191864013672,
            "percY": 69.36,
            "percN": 36.72,
            "percU": 301.92,
            "percUNK": 0.0,
            "l": 6.725078715699344e-06,
            "u": 0.9997780363291326
        }
    },
    "data": {
        "n_samples": 204,
        "time": 16.11001443862915,
        "repeated_worlds": 4,
        "repeated_progs": 4,
        "unique_progs": 200
    }
}