{
    "status": {
        "d_33": {
            "yes": 177,
            "no": 0,
            "undecided": 10,
            "unknown": 14,
            "pyes": 0.006558254412525548,
            "pno": 0.0,
            "pundecided": 0.059242935336827486,
            "punknown": 2.6697064430993877e-06,
            "time": 5.036114692687988,
            "percY": 361.08,
            "percN": 0.0,
            "percU": 20.4,
            "percUNK": 28.56,
            "l": 0.006558254412525548,
            "u": 1.0
        },
        "a_19": {
            "yes": 13,
            "no": 45,
            "undecided": 141,
            "unknown": 2,
            "pyes": 0.0007938118096601048,
            "pno": 0.0015212902461432015,
            "pundecided": 0.06348771010804431,
            "punknown": 1.047291948503286e-06,
            "time": 5.171995401382446,
            "percY": 26.52,
            "percN": 91.8,
            "percU": 287.64,
            "percUNK": 4.08,
            "l": 0.0007938118096601048,
            "u": 0.9984787097538568
        },
        "~a_16": {
            "yes": 64,
            "no": 3,
            "undecided": 133,
            "unknown": 1,
            "pyes": 0.01809727565564601,
            "pno": 4.04105688815616e-10,
            "pundecided": 0.04770658272113714,
            "punknown": 6.749072990208002e-10,
            "time": 5.336891412734985,
            "percY": 130.56,
            "percN": 6.12,
            "percU": 271.32,
            "percUNK": 2.04,
            "l": 0.01809727565564601,
            "u": 0.9999999995958944
        }
    },
    "data": {
        "n_samples": 204,
        "time": 16.026803255081177,
        "repeated_worlds": 3,
        "repeated_progs": 3,
        "unique_progs": 201
    }
}