{
    "status": {
        "d_68": {
            "yes": 116,
            "no": 0,
            "undecided": 65,
            "unknown": 19,
            "pyes": 0.0010341515813671765,
            "pno": 0.0,
            "pundecided": 0.009365733771610917,
            "punknown": 0.00028657764350627316,
            "time": 6.065503358840942,
            "percY": 236.64,
            "percN": 0.0,
            "percU": 132.6,
            "percUNK": 38.76,
            "l": 0.0010341515813671765,
            "u": 1.0
        },
        "a_20": {
            "yes": 15,
            "no": 16,
            "undecided": 169,
            "unknown": 0,
            "pyes": 6.359593010261427e-05,
            "pno": 0.0002893302756388296,
            "pundecided": 0.010333536790742929,
            "punknown": 0.0,
            "time": 6.253509283065796,
            "percY": 30.6,
            "percN": 32.64,
            "percU": 344.76,
            "percUNK": 0.0,
            "l": 6.359593010261427e-05,
            "u": 0.9997106697243612
        }
    },
    "data": {
        "n_samples": 204,
        "time": 12.93953800201416,
        "repeated_worlds": 4,
        "repeated_progs": 4,
        "unique_progs": 200
    }
}