{
    "status": {
        "a_3": {
            "yes": 170,
            "no": 0,
            "undecided": 0,
            "unknown": 28,
            "pyes": 0.0024376731462121075,
            "pno": 0.0,
            "pundecided": 0.0,
            "punknown": 0.00596848055612888,
            "time": 4.952057361602783,
            "percY": 346.8,
            "percN": 0.0,
            "percU": 0.0,
            "percUNK": 57.12,
            "l": 0.0024376731462121075,
            "u": 1.0
        },
        "a_15": {
            "yes": 0,
            "no": 0,
            "undecided": 197,
            "unknown": 1,
            "pyes": 0.0,
            "pno": 0.0,
            "pundecided": 0.008406137877469326,
            "punknown": 1.5824871659520003e-08,
            "time": 5.091860771179199,
            "percY": 0.0,
            "percN": 0.0,
            "percU": 401.88,
            "percUNK": 2.04,
            "l": 0.0,
            "u": 1.0
        },
        "a_16": {
            "yes": 51,
            "no": 49,
            "undecided": 98,
            "unknown": 0,
            "pyes": 0.00023101241429498734,
            "pno": 0.0013576250841141025,
            "pundecided": 0.006817516203931899,
            "punknown": 0.0,
            "time": 5.017987489700317,
            "percY": 104.04,
            "percN": 99.96,
            "percU": 199.92,
            "percUNK": 0.0,
            "l": 0.00023101241429498734,
            "u": 0.9986423749158859
        }
    },
    "data": {
        "n_samples": 204,
        "time": 15.513078212738037,
        "repeated_worlds": 6,
        "repeated_progs": 6,
        "unique_progs": 198
    }
}