{
    "status": {
        "~a_7": {
            "yes": 23,
            "no": 0,
            "undecided": 0,
            "unknown": 173,
            "pyes": 4.265945307854736e-05,
            "pno": 0.0,
            "pundecided": 0.0,
            "punknown": 0.0005166928584183664,
            "time": 4.76849102973938,
            "percY": 46.92,
            "percN": 0.0,
            "percU": 0.0,
            "percUNK": 352.92,
            "l": 4.265945307854736e-05,
            "u": 1.0
        },
        "a_15": {
            "yes": 3,
            "no": 0,
            "undecided": 193,
            "unknown": 0,
            "pyes": 1.2650571229421262e-05,
            "pno": 0.0,
            "pundecided": 0.0005467017402674927,
            "punknown": 0.0,
            "time": 4.793895483016968,
            "percY": 6.12,
            "percN": 0.0,
            "percU": 393.72,
            "percUNK": 0.0,
            "l": 1.2650571229421262e-05,
            "u": 1.0
        },
        "a_17": {
            "yes": 6,
            "no": 11,
            "undecided": 179,
            "unknown": 0,
            "pyes": 1.2654957124905985e-05,
            "pno": 3.980180778976603e-05,
            "pundecided": 0.0005068955465822418,
            "punknown": 0.0,
            "time": 4.911954879760742,
            "percY": 12.24,
            "percN": 22.44,
            "percU": 365.16,
            "percUNK": 0.0,
            "l": 1.2654957124905985e-05,
            "u": 0.9999601981922103
        }
    },
    "data": {
        "n_samples": 204,
        "time": 14.96103310585022,
        "repeated_worlds": 8,
        "repeated_progs": 8,
        "unique_progs": 196
    }
}