{
    "status": {
        "d_31": {
            "yes": 129,
            "no": 0,
            "undecided": 32,
            "unknown": 38,
            "pyes": 0.06567060322888296,
            "pno": 0.0,
            "pundecided": 1.6184145102565101e-06,
            "punknown": 0.0001589261794994169,
            "time": 5.002568960189819,
            "percY": 263.16,
            "percN": 0.0,
            "percU": 65.28,
            "percUNK": 77.52,
            "l": 0.06567060322888296,
            "u": 1.0
        },
        "a_19": {
            "yes": 12,
            "no": 0,
            "undecided": 186,
            "unknown": 1,
            "pyes": 2.526061871971497e-05,
            "pno": 0.0,
            "pundecided": 0.06580588720417298,
            "punknown": 0.0,
            "time": 4.969328165054321,
            "percY": 24.48,
            "percN": 0.0,
            "percU": 379.44,
            "percUNK": 2.04,
            "l": 2.526061871971497e-05,
            "u": 1.0
        },
        "a_16": {
            "yes": 41,
            "no": 17,
            "undecided": 141,
            "unknown": 0,
            "pyes": 0.0002136673293042069,
            "pno": 4.738906160998532e-06,
            "pundecided": 0.06561274158742751,
            "punknown": 0.0,
            "time": 5.068700313568115,
            "percY": 83.64,
            "percN": 34.68,
            "percU": 287.64,
            "percUNK": 0.0,
            "l": 0.0002136673293042069,
            "u": 0.999995261093839
        }
    },
    "data": {
        "n_samples": 204,
        "time": 15.611958742141724,
        "repeated_worlds": 5,
        "repeated_progs": 5,
        "unique_progs": 199
    }
}