{
    "status": {
        "d_19": {
            "yes": 201,
            "no": 0,
            "undecided": 0,
            "unknown": 0,
            "pyes": 0.03748814560484679,
            "pno": 0.0,
            "pundecided": 0.0,
            "punknown": 0.0,
            "time": 2.6707983016967773,
            "percY": 410.04,
            "percN": 0.0,
            "percU": 0.0,
            "percUNK": 0.0,
            "l": 0.03748814560484679,
            "u": 1.0
        },
        "a_5": {
            "yes": 34,
            "no": 0,
            "undecided": 121,
            "unknown": 46,
            "pyes": 5.778977046460758e-05,
            "pno": 0.0,
            "pundecided": 0.0031169973748022425,
            "punknown": 0.03431335845957994,
            "time": 2.67311429977417,
            "percY": 69.36,
            "percN": 0.0,
            "percU": 246.84,
            "percUNK": 93.84,
            "l": 5.778977046460758e-05,
            "u": 1.0
        },
        "~a_8": {
            "yes": 92,
            "no": 101,
            "undecided": 8,
            "unknown": 0,
            "pyes": 0.036099407535230506,
            "pno": 0.00012111823483524976,
            "pundecided": 0.0012676198347810334,
            "punknown": 0.0,
            "time": 2.8878564834594727,
            "percY": 187.68,
            "percN": 206.04,
            "percU": 16.32,
            "percUNK": 0.0,
            "l": 0.036099407535230506,
            "u": 0.9998788817651647
        }
    },
    "data": {
        "n_samples": 204,
        "time": 8.38553524017334,
        "repeated_worlds": 3,
        "repeated_progs": 78,
        "unique_progs": 126
    }
}