{
    "status": {
        "d_12": {
            "yes": 200,
            "no": 0,
            "undecided": 0,
            "unknown": 0,
            "pyes": 0.06825765265485204,
            "pno": 0.0,
            "pundecided": 0.0,
            "punknown": 0.0,
            "time": 0.8505511283874512,
            "percY": 408.0,
            "percN": 0.0,
            "percU": 0.0,
            "percUNK": 0.0,
            "l": 0.06825765265485204,
            "u": 1.0
        },
        "a_6": {
            "yes": 57,
            "no": 0,
            "undecided": 143,
            "unknown": 0,
            "pyes": 0.0006445486274156895,
            "pno": 0.0,
            "pundecided": 0.06761310402743635,
            "punknown": 0.0,
            "time": 0.8497767448425293,
            "percY": 116.28,
            "percN": 0.0,
            "percU": 291.72,
            "percUNK": 0.0,
            "l": 0.0006445486274156895,
            "u": 1.0
        },
        "a_9": {
            "yes": 139,
            "no": 25,
            "undecided": 36,
            "unknown": 0,
            "pyes": 0.02902479520639966,
            "pno": 4.263149136992406e-05,
            "pundecided": 0.039190225957082464,
            "punknown": 0.0,
            "time": 0.8810648918151855,
            "percY": 283.56,
            "percN": 51.0,
            "percU": 73.44,
            "percUNK": 0.0,
            "l": 0.02902479520639966,
            "u": 0.99995736850863
        }
    },
    "data": {
        "n_samples": 204,
        "time": 2.6705825328826904,
        "repeated_worlds": 4,
        "repeated_progs": 164,
        "unique_progs": 40
    }
}