{
    "status": {
        "~d_9": {
            "yes": 53,
            "no": 0,
            "undecided": 148,
            "unknown": 0,
            "pyes": 0.00027808539270116354,
            "pno": 0.0,
            "pundecided": 0.009360419389925134,
            "punknown": 0.0,
            "time": 1.4887335300445557,
            "percY": 108.12,
            "percN": 0.0,
            "percU": 301.92,
            "percUNK": 0.0,
            "l": 0.00027808539270116354,
            "u": 1.0
        },
        "a_8": {
            "yes": 51,
            "no": 2,
            "undecided": 148,
            "unknown": 0,
            "pyes": 0.0002780853927010176,
            "pno": 1.4592000000000001e-16,
            "pundecided": 0.009360419389925134,
            "punknown": 0.0,
            "time": 1.521327257156372,
            "percY": 104.04,
            "percN": 4.08,
            "percU": 301.92,
            "percUNK": 0.0,
            "l": 0.0002780853927010176,
            "u": 0.9999999999999999
        },
        "~a_8": {
            "yes": 2,
            "no": 51,
            "undecided": 148,
            "unknown": 0,
            "pyes": 1.4592000000000001e-16,
            "pno": 0.0002780853927010176,
            "pundecided": 0.009360419389925134,
            "punknown": 0.0,
            "time": 1.5300052165985107,
            "percY": 4.08,
            "percN": 104.04,
            "percU": 301.92,
            "percUNK": 0.0,
            "l": 1.4592000000000001e-16,
            "u": 0.999721914607299
        }
    },
    "data": {
        "n_samples": 204,
        "time": 4.662766933441162,
        "repeated_worlds": 3,
        "repeated_progs": 135,
        "unique_progs": 69
    }
}