{
    "status": {
        "d_15": {
            "yes": 51,
            "no": 0,
            "undecided": 148,
            "unknown": 0,
            "pyes": 0.0002741688641708247,
            "pno": 0.0,
            "pundecided": 0.09734793273157491,
            "punknown": 0.0,
            "time": 2.5860939025878906,
            "percY": 104.04,
            "percN": 0.0,
            "percU": 301.92,
            "percUNK": 0.0,
            "l": 0.0002741688641708247,
            "u": 1.0
        },
        "~a_5": {
            "yes": 54,
            "no": 0,
            "undecided": 145,
            "unknown": 0,
            "pyes": 1.5573331210031333e-05,
            "pno": 0.0,
            "pundecided": 0.09760652826453567,
            "punknown": 0.0,
            "time": 2.5906550884246826,
            "percY": 110.16,
            "percN": 0.0,
            "percU": 295.8,
            "percUNK": 0.0,
            "l": 1.5573331210031333e-05,
            "u": 1.0
        },
        "~a_7": {
            "yes": 13,
            "no": 88,
            "undecided": 98,
            "unknown": 0,
            "pyes": 0.00013786305709291238,
            "pno": 5.511586262940842e-05,
            "pundecided": 0.09742912267602342,
            "punknown": 0.0,
            "time": 2.7121825218200684,
            "percY": 26.52,
            "percN": 179.52,
            "percU": 199.92,
            "percUNK": 0.0,
            "l": 0.00013786305709291238,
            "u": 0.9999448841373706
        }
    },
    "data": {
        "n_samples": 204,
        "time": 8.041382312774658,
        "repeated_worlds": 5,
        "repeated_progs": 84,
        "unique_progs": 120
    }
}