{
    "status": {
        "~d_13": {
            "yes": 201,
            "no": 0,
            "undecided": 0,
            "unknown": 0,
            "pyes": 0.0021301796763257366,
            "pno": 0.0,
            "pundecided": 0.0,
            "punknown": 0.0,
            "time": 2.525486946105957,
            "percY": 410.04,
            "percN": 0.0,
            "percU": 0.0,
            "percUNK": 0.0,
            "l": 0.0021301796763257366,
            "u": 1.0
        },
        "a_7": {
            "yes": 67,
            "no": 73,
            "undecided": 61,
            "unknown": 0,
            "pyes": 0.0006678728468970514,
            "pno": 0.0008540262152581607,
            "pundecided": 0.0006082806141705252,
            "punknown": 0.0,
            "time": 2.6530845165252686,
            "percY": 136.68,
            "percN": 148.92,
            "percU": 124.44,
            "percUNK": 0.0,
            "l": 0.0006678728468970514,
            "u": 0.9991459737847418
        }
    },
    "data": {
        "n_samples": 204,
        "time": 5.326229572296143,
        "repeated_worlds": 3,
        "repeated_progs": 85,
        "unique_progs": 119
    }
}