{
    "status": {
        "a_4": {
            "yes": 197,
            "no": 0,
            "undecided": 0,
            "unknown": 0,
            "pyes": 0.012778262436085593,
            "pno": 0.0,
            "pundecided": 0.0,
            "punknown": 0.0,
            "time": 2.618867874145508,
            "percY": 401.88,
            "percN": 0.0,
            "percU": 0.0,
            "percUNK": 0.0,
            "l": 0.012778262436085593,
            "u": 1.0
        },
        "a_5": {
            "yes": 197,
            "no": 0,
            "undecided": 0,
            "unknown": 0,
            "pyes": 0.012778262436085593,
            "pno": 0.0,
            "pundecided": 0.0,
            "punknown": 0.0,
            "time": 2.5932674407958984,
            "percY": 401.88,
            "percN": 0.0,
            "percU": 0.0,
            "percUNK": 0.0,
            "l": 0.012778262436085593,
            "u": 1.0
        },
        "a_7": {
            "yes": 73,
            "no": 124,
            "undecided": 0,
            "unknown": 0,
            "pyes": 0.012399800149151666,
            "pno": 0.00037846228693392886,
            "pundecided": 0.0,
            "punknown": 0.0,
            "time": 2.6458511352539062,
            "percY": 148.92,
            "percN": 252.96,
            "percU": 0.0,
            "percUNK": 0.0,
            "l": 0.012399800149151666,
            "u": 0.999621537713066
        }
    },
    "data": {
        "n_samples": 204,
        "time": 8.00709319114685,
        "repeated_worlds": 7,
        "repeated_progs": 82,
        "unique_progs": 122
    }
}