{
    "status": {
        "~d_9": {
            "yes": 198,
            "no": 0,
            "undecided": 0,
            "unknown": 0,
            "pyes": 0.03607479266297522,
            "pno": 0.0,
            "pundecided": 0.0,
            "punknown": 0.0,
            "time": 0.6178233623504639,
            "percY": 403.92,
            "percN": 0.0,
            "percU": 0.0,
            "percUNK": 0.0,
            "l": 0.03607479266297522,
            "u": 1.0
        },
        "a_6": {
            "yes": 198,
            "no": 0,
            "undecided": 0,
            "unknown": 0,
            "pyes": 0.03607479266297522,
            "pno": 0.0,
            "pundecided": 0.0,
            "punknown": 0.0,
            "time": 0.6166031360626221,
            "percY": 403.92,
            "percN": 0.0,
            "percU": 0.0,
            "percUNK": 0.0,
            "l": 0.03607479266297522,
            "u": 1.0
        },
        "a_8": {
            "yes": 187,
            "no": 11,
            "undecided": 0,
            "unknown": 0,
            "pyes": 0.036074790948029206,
            "pno": 1.7149460136101998e-09,
            "pundecided": 0.0,
            "punknown": 0.0,
            "time": 0.6328232288360596,
            "percY": 381.48,
            "percN": 22.44,
            "percU": 0.0,
            "percUNK": 0.0,
            "l": 0.036074790948029206,
            "u": 0.999999998285054
        }
    },
    "data": {
        "n_samples": 204,
        "time": 1.9457459449768066,
        "repeated_worlds": 6,
        "repeated_progs": 175,
        "unique_progs": 29
    }
}