{
    "status": {
        "d_12": {
            "yes": 201,
            "no": 0,
            "undecided": 0,
            "unknown": 0,
            "pyes": 0.010696241841520591,
            "pno": 0.0,
            "pundecided": 0.0,
            "punknown": 0.0,
            "time": 1.4699232578277588,
            "percY": 410.04,
            "percN": 0.0,
            "percU": 0.0,
            "percUNK": 0.0,
            "l": 0.010696241841520591,
            "u": 1.0
        },
        "~a_5": {
            "yes": 143,
            "no": 0,
            "undecided": 58,
            "unknown": 0,
            "pyes": 0.010674759535484418,
            "pno": 0.0,
            "pundecided": 2.148230603617507e-05,
            "punknown": 0.0,
            "time": 1.4857494831085205,
            "percY": 291.72,
            "percN": 0.0,
            "percU": 118.32,
            "percUNK": 0.0,
            "l": 0.010674759535484418,
            "u": 1.0
        },
        "a_8": {
            "yes": 0,
            "no": 134,
            "undecided": 67,
            "unknown": 0,
            "pyes": 0.0,
            "pno": 0.010662411589769407,
            "pundecided": 3.383025175118562e-05,
            "punknown": 0.0,
            "time": 1.5355243682861328,
            "percY": 0.0,
            "percN": 273.36,
            "percU": 136.68,
            "percUNK": 0.0,
            "l": 0.0,
            "u": 0.9893375884102306
        }
    },
    "data": {
        "n_samples": 204,
        "time": 4.610541820526123,
        "repeated_worlds": 3,
        "repeated_progs": 133,
        "unique_progs": 71
    }
}