{
    "status": {
        "~a_0": {
            "yes": 147,
            "no": 0,
            "undecided": 51,
            "unknown": 0,
            "pyes": 0.000331791062648784,
            "pno": 0.0,
            "pundecided": 0.002877360108396303,
            "punknown": 0.0,
            "time": 1.0651590824127197,
            "percY": 299.88,
            "percN": 0.0,
            "percU": 104.04,
            "percUNK": 0.0,
            "l": 0.000331791062648784,
            "u": 1.0
        },
        "a_7": {
            "yes": 57,
            "no": 0,
            "undecided": 0,
            "unknown": 141,
            "pyes": 0.00010256026349021777,
            "pno": 0.0,
            "pundecided": 0.0,
            "punknown": 0.00310659090755487,
            "time": 1.0631191730499268,
            "percY": 116.28,
            "percN": 0.0,
            "percU": 0.0,
            "percUNK": 287.64,
            "l": 0.00010256026349021777,
            "u": 1.0
        },
        "~a_8": {
            "yes": 147,
            "no": 0,
            "undecided": 51,
            "unknown": 0,
            "pyes": 0.000331791062648784,
            "pno": 0.0,
            "pundecided": 0.002877360108396303,
            "punknown": 0.0,
            "time": 1.0918266773223877,
            "percY": 299.88,
            "percN": 0.0,
            "percU": 104.04,
            "percUNK": 0.0,
            "l": 0.000331791062648784,
            "u": 1.0
        }
    },
    "data": {
        "n_samples": 204,
        "time": 3.317934513092041,
        "repeated_worlds": 6,
        "repeated_progs": 153,
        "unique_progs": 51
    }
}