{
    "status": {
        "d_9": {
            "yes": 198,
            "no": 0,
            "undecided": 0,
            "unknown": 0,
            "pyes": 0.006100834426768265,
            "pno": 0.0,
            "pundecided": 0.0,
            "punknown": 0.0,
            "time": 2.877005100250244,
            "percY": 403.92,
            "percN": 0.0,
            "percU": 0.0,
            "percUNK": 0.0,
            "l": 0.006100834426768265,
            "u": 1.0
        },
        "a_5": {
            "yes": 37,
            "no": 0,
            "undecided": 12,
            "unknown": 149,
            "pyes": 5.3371532139152134e-05,
            "pno": 0.0,
            "pundecided": 3.3441478631092233e-07,
            "punknown": 0.0060471284798428015,
            "time": 2.893444061279297,
            "percY": 75.48,
            "percN": 0.0,
            "percU": 24.48,
            "percUNK": 303.96,
            "l": 5.3371532139152134e-05,
            "u": 1.0
        },
        "~a_8": {
            "yes": 28,
            "no": 9,
            "undecided": 161,
            "unknown": 0,
            "pyes": 0.002391196659029509,
            "pno": 2.545370562451046e-07,
            "pundecided": 0.003709383230682511,
            "punknown": 0.0,
            "time": 2.907808542251587,
            "percY": 57.12,
            "percN": 18.36,
            "percU": 328.44,
            "percUNK": 0.0,
            "l": 0.002391196659029509,
            "u": 0.9999997454629438
        }
    },
    "data": {
        "n_samples": 204,
        "time": 8.83440089225769,
        "repeated_worlds": 6,
        "repeated_progs": 64,
        "unique_progs": 140
    }
}