{
    "status": {
        "~d_12": {
            "yes": 150,
            "no": 0,
            "undecided": 50,
            "unknown": 0,
            "pyes": 0.0123588549006827,
            "pno": 0.0,
            "pundecided": 0.0021855658828762842,
            "punknown": 0.0,
            "time": 1.2000789642333984,
            "percY": 306.0,
            "percN": 0.0,
            "percU": 102.0,
            "percUNK": 0.0,
            "l": 0.0123588549006827,
            "u": 1.0
        },
        "a_5": {
            "yes": 151,
            "no": 0,
            "undecided": 49,
            "unknown": 0,
            "pyes": 0.00015125394220394037,
            "pno": 0.0,
            "pundecided": 0.014393166841355045,
            "punknown": 0.0,
            "time": 1.196387529373169,
            "percY": 308.04,
            "percN": 0.0,
            "percU": 99.96,
            "percUNK": 0.0,
            "l": 0.00015125394220394037,
            "u": 1.0
        },
        "~a_7": {
            "yes": 169,
            "no": 10,
            "undecided": 21,
            "unknown": 0,
            "pyes": 0.014537910300861517,
            "pno": 2.1410182248010568e-08,
            "pundecided": 6.489072515224035e-06,
            "punknown": 0.0,
            "time": 1.2728345394134521,
            "percY": 344.76,
            "percN": 20.4,
            "percU": 42.84,
            "percUNK": 0.0,
            "l": 0.014537910300861517,
            "u": 0.9999999785898177
        }
    },
    "data": {
        "n_samples": 204,
        "time": 3.7684667110443115,
        "repeated_worlds": 4,
        "repeated_progs": 147,
        "unique_progs": 57
    }
}