{
    "status": {
        "~a_1": {
            "yes": 151,
            "no": 0,
            "undecided": 0,
            "unknown": 47,
            "pyes": 0.02129303500311876,
            "pno": 0.0,
            "pundecided": 0.0,
            "punknown": 0.000299887739699162,
            "time": 1.564103126525879,
            "percY": 308.04,
            "percN": 0.0,
            "percU": 0.0,
            "percUNK": 95.88,
            "l": 0.02129303500311876,
            "u": 1.0
        },
        "~a_6": {
            "yes": 44,
            "no": 0,
            "undecided": 154,
            "unknown": 0,
            "pyes": 0.00026254409296390364,
            "pno": 0.0,
            "pundecided": 0.02133037864985402,
            "punknown": 0.0,
            "time": 1.5936245918273926,
            "percY": 89.76,
            "percN": 0.0,
            "percU": 314.16,
            "percUNK": 0.0,
            "l": 0.00026254409296390364,
            "u": 1.0
        },
        "~a_8": {
            "yes": 43,
            "no": 0,
            "undecided": 155,
            "unknown": 0,
            "pyes": 0.0002619366080065719,
            "pno": 0.0,
            "pundecided": 0.021330986134811353,
            "punknown": 0.0,
            "time": 1.6022417545318604,
            "percY": 87.72,
            "percN": 0.0,
            "percU": 316.2,
            "percUNK": 0.0,
            "l": 0.0002619366080065719,
            "u": 1.0
        }
    },
    "data": {
        "n_samples": 204,
        "time": 4.876764535903931,
        "repeated_worlds": 6,
        "repeated_progs": 130,
        "unique_progs": 74
    }
}