{
    "status": {
        "~d_10": {
            "yes": 198,
            "no": 0,
            "undecided": 0,
            "unknown": 0,
            "pyes": 0.033339815859556116,
            "pno": 0.0,
            "pundecided": 0.0,
            "punknown": 0.0,
            "time": 1.0146608352661133,
            "percY": 403.92,
            "percN": 0.0,
            "percU": 0.0,
            "percUNK": 0.0,
            "l": 0.033339815859556116,
            "u": 1.0
        },
        "~a_5": {
            "yes": 111,
            "no": 0,
            "undecided": 87,
            "unknown": 0,
            "pyes": 0.0017798573182451673,
            "pno": 0.0,
            "pundecided": 0.03155995854131098,
            "punknown": 0.0,
            "time": 1.0460832118988037,
            "percY": 226.44,
            "percN": 0.0,
            "percU": 177.48,
            "percUNK": 0.0,
            "l": 0.0017798573182451673,
            "u": 1.0
        },
        "a_7": {
            "yes": 147,
            "no": 0,
            "undecided": 51,
            "unknown": 0,
            "pyes": 0.03328647866359789,
            "pno": 0.0,
            "pundecided": 5.3337195958214805e-05,
            "punknown": 0.0,
            "time": 1.028043508529663,
            "percY": 299.88,
            "percN": 0.0,
            "percU": 104.04,
            "percUNK": 0.0,
            "l": 0.03328647866359789,
            "u": 1.0
        }
    },
    "data": {
        "n_samples": 204,
        "time": 3.1902389526367188,
        "repeated_worlds": 6,
        "repeated_progs": 156,
        "unique_progs": 48
    }
}