{
    "status": {
        "d_12": {
            "yes": 199,
            "no": 0,
            "undecided": 0,
            "unknown": 0,
            "pyes": 0.5476805145059229,
            "pno": 0.0,
            "pundecided": 0.0,
            "punknown": 0.0,
            "time": 1.695350170135498,
            "percY": 405.96,
            "percN": 0.0,
            "percU": 0.0,
            "percUNK": 0.0,
            "l": 0.5476805145059229,
            "u": 1.0,
            "flag": "INTEREST"
        },
        "a_7": {
            "yes": 188,
            "no": 7,
            "undecided": 4,
            "unknown": 0,
            "pyes": 0.5476788156267338,
            "pno": 5.037862783734143e-08,
            "pundecided": 1.6485005613155793e-06,
            "punknown": 0.0,
            "time": 1.7258598804473877,
            "percY": 383.52,
            "percN": 14.28,
            "percU": 8.16,
            "percUNK": 0.0,
            "l": 0.5476788156267338,
            "u": 0.9999999496213722,
            "flag": "INTEREST"
        },
        "~a_8": {
            "yes": 0,
            "no": 199,
            "undecided": 0,
            "unknown": 0,
            "pyes": 0.0,
            "pno": 0.5476805145059229,
            "pundecided": 0.0,
            "punknown": 0.0,
            "time": 1.8353981971740723,
            "percY": 0.0,
            "percN": 405.96,
            "percU": 0.0,
            "percUNK": 0.0,
            "l": 0.0,
            "u": 0.4523194854940771,
            "flag": "INTEREST"
        }
    },
    "data": {
        "n_samples": 204,
        "time": 5.382778644561768,
        "repeated_worlds": 5,
        "repeated_progs": 125,
        "unique_progs": 79
    }
}