{
    "status": {
        "d_10": {
            "yes": 199,
            "no": 0,
            "undecided": 0,
            "unknown": 0,
            "pyes": 0.0036978774402236197,
            "pno": 0.0,
            "pundecided": 0.0,
            "punknown": 0.0,
            "time": 2.116682767868042,
            "percY": 405.96,
            "percN": 0.0,
            "percU": 0.0,
            "percUNK": 0.0,
            "l": 0.0036978774402236197,
            "u": 1.0
        },
        "a_6": {
            "yes": 199,
            "no": 0,
            "undecided": 0,
            "unknown": 0,
            "pyes": 0.0036978774402236197,
            "pno": 0.0,
            "pundecided": 0.0,
            "punknown": 0.0,
            "time": 2.126171827316284,
            "percY": 405.96,
            "percN": 0.0,
            "percU": 0.0,
            "percUNK": 0.0,
            "l": 0.0036978774402236197,
            "u": 1.0
        },
        "~a_7": {
            "yes": 40,
            "no": 6,
            "undecided": 153,
            "unknown": 0,
            "pyes": 4.4631446247704304e-06,
            "pno": 0.00010400617935710953,
            "pundecided": 0.0035894081162417386,
            "punknown": 0.0,
            "time": 2.1568503379821777,
            "percY": 81.6,
            "percN": 12.24,
            "percU": 312.12,
            "percUNK": 0.0,
            "l": 4.4631446247704304e-06,
            "u": 0.9998959938206429
        }
    },
    "data": {
        "n_samples": 204,
        "time": 6.5366504192352295,
        "repeated_worlds": 5,
        "repeated_progs": 106,
        "unique_progs": 98
    }
}