{
    "status": {
        "d_10": {
            "yes": 194,
            "no": 0,
            "undecided": 0,
            "unknown": 0,
            "pyes": 0.04557498969462523,
            "pno": 0.0,
            "pundecided": 0.0,
            "punknown": 0.0,
            "time": 1.669806957244873,
            "percY": 395.76,
            "percN": 0.0,
            "percU": 0.0,
            "percUNK": 0.0,
            "l": 0.04557498969462523,
            "u": 1.0
        },
        "a_7": {
            "yes": 36,
            "no": 12,
            "undecided": 146,
            "unknown": 0,
            "pyes": 0.042343526977450356,
            "pno": 0.0,
            "pundecided": 0.003231462717174863,
            "punknown": 0.0,
            "time": 1.6766433715820312,
            "percY": 73.44,
            "percN": 24.48,
            "percU": 297.84,
            "percUNK": 0.0,
            "l": 0.042343526977450356,
            "u": 1.0
        }
    },
    "data": {
        "n_samples": 204,
        "time": 3.463420867919922,
        "repeated_worlds": 10,
        "repeated_progs": 126,
        "unique_progs": 78
    }
}