{
    "status": {
        "d_16": {
            "yes": 148,
            "no": 0,
            "undecided": 52,
            "unknown": 0,
            "pyes": 0.08546504801242283,
            "pno": 0.0,
            "pundecided": 0.0003125041288652959,
            "punknown": 0.0,
            "time": 1.7214596271514893,
            "percY": 301.92,
            "percN": 0.0,
            "percU": 106.08,
            "percUNK": 0.0,
            "l": 0.08546504801242283,
            "u": 1.0
        },
        "a_5": {
            "yes": 200,
            "no": 0,
            "undecided": 0,
            "unknown": 0,
            "pyes": 0.08577755214128814,
            "pno": 0.0,
            "pundecided": 0.0,
            "punknown": 0.0,
            "time": 1.719405174255371,
            "percY": 408.0,
            "percN": 0.0,
            "percU": 0.0,
            "percUNK": 0.0,
            "l": 0.08577755214128814,
            "u": 1.0
        },
        "a_8": {
            "yes": 45,
            "no": 5,
            "undecided": 150,
            "unknown": 0,
            "pyes": 0.02799632831506604,
            "pno": 0.05698073807698842,
            "pundecided": 0.0008004857492336646,
            "punknown": 0.0,
            "time": 1.7359428405761719,
            "percY": 91.8,
            "percN": 10.2,
            "percU": 306.0,
            "percUNK": 0.0,
            "l": 0.02799632831506604,
            "u": 0.9430192619230116
        }
    },
    "data": {
        "n_samples": 204,
        "time": 5.293476581573486,
        "repeated_worlds": 4,
        "repeated_progs": 122,
        "unique_progs": 82
    }
}