{
    "status": {
        "d_18": {
            "yes": 196,
            "no": 0,
            "undecided": 0,
            "unknown": 0,
            "pyes": 0.015347457685467926,
            "pno": 0.0,
            "pundecided": 0.0,
            "punknown": 0.0,
            "time": 2.7213850021362305,
            "percY": 399.84,
            "percN": 0.0,
            "percU": 0.0,
            "percUNK": 0.0,
            "l": 0.015347457685467926,
            "u": 1.0
        },
        "a_6": {
            "yes": 196,
            "no": 0,
            "undecided": 0,
            "unknown": 0,
            "pyes": 0.015347457685467926,
            "pno": 0.0,
            "pundecided": 0.0,
            "punknown": 0.0,
            "time": 2.740447521209717,
            "percY": 399.84,
            "percN": 0.0,
            "percU": 0.0,
            "percUNK": 0.0,
            "l": 0.015347457685467926,
            "u": 1.0
        },
        "~a_7": {
            "yes": 154,
            "no": 0,
            "undecided": 42,
            "unknown": 0,
            "pyes": 0.015342156885018601,
            "pno": 0.0,
            "pundecided": 5.300800449324771e-06,
            "punknown": 0.0,
            "time": 2.749495267868042,
            "percY": 314.16,
            "percN": 0.0,
            "percU": 85.68,
            "percUNK": 0.0,
            "l": 0.015342156885018601,
            "u": 1.0
        }
    },
    "data": {
        "n_samples": 204,
        "time": 8.368191003799438,
        "repeated_worlds": 8,
        "repeated_progs": 75,
        "unique_progs": 129
    }
}