{
    "status": {
        "d_10": {
            "yes": 712,
            "no": 0,
            "undecided": 3162,
            "unknown": 68,
            "pyes": 0.003319721095776225,
            "pno": 0.0,
            "pundecided": 0.05916292062681475,
            "punknown": 5.721114117961049e-09,
            "time": 116.25235080718994,
            "percY": 14781.12,
            "percN": 0.0,
            "percU": 65643.12,
            "percUNK": 1411.68,
            "l": 0.003319721095776225,
            "u": 1.0
        },
        "~a_5": {
            "yes": 362,
            "no": 0,
            "undecided": 3580,
            "unknown": 0,
            "pyes": 4.239542168961807e-05,
            "pno": 0.0,
            "pundecided": 0.06244025202201553,
            "punknown": 0.0,
            "time": 115.94018745422363,
            "percY": 7515.12,
            "percN": 0.0,
            "percU": 74320.8,
            "percUNK": 0.0,
            "l": 4.239542168961807e-05,
            "u": 1.0
        },
        "a_7": {
            "yes": 208,
            "no": 154,
            "undecided": 3550,
            "unknown": 30,
            "pyes": 1.5276091442842972e-07,
            "pno": 4.224266077518963e-05,
            "pundecided": 0.06244025201223442,
            "punknown": 9.781110057603394e-12,
            "time": 117.77721071243286,
            "percY": 4318.08,
            "percN": 3197.04,
            "percU": 73698.0,
            "percUNK": 622.8,
            "l": 1.5276091442842972e-07,
            "u": 0.9999577573392248
        }
    },
    "data": {
        "n_samples": 2076,
        "time": 362.0475296974182,
        "repeated_programs": 105,
        "inconsistent_programs": 0,
        "worlds_consulted": 25725
    }
}