{
    "status": {
        "a_3": {
            "yes": 1522,
            "no": 0,
            "undecided": 5844,
            "unknown": 66,
            "pyes": 0.0037734708356514206,
            "pno": 0.0,
            "pundecided": 0.17984130472044046,
            "punknown": 3.6990778177467834e-07,
            "time": 213.3986520767212,
            "percY": 59510.2,
            "percN": 0.0,
            "percU": 228500.4,
            "percUNK": 2580.6,
            "l": 0.0037734708356514206,
            "u": 1.0
        },
        "a_5": {
            "yes": 812,
            "no": 0,
            "undecided": 5086,
            "unknown": 1534,
            "pyes": 2.7371015896871633e-06,
            "pno": 0.0,
            "pundecided": 0.07780330295335654,
            "punknown": 0.10580910540892732,
            "time": 213.38970518112183,
            "percY": 31749.2,
            "percN": 0.0,
            "percU": 198862.6,
            "percUNK": 59979.4,
            "l": 2.7371015896871633e-06,
            "u": 1.0
        },
        "a_7": {
            "yes": 372,
            "no": 702,
            "undecided": 6240,
            "unknown": 118,
            "pyes": 2.969752909125179e-06,
            "pno": 0.003757058578039614,
            "pundecided": 0.17982306115912405,
            "punknown": 3.2055973800688175e-05,
            "time": 216.44372272491455,
            "percY": 14545.2,
            "percN": 27448.2,
            "percU": 243984.0,
            "percUNK": 4613.8,
            "l": 2.969752909125179e-06,
            "u": 0.9962429414219603
        }
    },
    "data": {
        "n_samples": 3910,
        "time": 569.603485584259,
        "repeated_programs": 194,
        "inconsistent_programs": 0,
        "worlds_consulted": 24341
    }
}