{
    "status": {
        "d_17": {
            "yes": 3010,
            "no": 0,
            "undecided": 1690,
            "unknown": 372,
            "pyes": 0.0361988238410609,
            "pno": 0.0,
            "pundecided": 0.011573279952471023,
            "punknown": 5.708365588768847e-05,
            "time": 128.67846632003784,
            "percY": 80637.9,
            "percN": 0.0,
            "percU": 45275.1,
            "percUNK": 9965.88,
            "l": 0.0361988238410609,
            "u": 1.0
        },
        "a_7": {
            "yes": 510,
            "no": 80,
            "undecided": 4480,
            "unknown": 2,
            "pyes": 0.0015321480704307022,
            "pno": 1.0566715372585966e-06,
            "pundecided": 0.046295968248646076,
            "punknown": 1.4458806010120542e-08,
            "time": 129.3941740989685,
            "percY": 13662.9,
            "percN": 2143.2,
            "percU": 120019.2,
            "percUNK": 53.58,
            "l": 0.0015321480704307022,
            "u": 0.9999989433284627
        }
    },
    "data": {
        "n_samples": 2679,
        "time": 314.1316297054291,
        "repeated_programs": 143,
        "inconsistent_programs": 0,
        "worlds_consulted": 27090
    }
}