{
    "status": {
        "d_14": {
            "yes": 4836,
            "no": 0,
            "undecided": 210,
            "unknown": 1244,
            "pyes": 0.06760659613020481,
            "pno": 0.0,
            "pundecided": 7.275641939208214e-09,
            "punknown": 0.0004603543969572857,
            "time": 152.10150051116943,
            "percY": 159684.72,
            "percN": 0.0,
            "percU": 6934.2,
            "percUNK": 41076.88,
            "l": 0.06760659613020481,
            "u": 1.0
        },
        "~a_7": {
            "yes": 2066,
            "no": 546,
            "undecided": 3660,
            "unknown": 18,
            "pyes": 0.005407952177006492,
            "pno": 2.3892125882681355e-05,
            "pundecided": 0.06262925807111862,
            "punknown": 5.855428796528076e-06,
            "time": 154.7821478843689,
            "percY": 68219.32,
            "percN": 18028.92,
            "percU": 120853.2,
            "percUNK": 594.36,
            "l": 0.005407952177006492,
            "u": 0.9999761078741173
        },
        "~a_8": {
            "yes": 598,
            "no": 104,
            "undecided": 5556,
            "unknown": 32,
            "pyes": 3.623635413648734e-05,
            "pno": 3.439812409271192e-06,
            "pundecided": 0.06802691487570141,
            "punknown": 3.667605569511282e-07,
            "time": 152.73851251602173,
            "percY": 19745.96,
            "percN": 3434.08,
            "percU": 183459.12,
            "percUNK": 1056.64,
            "l": 3.623635413648734e-05,
            "u": 0.9999965601875908
        }
    },
    "data": {
        "n_samples": 3302,
        "time": 429.42308354377747,
        "repeated_programs": 157,
        "inconsistent_programs": 0,
        "worlds_consulted": 24556
    }
}