{
    "status": {
        "a_0": {
            "yes": 5466,
            "no": 0,
            "undecided": 2138,
            "unknown": 1530,
            "pyes": 0.0026162257816050843,
            "pno": 0.0,
            "pundecided": 0.00966942342652213,
            "punknown": 0.06806481390794791,
            "time": 217.29960680007935,
            "percY": 262422.66,
            "percN": 0.0,
            "percU": 102645.38,
            "percUNK": 73455.3,
            "l": 0.0026162257816050843,
            "u": 1.0
        },
        "a_8": {
            "yes": 1832,
            "no": 1430,
            "undecided": 5848,
            "unknown": 24,
            "pyes": 0.006321488347993108,
            "pno": 0.0013538934333400046,
            "pundecided": 0.0726748302286834,
            "punknown": 2.511060586195803e-07,
            "time": 219.16059064865112,
            "percY": 87954.32,
            "percN": 68654.3,
            "percU": 280762.48,
            "percUNK": 1152.24,
            "l": 0.006321488347993108,
            "u": 0.99864610656666
        }
    },
    "data": {
        "n_samples": 4801,
        "time": 465.3091917037964,
        "repeated_programs": 234,
        "inconsistent_programs": 0,
        "worlds_consulted": 25845
    }
}