{
    "status": {
        "a_2": {
            "yes": 24963,
            "no": 0,
            "undecided": 0,
            "unknown": 0,
            "pyes": 0.09498075027827256,
            "pno": 0.0,
            "pundecided": 0.0,
            "punknown": 0.0,
            "time": 2.2934625148773193,
            "percY": 6543800.82,
            "percN": 0.0,
            "percU": 0.0,
            "percUNK": 0.0,
            "l": 0.09498075027827256,
            "u": 1.0
        },
        "~a_6": {
            "yes": 24963,
            "no": 0,
            "undecided": 0,
            "unknown": 0,
            "pyes": 0.09498075027827256,
            "pno": 0.0,
            "pundecided": 0.0,
            "punknown": 0.0,
            "time": 2.254910707473755,
            "percY": 6543800.82,
            "percN": 0.0,
            "percU": 0.0,
            "percUNK": 0.0,
            "l": 0.09498075027827256,
            "u": 1.0
        },
        "~a_8": {
            "yes": 4641,
            "no": 1551,
            "undecided": 18771,
            "unknown": 0,
            "pyes": 0.0456042562431966,
            "pno": 0.04791732156385928,
            "pundecided": 0.001459172471216685,
            "punknown": 0.0,
            "time": 2.3390867710113525,
            "percY": 1216591.74,
            "percN": 406579.14,
            "percU": 4920629.94,
            "percUNK": 0.0,
            "l": 0.0456042562431966,
            "u": 0.9520826784361407
        }
    },
    "data": {
        "n_samples": 26214,
        "time": 16.966397047042847,
        "repeated_worlds": 1251,
        "repeated_progs": 26142,
        "unique_progs": 72
    }
}