{
    "status": {
        "d_17": {
            "yes": 24980,
            "no": 0,
            "undecided": 0,
            "unknown": 0,
            "pyes": 0.08789261613034541,
            "pno": 0.0,
            "pundecided": 0.0,
            "punknown": 0.0,
            "time": 27.07876443862915,
            "percY": 6548257.2,
            "percN": 0.0,
            "percU": 0.0,
            "percUNK": 0.0,
            "l": 0.08789261613034541,
            "u": 1.0
        },
        "~a_7": {
            "yes": 2585,
            "no": 2094,
            "undecided": 20301,
            "unknown": 0,
            "pyes": 9.582906175523097e-07,
            "pno": 4.9223154625576665e-05,
            "pundecided": 0.08784243468510232,
            "punknown": 0.0,
            "time": 27.181923151016235,
            "percY": 677631.9,
            "percN": 548921.16,
            "percU": 5321704.14,
            "percUNK": 0.0,
            "l": 9.582906175523097e-07,
            "u": 0.9999507768453745
        },
        "a_7": {
            "yes": 2094,
            "no": 2585,
            "undecided": 20301,
            "unknown": 0,
            "pyes": 4.9223154625576665e-05,
            "pno": 9.582906175523097e-07,
            "pundecided": 0.08784243468510232,
            "punknown": 0.0,
            "time": 26.908446788787842,
            "percY": 548921.16,
            "percN": 677631.9,
            "percU": 5321704.14,
            "percUNK": 0.0,
            "l": 4.9223154625576665e-05,
            "u": 0.9999990417093825
        }
    },
    "data": {
        "n_samples": 26214,
        "time": 94.77540516853333,
        "repeated_worlds": 1234,
        "repeated_progs": 25374,
        "unique_progs": 840
    }
}