{
    "status": {
        "d_18": {
            "yes": 18761,
            "no": 0,
            "undecided": 4637,
            "unknown": 1518,
            "pyes": 0.08084810429215,
            "pno": 0.0,
            "pundecided": 0.0002738578938794614,
            "punknown": 0.004767659520465192,
            "time": 5.01564884185791,
            "percY": 4918008.54,
            "percN": 0.0,
            "percU": 1215543.18,
            "percUNK": 397928.52,
            "l": 0.08084810429215,
            "u": 1.0
        },
        "a_8": {
            "yes": 6134,
            "no": 0,
            "undecided": 18782,
            "unknown": 0,
            "pyes": 0.0017031835827278723,
            "pno": 0.0,
            "pundecided": 0.08418643812376705,
            "punknown": 0.0,
            "time": 4.973450183868408,
            "percY": 1607966.76,
            "percN": 0.0,
            "percU": 4923513.48,
            "percUNK": 0.0,
            "l": 0.0017031835827278723,
            "u": 1.0
        }
    },
    "data": {
        "n_samples": 26214,
        "time": 20.611280918121338,
        "repeated_worlds": 1298,
        "repeated_progs": 26060,
        "unique_progs": 154
    }
}