{
    "status": {
        "a_1": {
            "yes": 24937,
            "no": 0,
            "undecided": 0,
            "unknown": 0,
            "pyes": 0.025646043877254013,
            "pno": 0.0,
            "pundecided": 0.0,
            "punknown": 0.0,
            "time": 10.183018922805786,
            "percY": 6536985.18,
            "percN": 0.0,
            "percU": 0.0,
            "percUNK": 0.0,
            "l": 0.025646043877254013,
            "u": 1.0
        },
        "a_5": {
            "yes": 18557,
            "no": 0,
            "undecided": 6380,
            "unknown": 0,
            "pyes": 0.02563114804173325,
            "pno": 0.0,
            "pundecided": 1.4895835520751244e-05,
            "punknown": 0.0,
            "time": 10.150544166564941,
            "percY": 4864531.98,
            "percN": 0.0,
            "percU": 1672453.2,
            "percUNK": 0.0,
            "l": 0.02563114804173325,
            "u": 1.0
        },
        "~a_8": {
            "yes": 0,
            "no": 4596,
            "undecided": 20341,
            "unknown": 0,
            "pyes": 0.0,
            "pno": 0.019891003749634203,
            "pundecided": 0.005755040127619842,
            "punknown": 0.0,
            "time": 10.163755655288696,
            "percY": 0.0,
            "percN": 1204795.44,
            "percU": 5332189.74,
            "percUNK": 0.0,
            "l": 0.0,
            "u": 0.9801089962503658
        }
    },
    "data": {
        "n_samples": 26214,
        "time": 42.224735736846924,
        "repeated_worlds": 1277,
        "repeated_progs": 25894,
        "unique_progs": 320
    }
}