{
    "status": {
        "~a_0": {
            "yes": 24933,
            "no": 0,
            "undecided": 0,
            "unknown": 0,
            "pyes": 0.06773648307118164,
            "pno": 0.0,
            "pundecided": 0.0,
            "punknown": 0.0,
            "time": 4.974118232727051,
            "percY": 6535936.62,
            "percN": 0.0,
            "percU": 0.0,
            "percUNK": 0.0,
            "l": 0.06773648307118164,
            "u": 1.0
        },
        "a_8": {
            "yes": 14111,
            "no": 4578,
            "undecided": 6244,
            "unknown": 0,
            "pyes": 0.0016284329620652814,
            "pno": 0.007181767240220906,
            "pundecided": 0.05892628286889616,
            "punknown": 0.0,
            "time": 5.3492350578308105,
            "percY": 3699057.54,
            "percN": 1200076.92,
            "percU": 1636802.16,
            "percUNK": 0.0,
            "l": 0.0016284329620652814,
            "u": 0.9928182327597791
        }
    },
    "data": {
        "n_samples": 26214,
        "time": 21.31172013282776,
        "repeated_worlds": 1281,
        "repeated_progs": 26056,
        "unique_progs": 158
    }
}