{
    "status": {
        "d_10": {
            "yes": 24913,
            "no": 0,
            "undecided": 0,
            "unknown": 0,
            "pyes": 0.0688917504614429,
            "pno": 0.0,
            "pundecided": 0.0,
            "punknown": 0.0,
            "time": 6.121374607086182,
            "percY": 6530693.82,
            "percN": 0.0,
            "percU": 0.0,
            "percUNK": 0.0,
            "l": 0.0688917504614429,
            "u": 1.0
        },
        "a_6": {
            "yes": 24913,
            "no": 0,
            "undecided": 0,
            "unknown": 0,
            "pyes": 0.0688917504614429,
            "pno": 0.0,
            "pundecided": 0.0,
            "punknown": 0.0,
            "time": 6.066521644592285,
            "percY": 6530693.82,
            "percN": 0.0,
            "percU": 0.0,
            "percUNK": 0.0,
            "l": 0.0688917504614429,
            "u": 1.0
        },
        "a_7": {
            "yes": 2710,
            "no": 18707,
            "undecided": 3496,
            "unknown": 0,
            "pyes": 0.007526186601134349,
            "pno": 0.018580135077821795,
            "pundecided": 0.04278542878248658,
            "punknown": 0.0,
            "time": 6.4508867263793945,
            "percY": 710399.4,
            "percN": 4903852.98,
            "percU": 916441.44,
            "percUNK": 0.0,
            "l": 0.007526186601134349,
            "u": 0.9814198649221783
        }
    },
    "data": {
        "n_samples": 26214,
        "time": 28.612377405166626,
        "repeated_worlds": 1301,
        "repeated_progs": 25998,
        "unique_progs": 216
    }
}