{
    "status": {
        "~d_11": {
            "yes": 24987,
            "no": 0,
            "undecided": 0,
            "unknown": 0,
            "pyes": 0.45662026497605157,
            "pno": 0.0,
            "pundecided": 0.0,
            "punknown": 0.0,
            "time": 8.528429508209229,
            "percY": 6550092.18,
            "percN": 0.0,
            "percU": 0.0,
            "percUNK": 0.0,
            "l": 0.45662026497605157,
            "u": 1.0
        },
        "a_6": {
            "yes": 6199,
            "no": 0,
            "undecided": 18788,
            "unknown": 0,
            "pyes": 0.0005880495249859246,
            "pno": 0.0,
            "pundecided": 0.4560322154510662,
            "punknown": 0.0,
            "time": 8.503658771514893,
            "percY": 1625005.86,
            "percN": 0.0,
            "percU": 4925086.32,
            "percUNK": 0.0,
            "l": 0.0005880495249859246,
            "u": 1.0
        },
        "a_8": {
            "yes": 6199,
            "no": 0,
            "undecided": 18788,
            "unknown": 0,
            "pyes": 0.0005880495249859246,
            "pno": 0.0,
            "pundecided": 0.4560322154510662,
            "punknown": 0.0,
            "time": 8.596456289291382,
            "percY": 1625005.86,
            "percN": 0.0,
            "percU": 4925086.32,
            "percUNK": 0.0,
            "l": 0.0005880495249859246,
            "u": 1.0
        }
    },
    "data": {
        "n_samples": 26214,
        "time": 37.15886926651001,
        "repeated_worlds": 1227,
        "repeated_progs": 25950,
        "unique_progs": 264
    }
}