{
    "status": {
        "a_4": {
            "yes": 24966,
            "no": 0,
            "undecided": 0,
            "unknown": 0,
            "pyes": 0.4062057844744006,
            "pno": 0.0,
            "pundecided": 0.0,
            "punknown": 0.0,
            "time": 16.427451848983765,
            "percY": 6544587.24,
            "percN": 0.0,
            "percU": 0.0,
            "percUNK": 0.0,
            "l": 0.4062057844744006,
            "u": 1.0
        },
        "a_7": {
            "yes": 7860,
            "no": 298,
            "undecided": 16808,
            "unknown": 0,
            "pyes": 0.000338176077031836,
            "pno": 2.974854555437055e-06,
            "pundecided": 0.40586463354281466,
            "punknown": 0.0,
            "time": 16.547751665115356,
            "percY": 2060420.4,
            "percN": 78117.72,
            "percU": 4406049.12,
            "percUNK": 0.0,
            "l": 0.000338176077031836,
            "u": 0.9999970251454445
        }
    },
    "data": {
        "n_samples": 26214,
        "time": 45.510327100753784,
        "repeated_worlds": 1248,
        "repeated_progs": 25702,
        "unique_progs": 512
    }
}