{
    "status": {
        "~a_2": {
            "yes": 24927,
            "no": 0,
            "undecided": 0,
            "unknown": 0,
            "pyes": 0.04877177023719369,
            "pno": 0.0,
            "pundecided": 0.0,
            "punknown": 0.0,
            "time": 9.653267860412598,
            "percY": 6534363.78,
            "percN": 0.0,
            "percU": 0.0,
            "percUNK": 0.0,
            "l": 0.04877177023719369,
            "u": 1.0
        },
        "~a_7": {
            "yes": 6230,
            "no": 0,
            "undecided": 18697,
            "unknown": 0,
            "pyes": 0.00527577771057192,
            "pno": 0.0,
            "pundecided": 0.04349599252662178,
            "punknown": 0.0,
            "time": 9.833268404006958,
            "percY": 1633132.2,
            "percN": 0.0,
            "percU": 4901231.58,
            "percUNK": 0.0,
            "l": 0.00527577771057192,
            "u": 1.0
        },
        "a_7": {
            "yes": 0,
            "no": 6230,
            "undecided": 18697,
            "unknown": 0,
            "pyes": 0.0,
            "pno": 0.00527577771057192,
            "pundecided": 0.04349599252662178,
            "punknown": 0.0,
            "time": 9.992733716964722,
            "percY": 0.0,
            "percN": 1633132.2,
            "percU": 4901231.58,
            "percUNK": 0.0,
            "l": 0.0,
            "u": 0.994724222289428
        }
    },
    "data": {
        "n_samples": 26214,
        "time": 41.63936710357666,
        "repeated_worlds": 1287,
        "repeated_progs": 25910,
        "unique_progs": 304
    }
}