{
    "status": {
        "d_13": {
            "yes": 18731,
            "no": 0,
            "undecided": 6237,
            "unknown": 0,
            "pyes": 0.028756937735758555,
            "pno": 0.0,
            "pundecided": 3.9841891338458995e-05,
            "punknown": 0.0,
            "time": 31.97689199447632,
            "percY": 4910144.34,
            "percN": 0.0,
            "percU": 1634967.18,
            "percUNK": 0.0,
            "l": 0.028756937735758555,
            "u": 1.0
        },
        "a_5": {
            "yes": 18746,
            "no": 0,
            "undecided": 6222,
            "unknown": 0,
            "pyes": 0.004513233512936486,
            "pno": 0.0,
            "pundecided": 0.024283546114160504,
            "punknown": 0.0,
            "time": 31.917609930038452,
            "percY": 4914076.44,
            "percN": 0.0,
            "percU": 1631035.08,
            "percUNK": 0.0,
            "l": 0.004513233512936486,
            "u": 1.0
        },
        "a_8": {
            "yes": 6121,
            "no": 0,
            "undecided": 18847,
            "unknown": 0,
            "pyes": 0.02366848120259983,
            "pno": 0.0,
            "pundecided": 0.005128298424497152,
            "punknown": 0.0,
            "time": 32.2915244102478,
            "percY": 1604558.94,
            "percN": 0.0,
            "percU": 4940552.58,
            "percUNK": 0.0,
            "l": 0.02366848120259983,
            "u": 1.0
        }
    },
    "data": {
        "n_samples": 26214,
        "time": 109.68276166915894,
        "repeated_worlds": 1246,
        "repeated_progs": 25217,
        "unique_progs": 997
    }
}