{
    "status": {
        "a_3": {
            "yes": 6264,
            "no": 0,
            "undecided": 18660,
            "unknown": 0,
            "pyes": 0.0035028185927975628,
            "pno": 0.0,
            "pundecided": 0.08497682595743265,
            "punknown": 0.0,
            "time": 10.97175908088684,
            "percY": 1642044.96,
            "percN": 0.0,
            "percU": 4891532.4,
            "percUNK": 0.0,
            "l": 0.0035028185927975628,
            "u": 1.0
        },
        "a_6": {
            "yes": 6264,
            "no": 0,
            "undecided": 18660,
            "unknown": 0,
            "pyes": 0.0035028185927975628,
            "pno": 0.0,
            "pundecided": 0.08497682595743265,
            "punknown": 0.0,
            "time": 10.990492105484009,
            "percY": 1642044.96,
            "percN": 0.0,
            "percU": 4891532.4,
            "percUNK": 0.0,
            "l": 0.0035028185927975628,
            "u": 1.0
        },
        "a_7": {
            "yes": 6264,
            "no": 0,
            "undecided": 18660,
            "unknown": 0,
            "pyes": 0.0035028185927975628,
            "pno": 0.0,
            "pundecided": 0.08497682595743265,
            "punknown": 0.0,
            "time": 11.151674509048462,
            "percY": 1642044.96,
            "percN": 0.0,
            "percU": 4891532.4,
            "percUNK": 0.0,
            "l": 0.0035028185927975628,
            "u": 1.0
        }
    },
    "data": {
        "n_samples": 26214,
        "time": 45.69557046890259,
        "repeated_worlds": 1290,
        "repeated_progs": 25870,
        "unique_progs": 344
    }
}