{
    "status": {
        "d_10": {
            "yes": 6119,
            "no": 0,
            "undecided": 18856,
            "unknown": 0,
            "pyes": 0.03881206237841964,
            "pno": 0.0,
            "pundecided": 0.002715716743347819,
            "punknown": 0.0,
            "time": 24.411470890045166,
            "percY": 1604034.66,
            "percN": 0.0,
            "percU": 4942911.84,
            "percUNK": 0.0,
            "l": 0.03881206237841964,
            "u": 1.0
        },
        "a_7": {
            "yes": 9656,
            "no": 0,
            "undecided": 15319,
            "unknown": 0,
            "pyes": 0.03745265583686287,
            "pno": 0.0,
            "pundecided": 0.00407512328490454,
            "punknown": 0.0,
            "time": 24.677009344100952,
            "percY": 2531223.84,
            "percN": 0.0,
            "percU": 4015722.66,
            "percUNK": 0.0,
            "l": 0.03745265583686287,
            "u": 1.0
        },
        "~a_7": {
            "yes": 0,
            "no": 9656,
            "undecided": 15319,
            "unknown": 0,
            "pyes": 0.0,
            "pno": 0.03745265583686287,
            "pundecided": 0.00407512328490454,
            "punknown": 0.0,
            "time": 25.00284695625305,
            "percY": 0.0,
            "percN": 2531223.84,
            "percU": 4015722.66,
            "percUNK": 0.0,
            "l": 0.0,
            "u": 0.9625473441631371
        }
    },
    "data": {
        "n_samples": 26214,
        "time": 87.99589443206787,
        "repeated_worlds": 1239,
        "repeated_progs": 25490,
        "unique_progs": 724
    }
}