{
    "status": {
        "d_9": {
            "yes": 24891,
            "no": 0,
            "undecided": 0,
            "unknown": 0,
            "pyes": 0.0797113958312227,
            "pno": 0.0,
            "pundecided": 0.0,
            "punknown": 0.0,
            "time": 18.103129386901855,
            "percY": 6524926.74,
            "percN": 0.0,
            "percU": 0.0,
            "percUNK": 0.0,
            "l": 0.0797113958312227,
            "u": 1.0
        },
        "~a_8": {
            "yes": 17580,
            "no": 1195,
            "undecided": 6116,
            "unknown": 0,
            "pyes": 0.020536650888648412,
            "pno": 0.04593814195619348,
            "pundecided": 0.013236602986381484,
            "punknown": 0.0,
            "time": 18.238428831100464,
            "percY": 4608421.2,
            "percN": 313257.3,
            "percU": 1603248.24,
            "percUNK": 0.0,
            "l": 0.020536650888648412,
            "u": 0.9540618580438065
        }
    },
    "data": {
        "n_samples": 26214,
        "time": 48.508052349090576,
        "repeated_worlds": 1323,
        "repeated_progs": 25642,
        "unique_progs": 572
    }
}