{
    "status": {
        "d_10": {
            "yes": 6151,
            "no": 0,
            "undecided": 18742,
            "unknown": 0,
            "pyes": 0.0069651234258252806,
            "pno": 0.0,
            "pundecided": 0.00381996944643362,
            "punknown": 0.0,
            "time": 29.78551411628723,
            "percY": 1612423.14,
            "percN": 0.0,
            "percU": 4913027.88,
            "percUNK": 0.0,
            "l": 0.0069651234258252806,
            "u": 1.0
        },
        "~a_9": {
            "yes": 12406,
            "no": 6365,
            "undecided": 6122,
            "unknown": 0,
            "pyes": 0.002147903298892762,
            "pno": 0.008141855899922635,
            "pundecided": 0.0004953336734435072,
            "punknown": 0.0,
            "time": 29.951170682907104,
            "percY": 3252108.84,
            "percN": 1668521.1,
            "percU": 1604821.08,
            "percUNK": 0.0,
            "l": 0.002147903298892762,
            "u": 0.9918581441000773
        }
    },
    "data": {
        "n_samples": 26214,
        "time": 72.8581154346466,
        "repeated_worlds": 1321,
        "repeated_progs": 25281,
        "unique_progs": 933
    }
}