{
    "status": {
        "a_8": {
            "yes": 6236,
            "no": 0,
            "undecided": 18639,
            "unknown": 0,
            "pyes": 0.3952668354593385,
            "pno": 0.0,
            "pundecided": 0.012609407178701636,
            "punknown": 0.0,
            "time": 6.088411569595337,
            "percY": 1634705.04,
            "percN": 0.0,
            "percU": 4886027.46,
            "percUNK": 0.0,
            "l": 0.3952668354593385,
            "u": 1.0
        },
        "~a_9": {
            "yes": 6333,
            "no": 0,
            "undecided": 0,
            "unknown": 18542,
            "pyes": 0.002320970043488953,
            "pno": 0.0,
            "pundecided": 0.0,
            "punknown": 0.40555527259455304,
            "time": 6.195587635040283,
            "percY": 1660132.62,
            "percN": 0.0,
            "percU": 0.0,
            "percUNK": 4860599.88,
            "l": 0.002320970043488953,
            "u": 1.0
        },
        "~a_7": {
            "yes": 5945,
            "no": 0,
            "undecided": 18930,
            "unknown": 0,
            "pyes": 0.3944001112338162,
            "pno": 0.0,
            "pundecided": 0.01347613140422411,
            "punknown": 0.0,
            "time": 6.232367753982544,
            "percY": 1558422.3,
            "percN": 0.0,
            "percU": 4962310.2,
            "percUNK": 0.0,
            "l": 0.3944001112338162,
            "u": 1.0
        }
    },
    "data": {
        "n_samples": 26214,
        "time": 30.191882371902466,
        "repeated_worlds": 1339,
        "repeated_progs": 26022,
        "unique_progs": 192
    }
}