{
    "status": {
        "d_13": {
            "yes": 6368,
            "no": 0,
            "undecided": 13905,
            "unknown": 4690,
            "pyes": 0.04957765524482636,
            "pno": 0.0,
            "pundecided": 0.013311080458990267,
            "punknown": 0.00014038369845779423,
            "time": 4.60922908782959,
            "percY": 1669307.52,
            "percN": 0.0,
            "percU": 3645056.7,
            "percUNK": 1229436.6,
            "l": 0.04957765524482636,
            "u": 1.0
        },
        "~a_9": {
            "yes": 15599,
            "no": 9364,
            "undecided": 0,
            "unknown": 0,
            "pyes": 0.059941009794517,
            "pno": 0.0030881096077572333,
            "pundecided": 0.0,
            "punknown": 0.0,
            "time": 5.177730560302734,
            "percY": 4089121.86,
            "percN": 2454678.96,
            "percU": 0.0,
            "percUNK": 0.0,
            "l": 0.059941009794517,
            "u": 0.9969118903922428
        },
        "a_9": {
            "yes": 9364,
            "no": 15599,
            "undecided": 0,
            "unknown": 0,
            "pyes": 0.0030881096077572333,
            "pno": 0.059941009794517,
            "pundecided": 0.0,
            "punknown": 0.0,
            "time": 5.181873083114624,
            "percY": 2454678.96,
            "percN": 4089121.86,
            "percU": 0.0,
            "percUNK": 0.0,
            "l": 0.0030881096077572333,
            "u": 0.940058990205483
        }
    },
    "data": {
        "n_samples": 26214,
        "time": 26.25804901123047,
        "repeated_worlds": 1251,
        "repeated_progs": 26064,
        "unique_progs": 150
    }
}