{
    "status": {
        "d_14": {
            "yes": 6327,
            "no": 0,
            "undecided": 18631,
            "unknown": 0,
            "pyes": 0.04622916803212773,
            "pno": 0.0,
            "pundecided": 0.028078839967414816,
            "punknown": 0.0,
            "time": 7.148453712463379,
            "percY": 1658559.78,
            "percN": 0.0,
            "percU": 4883930.34,
            "percUNK": 0.0,
            "l": 0.04622916803212773,
            "u": 1.0
        },
        "~a_8": {
            "yes": 22739,
            "no": 1591,
            "undecided": 628,
            "unknown": 0,
            "pyes": 0.06998898314977746,
            "pno": 0.00407496367343938,
            "pundecided": 0.0002440611763247725,
            "punknown": 0.0,
            "time": 7.6791770458221436,
            "percY": 5960801.46,
            "percN": 417064.74,
            "percU": 164623.92,
            "percUNK": 0.0,
            "l": 0.06998898314977746,
            "u": 0.9959250363265606
        },
        "a_7": {
            "yes": 20326,
            "no": 2366,
            "undecided": 2266,
            "unknown": 0,
            "pyes": 0.022770250560171207,
            "pno": 0.050848125018509986,
            "pundecided": 0.0006896324208613228,
            "punknown": 0.0,
            "time": 7.587835788726807,
            "percY": 5328257.64,
            "percN": 620223.24,
            "percU": 594009.24,
            "percUNK": 0.0,
            "l": 0.022770250560171207,
            "u": 0.94915187498149
        }
    },
    "data": {
        "n_samples": 26214,
        "time": 33.5338032245636,
        "repeated_worlds": 1256,
        "repeated_progs": 25986,
        "unique_progs": 228
    }
}