{
    "status": {
        "d_10": {
            "yes": 24932,
            "no": 0,
            "undecided": 0,
            "unknown": 0,
            "pyes": 0.011339507059376194,
            "pno": 0.0,
            "pundecided": 0.0,
            "punknown": 0.0,
            "time": 15.257499933242798,
            "percY": 6535674.48,
            "percN": 0.0,
            "percU": 0.0,
            "percUNK": 0.0,
            "l": 0.011339507059376194,
            "u": 1.0
        },
        "~a_7": {
            "yes": 6705,
            "no": 11880,
            "undecided": 6347,
            "unknown": 0,
            "pyes": 0.0037035190061088376,
            "pno": 0.005769044636785668,
            "pundecided": 0.0018669434164816933,
            "punknown": 0.0,
            "time": 15.512731552124023,
            "percY": 1757648.7,
            "percN": 3114223.2,
            "percU": 1663802.58,
            "percUNK": 0.0,
            "l": 0.0037035190061088376,
            "u": 0.9942309553632144
        },
        "a_9": {
            "yes": 4575,
            "no": 20357,
            "undecided": 0,
            "unknown": 0,
            "pyes": 0.0015587198161571014,
            "pno": 0.00978078724321908,
            "pundecided": 0.0,
            "punknown": 0.0,
            "time": 15.724421739578247,
            "percY": 1199290.5,
            "percN": 5336383.98,
            "percU": 0.0,
            "percUNK": 0.0,
            "l": 0.0015587198161571014,
            "u": 0.9902192127567809
        }
    },
    "data": {
        "n_samples": 26214,
        "time": 59.02097940444946,
        "repeated_worlds": 1282,
        "repeated_progs": 25739,
        "unique_progs": 475
    }
}