{
    "status": {
        "d_16": {
            "yes": 24970,
            "no": 0,
            "undecided": 0,
            "unknown": 0,
            "pyes": 0.03046815665291173,
            "pno": 0.0,
            "pundecided": 0.0,
            "punknown": 0.0,
            "time": 24.25007915496826,
            "percY": 6545635.8,
            "percN": 0.0,
            "percU": 0.0,
            "percUNK": 0.0,
            "l": 0.03046815665291173,
            "u": 1.0
        },
        "a_8": {
            "yes": 6109,
            "no": 0,
            "undecided": 18861,
            "unknown": 0,
            "pyes": 0.000444986441606437,
            "pno": 0.0,
            "pundecided": 0.030023170211305353,
            "punknown": 0.0,
            "time": 24.96777844429016,
            "percY": 1601413.26,
            "percN": 0.0,
            "percU": 4944222.54,
            "percUNK": 0.0,
            "l": 0.000444986441606437,
            "u": 1.0
        }
    },
    "data": {
        "n_samples": 26214,
        "time": 60.78705668449402,
        "repeated_worlds": 1244,
        "repeated_progs": 25366,
        "unique_progs": 848
    }
}