{
    "status": {
        "d_11": {
            "yes": 18658,
            "no": 0,
            "undecided": 6299,
            "unknown": 0,
            "pyes": 0.004003687942110664,
            "pno": 0.0,
            "pundecided": 0.134151627988586,
            "punknown": 0.0,
            "time": 39.24353504180908,
            "percY": 4891008.12,
            "percN": 0.0,
            "percU": 1651219.86,
            "percUNK": 0.0,
            "l": 0.004003687942110664,
            "u": 1.0
        },
        "a_6": {
            "yes": 24957,
            "no": 0,
            "undecided": 0,
            "unknown": 0,
            "pyes": 0.13815531593069638,
            "pno": 0.0,
            "pundecided": 0.0,
            "punknown": 0.0,
            "time": 39.16179037094116,
            "percY": 6542227.98,
            "percN": 0.0,
            "percU": 0.0,
            "percUNK": 0.0,
            "l": 0.13815531593069638,
            "u": 1.0
        },
        "a_8": {
            "yes": 0,
            "no": 18701,
            "undecided": 6256,
            "unknown": 0,
            "pyes": 0.0,
            "pno": 0.13743299961648264,
            "pundecided": 0.0007223163142135822,
            "punknown": 0.0,
            "time": 40.39529371261597,
            "percY": 0.0,
            "percN": 4902280.14,
            "percU": 1639947.84,
            "percUNK": 0.0,
            "l": 0.0,
            "u": 0.8625670003835173
        }
    },
    "data": {
        "n_samples": 26214,
        "time": 134.11460733413696,
        "repeated_worlds": 1257,
        "repeated_progs": 25051,
        "unique_progs": 1163
    }
}