{
    "status": {
        "a_0": {
            "yes": 24905,
            "no": 0,
            "undecided": 0,
            "unknown": 0,
            "pyes": 0.05741661483565066,
            "pno": 0.0,
            "pundecided": 0.0,
            "punknown": 0.0,
            "time": 4.836760759353638,
            "percY": 6528596.7,
            "percN": 0.0,
            "percU": 0.0,
            "percUNK": 0.0,
            "l": 0.05741661483565066,
            "u": 1.0
        },
        "a_9": {
            "yes": 20891,
            "no": 0,
            "undecided": 4014,
            "unknown": 0,
            "pyes": 0.05608966084291262,
            "pno": 0.0,
            "pundecided": 0.001326953992738176,
            "punknown": 0.0,
            "time": 4.859088659286499,
            "percY": 5476366.74,
            "percN": 0.0,
            "percU": 1052229.96,
            "percUNK": 0.0,
            "l": 0.05608966084291262,
            "u": 1.0
        },
        "~a_9": {
            "yes": 0,
            "no": 20891,
            "undecided": 4014,
            "unknown": 0,
            "pyes": 0.0,
            "pno": 0.05608966084291262,
            "pundecided": 0.001326953992738176,
            "punknown": 0.0,
            "time": 4.952462911605835,
            "percY": 0.0,
            "percN": 5476366.74,
            "percU": 1052229.96,
            "percUNK": 0.0,
            "l": 0.0,
            "u": 0.9439103391570873
        }
    },
    "data": {
        "n_samples": 26214,
        "time": 24.890615940093994,
        "repeated_worlds": 1309,
        "repeated_progs": 26048,
        "unique_progs": 166
    }
}