{
    "status": {
        "~a_2": {
            "yes": 6164,
            "no": 0,
            "undecided": 0,
            "unknown": 18740,
            "pyes": 4.586311845391528e-05,
            "pno": 0.0,
            "pundecided": 0.0,
            "punknown": 0.11922289252730811,
            "time": 12.523425579071045,
            "percY": 1615830.96,
            "percN": 0.0,
            "percU": 0.0,
            "percUNK": 4912503.6,
            "l": 4.586311845391528e-05,
            "u": 1.0
        },
        "a_6": {
            "yes": 24904,
            "no": 0,
            "undecided": 0,
            "unknown": 0,
            "pyes": 0.1192687556457618,
            "pno": 0.0,
            "pundecided": 0.0,
            "punknown": 0.0,
            "time": 12.572904348373413,
            "percY": 6528334.56,
            "percN": 0.0,
            "percU": 0.0,
            "percUNK": 0.0,
            "l": 0.1192687556457618,
            "u": 1.0
        },
        "a_7": {
            "yes": 20753,
            "no": 2000,
            "undecided": 2151,
            "unknown": 0,
            "pyes": 0.11911877888539782,
            "pno": 1.9877580748691588e-05,
            "pundecided": 0.00013009917961535078,
            "punknown": 0.0,
            "time": 13.011030197143555,
            "percY": 5440191.42,
            "percN": 524280.0,
            "percU": 563863.14,
            "percUNK": 0.0,
            "l": 0.11911877888539782,
            "u": 0.9999801224192513
        }
    },
    "data": {
        "n_samples": 26214,
        "time": 51.49510407447815,
        "repeated_worlds": 1310,
        "repeated_progs": 25844,
        "unique_progs": 370
    }
}