{
    "status": {
        "~a_3": {
            "yes": 18714,
            "no": 0,
            "undecided": 0,
            "unknown": 6263,
            "pyes": 0.08426467308676595,
            "pno": 0.0,
            "pundecided": 0.0,
            "punknown": 0.0009341792172530122,
            "time": 6.585101366043091,
            "percY": 4905687.96,
            "percN": 0.0,
            "percU": 0.0,
            "percUNK": 1641782.82,
            "l": 0.08426467308676595,
            "u": 1.0
        },
        "~a_7": {
            "yes": 6218,
            "no": 0,
            "undecided": 0,
            "unknown": 18759,
            "pyes": 0.00028672205453613987,
            "pno": 0.0,
            "pundecided": 0.0,
            "punknown": 0.08491213024948308,
            "time": 6.681515693664551,
            "percY": 1629986.52,
            "percN": 0.0,
            "percU": 0.0,
            "percUNK": 4917484.26,
            "l": 0.00028672205453613987,
            "u": 1.0
        },
        "~a_9": {
            "yes": 0,
            "no": 21102,
            "undecided": 3875,
            "unknown": 0,
            "pyes": 0.0,
            "pno": 0.08485506390213883,
            "pundecided": 0.00034378840188004295,
            "punknown": 0.0,
            "time": 6.980331897735596,
            "percY": 0.0,
            "percN": 5531678.28,
            "percU": 1015792.5,
            "percUNK": 0.0,
            "l": 0.0,
            "u": 0.9151449360978612
        }
    },
    "data": {
        "n_samples": 26214,
        "time": 32.07779812812805,
        "repeated_worlds": 1237,
        "repeated_progs": 26022,
        "unique_progs": 192
    }
}