{
    "status": {
        "~a_4": {
            "yes": 24897,
            "no": 0,
            "undecided": 0,
            "unknown": 0,
            "pyes": 0.09541712476025345,
            "pno": 0.0,
            "pundecided": 0.0,
            "punknown": 0.0,
            "time": 11.762732982635498,
            "percY": 6526499.58,
            "percN": 0.0,
            "percU": 0.0,
            "percUNK": 0.0,
            "l": 0.09541712476025345,
            "u": 1.0
        },
        "a_5": {
            "yes": 24897,
            "no": 0,
            "undecided": 0,
            "unknown": 0,
            "pyes": 0.09541712476025345,
            "pno": 0.0,
            "pundecided": 0.0,
            "punknown": 0.0,
            "time": 11.588647842407227,
            "percY": 6526499.58,
            "percN": 0.0,
            "percU": 0.0,
            "percUNK": 0.0,
            "l": 0.09541712476025345,
            "u": 1.0
        },
        "~a_8": {
            "yes": 12450,
            "no": 10704,
            "undecided": 1743,
            "unknown": 0,
            "pyes": 0.0010160556171903143,
            "pno": 0.09391186338550918,
            "pundecided": 0.0004892057575539476,
            "punknown": 0.0,
            "time": 12.599927425384521,
            "percY": 3263643.0,
            "percN": 2805946.56,
            "percU": 456910.02,
            "percUNK": 0.0,
            "l": 0.0010160556171903143,
            "u": 0.9060881366144908
        }
    },
    "data": {
        "n_samples": 26214,
        "time": 47.8727650642395,
        "repeated_worlds": 1317,
        "repeated_progs": 25846,
        "unique_progs": 368
    }
}