{
    "status": {
        "a_4": {
            "yes": 24998,
            "no": 0,
            "undecided": 0,
            "unknown": 0,
            "pyes": 0.0860004729811144,
            "pno": 0.0,
            "pundecided": 0.0,
            "punknown": 0.0,
            "time": 3.3415956497192383,
            "percY": 6552975.72,
            "percN": 0.0,
            "percU": 0.0,
            "percUNK": 0.0,
            "l": 0.0860004729811144,
            "u": 1.0
        },
        "~a_6": {
            "yes": 3521,
            "no": 0,
            "undecided": 21477,
            "unknown": 0,
            "pyes": 0.00023041369906466328,
            "pno": 0.0,
            "pundecided": 0.08577005928204984,
            "punknown": 0.0,
            "time": 3.281249761581421,
            "percY": 922994.94,
            "percN": 0.0,
            "percU": 5629980.78,
            "percUNK": 0.0,
            "l": 0.00023041369906466328,
            "u": 1.0
        },
        "~a_7": {
            "yes": 1581,
            "no": 2905,
            "undecided": 20512,
            "unknown": 0,
            "pyes": 8.338502254458854e-07,
            "pno": 0.00023040838858977817,
            "pundecided": 0.0857692307422993,
            "punknown": 0.0,
            "time": 3.4502484798431396,
            "percY": 414443.34,
            "percN": 761516.7,
            "percU": 5377015.68,
            "percUNK": 0.0,
            "l": 8.338502254458854e-07,
            "u": 0.9997695916114102
        }
    },
    "data": {
        "n_samples": 26214,
        "time": 19.941511392593384,
        "repeated_worlds": 1216,
        "repeated_progs": 26110,
        "unique_progs": 104
    }
}