{
    "status": {
        "d_48": {
            "yes": 190,
            "no": 0,
            "undecided": 198,
            "unknown": 0,
            "pyes": 0.009354380575932441,
            "pno": 0.0,
            "pundecided": 0.0077104010025613465,
            "punknown": 0.0,
            "time": 9.9681236743927,
            "percY": 777.1,
            "percN": 0.0,
            "percU": 809.82,
            "percUNK": 0.0,
            "l": 0.009354380575932441,
            "u": 1.0
        },
        "a_15": {
            "yes": 83,
            "no": 48,
            "undecided": 257,
            "unknown": 0,
            "pyes": 0.00860107794666039,
            "pno": 0.006873075892960798,
            "pundecided": 0.0015906277388725997,
            "punknown": 0.0,
            "time": 10.218804836273193,
            "percY": 339.47,
            "percN": 196.32,
            "percU": 1051.13,
            "percUNK": 0.0,
            "l": 0.00860107794666039,
            "u": 0.9931269241070392
        },
        "a_18": {
            "yes": 120,
            "no": 76,
            "undecided": 192,
            "unknown": 0,
            "pyes": 0.005506765078843728,
            "pno": 0.010873168640718155,
            "pundecided": 0.0006848478589319036,
            "punknown": 0.0,
            "time": 11.234033823013306,
            "percY": 490.8,
            "percN": 310.84,
            "percU": 785.28,
            "percUNK": 0.0,
            "l": 0.005506765078843728,
            "u": 0.9891268313592818
        }
    },
    "data": {
        "n_samples": 409,
        "time": 31.980444192886353,
        "repeated_worlds": 21,
        "repeated_progs": 21,
        "unique_progs": 388
    }
}