{
    "status": {
        "~d_65": {
            "yes": 202,
            "no": 0,
            "undecided": 189,
            "unknown": 0,
            "pyes": 0.004914121447150427,
            "pno": 0.0,
            "pundecided": 0.004244377927333067,
            "punknown": 0.0,
            "time": 9.285311222076416,
            "percY": 826.18,
            "percN": 0.0,
            "percU": 773.01,
            "percUNK": 0.0,
            "l": 0.004914121447150427,
            "u": 1.0
        },
        "a_12": {
            "yes": 190,
            "no": 0,
            "undecided": 201,
            "unknown": 0,
            "pyes": 0.006749277716873873,
            "pno": 0.0,
            "pundecided": 0.0024092216576096235,
            "punknown": 0.0,
            "time": 9.331405639648438,
            "percY": 777.1,
            "percN": 0.0,
            "percU": 822.09,
            "percUNK": 0.0,
            "l": 0.006749277716873873,
            "u": 1.0
        },
        "~a_18": {
            "yes": 20,
            "no": 70,
            "undecided": 301,
            "unknown": 0,
            "pyes": 0.0002838416562721382,
            "pno": 0.003772386984366497,
            "pundecided": 0.005102270733844856,
            "punknown": 0.0,
            "time": 9.496533632278442,
            "percY": 81.8,
            "percN": 286.3,
            "percU": 1231.09,
            "percUNK": 0.0,
            "l": 0.0002838416562721382,
            "u": 0.9962276130156335
        }
    },
    "data": {
        "n_samples": 409,
        "time": 28.60296940803528,
        "repeated_worlds": 18,
        "repeated_progs": 18,
        "unique_progs": 391
    }
}