{
    "status": {
        "d_26": {
            "yes": 496,
            "no": 0,
            "undecided": 78,
            "unknown": 0,
            "pyes": 1.4386200821746233,
            "pno": 0.0,
            "pundecided": 0.0,
            "punknown": 0.0,
            "time": 15.948594093322754,
            "percY": 2028.64,
            "percN": 0.0,
            "percU": 319.02,
            "percUNK": 0.0,
            "l": 1.4386200821746233,
            "u": 1.0,
            "flag": "INTEREST"
        },
        "a_14": {
            "yes": 310,
            "no": 66,
            "undecided": 198,
            "unknown": 0,
            "pyes": 1.431598038929506,
            "pno": 0.0,
            "pundecided": 0.007022043245117363,
            "punknown": 0.0,
            "time": 18.908710956573486,
            "percY": 1267.9,
            "percN": 269.94,
            "percU": 809.82,
            "percUNK": 0.0,
            "l": 1.431598038929506,
            "u": 1.0,
            "flag": "INTEREST"
        },
        "~a_16": {
            "yes": 34,
            "no": 113,
            "undecided": 427,
            "unknown": 0,
            "pyes": 0.00010685663287159346,
            "pno": 3.5147912118313076e-05,
            "pundecided": 1.4384780776296344,
            "punknown": 0.0,
            "time": 19.82154893875122,
            "percY": 139.06,
            "percN": 462.17,
            "percU": 1746.43,
            "percUNK": 0.0,
            "l": 0.00010685663287159346,
            "u": 0.9999648520878817
        }
    },
    "data": {
        "n_samples": 409,
        "time": 43.48061156272888,
        "repeated_programs": 39,
        "inconsistent_programs": 166,
        "worlds_consulted": 204
    }
}