{
    "status": {
        "~d_59": {
            "yes": 562,
            "no": 0,
            "undecided": 522,
            "unknown": 7,
            "pyes": 0.03561268105949662,
            "pno": 0.0,
            "pundecided": 0.005252550956426286,
            "punknown": 0.0,
            "time": 31.0732901096344,
            "percY": 4602.78,
            "percN": 0.0,
            "percU": 4275.18,
            "percUNK": 57.33,
            "l": 0.03561268105949662,
            "u": 1.0
        },
        "~a_13": {
            "yes": 567,
            "no": 0,
            "undecided": 524,
            "unknown": 0,
            "pyes": 0.003180128274800009,
            "pno": 0.0,
            "pundecided": 0.0376851037411229,
            "punknown": 0.0,
            "time": 31.003768920898438,
            "percY": 4643.73,
            "percN": 0.0,
            "percU": 4291.56,
            "percUNK": 0.0,
            "l": 0.003180128274800009,
            "u": 1.0
        },
        "~a_17": {
            "yes": 101,
            "no": 466,
            "undecided": 524,
            "unknown": 0,
            "pyes": 7.04779270005473e-08,
            "pno": 0.0031800577968730086,
            "pundecided": 0.0376851037411229,
            "punknown": 0.0,
            "time": 39.802494525909424,
            "percY": 827.19,
            "percN": 3816.54,
            "percU": 4291.56,
            "percUNK": 0.0,
            "l": 7.04779270005473e-08,
            "u": 0.996819942203127
        }
    },
    "data": {
        "n_samples": 819,
        "time": 91.23969197273254,
        "repeated_programs": 80,
        "inconsistent_programs": 387,
        "worlds_consulted": 352
    }
}