{
    "status": {
        "a_9": {
            "yes": 538,
            "no": 0,
            "undecided": 0,
            "unknown": 583,
            "pyes": 0.0003497400289971036,
            "pno": 0.0,
            "pundecided": 0.0,
            "punknown": 0.025814183642429774,
            "time": 27.159022569656372,
            "percY": 4406.22,
            "percN": 0.0,
            "percU": 0.0,
            "percUNK": 4774.77,
            "l": 0.0003497400289971036,
            "u": 1.0
        },
        "a_10": {
            "yes": 262,
            "no": 0,
            "undecided": 859,
            "unknown": 0,
            "pyes": 0.012814015014245644,
            "pno": 0.0,
            "pundecided": 0.013349908657181225,
            "punknown": 0.0,
            "time": 27.75154948234558,
            "percY": 2145.78,
            "percN": 0.0,
            "percU": 7035.21,
            "percUNK": 0.0,
            "l": 0.012814015014245644,
            "u": 1.0
        },
        "a_17": {
            "yes": 262,
            "no": 328,
            "undecided": 531,
            "unknown": 0,
            "pyes": 0.012814015014245644,
            "pno": 0.0007801397768502194,
            "pundecided": 0.01256976888033101,
            "punknown": 0.0,
            "time": 28.63299250602722,
            "percY": 2145.78,
            "percN": 2686.32,
            "percU": 4348.89,
            "percUNK": 0.0,
            "l": 0.012814015014245644,
            "u": 0.9992198602231498
        }
    },
    "data": {
        "n_samples": 819,
        "time": 73.19303441047668,
        "repeated_programs": 71,
        "inconsistent_programs": 375,
        "worlds_consulted": 373
    }
}