{
    "status": {
        "a_9": {
            "yes": 171,
            "no": 0,
            "undecided": 0,
            "unknown": 927,
            "pyes": 0.0,
            "pno": 0.0,
            "pundecided": 0.0,
            "punknown": 0.11059543330892749,
            "time": 26.74095630645752,
            "percY": 1400.49,
            "percN": 0.0,
            "percU": 0.0,
            "percUNK": 7592.13,
            "l": 0.0,
            "u": 1.0
        },
        "a_11": {
            "yes": 406,
            "no": 0,
            "undecided": 692,
            "unknown": 0,
            "pyes": 0.010543132255081281,
            "pno": 0.0,
            "pundecided": 0.10005230105384619,
            "punknown": 0.0,
            "time": 26.51129388809204,
            "percY": 3325.14,
            "percN": 0.0,
            "percU": 5667.48,
            "percUNK": 0.0,
            "l": 0.010543132255081281,
            "u": 1.0
        },
        "a_14": {
            "yes": 474,
            "no": 131,
            "undecided": 493,
            "unknown": 0,
            "pyes": 0.018465809346799356,
            "pno": 0.003876014840376106,
            "pundecided": 0.08825360912175202,
            "punknown": 0.0,
            "time": 35.34049701690674,
            "percY": 3882.06,
            "percN": 1072.89,
            "percU": 4037.67,
            "percUNK": 0.0,
            "l": 0.018465809346799356,
            "u": 0.9961239851596239
        }
    },
    "data": {
        "n_samples": 819,
        "time": 75.24760580062866,
        "repeated_programs": 76,
        "inconsistent_programs": 388,
        "worlds_consulted": 355
    }
}