{
    "status": {
        "d_59": {
            "yes": 901,
            "no": 0,
            "undecided": 212,
            "unknown": 21,
            "pyes": 0.08782446426552803,
            "pno": 0.0,
            "pundecided": 0.0,
            "punknown": 0.0,
            "time": 26.4719135761261,
            "percY": 7379.19,
            "percN": 0.0,
            "percU": 1736.28,
            "percUNK": 171.99,
            "l": 0.08782446426552803,
            "u": 1.0
        },
        "a_17": {
            "yes": 428,
            "no": 163,
            "undecided": 543,
            "unknown": 0,
            "pyes": 0.07485345773860291,
            "pno": 0.00039028703132913407,
            "pundecided": 0.012580719495596,
            "punknown": 0.0,
            "time": 33.00431776046753,
            "percY": 3505.32,
            "percN": 1334.97,
            "percU": 4447.17,
            "percUNK": 0.0,
            "l": 0.07485345773860291,
            "u": 0.9996097129686708
        },
        "~a_16": {
            "yes": 105,
            "no": 441,
            "undecided": 588,
            "unknown": 0,
            "pyes": 0.000718220663935488,
            "pno": 0.07452441970905753,
            "pundecided": 0.012581823892535074,
            "punknown": 0.0,
            "time": 32.75179386138916,
            "percY": 859.95,
            "percN": 3611.79,
            "percU": 4815.72,
            "percUNK": 0.0,
            "l": 0.000718220663935488,
            "u": 0.9254755802909425
        }
    },
    "data": {
        "n_samples": 819,
        "time": 75.61343741416931,
        "repeated_programs": 66,
        "inconsistent_programs": 372,
        "worlds_consulted": 381
    }
}