{
    "status": {
        "d_38": {
            "yes": 595,
            "no": 0,
            "undecided": 531,
            "unknown": 0,
            "pyes": 0.005781664600493782,
            "pno": 0.0,
            "pundecided": 0.1335434404011051,
            "punknown": 0.0,
            "time": 26.50115966796875,
            "percY": 4873.05,
            "percN": 0.0,
            "percU": 4348.89,
            "percUNK": 0.0,
            "l": 0.005781664600493782,
            "u": 1.0
        },
        "a_17": {
            "yes": 624,
            "no": 422,
            "undecided": 80,
            "unknown": 0,
            "pyes": 0.005721011066159229,
            "pno": 0.13360409393543965,
            "pundecided": 0.0,
            "punknown": 0.0,
            "time": 30.807343244552612,
            "percY": 5110.56,
            "percN": 3456.18,
            "percU": 655.2,
            "percUNK": 0.0,
            "l": 0.005721011066159229,
            "u": 0.8663959060645603
        },
        "~a_14": {
            "yes": 368,
            "no": 267,
            "undecided": 491,
            "unknown": 0,
            "pyes": 0.007392330531318183,
            "pno": 0.005790957034180861,
            "pundecided": 0.1261418174360999,
            "punknown": 0.0,
            "time": 30.412512063980103,
            "percY": 3013.92,
            "percN": 2186.73,
            "percU": 4021.29,
            "percUNK": 0.0,
            "l": 0.007392330531318183,
            "u": 0.9942090429658191
        }
    },
    "data": {
        "n_samples": 819,
        "time": 70.18549466133118,
        "repeated_programs": 76,
        "inconsistent_programs": 360,
        "worlds_consulted": 383
    }
}