{
    "status": {
        "d_18": {
            "yes": 578,
            "no": 0,
            "undecided": 537,
            "unknown": 0,
            "pyes": 0.00031390324653384963,
            "pno": 0.0,
            "pundecided": 0.019274854882057182,
            "punknown": 0.0,
            "time": 25.691893577575684,
            "percY": 4733.82,
            "percN": 0.0,
            "percU": 4398.03,
            "percUNK": 0.0,
            "l": 0.00031390324653384963,
            "u": 1.0
        },
        "a_13": {
            "yes": 570,
            "no": 0,
            "undecided": 545,
            "unknown": 0,
            "pyes": 0.018884320761084945,
            "pno": 0.0,
            "pundecided": 0.0007044373675060672,
            "punknown": 0.0,
            "time": 26.24893617630005,
            "percY": 4668.3,
            "percN": 0.0,
            "percU": 4463.55,
            "percUNK": 0.0,
            "l": 0.018884320761084945,
            "u": 1.0
        },
        "a_15": {
            "yes": 610,
            "no": 321,
            "undecided": 184,
            "unknown": 0,
            "pyes": 0.015258394155575637,
            "pno": 0.004330363973015383,
            "pundecided": 0.0,
            "punknown": 0.0,
            "time": 34.96636629104614,
            "percY": 4995.9,
            "percN": 2628.99,
            "percU": 1506.96,
            "percUNK": 0.0,
            "l": 0.015258394155575637,
            "u": 0.9956696360269847
        }
    },
    "data": {
        "n_samples": 819,
        "time": 75.54646492004395,
        "repeated_programs": 82,
        "inconsistent_programs": 359,
        "worlds_consulted": 378
    }
}