{
    "status": {
        "d_39": {
            "yes": 343,
            "no": 0,
            "undecided": 206,
            "unknown": 0,
            "pyes": 0.013450308444402731,
            "pno": 0.0,
            "pundecided": 0.019827531012137155,
            "punknown": 0.0,
            "time": 12.866196870803833,
            "percY": 1402.87,
            "percN": 0.0,
            "percU": 842.54,
            "percUNK": 0.0,
            "l": 0.013450308444402731,
            "u": 1.0
        },
        "a_11": {
            "yes": 549,
            "no": 0,
            "undecided": 0,
            "unknown": 0,
            "pyes": 0.033277839456539844,
            "pno": 0.0,
            "pundecided": 0.0,
            "punknown": 0.0,
            "time": 13.023339748382568,
            "percY": 2245.41,
            "percN": 0.0,
            "percU": 0.0,
            "percUNK": 0.0,
            "l": 0.033277839456539844,
            "u": 1.0
        },
        "a_17": {
            "yes": 211,
            "no": 111,
            "undecided": 227,
            "unknown": 0,
            "pyes": 0.007655576166482384,
            "pno": 0.008379824304182666,
            "pundecided": 0.017242438985874846,
            "punknown": 0.0,
            "time": 15.923234224319458,
            "percY": 862.99,
            "percN": 453.99,
            "percU": 928.43,
            "percUNK": 0.0,
            "l": 0.007655576166482384,
            "u": 0.9916201756958173
        }
    },
    "data": {
        "n_samples": 409,
        "time": 35.40194368362427,
        "repeated_programs": 40,
        "inconsistent_programs": 189,
        "worlds_consulted": 180
    }
}