{
    "status": {
        "d_52": {
            "yes": 507,
            "no": 0,
            "undecided": 589,
            "unknown": 8,
            "pyes": 0.09032017134518087,
            "pno": 0.0,
            "pundecided": 0.0009547020992558757,
            "punknown": 0.0,
            "time": 34.02636170387268,
            "percY": 4152.33,
            "percN": 0.0,
            "percU": 4823.91,
            "percUNK": 65.52,
            "l": 0.09032017134518087,
            "u": 1.0
        },
        "a_17": {
            "yes": 174,
            "no": 128,
            "undecided": 802,
            "unknown": 0,
            "pyes": 0.00011000504323291046,
            "pno": 5.290573549250788e-06,
            "pundecided": 0.09115957782765458,
            "punknown": 0.0,
            "time": 39.996718406677246,
            "percY": 1425.06,
            "percN": 1048.32,
            "percU": 6568.38,
            "percUNK": 0.0,
            "l": 0.00011000504323291046,
            "u": 0.9999947094264507
        },
        "a_15": {
            "yes": 462,
            "no": 22,
            "undecided": 620,
            "unknown": 0,
            "pyes": 0.08973129975363826,
            "pno": 0.0,
            "pundecided": 0.0015435736907984756,
            "punknown": 0.0,
            "time": 39.31914830207825,
            "percY": 3783.78,
            "percN": 180.18,
            "percU": 5077.8,
            "percUNK": 0.0,
            "l": 0.08973129975363826,
            "u": 1.0
        }
    },
    "data": {
        "n_samples": 819,
        "time": 96.86009097099304,
        "repeated_programs": 79,
        "inconsistent_programs": 376,
        "worlds_consulted": 364
    }
}