{
    "status": {
        "d_41": {
            "yes": 532,
            "no": 0,
            "undecided": 584,
            "unknown": 0,
            "pyes": 0.0008557961870462344,
            "pno": 0.0,
            "pundecided": 0.007750458876351859,
            "punknown": 0.0,
            "time": 34.47170615196228,
            "percY": 4357.08,
            "percN": 0.0,
            "percU": 4782.96,
            "percUNK": 0.0,
            "l": 0.0008557961870462344,
            "u": 1.0
        },
        "a_17": {
            "yes": 335,
            "no": 0,
            "undecided": 781,
            "unknown": 0,
            "pyes": 0.00041388469835877526,
            "pno": 0.0,
            "pundecided": 0.008192370365039316,
            "punknown": 0.0,
            "time": 36.11663222312927,
            "percY": 2743.65,
            "percN": 0.0,
            "percU": 6396.39,
            "percUNK": 0.0,
            "l": 0.00041388469835877526,
            "u": 1.0
        }
    },
    "data": {
        "n_samples": 819,
        "time": 68.61822271347046,
        "repeated_programs": 77,
        "inconsistent_programs": 368,
        "worlds_consulted": 374
    }
}