{
    "status": {
        "d_37": {
            "yes": 485,
            "no": 0,
            "undecided": 617,
            "unknown": 0,
            "pyes": 8.071517000116218e-05,
            "pno": 0.0,
            "pundecided": 0.001448134522884063,
            "punknown": 0.0,
            "time": 33.342111587524414,
            "percY": 3972.15,
            "percN": 0.0,
            "percU": 5053.23,
            "percUNK": 0.0,
            "l": 8.071517000116218e-05,
            "u": 1.0
        },
        "~a_16": {
            "yes": 299,
            "no": 220,
            "undecided": 583,
            "unknown": 0,
            "pyes": 7.270095832343092e-05,
            "pno": 1.2334735004548684e-05,
            "pundecided": 0.001443813999557246,
            "punknown": 0.0,
            "time": 35.00268363952637,
            "percY": 2448.81,
            "percN": 1801.8,
            "percU": 4774.77,
            "percUNK": 0.0,
            "l": 7.270095832343092e-05,
            "u": 0.9999876652649955
        },
        "a_15": {
            "yes": 288,
            "no": 267,
            "undecided": 547,
            "unknown": 0,
            "pyes": 0.00012229745973332357,
            "pno": 0.00020589839248692402,
            "pundecided": 0.0012006538406649787,
            "punknown": 0.0,
            "time": 34.5550754070282,
            "percY": 2358.72,
            "percN": 2186.73,
            "percU": 4479.93,
            "percUNK": 0.0,
            "l": 0.00012229745973332357,
            "u": 0.999794101607513
        }
    },
    "data": {
        "n_samples": 819,
        "time": 89.5208797454834,
        "repeated_programs": 80,
        "inconsistent_programs": 376,
        "worlds_consulted": 363
    }
}