{
    "status": {
        "d_30": {
            "yes": 494,
            "no": 0,
            "undecided": 643,
            "unknown": 0,
            "pyes": 1.2805871559857303,
            "pno": 0.0,
            "pundecided": 0.0026907062461312735,
            "punknown": 0.0,
            "time": 35.649874210357666,
            "percY": 4045.86,
            "percN": 0.0,
            "percU": 5266.17,
            "percUNK": 0.0,
            "l": 1.2805871559857303,
            "u": 1.0,
            "flag": "INTEREST"
        },
        "a_14": {
            "yes": 573,
            "no": 81,
            "undecided": 483,
            "unknown": 0,
            "pyes": 0.004018770597467322,
            "pno": 0.0,
            "pundecided": 1.2792590916343958,
            "punknown": 0.0,
            "time": 42.06851267814636,
            "percY": 4692.87,
            "percN": 663.39,
            "percU": 3955.77,
            "percUNK": 0.0,
            "l": 0.004018770597467322,
            "u": 1.0
        },
        "a_18": {
            "yes": 498,
            "no": 502,
            "undecided": 137,
            "unknown": 0,
            "pyes": 0.1027990850391857,
            "pno": 1.180478777192676,
            "pundecided": 0.0,
            "punknown": 0.0,
            "time": 39.20119667053223,
            "percY": 4078.62,
            "percN": 4111.38,
            "percU": 1122.03,
            "percUNK": 0.0,
            "l": 0.1027990850391857,
            "u": -0.1804787771926759,
            "flag": "INTEREST"
        }
    },
    "data": {
        "n_samples": 819,
        "time": 100.18830990791321,
        "repeated_programs": 67,
        "inconsistent_programs": 367,
        "worlds_consulted": 385
    }
}