{
    "status": {
        "d_27": {
            "yes": 231,
            "no": 0,
            "undecided": 305,
            "unknown": 0,
            "pyes": 0.010397296646625923,
            "pno": 0.0,
            "pundecided": 0.0007709657046735025,
            "punknown": 0.0,
            "time": 15.00535798072815,
            "percY": 944.79,
            "percN": 0.0,
            "percU": 1247.45,
            "percUNK": 0.0,
            "l": 0.010397296646625923,
            "u": 1.0
        },
        "a_10": {
            "yes": 536,
            "no": 0,
            "undecided": 0,
            "unknown": 0,
            "pyes": 0.011168262351299425,
            "pno": 0.0,
            "pundecided": 0.0,
            "punknown": 0.0,
            "time": 15.186698913574219,
            "percY": 2192.24,
            "percN": 0.0,
            "percU": 0.0,
            "percUNK": 0.0,
            "l": 0.011168262351299425,
            "u": 1.0
        },
        "a_17": {
            "yes": 110,
            "no": 152,
            "undecided": 274,
            "unknown": 0,
            "pyes": 0.001029466696017101,
            "pno": 1.5364360237039198e-05,
            "pundecided": 0.010123431295045286,
            "punknown": 0.0,
            "time": 18.08349108695984,
            "percY": 449.9,
            "percN": 621.68,
            "percU": 1120.66,
            "percUNK": 0.0,
            "l": 0.001029466696017101,
            "u": 0.9999846356397629
        }
    },
    "data": {
        "n_samples": 409,
        "time": 41.95777893066406,
        "repeated_programs": 43,
        "inconsistent_programs": 196,
        "worlds_consulted": 170
    }
}