{
    "status": {
        "~a_4": {
            "yes": 518,
            "no": 0,
            "undecided": 0,
            "unknown": 244,
            "pyes": 0.905935213142683,
            "pno": 0.0,
            "pundecided": 0.0,
            "punknown": 0.08133831719014477,
            "time": 16.252266883850098,
            "percY": 135788.52,
            "percN": 0.0,
            "percU": 0.0,
            "percUNK": 63962.16,
            "l": 0.905935213142683,
            "u": 1.0,
            "flag": "INTEREST"
        },
        "~a_7": {
            "yes": 238,
            "no": 253,
            "undecided": 271,
            "unknown": 0,
            "pyes": 0.6690466081472546,
            "pno": 0.18026996019134564,
            "pundecided": 0.1379569619942269,
            "punknown": 0.0,
            "time": 16.637120485305786,
            "percY": 62389.32,
            "percN": 66321.42,
            "percU": 71039.94,
            "percUNK": 0.0,
            "l": 0.6690466081472546,
            "u": 0.8197300398086543,
            "flag": "INTEREST"
        },
        "~a_8": {
            "yes": 45,
            "no": 507,
            "undecided": 210,
            "unknown": 0,
            "pyes": 0.003265576997942888,
            "pno": 0.895406093374718,
            "pundecided": 0.08860185996016681,
            "punknown": 0.0,
            "time": 16.489107608795166,
            "percY": 11796.3,
            "percN": 132904.98,
            "percU": 55049.4,
            "percUNK": 0.0,
            "l": 0.003265576997942888,
            "u": 0.10459390662528201,
            "flag": "INTEREST"
        }
    },
    "data": {
        "n_samples": 26214,
        "time": 50.58416938781738,
        "repeated_worlds": 25452,
        "repeated_progs": 25797,
        "unique_progs": 417
    }
}