{
    "status": {
        "~d_12": {
            "yes": 8,
            "no": 0,
            "undecided": 7,
            "unknown": 1032,
            "pyes": 0.0001741861121858594,
            "pno": 0.0,
            "pundecided": 0.00025226735071181736,
            "punknown": 0.9799432368623381,
            "time": 21.252336025238037,
            "percY": 2097.12,
            "percN": 0.0,
            "percU": 1834.98,
            "percUNK": 270528.48,
            "l": 0.0001741861121858594,
            "u": 1.0
        },
        "a_8": {
            "yes": 20,
            "no": 17,
            "undecided": 993,
            "unknown": 17,
            "pyes": 0.0009882148412477894,
            "pno": 0.0018494109609584247,
            "pundecided": 0.9738801861314361,
            "punknown": 0.0036518783915937634,
            "time": 21.220273733139038,
            "percY": 5242.8,
            "percN": 4456.38,
            "percU": 260305.02,
            "percUNK": 4456.38,
            "l": 0.0009882148412477894,
            "u": 0.9981505890390415
        },
        "~a_8": {
            "yes": 17,
            "no": 20,
            "undecided": 993,
            "unknown": 17,
            "pyes": 0.0018494109609584247,
            "pno": 0.0009882148412477894,
            "pundecided": 0.9738801861314361,
            "punknown": 0.0036518783915937634,
            "time": 21.2060067653656,
            "percY": 4456.38,
            "percN": 5242.8,
            "percU": 260305.02,
            "percUNK": 4456.38,
            "l": 0.0018494109609584247,
            "u": 0.9990117851587522
        }
    },
    "data": {
        "n_samples": 26214,
        "time": 65.32435059547424,
        "repeated_worlds": 25167,
        "repeated_progs": 25670,
        "unique_progs": 544
    }
}