{
    "status": {
        "a_1": {
            "yes": 336,
            "no": 0,
            "undecided": 0,
            "unknown": 707,
            "pyes": 0.12160806530937693,
            "pno": 0.0,
            "pundecided": 0.0,
            "punknown": 0.8586763370424146,
            "time": 22.7742121219635,
            "percY": 88079.04,
            "percN": 0.0,
            "percU": 0.0,
            "percUNK": 185332.98,
            "l": 0.12160806530937693,
            "u": 1.0
        },
        "a_8": {
            "yes": 185,
            "no": 25,
            "undecided": 831,
            "unknown": 2,
            "pyes": 0.07288998456647607,
            "pno": 0.00477171540352698,
            "pundecided": 0.9025663977054615,
            "punknown": 5.630467632766539e-05,
            "time": 22.87826943397522,
            "percY": 48495.9,
            "percN": 6553.5,
            "percU": 217838.34,
            "percUNK": 524.28,
            "l": 0.07288998456647607,
            "u": 0.9952282845964731
        },
        "~a_8": {
            "yes": 25,
            "no": 185,
            "undecided": 831,
            "unknown": 2,
            "pyes": 0.00477171540352698,
            "pno": 0.07288998456647607,
            "pundecided": 0.9025663977054615,
            "punknown": 5.630467632766539e-05,
            "time": 22.87131357192993,
            "percY": 6553.5,
            "percN": 48495.9,
            "percU": 217838.34,
            "percUNK": 524.28,
            "l": 0.00477171540352698,
            "u": 0.9271100154335239
        }
    },
    "data": {
        "n_samples": 26214,
        "time": 70.09275197982788,
        "repeated_worlds": 25171,
        "repeated_progs": 25623,
        "unique_progs": 591
    }
}