{
    "status": {
        "d_15": {
            "yes": 210,
            "no": 0,
            "undecided": 68,
            "unknown": 289,
            "pyes": 0.7807608738259728,
            "pno": 0.0,
            "pundecided": 0.013201055892480433,
            "punknown": 0.19839238599284498,
            "time": 14.347692966461182,
            "percY": 55049.4,
            "percN": 0.0,
            "percU": 17825.52,
            "percUNK": 75758.46,
            "l": 0.7807608738259728,
            "u": 1.0,
            "flag": "INTEREST"
        },
        "a_7": {
            "yes": 26,
            "no": 33,
            "undecided": 486,
            "unknown": 22,
            "pyes": 0.04403070246024531,
            "pno": 0.03882150889090587,
            "pundecided": 0.9063163897991304,
            "punknown": 0.003185714561016647,
            "time": 14.346875429153442,
            "percY": 6815.64,
            "percN": 8650.62,
            "percU": 127400.04,
            "percUNK": 5767.08,
            "l": 0.04403070246024531,
            "u": 0.9611784911090941
        },
        "~a_7": {
            "yes": 33,
            "no": 26,
            "undecided": 486,
            "unknown": 22,
            "pyes": 0.03882150889090587,
            "pno": 0.04403070246024531,
            "pundecided": 0.9063163897991304,
            "punknown": 0.003185714561016647,
            "time": 14.33105182647705,
            "percY": 8650.62,
            "percN": 6815.64,
            "percU": 127400.04,
            "percUNK": 5767.08,
            "l": 0.03882150889090587,
            "u": 0.9559692975397547
        }
    },
    "data": {
        "n_samples": 26214,
        "time": 43.96855187416077,
        "repeated_worlds": 25647,
        "repeated_progs": 25853,
        "unique_progs": 361
    }
}