{
    "status": {
        "d_14": {
            "yes": 236,
            "no": 0,
            "undecided": 56,
            "unknown": 446,
            "pyes": 0.09193966872522252,
            "pno": 0.0,
            "pundecided": 0.049631482357910296,
            "punknown": 0.8452146604518505,
            "time": 11.603454351425171,
            "percY": 61865.04,
            "percN": 0.0,
            "percU": 14679.84,
            "percUNK": 116914.44,
            "l": 0.09193966872522252,
            "u": 1.0
        },
        "a_8": {
            "yes": 5,
            "no": 0,
            "undecided": 279,
            "unknown": 454,
            "pyes": 5.450740406095098e-05,
            "pno": 0.0,
            "pundecided": 0.11171618492150184,
            "punknown": 0.8750151192094203,
            "time": 11.556632995605469,
            "percY": 1310.7,
            "percN": 0.0,
            "percU": 73137.06,
            "percUNK": 119011.56,
            "l": 5.450740406095098e-05,
            "u": 1.0
        },
        "a_7": {
            "yes": 4,
            "no": 0,
            "undecided": 734,
            "unknown": 0,
            "pyes": 6.836432424144184e-05,
            "pno": 0.0,
            "pundecided": 0.9867174472107416,
            "punknown": 0.0,
            "time": 11.534818887710571,
            "percY": 1048.56,
            "percN": 0.0,
            "percU": 192410.76,
            "percUNK": 0.0,
            "l": 6.836432424144184e-05,
            "u": 1.0
        }
    },
    "data": {
        "n_samples": 26214,
        "time": 35.671146631240845,
        "repeated_worlds": 25476,
        "repeated_progs": 25915,
        "unique_progs": 299
    }
}