{
    "status": {
        "a_4": {
            "yes": 620,
            "no": 0,
            "undecided": 0,
            "unknown": 48,
            "pyes": 0.9798688399902774,
            "pno": 0.0,
            "pundecided": 0.0,
            "punknown": 0.007760665174377669,
            "time": 15.072686433792114,
            "percY": 162526.8,
            "percN": 0.0,
            "percU": 0.0,
            "percUNK": 12582.72,
            "l": 0.9798688399902774,
            "u": 1.0,
            "flag": "INTEREST"
        },
        "a_8": {
            "yes": 515,
            "no": 26,
            "undecided": 127,
            "unknown": 0,
            "pyes": 0.9443230025099519,
            "pno": 0.0029398768668602027,
            "pundecided": 0.040366625787842406,
            "punknown": 0.0,
            "time": 14.91984486579895,
            "percY": 135002.1,
            "percN": 6815.64,
            "percU": 33291.78,
            "percUNK": 0.0,
            "l": 0.9443230025099519,
            "u": 0.9970601231331397,
            "flag": "INTEREST"
        },
        "a_7": {
            "yes": 473,
            "no": 64,
            "undecided": 131,
            "unknown": 0,
            "pyes": 0.9366911015522421,
            "pno": 0.009097614256499575,
            "pundecided": 0.041840789355913136,
            "punknown": 0.0,
            "time": 15.326082706451416,
            "percY": 123992.22,
            "percN": 16776.96,
            "percU": 34340.34,
            "percUNK": 0.0,
            "l": 0.9366911015522421,
            "u": 0.9909023857435004,
            "flag": "INTEREST"
        }
    },
    "data": {
        "n_samples": 26214,
        "time": 46.403438329696655,
        "repeated_worlds": 25546,
        "repeated_progs": 25827,
        "unique_progs": 387
    }
}