{
    "status": {
        "a_1": {
            "yes": 560,
            "no": 0,
            "undecided": 0,
            "unknown": 7,
            "pyes": 0.9905672676914495,
            "pno": 0.0,
            "pundecided": 0.0,
            "punknown": 0.0002706581179884494,
            "time": 8.813376665115356,
            "percY": 146798.4,
            "percN": 0.0,
            "percU": 0.0,
            "percUNK": 1834.98,
            "l": 0.9905672676914495,
            "u": 1.0,
            "flag": "INTEREST"
        },
        "a_7": {
            "yes": 363,
            "no": 68,
            "undecided": 125,
            "unknown": 11,
            "pyes": 0.8854013369412699,
            "pno": 0.011908452292406202,
            "pundecided": 0.09316183281600282,
            "punknown": 0.000366303759758949,
            "time": 8.855396747589111,
            "percY": 95156.82,
            "percN": 17825.52,
            "percU": 32767.5,
            "percUNK": 2883.54,
            "l": 0.8854013369412699,
            "u": 0.9880915477075938,
            "flag": "INTEREST"
        },
        "~a_7": {
            "yes": 68,
            "no": 363,
            "undecided": 125,
            "unknown": 11,
            "pyes": 0.011908452292406202,
            "pno": 0.8854013369412699,
            "pundecided": 0.09316183281600282,
            "punknown": 0.000366303759758949,
            "time": 8.800710916519165,
            "percY": 17825.52,
            "percN": 95156.82,
            "percU": 32767.5,
            "percUNK": 2883.54,
            "l": 0.011908452292406202,
            "u": 0.11459866305873012,
            "flag": "INTEREST"
        }
    },
    "data": {
        "n_samples": 26214,
        "time": 27.257556438446045,
        "repeated_worlds": 25647,
        "repeated_progs": 25989,
        "unique_progs": 225
    }
}