{
    "status": {
        "d_9": {
            "yes": 17,
            "no": 0,
            "undecided": 576,
            "unknown": 61,
            "pyes": 0.0011041593861739725,
            "pno": 0.0,
            "pundecided": 0.9392577327903952,
            "punknown": 0.04971944125034752,
            "time": 16.702579498291016,
            "percY": 4456.38,
            "percN": 0.0,
            "percU": 150992.64,
            "percUNK": 15990.54,
            "l": 0.0011041593861739725,
            "u": 1.0
        },
        "~a_8": {
            "yes": 141,
            "no": 197,
            "undecided": 315,
            "unknown": 1,
            "pyes": 0.021636747915443174,
            "pno": 0.13021680194756646,
            "pundecided": 0.8382254899222145,
            "punknown": 2.293641692584039e-06,
            "time": 16.958369970321655,
            "percY": 36961.74,
            "percN": 51641.58,
            "percU": 82574.1,
            "percUNK": 262.14,
            "l": 0.021636747915443174,
            "u": 0.8697831980524335
        },
        "~a_7": {
            "yes": 5,
            "no": 304,
            "undecided": 345,
            "unknown": 0,
            "pyes": 0.00044888785148598483,
            "pno": 0.14587636883370156,
            "pundecided": 0.8437560767417291,
            "punknown": 0.0,
            "time": 16.937419891357422,
            "percY": 1310.7,
            "percN": 79690.56,
            "percU": 90438.3,
            "percUNK": 0.0,
            "l": 0.00044888785148598483,
            "u": 0.8541236311662984
        }
    },
    "data": {
        "n_samples": 26214,
        "time": 51.6400101184845,
        "repeated_worlds": 25560,
        "repeated_progs": 25784,
        "unique_progs": 430
    }
}