{
    "status": {
        "a_0": {
            "yes": 171,
            "no": 0,
            "undecided": 0,
            "unknown": 566,
            "pyes": 0.09698122638537794,
            "pno": 0.0,
            "pundecided": 0.0,
            "punknown": 0.8897228243413047,
            "time": 13.241769790649414,
            "percY": 44825.94,
            "percN": 0.0,
            "percU": 0.0,
            "percUNK": 148371.24,
            "l": 0.09698122638537794,
            "u": 1.0
        },
        "a_5": {
            "yes": 23,
            "no": 0,
            "undecided": 614,
            "unknown": 100,
            "pyes": 0.001300986611373976,
            "pno": 0.0,
            "pundecided": 0.934429977548707,
            "punknown": 0.05097308656660144,
            "time": 13.203144788742065,
            "percY": 6029.22,
            "percN": 0.0,
            "percU": 160953.96,
            "percUNK": 26214.0,
            "l": 0.001300986611373976,
            "u": 1.0
        },
        "~a_7": {
            "yes": 21,
            "no": 2,
            "undecided": 714,
            "unknown": 0,
            "pyes": 0.0013000569371650953,
            "pno": 9.296742088806896e-07,
            "pundecided": 0.9854030641153086,
            "punknown": 0.0,
            "time": 13.212345600128174,
            "percY": 5504.94,
            "percN": 524.28,
            "percU": 187167.96,
            "percUNK": 0.0,
            "l": 0.0013000569371650953,
            "u": 0.9999990703257912
        }
    },
    "data": {
        "n_samples": 26214,
        "time": 40.763954162597656,
        "repeated_worlds": 25477,
        "repeated_progs": 25873,
        "unique_progs": 341
    }
}