{
    "status": {
        "~d_9": {
            "yes": 869,
            "no": 0,
            "undecided": 87,
            "unknown": 3,
            "pyes": 0.9714048035922409,
            "pno": 0.0,
            "pundecided": 0.010961839061849766,
            "punknown": 3.506681915932667e-05,
            "time": 19.852912187576294,
            "percY": 227799.66,
            "percN": 0.0,
            "percU": 22806.18,
            "percUNK": 786.42,
            "l": 0.9714048035922409,
            "u": 1.0,
            "flag": "INTEREST"
        },
        "a_7": {
            "yes": 14,
            "no": 3,
            "undecided": 925,
            "unknown": 17,
            "pyes": 0.0025254413282633664,
            "pno": 0.00010768836103279352,
            "pundecided": 0.9747036751202178,
            "punknown": 0.005064904663736106,
            "time": 19.947039127349854,
            "percY": 3669.96,
            "percN": 786.42,
            "percU": 242479.5,
            "percUNK": 4456.38,
            "l": 0.0025254413282633664,
            "u": 0.9998923116389672
        }
    },
    "data": {
        "n_samples": 26214,
        "time": 41.16885018348694,
        "repeated_worlds": 25255,
        "repeated_progs": 25669,
        "unique_progs": 545
    }
}