{
    "status": {
        "~a_1": {
            "yes": 326,
            "no": 0,
            "undecided": 0,
            "unknown": 350,
            "pyes": 0.2321837952279862,
            "pno": 0.0,
            "pundecided": 0.0,
            "punknown": 0.7569125853737373,
            "time": 9.457424640655518,
            "percY": 85457.64,
            "percN": 0.0,
            "percU": 0.0,
            "percUNK": 91749.0,
            "l": 0.2321837952279862,
            "u": 1.0
        },
        "~a_7": {
            "yes": 5,
            "no": 0,
            "undecided": 671,
            "unknown": 0,
            "pyes": 0.00030265522991580247,
            "pno": 0.0,
            "pundecided": 0.9887937253718079,
            "punknown": 0.0,
            "time": 9.580930471420288,
            "percY": 1310.7,
            "percN": 0.0,
            "percU": 175895.94,
            "percUNK": 0.0,
            "l": 0.00030265522991580247,
            "u": 1.0
        },
        "a_7": {
            "yes": 0,
            "no": 5,
            "undecided": 671,
            "unknown": 0,
            "pyes": 0.0,
            "pno": 0.00030265522991580247,
            "pundecided": 0.9887937253718079,
            "punknown": 0.0,
            "time": 9.541101455688477,
            "percY": 0.0,
            "percN": 1310.7,
            "percU": 175895.94,
            "percUNK": 0.0,
            "l": 0.0,
            "u": 0.9996973447700842
        }
    },
    "data": {
        "n_samples": 26214,
        "time": 29.4246826171875,
        "repeated_worlds": 25538,
        "repeated_progs": 25954,
        "unique_progs": 260
    }
}