{
    "status": {
        "~d_17": {
            "yes": 1123,
            "no": 0,
            "undecided": 181,
            "unknown": 119,
            "pyes": 0.8901167061025957,
            "pno": 0.0,
            "pundecided": 0.026198350427820486,
            "punknown": 0.05631270091939391,
            "time": 30.222320795059204,
            "percY": 294383.22,
            "percN": 0.0,
            "percU": 47447.34,
            "percUNK": 31194.66,
            "l": 0.8901167061025957,
            "u": 1.0,
            "flag": "INTEREST"
        },
        "a_6": {
            "yes": 538,
            "no": 0,
            "undecided": 883,
            "unknown": 2,
            "pyes": 0.1832664449749645,
            "pno": 0.0,
            "pundecided": 0.7891633002307553,
            "punknown": 0.00019801224409081805,
            "time": 30.097683668136597,
            "percY": 141031.32,
            "percN": 0.0,
            "percU": 231469.62,
            "percUNK": 524.28,
            "l": 0.1832664449749645,
            "u": 1.0
        },
        "a_8": {
            "yes": 435,
            "no": 237,
            "undecided": 744,
            "unknown": 7,
            "pyes": 0.15523726659472,
            "pno": 0.08967594119465289,
            "pundecided": 0.7274661360563174,
            "punknown": 0.00024841360412055237,
            "time": 30.302392959594727,
            "percY": 114030.9,
            "percN": 62127.18,
            "percU": 195032.16,
            "percUNK": 1834.98,
            "l": 0.15523726659472,
            "u": 0.9103240588053472
        }
    },
    "data": {
        "n_samples": 26214,
        "time": 92.78269958496094,
        "repeated_worlds": 24791,
        "repeated_progs": 25388,
        "unique_progs": 826
    }
}