{
    "status": {
        "~a_3": {
            "yes": 165,
            "no": 0,
            "undecided": 176,
            "unknown": 506,
            "pyes": 0.06265585260885945,
            "pno": 0.0,
            "pundecided": 0.14479547384749086,
            "punknown": 0.7772833876260308,
            "time": 27.604620695114136,
            "percY": 43253.1,
            "percN": 0.0,
            "percU": 46136.64,
            "percUNK": 132642.84,
            "l": 0.06265585260885945,
            "u": 1.0
        },
        "~a_6": {
            "yes": 233,
            "no": 0,
            "undecided": 87,
            "unknown": 527,
            "pyes": 0.07132883707655134,
            "pno": 0.0,
            "pundecided": 0.008998952066753866,
            "punknown": 0.9044069249390758,
            "time": 27.62768244743347,
            "percY": 61078.62,
            "percN": 0.0,
            "percU": 22806.18,
            "percUNK": 138147.78,
            "l": 0.07132883707655134,
            "u": 1.0
        },
        "a_9": {
            "yes": 144,
            "no": 224,
            "undecided": 479,
            "unknown": 0,
            "pyes": 0.04481235035267754,
            "pno": 0.639823737643635,
            "pundecided": 0.3000986260860686,
            "punknown": 0.0,
            "time": 27.764373302459717,
            "percY": 37748.16,
            "percN": 58719.36,
            "percU": 125565.06,
            "percUNK": 0.0,
            "l": 0.04481235035267754,
            "u": 0.360176262356365,
            "flag": "INTEREST"
        }
    },
    "data": {
        "n_samples": 26214,
        "time": 84.67398166656494,
        "repeated_worlds": 25367,
        "repeated_progs": 25512,
        "unique_progs": 702
    }
}