{
    "status": {
        "~d_11": {
            "yes": 826,
            "no": 0,
            "undecided": 21,
            "unknown": 37,
            "pyes": 0.9787877612421768,
            "pno": 0.0,
            "pundecided": 0.0010743175700203948,
            "punknown": 0.00534744628689616,
            "time": 13.185337781906128,
            "percY": 216527.64,
            "percN": 0.0,
            "percU": 5504.94,
            "percUNK": 9699.18,
            "l": 0.9787877612421768,
            "u": 1.0,
            "flag": "INTEREST"
        },
        "~a_8": {
            "yes": 437,
            "no": 303,
            "undecided": 144,
            "unknown": 0,
            "pyes": 0.1748451124409439,
            "pno": 0.7555898824957069,
            "pundecided": 0.05477453016244244,
            "punknown": 0.0,
            "time": 13.971350908279419,
            "percY": 114555.18,
            "percN": 79428.42,
            "percU": 37748.16,
            "percUNK": 0.0,
            "l": 0.1748451124409439,
            "u": 0.2444101175042931,
            "flag": "INTEREST"
        },
        "a_8": {
            "yes": 303,
            "no": 437,
            "undecided": 144,
            "unknown": 0,
            "pyes": 0.7555898824957069,
            "pno": 0.1748451124409439,
            "pundecided": 0.05477453016244244,
            "punknown": 0.0,
            "time": 13.887065649032593,
            "percY": 79428.42,
            "percN": 114555.18,
            "percU": 37748.16,
            "percUNK": 0.0,
            "l": 0.7555898824957069,
            "u": 0.8251548875590561,
            "flag": "INTEREST"
        }
    },
    "data": {
        "n_samples": 26214,
        "time": 42.28367233276367,
        "repeated_worlds": 25330,
        "repeated_progs": 25880,
        "unique_progs": 334
    }
}