{
    "status": {
        "d_16": {
            "yes": 815,
            "no": 0,
            "undecided": 83,
            "unknown": 28,
            "pyes": 0.9429117593470044,
            "pno": 0.0,
            "pundecided": 0.030513946843924323,
            "punknown": 0.01148932234552957,
            "time": 20.09156107902527,
            "percY": 213644.1,
            "percN": 0.0,
            "percU": 21757.62,
            "percUNK": 7339.92,
            "l": 0.9429117593470044,
            "u": 1.0,
            "flag": "INTEREST"
        },
        "~a_9": {
            "yes": 36,
            "no": 0,
            "undecided": 890,
            "unknown": 0,
            "pyes": 0.004845158945206457,
            "pno": 0.0,
            "pundecided": 0.9800698695912521,
            "punknown": 0.0,
            "time": 20.09549641609192,
            "percY": 9437.04,
            "percN": 0.0,
            "percU": 233304.6,
            "percUNK": 0.0,
            "l": 0.004845158945206457,
            "u": 1.0
        },
        "a_7": {
            "yes": 552,
            "no": 135,
            "undecided": 239,
            "unknown": 0,
            "pyes": 0.8350714080803049,
            "pno": 0.07142771939301135,
            "pundecided": 0.0784159010631422,
            "punknown": 0.0,
            "time": 20.2114155292511,
            "percY": 144701.28,
            "percN": 35388.9,
            "percU": 62651.46,
            "percUNK": 0.0,
            "l": 0.8350714080803049,
            "u": 0.9285722806069887,
            "flag": "INTEREST"
        }
    },
    "data": {
        "n_samples": 26214,
        "time": 61.87765288352966,
        "repeated_worlds": 25288,
        "repeated_progs": 25699,
        "unique_progs": 515
    }
}