{
    "status": {
        "~a_2": {
            "yes": 687,
            "no": 0,
            "undecided": 0,
            "unknown": 3,
            "pyes": 0.9876087534415773,
            "pno": 0.0,
            "pundecided": 0.0,
            "punknown": 0.00010987824346411956,
            "time": 13.51109528541565,
            "percY": 180090.18,
            "percN": 0.0,
            "percU": 0.0,
            "percUNK": 786.42,
            "l": 0.9876087534415773,
            "u": 1.0,
            "flag": "INTEREST"
        },
        "~a_5": {
            "yes": 478,
            "no": 0,
            "undecided": 205,
            "unknown": 7,
            "pyes": 0.9147662707409381,
            "pno": 0.0,
            "pundecided": 0.07280331880970942,
            "punknown": 0.00014904213439388095,
            "time": 13.61493968963623,
            "percY": 125302.92,
            "percN": 0.0,
            "percU": 53738.7,
            "percUNK": 1834.98,
            "l": 0.9147662707409381,
            "u": 1.0,
            "flag": "INTEREST"
        },
        "a_8": {
            "yes": 343,
            "no": 171,
            "undecided": 176,
            "unknown": 0,
            "pyes": 0.7920317161092112,
            "pno": 0.12554950966697953,
            "pundecided": 0.0701374059088504,
            "punknown": 0.0,
            "time": 13.857229471206665,
            "percY": 89914.02,
            "percN": 44825.94,
            "percU": 46136.64,
            "percUNK": 0.0,
            "l": 0.7920317161092112,
            "u": 0.8744504903330205,
            "flag": "INTEREST"
        }
    },
    "data": {
        "n_samples": 26214,
        "time": 42.02318596839905,
        "repeated_worlds": 25524,
        "repeated_progs": 25867,
        "unique_progs": 347
    }
}