{
    "status": {
        "d_12": {
            "yes": 813,
            "no": 0,
            "undecided": 286,
            "unknown": 58,
            "pyes": 0.8422233680224511,
            "pno": 0.0,
            "pundecided": 0.12696323978189852,
            "punknown": 0.008880064545706457,
            "time": 18.447942972183228,
            "percY": 213119.82,
            "percN": 0.0,
            "percU": 74972.04,
            "percUNK": 15204.12,
            "l": 0.8422233680224511,
            "u": 1.0,
            "flag": "INTEREST"
        },
        "a_7": {
            "yes": 228,
            "no": 792,
            "undecided": 137,
            "unknown": 0,
            "pyes": 0.033369213670843,
            "pno": 0.9315278104747498,
            "pundecided": 0.01316964820446506,
            "punknown": 0.0,
            "time": 18.986111402511597,
            "percY": 59767.92,
            "percN": 207614.88,
            "percU": 35913.18,
            "percUNK": 0.0,
            "l": 0.033369213670843,
            "u": 0.06847218952525025,
            "flag": "INTEREST"
        },
        "a_8": {
            "yes": 719,
            "no": 410,
            "undecided": 28,
            "unknown": 0,
            "pyes": 0.8207448393200629,
            "pno": 0.15651742647855998,
            "pundecided": 0.0008044065514341477,
            "punknown": 0.0,
            "time": 19.0835919380188,
            "percY": 188478.66,
            "percN": 107477.4,
            "percU": 7339.92,
            "percUNK": 0.0,
            "l": 0.8207448393200629,
            "u": 0.84348257352144,
            "flag": "INTEREST"
        }
    },
    "data": {
        "n_samples": 26214,
        "time": 58.224586725234985,
        "repeated_worlds": 25057,
        "repeated_progs": 25741,
        "unique_progs": 473
    }
}