{
    "status": {
        "a_3": {
            "yes": 531,
            "no": 0,
            "undecided": 6,
            "unknown": 0,
            "pyes": 0.9904090066429027,
            "pno": 0.0,
            "pundecided": 0.0003441581106621126,
            "punknown": 0.0,
            "time": 5.241483211517334,
            "percY": 139196.34,
            "percN": 0.0,
            "percU": 1572.84,
            "percUNK": 0.0,
            "l": 0.9904090066429027,
            "u": 1.0,
            "flag": "INTEREST"
        },
        "a_6": {
            "yes": 26,
            "no": 0,
            "undecided": 511,
            "unknown": 0,
            "pyes": 0.0033501061139801064,
            "pno": 0.0,
            "pundecided": 0.9874030586395846,
            "punknown": 0.0,
            "time": 5.261128187179565,
            "percY": 6815.64,
            "percN": 0.0,
            "percU": 133953.54,
            "percUNK": 0.0,
            "l": 0.0033501061139801064,
            "u": 1.0
        },
        "a_7": {
            "yes": 31,
            "no": 435,
            "undecided": 71,
            "unknown": 0,
            "pyes": 0.003624892846283637,
            "pno": 0.9429110265488784,
            "pundecided": 0.044217245358402775,
            "punknown": 0.0,
            "time": 5.246509075164795,
            "percY": 8126.34,
            "percN": 114030.9,
            "percU": 18611.94,
            "percUNK": 0.0,
            "l": 0.003624892846283637,
            "u": 0.05708897345112163,
            "flag": "INTEREST"
        }
    },
    "data": {
        "n_samples": 26214,
        "time": 16.40752148628235,
        "repeated_worlds": 25677,
        "repeated_progs": 26079,
        "unique_progs": 135
    }
}