{
    "status": {
        "a_1": {
            "yes": 803,
            "no": 0,
            "undecided": 0,
            "unknown": 104,
            "pyes": 0.965803652574573,
            "pno": 0.0,
            "pundecided": 0.0,
            "punknown": 0.01787699658369333,
            "time": 11.825136423110962,
            "percY": 210498.42,
            "percN": 0.0,
            "percU": 0.0,
            "percUNK": 27262.56,
            "l": 0.965803652574573,
            "u": 1.0,
            "flag": "INTEREST"
        },
        "a_8": {
            "yes": 330,
            "no": 49,
            "undecided": 528,
            "unknown": 0,
            "pyes": 0.09372046072794382,
            "pno": 0.0025743658307756444,
            "pundecided": 0.8873858225995473,
            "punknown": 0.0,
            "time": 11.833749771118164,
            "percY": 86506.2,
            "percN": 12844.86,
            "percU": 138409.92,
            "percUNK": 0.0,
            "l": 0.09372046072794382,
            "u": 0.9974256341692244
        },
        "~a_7": {
            "yes": 659,
            "no": 83,
            "undecided": 159,
            "unknown": 6,
            "pyes": 0.880233154396733,
            "pno": 0.07066016738578929,
            "pundecided": 0.03247814535514354,
            "punknown": 0.00030918202060028365,
            "time": 11.80789303779602,
            "percY": 172750.26,
            "percN": 21757.62,
            "percU": 41680.26,
            "percUNK": 1572.84,
            "l": 0.880233154396733,
            "u": 0.9293398326142107,
            "flag": "INTEREST"
        }
    },
    "data": {
        "n_samples": 26214,
        "time": 36.65373945236206,
        "repeated_worlds": 25307,
        "repeated_progs": 25908,
        "unique_progs": 306
    }
}