{
    "status": {
        "a_3": {
            "yes": 320,
            "no": 0,
            "undecided": 0,
            "unknown": 510,
            "pyes": 0.7816438562114052,
            "pno": 0.0,
            "pundecided": 0.0,
            "punknown": 0.2031581137148754,
            "time": 18.469465017318726,
            "percY": 83884.8,
            "percN": 0.0,
            "percU": 0.0,
            "percUNK": 133691.4,
            "l": 0.7816438562114052,
            "u": 1.0,
            "flag": "INTEREST"
        },
        "a_9": {
            "yes": 2,
            "no": 0,
            "undecided": 824,
            "unknown": 4,
            "pyes": 0.0001698059943273427,
            "pno": 0.0,
            "pundecided": 0.9843289341011602,
            "punknown": 0.00030322983079481653,
            "time": 18.478870391845703,
            "percY": 524.28,
            "percN": 0.0,
            "percU": 216003.36,
            "percUNK": 1048.56,
            "l": 0.0001698059943273427,
            "u": 1.0
        },
        "a_7": {
            "yes": 8,
            "no": 8,
            "undecided": 812,
            "unknown": 2,
            "pyes": 0.0008263525515851111,
            "pno": 0.00021221714467259365,
            "pundecided": 0.9835627262530817,
            "punknown": 0.00020067397694292948,
            "time": 18.56521487236023,
            "percY": 2097.12,
            "percN": 2097.12,
            "percU": 212857.68,
            "percUNK": 524.28,
            "l": 0.0008263525515851111,
            "u": 0.9997877828553274
        }
    },
    "data": {
        "n_samples": 26214,
        "time": 56.869863748550415,
        "repeated_worlds": 25384,
        "repeated_progs": 25736,
        "unique_progs": 478
    }
}