{
    "status": {
        "~d_16": {
            "yes": 1,
            "no": 0,
            "undecided": 21,
            "unknown": 489,
            "pyes": 3.0339822445959283e-05,
            "pno": 0.0,
            "pundecided": 0.004723210022442091,
            "punknown": 0.9862308255301787,
            "time": 8.276827812194824,
            "percY": 262.14,
            "percN": 0.0,
            "percU": 5504.94,
            "percUNK": 128186.46,
            "l": 3.0339822445959283e-05,
            "u": 1.0
        },
        "a_7": {
            "yes": 0,
            "no": 0,
            "undecided": 441,
            "unknown": 70,
            "pyes": 0.0,
            "pno": 0.0,
            "pundecided": 0.9349078686547582,
            "punknown": 0.05607650672030829,
            "time": 8.248835563659668,
            "percY": 0.0,
            "percN": 0.0,
            "percU": 115603.74,
            "percUNK": 18349.8,
            "l": 0.0,
            "u": 1.0
        },
        "~a_8": {
            "yes": 142,
            "no": 0,
            "undecided": 369,
            "unknown": 0,
            "pyes": 0.16013289937497022,
            "pno": 0.0,
            "pundecided": 0.8308514760000962,
            "punknown": 0.0,
            "time": 8.342158317565918,
            "percY": 37223.88,
            "percN": 0.0,
            "percU": 96729.66,
            "percUNK": 0.0,
            "l": 0.16013289937497022,
            "u": 1.0
        }
    },
    "data": {
        "n_samples": 26214,
        "time": 25.615914583206177,
        "repeated_worlds": 25703,
        "repeated_progs": 25998,
        "unique_progs": 216
    }
}