{
    "status": {
        "~d_22": {
            "yes": 405,
            "no": 0,
            "undecided": 345,
            "unknown": 0,
            "pyes": 0.013257311989466272,
            "pno": 0.0,
            "pundecided": 0.09785267796080156,
            "punknown": 0.0,
            "time": 19.462836980819702,
            "percY": 3316.95,
            "percN": 0.0,
            "percU": 2825.55,
            "percUNK": 0.0,
            "l": 0.013257311989466272,
            "u": 1.0
        },
        "a_15": {
            "yes": 569,
            "no": 181,
            "undecided": 0,
            "unknown": 0,
            "pyes": 0.010757793272417849,
            "pno": 0.10035219667785,
            "pundecided": 0.0,
            "punknown": 0.0,
            "time": 31.217596530914307,
            "percY": 4660.11,
            "percN": 1482.39,
            "percU": 0.0,
            "percUNK": 0.0,
            "l": 0.010757793272417849,
            "u": 0.89964780332215
        },
        "~a_16": {
            "yes": 89,
            "no": 316,
            "undecided": 345,
            "unknown": 0,
            "pyes": 0.0030618467525077094,
            "pno": 0.010195465236958563,
            "pundecided": 0.09785267796080156,
            "punknown": 0.0,
            "time": 23.47361397743225,
            "percY": 728.91,
            "percN": 2588.04,
            "percU": 2825.55,
            "percUNK": 0.0,
            "l": 0.0030618467525077094,
            "u": 0.9898045347630414
        }
    },
    "data": {
        "n_samples": 819,
        "time": 75.19686579704285,
        "repeated_worlds": 69,
        "repeated_progs": 69,
        "unique_progs": 750
    }
}