{
    "status": {
        "d_23": {
            "yes": 15,
            "no": 0,
            "undecided": 59,
            "unknown": 0,
            "pyes": 0.06271643894459378,
            "pno": 0.0,
            "pundecided": 0.9000677888349213,
            "punknown": 0.0,
            "time": 2.3551836013793945,
            "percY": 122.85,
            "percN": 0.0,
            "percU": 483.21,
            "percUNK": 0.0,
            "l": 0.06271643894459378,
            "u": 1.0
        },
        "a_19": {
            "yes": 14,
            "no": 0,
            "undecided": 60,
            "unknown": 0,
            "pyes": 0.05594128955183308,
            "pno": 0.0,
            "pundecided": 0.9068429382276821,
            "punknown": 0.0,
            "time": 2.5974864959716797,
            "percY": 114.66,
            "percN": 0.0,
            "percU": 491.4,
            "percUNK": 0.0,
            "l": 0.05594128955183308,
            "u": 1.0
        },
        "~a_15": {
            "yes": 5,
            "no": 32,
            "undecided": 37,
            "unknown": 0,
            "pyes": 0.003950350547058734,
            "pno": 0.7938035556562031,
            "pundecided": 0.16503032157625327,
            "punknown": 0.0,
            "time": 2.689897298812866,
            "percY": 40.95,
            "percN": 262.08,
            "percU": 303.03,
            "percUNK": 0.0,
            "l": 0.003950350547058734,
            "u": 0.20619644434379691,
            "flag": "INTEREST"
        }
    },
    "data": {
        "n_samples": 819,
        "time": 7.763875961303711,
        "repeated_worlds": 745,
        "repeated_progs": 745,
        "unique_progs": 74
    }
}