{
    "status": {
        "d_33": {
            "yes": 516,
            "no": 0,
            "undecided": 188,
            "unknown": 68,
            "pyes": 1.392060266756097,
            "pno": 0.0,
            "pundecided": 0.004581625876113996,
            "punknown": 0.0073835096196472935,
            "time": 22.528075218200684,
            "percY": 2110.44,
            "percN": 0.0,
            "percU": 768.92,
            "percUNK": 278.12,
            "l": 1.392060266756097,
            "u": 1.0,
            "flag": "INTEREST"
        },
        "a_18": {
            "yes": 10,
            "no": 374,
            "undecided": 384,
            "unknown": 4,
            "pyes": 8.965272961021131e-07,
            "pno": 0.01011460145839366,
            "pundecided": 1.3907222668611807,
            "punknown": 0.0031876374049882284,
            "time": 22.9725284576416,
            "percY": 40.9,
            "percN": 1529.66,
            "percU": 1570.56,
            "percUNK": 16.36,
            "l": 8.965272961021131e-07,
            "u": 0.9898853985416063
        },
        "~a_15": {
            "yes": 0,
            "no": 34,
            "undecided": 738,
            "unknown": 0,
            "pyes": 0.0,
            "pno": 0.006864457891122968,
            "pundecided": 1.3971609443607356,
            "punknown": 0.0,
            "time": 23.581594467163086,
            "percY": 0.0,
            "percN": 139.06,
            "percU": 3018.42,
            "percUNK": 0.0,
            "l": 0.0,
            "u": 0.993135542108877
        }
    },
    "data": {
        "n_samples": 409,
        "time": 221.95898723602295,
        "repeated_programs": 23,
        "inconsistent_programs": 0,
        "worlds_consulted": 387
    }
}