{
    "status": {
        "d_21": {
            "yes": 680,
            "no": 0,
            "undecided": 92,
            "unknown": 8,
            "pyes": 0.11553743986738366,
            "pno": 0.0,
            "pundecided": 0.003746857049905272,
            "punknown": 6.473267168759997e-10,
            "time": 22.44674253463745,
            "percY": 2781.2,
            "percN": 0.0,
            "percU": 376.28,
            "percUNK": 32.72,
            "l": 0.11553743986738366,
            "u": 1.0
        },
        "~a_14": {
            "yes": 76,
            "no": 0,
            "undecided": 702,
            "unknown": 2,
            "pyes": 0.006004628742112942,
            "pno": 0.0,
            "pundecided": 0.11327966730850078,
            "punknown": 1.5140019121919999e-09,
            "time": 22.760123252868652,
            "percY": 310.84,
            "percN": 0.0,
            "percU": 2871.18,
            "percUNK": 8.18,
            "l": 0.006004628742112942,
            "u": 1.0
        },
        "~a_17": {
            "yes": 54,
            "no": 258,
            "undecided": 466,
            "unknown": 2,
            "pyes": 7.521755075393093e-05,
            "pno": 0.045978434827061515,
            "pundecided": 0.07323064515085011,
            "punknown": 3.595013301599999e-11,
            "time": 24.19642448425293,
            "percY": 220.86,
            "percN": 1055.22,
            "percU": 1905.94,
            "percUNK": 8.18,
            "l": 7.521755075393093e-05,
            "u": 0.9540215651729385
        }
    },
    "data": {
        "n_samples": 409,
        "time": 216.97257781028748,
        "repeated_programs": 19,
        "inconsistent_programs": 0,
        "worlds_consulted": 390
    }
}