{
    "status": {
        "~d_19": {
            "yes": 742,
            "no": 0,
            "undecided": 0,
            "unknown": 0,
            "pyes": 0.07438954736124893,
            "pno": 0.0,
            "pundecided": 0.0,
            "punknown": 0.0,
            "time": 3.2629621028900146,
            "percY": 6076.98,
            "percN": 0.0,
            "percU": 0.0,
            "percUNK": 0.0,
            "l": 0.07438954736124893,
            "u": 1.0
        },
        "a_7": {
            "yes": 742,
            "no": 0,
            "undecided": 0,
            "unknown": 0,
            "pyes": 0.07438954736124893,
            "pno": 0.0,
            "pundecided": 0.0,
            "punknown": 0.0,
            "time": 3.3651583194732666,
            "percY": 6076.98,
            "percN": 0.0,
            "percU": 0.0,
            "percUNK": 0.0,
            "l": 0.07438954736124893,
            "u": 1.0
        },
        "a_8": {
            "yes": 742,
            "no": 0,
            "undecided": 0,
            "unknown": 0,
            "pyes": 0.07438954736124893,
            "pno": 0.0,
            "pundecided": 0.0,
            "punknown": 0.0,
            "time": 3.5592801570892334,
            "percY": 6076.98,
            "percN": 0.0,
            "percU": 0.0,
            "percUNK": 0.0,
            "l": 0.07438954736124893,
            "u": 1.0
        }
    },
    "data": {
        "n_samples": 819,
        "time": 10.544375896453857,
        "repeated_worlds": 77,
        "repeated_progs": 681,
        "unique_progs": 138
    }
}