{
    "status": {
        "~d_13": {
            "yes": 744,
            "no": 0,
            "undecided": 0,
            "unknown": 0,
            "pyes": 0.01590339490512558,
            "pno": 0.0,
            "pundecided": 0.0,
            "punknown": 0.0,
            "time": 4.800962686538696,
            "percY": 6093.36,
            "percN": 0.0,
            "percU": 0.0,
            "percUNK": 0.0,
            "l": 0.01590339490512558,
            "u": 1.0
        },
        "a_5": {
            "yes": 550,
            "no": 0,
            "undecided": 194,
            "unknown": 0,
            "pyes": 0.0013074045704740116,
            "pno": 0.0,
            "pundecided": 0.014595990334651567,
            "punknown": 0.0,
            "time": 4.855419874191284,
            "percY": 4504.5,
            "percN": 0.0,
            "percU": 1588.86,
            "percUNK": 0.0,
            "l": 0.0013074045704740116,
            "u": 1.0
        },
        "a_7": {
            "yes": 661,
            "no": 69,
            "undecided": 14,
            "unknown": 0,
            "pyes": 0.01590000732133052,
            "pno": 2.1441056123551685e-06,
            "pundecided": 1.2434781827026946e-06,
            "punknown": 0.0,
            "time": 4.963366270065308,
            "percY": 5413.59,
            "percN": 565.11,
            "percU": 114.66,
            "percUNK": 0.0,
            "l": 0.01590000732133052,
            "u": 0.9999978558943876
        }
    },
    "data": {
        "n_samples": 819,
        "time": 15.04108715057373,
        "repeated_worlds": 75,
        "repeated_progs": 616,
        "unique_progs": 203
    }
}