{
    "status": {
        "d_16": {
            "yes": 738,
            "no": 0,
            "undecided": 0,
            "unknown": 0,
            "pyes": 0.12247317603615683,
            "pno": 0.0,
            "pundecided": 0.0,
            "punknown": 0.0,
            "time": 1.4402341842651367,
            "percY": 6044.22,
            "percN": 0.0,
            "percU": 0.0,
            "percUNK": 0.0,
            "l": 0.12247317603615683,
            "u": 1.0
        },
        "a_8": {
            "yes": 590,
            "no": 148,
            "undecided": 0,
            "unknown": 0,
            "pyes": 0.08457280757858211,
            "pno": 0.037900368457574746,
            "pundecided": 0.0,
            "punknown": 0.0,
            "time": 1.458651065826416,
            "percY": 4832.1,
            "percN": 1212.12,
            "percU": 0.0,
            "percUNK": 0.0,
            "l": 0.08457280757858211,
            "u": 0.9620996315424253
        },
        "~a_8": {
            "yes": 148,
            "no": 590,
            "undecided": 0,
            "unknown": 0,
            "pyes": 0.037900368457574746,
            "pno": 0.08457280757858211,
            "pundecided": 0.0,
            "punknown": 0.0,
            "time": 1.4745731353759766,
            "percY": 1212.12,
            "percN": 4832.1,
            "percU": 0.0,
            "percUNK": 0.0,
            "l": 0.037900368457574746,
            "u": 0.9154271924214179
        }
    },
    "data": {
        "n_samples": 819,
        "time": 4.65792441368103,
        "repeated_worlds": 81,
        "repeated_progs": 754,
        "unique_progs": 65
    }
}