{
    "status": {
        "d_11": {
            "yes": 742,
            "no": 0,
            "undecided": 0,
            "unknown": 0,
            "pyes": 0.007873587339172088,
            "pno": 0.0,
            "pundecided": 0.0,
            "punknown": 0.0,
            "time": 1.7233192920684814,
            "percY": 6076.98,
            "percN": 0.0,
            "percU": 0.0,
            "percUNK": 0.0,
            "l": 0.007873587339172088,
            "u": 1.0
        },
        "~a_7": {
            "yes": 550,
            "no": 0,
            "undecided": 192,
            "unknown": 0,
            "pyes": 0.006197345770185336,
            "pno": 0.0,
            "pundecided": 0.0016762415689867507,
            "punknown": 0.0,
            "time": 1.7543745040893555,
            "percY": 4504.5,
            "percN": 0.0,
            "percU": 1572.48,
            "percUNK": 0.0,
            "l": 0.006197345770185336,
            "u": 1.0
        },
        "~a_9": {
            "yes": 0,
            "no": 182,
            "undecided": 560,
            "unknown": 0,
            "pyes": 0.0,
            "pno": 0.002354811677834298,
            "pundecided": 0.005518775661337791,
            "punknown": 0.0,
            "time": 1.7872169017791748,
            "percY": 0.0,
            "percN": 1490.58,
            "percU": 4586.4,
            "percUNK": 0.0,
            "l": 0.0,
            "u": 0.9976451883221658
        }
    },
    "data": {
        "n_samples": 819,
        "time": 5.573904514312744,
        "repeated_worlds": 77,
        "repeated_progs": 744,
        "unique_progs": 75
    }
}