{
    "status": {
        "a_1": {
            "yes": 736,
            "no": 0,
            "undecided": 0,
            "unknown": 0,
            "pyes": 0.07526478356996069,
            "pno": 0.0,
            "pundecided": 0.0,
            "punknown": 0.0,
            "time": 1.5618937015533447,
            "percY": 6027.84,
            "percN": 0.0,
            "percU": 0.0,
            "percUNK": 0.0,
            "l": 0.07526478356996069,
            "u": 1.0
        },
        "~a_7": {
            "yes": 318,
            "no": 418,
            "undecided": 0,
            "unknown": 0,
            "pyes": 0.008395461913797227,
            "pno": 0.06686932165616344,
            "pundecided": 0.0,
            "punknown": 0.0,
            "time": 1.6106047630310059,
            "percY": 2604.42,
            "percN": 3423.42,
            "percU": 0.0,
            "percUNK": 0.0,
            "l": 0.008395461913797227,
            "u": 0.9331306783438366
        },
        "~a_8": {
            "yes": 373,
            "no": 363,
            "undecided": 0,
            "unknown": 0,
            "pyes": 0.006470201347537986,
            "pno": 0.06879458222242263,
            "pundecided": 0.0,
            "punknown": 0.0,
            "time": 1.7964072227478027,
            "percY": 3054.87,
            "percN": 2972.97,
            "percU": 0.0,
            "percUNK": 0.0,
            "l": 0.006470201347537986,
            "u": 0.9312054177775774
        }
    },
    "data": {
        "n_samples": 819,
        "time": 5.281380653381348,
        "repeated_worlds": 83,
        "repeated_progs": 754,
        "unique_progs": 65
    }
}