{
    "status": {
        "~d_10": {
            "yes": 181,
            "no": 0,
            "undecided": 570,
            "unknown": 0,
            "pyes": 0.0028442109013263597,
            "pno": 0.0,
            "pundecided": 0.0911042421516923,
            "punknown": 0.0,
            "time": 7.280976295471191,
            "percY": 1482.39,
            "percN": 0.0,
            "percU": 4668.3,
            "percUNK": 0.0,
            "l": 0.0028442109013263597,
            "u": 1.0
        },
        "a_7": {
            "yes": 195,
            "no": 556,
            "undecided": 0,
            "unknown": 0,
            "pyes": 0.012704355423290252,
            "pno": 0.08124409762972841,
            "pundecided": 0.0,
            "punknown": 0.0,
            "time": 7.667134046554565,
            "percY": 1597.05,
            "percN": 4553.64,
            "percU": 0.0,
            "percUNK": 0.0,
            "l": 0.012704355423290252,
            "u": 0.9187559023702716
        },
        "~a_9": {
            "yes": 0,
            "no": 226,
            "undecided": 525,
            "unknown": 0,
            "pyes": 0.0,
            "pno": 0.01987024997286418,
            "pundecided": 0.07407820308015464,
            "punknown": 0.0,
            "time": 7.2841362953186035,
            "percY": 0.0,
            "percN": 1850.94,
            "percU": 4299.75,
            "percUNK": 0.0,
            "l": 0.0,
            "u": 0.9801297500271359
        }
    },
    "data": {
        "n_samples": 819,
        "time": 22.768028020858765,
        "repeated_worlds": 68,
        "repeated_progs": 556,
        "unique_progs": 263
    }
}