{
    "status": {
        "~d_22": {
            "yes": 7,
            "no": 0,
            "undecided": 21,
            "unknown": 0,
            "pyes": 0.037960226474421994,
            "pno": 0.0,
            "pundecided": 0.875644883898699,
            "punknown": 0.0,
            "time": 0.6523356437683105,
            "percY": 14.28,
            "percN": 0.0,
            "percU": 42.84,
            "percUNK": 0.0,
            "l": 0.037960226474421994,
            "u": 1.0
        },
        "a_15": {
            "yes": 4,
            "no": 24,
            "undecided": 0,
            "unknown": 0,
            "pyes": 0.00702519261280932,
            "pno": 0.9065799177603117,
            "pundecided": 0.0,
            "punknown": 0.0,
            "time": 0.7886836528778076,
            "percY": 8.16,
            "percN": 48.96,
            "percU": 0.0,
            "percUNK": 0.0,
            "l": 0.00702519261280932,
            "u": 0.09342008223968834,
            "flag": "INTEREST"
        },
        "~a_16": {
            "yes": 3,
            "no": 4,
            "undecided": 21,
            "unknown": 0,
            "pyes": 0.030935033861612678,
            "pno": 0.00702519261280932,
            "pundecided": 0.875644883898699,
            "punknown": 0.0,
            "time": 0.6984636783599854,
            "percY": 6.12,
            "percN": 8.16,
            "percU": 42.84,
            "percUNK": 0.0,
            "l": 0.030935033861612678,
            "u": 0.9929748073871907
        }
    },
    "data": {
        "n_samples": 204,
        "time": 2.17466402053833,
        "repeated_worlds": 176,
        "repeated_progs": 176,
        "unique_progs": 28
    }
}