{
    "status": {
        "~d_36": {
            "yes": 3,
            "no": 0,
            "undecided": 29,
            "unknown": 0,
            "pyes": 0.012158918103411725,
            "pno": 0.0,
            "pundecided": 0.8937289485376407,
            "punknown": 0.0,
            "time": 0.773526668548584,
            "percY": 6.12,
            "percN": 0.0,
            "percU": 59.16,
            "percUNK": 0.0,
            "l": 0.012158918103411725,
            "u": 1.0
        },
        "a_14": {
            "yes": 17,
            "no": 7,
            "undecided": 8,
            "unknown": 0,
            "pyes": 0.8122720466911066,
            "pno": 0.055130115801010536,
            "pundecided": 0.038485704148935214,
            "punknown": 0.0,
            "time": 0.8565800189971924,
            "percY": 34.68,
            "percN": 14.28,
            "percU": 16.32,
            "percUNK": 0.0,
            "l": 0.8122720466911066,
            "u": 0.9448698841989894,
            "flag": "INTEREST"
        },
        "a_17": {
            "yes": 32,
            "no": 0,
            "undecided": 0,
            "unknown": 0,
            "pyes": 0.9058878666410525,
            "pno": 0.0,
            "pundecided": 0.0,
            "punknown": 0.0,
            "time": 1.3224468231201172,
            "percY": 65.28,
            "percN": 0.0,
            "percU": 0.0,
            "percUNK": 0.0,
            "l": 0.9058878666410525,
            "u": 1.0,
            "flag": "INTEREST"
        }
    },
    "data": {
        "n_samples": 204,
        "time": 2.9906511306762695,
        "repeated_worlds": 172,
        "repeated_progs": 172,
        "unique_progs": 32
    }
}