{
    "status": {
        "d_67": {
            "yes": 2560,
            "no": 0,
            "undecided": 768,
            "unknown": 768,
            "pyes": 0.8468843234740002,
            "pno": 0.0,
            "pundecided": 0.1500714562607401,
            "punknown": 0.003044220265259998,
            "time": 84.09859299659729,
            "percY": 104857.6,
            "percN": 0.0,
            "percU": 31457.28,
            "percUNK": 31457.28,
            "l": 0.8468843234740002,
            "u": 1.0,
            "flag": "INTEREST"
        },
        "~a_13": {
            "yes": 3200,
            "no": 0,
            "undecided": 896,
            "unknown": 0,
            "pyes": 0.9365312812648013,
            "pno": 0.0,
            "pundecided": 0.06346871873520009,
            "punknown": 0.0,
            "time": 83.63406157493591,
            "percY": 131072.0,
            "percN": 0.0,
            "percU": 36700.16,
            "percUNK": 0.0,
            "l": 0.9365312812648013,
            "u": 1.0,
            "flag": "INTEREST"
        },
        "a_17": {
            "yes": 194,
            "no": 154,
            "undecided": 3720,
            "unknown": 28,
            "pyes": 0.003570315381801933,
            "pno": 0.035507663821641694,
            "pundecided": 0.960590239560139,
            "punknown": 0.00033178123641915006,
            "time": 84.44631099700928,
            "percY": 7946.24,
            "percN": 6307.84,
            "percU": 152371.2,
            "percUNK": 1146.88,
            "l": 0.003570315381801933,
            "u": 0.9644923361783583
        }
    },
    "data": {
        "n_samples": 4096,
        "time": 259.909099817276,
        "repeated_worlds": 0,
        "repeated_progs": 0,
        "unique_progs": 4096
    }
}