{
    "status": {
        "~d_21": {
            "yes": 3584,
            "no": 0,
            "undecided": 160,
            "unknown": 352,
            "pyes": 0.9992184799112275,
            "pno": 0.0,
            "pundecided": 3.8455868433696e-05,
            "punknown": 0.0007430642203413043,
            "time": 132.5094575881958,
            "percY": 146800.64,
            "percN": 0.0,
            "percU": 6553.6,
            "percUNK": 14417.92,
            "l": 0.9992184799112275,
            "u": 1.0,
            "flag": "INTEREST"
        },
        "a_10": {
            "yes": 128,
            "no": 0,
            "undecided": 3968,
            "unknown": 0,
            "pyes": 0.05726598847200004,
            "pno": 0.0,
            "pundecided": 0.942734011528003,
            "punknown": 0.0,
            "time": 132.802663564682,
            "percY": 5242.88,
            "percN": 0.0,
            "percU": 162529.28,
            "percUNK": 0.0,
            "l": 0.05726598847200004,
            "u": 1.0
        },
        "~a_19": {
            "yes": 1,
            "no": 319,
            "undecided": 3776,
            "unknown": 0,
            "pyes": 1.178717557248e-09,
            "pno": 0.7161033193076827,
            "pundecided": 0.28389667951360054,
            "punknown": 0.0,
            "time": 137.52426385879517,
            "percY": 40.96,
            "percN": 13066.24,
            "percU": 154664.96,
            "percUNK": 0.0,
            "l": 1.178717557248e-09,
            "u": 0.2838966806923173,
            "flag": "INTEREST"
        }
    },
    "data": {
        "n_samples": 4096,
        "time": 415.8301885128021,
        "repeated_worlds": 0,
        "repeated_progs": 4,
        "unique_progs": 4092
    }
}