{
    "status": {
        "d_41": {
            "yes": 2560,
            "no": 0,
            "undecided": 1506,
            "unknown": 30,
            "pyes": 0.9153817077807985,
            "pno": 0.0,
            "pundecided": 0.0846182834399988,
            "punknown": 8.7792012e-09,
            "time": 133.74166703224182,
            "percY": 104857.6,
            "percN": 0.0,
            "percU": 61685.76,
            "percUNK": 1228.8,
            "l": 0.9153817077807985,
            "u": 1.0,
            "flag": "INTEREST"
        },
        "a_19": {
            "yes": 81,
            "no": 1355,
            "undecided": 2656,
            "unknown": 4,
            "pyes": 0.030895683171711905,
            "pno": 0.8092678372623855,
            "pundecided": 0.15983647210753313,
            "punknown": 7.4583691588224e-09,
            "time": 137.56592726707458,
            "percY": 3317.76,
            "percN": 55500.8,
            "percU": 108789.76,
            "percUNK": 163.84,
            "l": 0.030895683171711905,
            "u": 0.1907321627376145,
            "flag": "INTEREST"
        },
        "~a_17": {
            "yes": 192,
            "no": 52,
            "undecided": 3852,
            "unknown": 0,
            "pyes": 0.035986395346723106,
            "pno": 7.541753720486993e-06,
            "pundecided": 0.9640060628995559,
            "punknown": 0.0,
            "time": 138.03264784812927,
            "percY": 7864.32,
            "percN": 2129.92,
            "percU": 157777.92,
            "percUNK": 0.0,
            "l": 0.035986395346723106,
            "u": 0.9999924582462795
        }
    },
    "data": {
        "n_samples": 4096,
        "time": 422.39269948005676,
        "repeated_worlds": 0,
        "repeated_progs": 0,
        "unique_progs": 4096
    }
}