{
    "status": {
        "d_22": {
            "yes": 2560,
            "no": 0,
            "undecided": 224,
            "unknown": 1312,
            "pyes": 0.908175859072,
            "pno": 0.0,
            "pundecided": 2.9186724639744e-05,
            "punknown": 0.09179495420336026,
            "time": 136.85319924354553,
            "percY": 104857.6,
            "percN": 0.0,
            "percU": 9175.04,
            "percUNK": 53739.52,
            "l": 0.908175859072,
            "u": 1.0,
            "flag": "INTEREST"
        },
        "~a_15": {
            "yes": 450,
            "no": 1320,
            "undecided": 2286,
            "unknown": 40,
            "pyes": 0.007255223277281418,
            "pno": 0.1422527795368096,
            "pundecided": 0.8504743300948786,
            "punknown": 1.7667091029427203e-05,
            "time": 140.85042119026184,
            "percY": 18432.0,
            "percN": 54067.2,
            "percU": 93634.56,
            "percUNK": 1638.4,
            "l": 0.007255223277281418,
            "u": 0.8577472204631904
        },
        "a_18": {
            "yes": 273,
            "no": 820,
            "undecided": 2971,
            "unknown": 32,
            "pyes": 0.004784351473256724,
            "pno": 0.10241788937530265,
            "pundecided": 0.8927976725210393,
            "punknown": 8.66304e-08,
            "time": 141.19437885284424,
            "percY": 11182.08,
            "percN": 33587.2,
            "percU": 121692.16,
            "percUNK": 1310.72,
            "l": 0.004784351473256724,
            "u": 0.8975821106246974
        }
    },
    "data": {
        "n_samples": 4096,
        "time": 430.59438943862915,
        "repeated_worlds": 0,
        "repeated_progs": 0,
        "unique_progs": 4096
    }
}