{
    "status": {
        "~a_7": {
            "yes": 2560,
            "no": 0,
            "undecided": 768,
            "unknown": 768,
            "pyes": 0.986342054393726,
            "pno": 0.0,
            "pundecided": 0.0005237028182707202,
            "punknown": 0.013134242788001294,
            "time": 138.38497710227966,
            "percY": 104857.6,
            "percN": 0.0,
            "percU": 31457.28,
            "percUNK": 31457.28,
            "l": 0.986342054393726,
            "u": 1.0,
            "flag": "INTEREST"
        },
        "~a_15": {
            "yes": 1952,
            "no": 642,
            "undecided": 1498,
            "unknown": 4,
            "pyes": 0.02111671591242673,
            "pno": 0.044124975275428455,
            "pundecided": 0.9347583088121456,
            "punknown": 0.0,
            "time": 158.80356884002686,
            "percY": 79953.92,
            "percN": 26296.32,
            "percU": 61358.08,
            "percUNK": 163.84,
            "l": 0.02111671591242673,
            "u": 0.9558750247245715
        },
        "a_17": {
            "yes": 1235,
            "no": 955,
            "undecided": 1906,
            "unknown": 0,
            "pyes": 0.006159851559442818,
            "pno": 0.12016284351066671,
            "pundecided": 0.8736773049298902,
            "punknown": 0.0,
            "time": 195.75022435188293,
            "percY": 50585.6,
            "percN": 39116.8,
            "percU": 78069.76,
            "percUNK": 0.0,
            "l": 0.006159851559442818,
            "u": 0.8798371564893332
        }
    },
    "data": {
        "n_samples": 4096,
        "time": 506.08391213417053,
        "repeated_worlds": 0,
        "repeated_progs": 0,
        "unique_progs": 4096
    }
}