{
    "status": {
        "a_7": {
            "yes": 3584,
            "no": 0,
            "undecided": 512,
            "unknown": 0,
            "pyes": 0.9981309700000003,
            "pno": 0.0,
            "pundecided": 0.0018690299999999996,
            "punknown": 0.0,
            "time": 83.48135447502136,
            "percY": 146800.64,
            "percN": 0.0,
            "percU": 20971.52,
            "percUNK": 0.0,
            "l": 0.9981309700000003,
            "u": 1.0,
            "flag": "INTEREST"
        },
        "a_19": {
            "yes": 745,
            "no": 2393,
            "undecided": 950,
            "unknown": 8,
            "pyes": 0.08541308066991073,
            "pno": 0.9124588378812096,
            "pundecided": 0.0021280814488799996,
            "punknown": 0.0,
            "time": 87.97968435287476,
            "percY": 30515.2,
            "percN": 98017.28,
            "percU": 38912.0,
            "percUNK": 327.68,
            "l": 0.08541308066991073,
            "u": 0.08754116211879037,
            "flag": "INTEREST"
        }
    },
    "data": {
        "n_samples": 4096,
        "time": 265.9682528972626,
        "repeated_worlds": 0,
        "repeated_progs": 0,
        "unique_progs": 4096
    }
}