{
    "status": {
        "~d_55": {
            "yes": 2560,
            "no": 0,
            "undecided": 192,
            "unknown": 1344,
            "pyes": 0.7602317537380693,
            "pno": 0.0,
            "pundecided": 0.0005724015215696402,
            "punknown": 0.23919584474036082,
            "time": 137.5085949897766,
            "percY": 104857.6,
            "percN": 0.0,
            "percU": 7864.32,
            "percUNK": 55050.24,
            "l": 0.7602317537380693,
            "u": 1.0,
            "flag": "INTEREST"
        },
        "a_16": {
            "yes": 913,
            "no": 1375,
            "undecided": 1806,
            "unknown": 2,
            "pyes": 0.011111191350404866,
            "pno": 0.05520864001741615,
            "pundecided": 0.9336801681684136,
            "punknown": 4.63765401099e-10,
            "time": 141.83807182312012,
            "percY": 37396.48,
            "percN": 56320.0,
            "percU": 73973.76,
            "percUNK": 81.92,
            "l": 0.011111191350404866,
            "u": 0.9447913599825839
        },
        "~a_21": {
            "yes": 18,
            "no": 311,
            "undecided": 3759,
            "unknown": 8,
            "pyes": 2.1070640523932996e-05,
            "pno": 0.14071774724601882,
            "pundecided": 0.8592186688889346,
            "punknown": 4.2513224521868116e-05,
            "time": 138.86375784873962,
            "percY": 737.28,
            "percN": 12738.56,
            "percU": 153968.64,
            "percUNK": 327.68,
            "l": 2.1070640523932996e-05,
            "u": 0.8592822527539812
        }
    },
    "data": {
        "n_samples": 4096,
        "time": 430.97302889823914,
        "repeated_worlds": 0,
        "repeated_progs": 0,
        "unique_progs": 4096
    }
}