{
    "status": {
        "~a_7": {
            "yes": 2560,
            "no": 0,
            "undecided": 1536,
            "unknown": 0,
            "pyes": 0.957425726022006,
            "pno": 0.0,
            "pundecided": 0.042574273977993134,
            "punknown": 0.0,
            "time": 135.49694871902466,
            "percY": 104857.6,
            "percN": 0.0,
            "percU": 62914.56,
            "percUNK": 0.0,
            "l": 0.957425726022006,
            "u": 1.0,
            "flag": "INTEREST"
        },
        "a_19": {
            "yes": 309,
            "no": 482,
            "undecided": 3281,
            "unknown": 24,
            "pyes": 0.0019681028925744746,
            "pno": 0.1294220880722608,
            "pundecided": 0.8686077998017158,
            "punknown": 2.0092334479848576e-06,
            "time": 149.49077534675598,
            "percY": 12656.64,
            "percN": 19742.72,
            "percU": 134389.76,
            "percUNK": 983.04,
            "l": 0.0019681028925744746,
            "u": 0.8705779119277393
        },
        "~a_15": {
            "yes": 525,
            "no": 108,
            "undecided": 3459,
            "unknown": 4,
            "pyes": 0.0032937933647311343,
            "pno": 2.5118213272897782e-06,
            "pundecided": 0.996703569668272,
            "punknown": 1.25145668736e-07,
            "time": 153.8556125164032,
            "percY": 21504.0,
            "percN": 4423.68,
            "percU": 141680.64,
            "percUNK": 163.84,
            "l": 0.0032937933647311343,
            "u": 0.9999974881786727
        }
    },
    "data": {
        "n_samples": 4096,
        "time": 452.5347476005554,
        "repeated_worlds": 0,
        "repeated_progs": 0,
        "unique_progs": 4096
    }
}