{
    "status": {
        "~d_55": {
            "yes": 2560,
            "no": 0,
            "undecided": 1280,
            "unknown": 256,
            "pyes": 0.1805566603263999,
            "pno": 0.0,
            "pundecided": 0.8173404914822399,
            "punknown": 0.002102848191359999,
            "time": 85.17784857749939,
            "percY": 104857.6,
            "percN": 0.0,
            "percU": 52428.8,
            "percUNK": 10485.76,
            "l": 0.1805566603263999,
            "u": 1.0
        },
        "a_21": {
            "yes": 1115,
            "no": 1371,
            "undecided": 1604,
            "unknown": 6,
            "pyes": 0.04975613833152256,
            "pno": 0.07093025502110856,
            "pundecided": 0.8793136066473682,
            "punknown": 0.0,
            "time": 87.72544717788696,
            "percY": 45670.4,
            "percN": 56156.16,
            "percU": 65699.84,
            "percUNK": 245.76,
            "l": 0.04975613833152256,
            "u": 0.9290697449788914
        },
        "a_18": {
            "yes": 450,
            "no": 28,
            "undecided": 3590,
            "unknown": 28,
            "pyes": 0.06220661999396184,
            "pno": 6.54082545042432e-06,
            "pundecided": 0.9377868381141455,
            "punknown": 1.0664412595199998e-09,
            "time": 87.52445840835571,
            "percY": 18432.0,
            "percN": 1146.88,
            "percU": 147046.4,
            "percUNK": 1146.88,
            "l": 0.06220661999396184,
            "u": 0.9999934591745496
        }
    },
    "data": {
        "n_samples": 4096,
        "time": 267.52424716949463,
        "repeated_worlds": 0,
        "repeated_progs": 0,
        "unique_progs": 4096
    }
}