{
    "status": {
        "d_53": {
            "yes": 2560,
            "no": 0,
            "undecided": 1408,
            "unknown": 128,
            "pyes": 0.180751375,
            "pno": 0.0,
            "pundecided": 0.8192455762527132,
            "punknown": 3.0487472870400014e-06,
            "time": 137.3822832107544,
            "percY": 104857.6,
            "percN": 0.0,
            "percU": 57671.68,
            "percUNK": 5242.88,
            "l": 0.180751375,
            "u": 1.0
        },
        "a_17": {
            "yes": 224,
            "no": 72,
            "undecided": 3794,
            "unknown": 6,
            "pyes": 0.21929775156908488,
            "pno": 0.02030874612161124,
            "pundecided": 0.7603933700160066,
            "punknown": 1.3229329866661996e-07,
            "time": 139.45753836631775,
            "percY": 9175.04,
            "percN": 2949.12,
            "percU": 155402.24,
            "percUNK": 245.76,
            "l": 0.21929775156908488,
            "u": 0.9796912538783887
        },
        "~a_19": {
            "yes": 26,
            "no": 82,
            "undecided": 3968,
            "unknown": 20,
            "pyes": 0.1319281930651293,
            "pno": 0.046193505815658446,
            "pundecided": 0.8218781696237399,
            "punknown": 1.3149547346935998e-07,
            "time": 141.4446337223053,
            "percY": 1064.96,
            "percN": 3358.72,
            "percU": 162529.28,
            "percUNK": 819.2,
            "l": 0.1319281930651293,
            "u": 0.9538064941843416
        }
    },
    "data": {
        "n_samples": 4096,
        "time": 431.87120389938354,
        "repeated_worlds": 0,
        "repeated_progs": 0,
        "unique_progs": 4096
    }
}