{
    "status": {
        "~d_58": {
            "yes": 2560,
            "no": 0,
            "undecided": 0,
            "unknown": 1536,
            "pyes": 0.04318540709158405,
            "pno": 0.0,
            "pundecided": 0.0,
            "punknown": 0.9568145929084164,
            "time": 84.85339164733887,
            "percY": 104857.6,
            "percN": 0.0,
            "percU": 0.0,
            "percUNK": 62914.56,
            "l": 0.04318540709158405,
            "u": 1.0
        },
        "a_11": {
            "yes": 240,
            "no": 0,
            "undecided": 272,
            "unknown": 3584,
            "pyes": 0.0031353816905102206,
            "pno": 0.0,
            "pundecided": 0.0002716583094897818,
            "punknown": 0.9965929600000002,
            "time": 84.56544089317322,
            "percY": 9830.4,
            "percN": 0.0,
            "percU": 11141.12,
            "percUNK": 146800.64,
            "l": 0.0031353816905102206,
            "u": 1.0
        },
        "~a_17": {
            "yes": 70,
            "no": 86,
            "undecided": 3940,
            "unknown": 0,
            "pyes": 1.5528794673488032e-05,
            "pno": 0.0002092920162934508,
            "pundecided": 0.9997751791890332,
            "punknown": 0.0,
            "time": 85.9269950389862,
            "percY": 2867.2,
            "percN": 3522.56,
            "percU": 161382.4,
            "percUNK": 0.0,
            "l": 1.5528794673488032e-05,
            "u": 0.9997907079837065
        }
    },
    "data": {
        "n_samples": 4096,
        "time": 262.9848167896271,
        "repeated_worlds": 0,
        "repeated_progs": 0,
        "unique_progs": 4096
    }
}