{
    "status": {
        "~d_76": {
            "yes": 2560,
            "no": 0,
            "undecided": 192,
            "unknown": 1344,
            "pyes": 0.06685208319999997,
            "pno": 0.0,
            "pundecided": 0.004320857312660852,
            "punknown": 0.9288270594873397,
            "time": 83.39617991447449,
            "percY": 104857.6,
            "percN": 0.0,
            "percU": 7864.32,
            "percUNK": 55050.24,
            "l": 0.06685208319999997,
            "u": 1.0
        },
        "~a_17": {
            "yes": 783,
            "no": 438,
            "undecided": 2843,
            "unknown": 32,
            "pyes": 0.013892520629562224,
            "pno": 0.0017653415858999346,
            "pundecided": 0.9842755251842294,
            "punknown": 6.661260030912484e-05,
            "time": 86.09637570381165,
            "percY": 32071.68,
            "percN": 17940.48,
            "percU": 116449.28,
            "percUNK": 1310.72,
            "l": 0.013892520629562224,
            "u": 0.9982346584141001
        }
    },
    "data": {
        "n_samples": 4096,
        "time": 264.26582527160645,
        "repeated_worlds": 0,
        "repeated_progs": 0,
        "unique_progs": 4096
    }
}