{
    "status": {
        "~d_60": {
            "yes": 3584,
            "no": 0,
            "undecided": 0,
            "unknown": 512,
            "pyes": 0.9985221167331385,
            "pno": 0.0,
            "pundecided": 0.0,
            "punknown": 0.0014778832668608005,
            "time": 135.64195466041565,
            "percY": 146800.64,
            "percN": 0.0,
            "percU": 0.0,
            "percUNK": 20971.52,
            "l": 0.9985221167331385,
            "u": 1.0,
            "flag": "INTEREST"
        },
        "~a_11": {
            "yes": 1600,
            "no": 0,
            "undecided": 2488,
            "unknown": 8,
            "pyes": 0.9428590257689939,
            "pno": 0.0,
            "pundecided": 0.05714097224061699,
            "punknown": 1.9903874688000003e-09,
            "time": 135.63414001464844,
            "percY": 65536.0,
            "percN": 0.0,
            "percU": 101908.48,
            "percUNK": 327.68,
            "l": 0.9428590257689939,
            "u": 1.0,
            "flag": "INTEREST"
        },
        "a_17": {
            "yes": 97,
            "no": 1532,
            "undecided": 2459,
            "unknown": 8,
            "pyes": 1.0433312952456963e-05,
            "pno": 0.07912799446099816,
            "pundecided": 0.9208615635739223,
            "punknown": 8.652127228928003e-09,
            "time": 138.1679515838623,
            "percY": 3973.12,
            "percN": 62750.72,
            "percU": 100720.64,
            "percUNK": 327.68,
            "l": 1.0433312952456963e-05,
            "u": 0.9208720055390018
        }
    },
    "data": {
        "n_samples": 4096,
        "time": 422.2455937862396,
        "repeated_worlds": 0,
        "repeated_progs": 0,
        "unique_progs": 4096
    }
}