{
    "status": {
        "d_27": {
            "yes": 2560,
            "no": 0,
            "undecided": 960,
            "unknown": 576,
            "pyes": 0.9344865200000002,
            "pno": 0.0,
            "pundecided": 0.002291602590065114,
            "punknown": 0.0632218774099349,
            "time": 120.49483180046082,
            "percY": 104857.6,
            "percN": 0.0,
            "percU": 39321.6,
            "percUNK": 23592.96,
            "l": 0.9344865200000002,
            "u": 1.0,
            "flag": "INTEREST"
        },
        "a_18": {
            "yes": 770,
            "no": 580,
            "undecided": 2738,
            "unknown": 8,
            "pyes": 0.013648867007775357,
            "pno": 0.028440944490136757,
            "pundecided": 0.9576788559457903,
            "punknown": 0.00023133255629973878,
            "time": 127.44771361351013,
            "percY": 31539.2,
            "percN": 23756.8,
            "percU": 112148.48,
            "percUNK": 327.68,
            "l": 0.013648867007775357,
            "u": 0.9715590555098632
        },
        "~a_15": {
            "yes": 1998,
            "no": 464,
            "undecided": 1634,
            "unknown": 0,
            "pyes": 0.14552008213865342,
            "pno": 0.08152121389293629,
            "pundecided": 0.7729587039684105,
            "punknown": 0.0,
            "time": 133.05521893501282,
            "percY": 81838.08,
            "percN": 19005.44,
            "percU": 66928.64,
            "percUNK": 0.0,
            "l": 0.14552008213865342,
            "u": 0.9184787861070637
        }
    },
    "data": {
        "n_samples": 4096,
        "time": 392.8825891017914,
        "repeated_worlds": 0,
        "repeated_progs": 4,
        "unique_progs": 4092
    }
}