{
    "status": {
        "~d_53": {
            "yes": 512,
            "no": 0,
            "undecided": 2496,
            "unknown": 1088,
            "pyes": 0.0019000192863052783,
            "pno": 0.0,
            "pundecided": 0.24278959920340615,
            "punknown": 0.7553103815102883,
            "time": 84.44453573226929,
            "percY": 20971.52,
            "percN": 0.0,
            "percU": 102236.16,
            "percUNK": 44564.48,
            "l": 0.0019000192863052783,
            "u": 1.0
        },
        "a_11": {
            "yes": 320,
            "no": 0,
            "undecided": 3776,
            "unknown": 0,
            "pyes": 0.0003916525747406975,
            "pno": 0.0,
            "pundecided": 0.9996083474252595,
            "punknown": 0.0,
            "time": 84.0010313987732,
            "percY": 13107.2,
            "percN": 0.0,
            "percU": 154664.96,
            "percUNK": 0.0,
            "l": 0.0003916525747406975,
            "u": 1.0
        },
        "~a_18": {
            "yes": 72,
            "no": 16,
            "undecided": 4008,
            "unknown": 0,
            "pyes": 9.898711603826312e-06,
            "pno": 9.153743642294396e-09,
            "pundecided": 0.9999900921346527,
            "punknown": 0.0,
            "time": 84.34562110900879,
            "percY": 2949.12,
            "percN": 655.36,
            "percU": 164167.68,
            "percUNK": 0.0,
            "l": 9.898711603826312e-06,
            "u": 0.9999999908462563
        }
    },
    "data": {
        "n_samples": 4096,
        "time": 260.7512059211731,
        "repeated_worlds": 0,
        "repeated_progs": 0,
        "unique_progs": 4096
    }
}