{
    "status": {
        "~d_32": {
            "yes": 512,
            "no": 0,
            "undecided": 448,
            "unknown": 3136,
            "pyes": 0.04469759999999999,
            "pno": 0.0,
            "pundecided": 0.0,
            "punknown": 0.9553023999999997,
            "time": 117.92482686042786,
            "percY": 20971.52,
            "percN": 0.0,
            "percU": 18350.08,
            "percUNK": 128450.56,
            "l": 0.04469759999999999,
            "u": 1.0
        },
        "a_16": {
            "yes": 728,
            "no": 56,
            "undecided": 3280,
            "unknown": 32,
            "pyes": 0.06357647430198292,
            "pno": 1.7414133386987516e-06,
            "pundecided": 0.9363338756303002,
            "punknown": 8.790865437758973e-05,
            "time": 119.05824708938599,
            "percY": 29818.88,
            "percN": 2293.76,
            "percU": 134348.8,
            "percUNK": 1310.72,
            "l": 0.06357647430198292,
            "u": 0.9999982585866612
        },
        "a_19": {
            "yes": 61,
            "no": 1454,
            "undecided": 2581,
            "unknown": 0,
            "pyes": 0.00017917645054567533,
            "pno": 0.07841157792816054,
            "pundecided": 0.9214092456212933,
            "punknown": 0.0,
            "time": 136.7448492050171,
            "percY": 2498.56,
            "percN": 59555.84,
            "percU": 105717.76,
            "percUNK": 0.0,
            "l": 0.00017917645054567533,
            "u": 0.9215884220718394
        }
    },
    "data": {
        "n_samples": 4096,
        "time": 387.44610619544983,
        "repeated_worlds": 0,
        "repeated_progs": 0,
        "unique_progs": 4096
    }
}