{
    "status": {
        "d_64": {
            "yes": 3584,
            "no": 0,
            "undecided": 512,
            "unknown": 0,
            "pyes": 0.9999360000000012,
            "pno": 0.0,
            "pundecided": 6.399999999999989e-05,
            "punknown": 0.0,
            "time": 118.55885529518127,
            "percY": 146800.64,
            "percN": 0.0,
            "percU": 20971.52,
            "percUNK": 0.0,
            "l": 0.9999360000000012,
            "u": 1.0,
            "flag": "INTEREST"
        },
        "~a_14": {
            "yes": 512,
            "no": 0,
            "undecided": 3584,
            "unknown": 0,
            "pyes": 0.050872319999999985,
            "pno": 0.0,
            "pundecided": 0.9491276800000011,
            "punknown": 0.0,
            "time": 118.1239161491394,
            "percY": 20971.52,
            "percN": 0.0,
            "percU": 146800.64,
            "percUNK": 0.0,
            "l": 0.050872319999999985,
            "u": 1.0
        },
        "a_17": {
            "yes": 118,
            "no": 35,
            "undecided": 3891,
            "unknown": 52,
            "pyes": 0.03909029086474009,
            "pno": 0.006608406405281044,
            "pundecided": 0.9542826056996531,
            "punknown": 1.8697030327138713e-05,
            "time": 118.57220125198364,
            "percY": 4833.28,
            "percN": 1433.6,
            "percU": 159375.36,
            "percUNK": 2129.92,
            "l": 0.03909029086474009,
            "u": 0.993391593594719
        }
    },
    "data": {
        "n_samples": 4096,
        "time": 367.60821652412415,
        "repeated_worlds": 0,
        "repeated_progs": 0,
        "unique_progs": 4096
    }
}