{
    "status": {
        "d_24": {
            "yes": 2560,
            "no": 0,
            "undecided": 896,
            "unknown": 640,
            "pyes": 0.02696517218199999,
            "pno": 0.0,
            "pundecided": 0.9710790815111996,
            "punknown": 0.0019557463068000003,
            "time": 118.94042301177979,
            "percY": 104857.6,
            "percN": 0.0,
            "percU": 36700.16,
            "percUNK": 26214.4,
            "l": 0.02696517218199999,
            "u": 1.0
        },
        "a_10": {
            "yes": 728,
            "no": 0,
            "undecided": 3360,
            "unknown": 8,
            "pyes": 0.0010087837552594909,
            "pno": 0.0,
            "pundecided": 0.9989909502021794,
            "punknown": 2.6604256e-07,
            "time": 118.4736168384552,
            "percY": 29818.88,
            "percN": 0.0,
            "percU": 137625.6,
            "percUNK": 327.68,
            "l": 0.0010087837552594909,
            "u": 1.0
        },
        "~a_19": {
            "yes": 22,
            "no": 404,
            "undecided": 3668,
            "unknown": 2,
            "pyes": 3.486623833013759e-07,
            "pno": 0.0005867944690119049,
            "pundecided": 0.9994128488669785,
            "punknown": 8.001625927679999e-09,
            "time": 123.96349143981934,
            "percY": 901.12,
            "percN": 16547.84,
            "percU": 150241.28,
            "percUNK": 81.92,
            "l": 3.486623833013759e-07,
            "u": 0.9994132055309881
        }
    },
    "data": {
        "n_samples": 4096,
        "time": 375.5149896144867,
        "repeated_worlds": 0,
        "repeated_progs": 0,
        "unique_progs": 4096
    }
}