{
    "status": {
        "a_6": {
            "yes": 512,
            "no": 0,
            "undecided": 0,
            "unknown": 3584,
            "pyes": 0.8853552377600005,
            "pno": 0.0,
            "pundecided": 0.0,
            "punknown": 0.11464476223999993,
            "time": 82.06505966186523,
            "percY": 20971.52,
            "percN": 0.0,
            "percU": 0.0,
            "percUNK": 146800.64,
            "l": 0.8853552377600005,
            "u": 1.0,
            "flag": "INTEREST"
        },
        "a_14": {
            "yes": 128,
            "no": 0,
            "undecided": 384,
            "unknown": 3584,
            "pyes": 9.636774081983997e-05,
            "pno": 0.0,
            "pundecided": 0.08042024240894023,
            "punknown": 0.9194833898502403,
            "time": 82.12581062316895,
            "percY": 5242.88,
            "percN": 0.0,
            "percU": 15728.64,
            "percUNK": 146800.64,
            "l": 9.636774081983997e-05,
            "u": 1.0
        },
        "a_18": {
            "yes": 984,
            "no": 118,
            "undecided": 2994,
            "unknown": 0,
            "pyes": 0.06291596735880467,
            "pno": 0.752206383031844,
            "pundecided": 0.18487764960935132,
            "punknown": 0.0,
            "time": 83.1790943145752,
            "percY": 40304.64,
            "percN": 4833.28,
            "percU": 122634.24,
            "percUNK": 0.0,
            "l": 0.06291596735880467,
            "u": 0.24779361696815605,
            "flag": "INTEREST"
        }
    },
    "data": {
        "n_samples": 4096,
        "time": 254.85381531715393,
        "repeated_worlds": 0,
        "repeated_progs": 0,
        "unique_progs": 4096
    }
}