{
    "status": {
        "d_42": {
            "yes": 3584,
            "no": 0,
            "undecided": 448,
            "unknown": 64,
            "pyes": 0.846658760703999,
            "pno": 0.0,
            "pundecided": 0.1516076295314119,
            "punknown": 0.001733609764588032,
            "time": 82.41901111602783,
            "percY": 146800.64,
            "percN": 0.0,
            "percU": 18350.08,
            "percUNK": 2621.44,
            "l": 0.846658760703999,
            "u": 1.0,
            "flag": "INTEREST"
        },
        "a_15": {
            "yes": 765,
            "no": 278,
            "undecided": 3052,
            "unknown": 1,
            "pyes": 0.7195933435665769,
            "pno": 0.007359403923554228,
            "pundecided": 0.27302823036822127,
            "punknown": 1.9022141647872002e-05,
            "time": 108.38464069366455,
            "percY": 31334.4,
            "percN": 11386.88,
            "percU": 125009.92,
            "percUNK": 40.96,
            "l": 0.7195933435665769,
            "u": 0.9926405960764457,
            "flag": "INTEREST"
        },
        "a_18": {
            "yes": 244,
            "no": 228,
            "undecided": 3216,
            "unknown": 408,
            "pyes": 0.037374357803737955,
            "pno": 5.030311987790525e-05,
            "pundecided": 0.9468198670106809,
            "punknown": 0.015755472065703033,
            "time": 83.27074265480042,
            "percY": 9994.24,
            "percN": 9338.88,
            "percU": 131727.36,
            "percUNK": 16711.68,
            "l": 0.037374357803737955,
            "u": 0.9999496968801221
        }
    },
    "data": {
        "n_samples": 4096,
        "time": 280.44537115097046,
        "repeated_worlds": 0,
        "repeated_progs": 4,
        "unique_progs": 4092
    }
}