{
    "status": {
        "d_32": {
            "yes": 512,
            "no": 0,
            "undecided": 3416,
            "unknown": 168,
            "pyes": 0.011649362049373932,
            "pno": 0.0,
            "pundecided": 0.9881072221820456,
            "punknown": 0.00024341576858054578,
            "time": 83.43430829048157,
            "percY": 20971.52,
            "percN": 0.0,
            "percU": 139919.36,
            "percUNK": 6881.28,
            "l": 0.011649362049373932,
            "u": 1.0
        },
        "a_15": {
            "yes": 2114,
            "no": 188,
            "undecided": 1794,
            "unknown": 0,
            "pyes": 0.986053741824997,
            "pno": 0.0026935450781272172,
            "pundecided": 0.011252713096875805,
            "punknown": 0.0,
            "time": 90.22772121429443,
            "percY": 86589.44,
            "percN": 7700.48,
            "percU": 73482.24,
            "percUNK": 0.0,
            "l": 0.986053741824997,
            "u": 0.9973064549218728,
            "flag": "INTEREST"
        },
        "~a_16": {
            "yes": 838,
            "no": 760,
            "undecided": 2482,
            "unknown": 16,
            "pyes": 0.06360694256026585,
            "pno": 0.21086016896868062,
            "pundecided": 0.7255328314286877,
            "punknown": 5.704236684719999e-08,
            "time": 86.31436920166016,
            "percY": 34324.48,
            "percN": 31129.6,
            "percU": 101662.72,
            "percUNK": 655.36,
            "l": 0.06360694256026585,
            "u": 0.7891398310313193
        }
    },
    "data": {
        "n_samples": 4096,
        "time": 267.42405581474304,
        "repeated_worlds": 0,
        "repeated_progs": 0,
        "unique_progs": 4096
    }
}