{
    "status": {
        "d_59": {
            "yes": 3584,
            "no": 0,
            "undecided": 448,
            "unknown": 64,
            "pyes": 0.9993051695999984,
            "pno": 0.0,
            "pundecided": 0.0006943078875392004,
            "punknown": 5.225124608000001e-07,
            "time": 82.64942741394043,
            "percY": 146800.64,
            "percN": 0.0,
            "percU": 18350.08,
            "percUNK": 2621.44,
            "l": 0.9993051695999984,
            "u": 1.0,
            "flag": "INTEREST"
        },
        "~a_10": {
            "yes": 64,
            "no": 0,
            "undecided": 448,
            "unknown": 3584,
            "pyes": 8.213760000000005e-06,
            "pno": 0.0,
            "pundecided": 0.0004367902400000004,
            "punknown": 0.9995549959999985,
            "time": 82.78264856338501,
            "percY": 2621.44,
            "percN": 0.0,
            "percU": 18350.08,
            "percUNK": 146800.64,
            "l": 8.213760000000005e-06,
            "u": 1.0
        },
        "~a_15": {
            "yes": 58,
            "no": 12,
            "undecided": 4026,
            "unknown": 0,
            "pyes": 0.013069881709073252,
            "pno": 0.0,
            "pundecided": 0.9869301182909249,
            "punknown": 0.0,
            "time": 83.06318712234497,
            "percY": 2375.68,
            "percN": 491.52,
            "percU": 164904.96,
            "percUNK": 0.0,
            "l": 0.013069881709073252,
            "u": 1.0
        }
    },
    "data": {
        "n_samples": 4096,
        "time": 256.36205863952637,
        "repeated_worlds": 0,
        "repeated_progs": 0,
        "unique_progs": 4096
    }
}