{
    "status": {
        "d_42": {
            "yes": 512,
            "no": 0,
            "undecided": 2432,
            "unknown": 1152,
            "pyes": 0.004059046899999998,
            "pno": 0.0,
            "pundecided": 0.056092983710399974,
            "punknown": 0.9398479693895994,
            "time": 91.77077627182007,
            "percY": 20971.52,
            "percN": 0.0,
            "percU": 99614.72,
            "percUNK": 47185.92,
            "l": 0.004059046899999998,
            "u": 1.0
        },
        "~a_20": {
            "yes": 148,
            "no": 32,
            "undecided": 3916,
            "unknown": 0,
            "pyes": 0.004319376415867237,
            "pno": 2.01652772891136e-05,
            "pundecided": 0.995660458306843,
            "punknown": 0.0,
            "time": 92.11062932014465,
            "percY": 6062.08,
            "percN": 1310.72,
            "percU": 160399.36,
            "percUNK": 0.0,
            "l": 0.004319376415867237,
            "u": 0.9999798347227109
        },
        "a_18": {
            "yes": 1638,
            "no": 1634,
            "undecided": 824,
            "unknown": 0,
            "pyes": 0.06576810234216537,
            "pno": 0.19735322225033855,
            "pundecided": 0.7368786754074957,
            "punknown": 0.0,
            "time": 96.6484432220459,
            "percY": 67092.48,
            "percN": 66928.64,
            "percU": 33751.04,
            "percUNK": 0.0,
            "l": 0.06576810234216537,
            "u": 0.8026467777496614
        }
    },
    "data": {
        "n_samples": 4096,
        "time": 289.5616612434387,
        "repeated_worlds": 0,
        "repeated_progs": 0,
        "unique_progs": 4096
    }
}