{
    "status": {
        "a_3": {
            "yes": 3584,
            "no": 0,
            "undecided": 128,
            "unknown": 384,
            "pyes": 0.2467452680977146,
            "pno": 0.0,
            "pundecided": 8.161545189381074e-05,
            "punknown": 0.753173116450392,
            "time": 91.13032841682434,
            "percY": 146800.64,
            "percN": 0.0,
            "percU": 5242.88,
            "percUNK": 15728.64,
            "l": 0.2467452680977146,
            "u": 1.0
        },
        "a_10": {
            "yes": 320,
            "no": 0,
            "undecided": 192,
            "unknown": 3584,
            "pyes": 1.3167302947999995e-05,
            "pno": 0.0,
            "pundecided": 0.0,
            "punknown": 0.9999868326970511,
            "time": 91.47216510772705,
            "percY": 13107.2,
            "percN": 0.0,
            "percU": 7864.32,
            "percUNK": 146800.64,
            "l": 1.3167302947999995e-05,
            "u": 1.0
        },
        "a_19": {
            "yes": 770,
            "no": 553,
            "undecided": 2765,
            "unknown": 8,
            "pyes": 0.1256529669412947,
            "pno": 0.6942372950081626,
            "pundecided": 0.17946120824824577,
            "punknown": 0.0006485298022964359,
            "time": 94.6739513874054,
            "percY": 31539.2,
            "percN": 22650.88,
            "percU": 113254.4,
            "percUNK": 327.68,
            "l": 0.1256529669412947,
            "u": 0.30576270499183744,
            "flag": "INTEREST"
        }
    },
    "data": {
        "n_samples": 4096,
        "time": 285.5420298576355,
        "repeated_worlds": 0,
        "repeated_progs": 6,
        "unique_progs": 4090
    }
}