{
    "status": {
        "d_63": {
            "yes": 512,
            "no": 0,
            "undecided": 3136,
            "unknown": 448,
            "pyes": 0.0009401372399999999,
            "pno": 0.0,
            "pundecided": 0.9957350502899998,
            "punknown": 0.0033248124700000015,
            "time": 82.63765072822571,
            "percY": 20971.52,
            "percN": 0.0,
            "percU": 128450.56,
            "percUNK": 18350.08,
            "l": 0.0009401372399999999,
            "u": 1.0
        },
        "a_17": {
            "yes": 522,
            "no": 1022,
            "undecided": 2552,
            "unknown": 0,
            "pyes": 0.00476740645915076,
            "pno": 0.009199178074919804,
            "pundecided": 0.9860334154659293,
            "punknown": 0.0,
            "time": 87.2692699432373,
            "percY": 21381.12,
            "percN": 41861.12,
            "percU": 104529.92,
            "percUNK": 0.0,
            "l": 0.00476740645915076,
            "u": 0.9908008219250802
        },
        "~a_19": {
            "yes": 1516,
            "no": 269,
            "undecided": 2307,
            "unknown": 4,
            "pyes": 0.06575257828326568,
            "pno": 0.0054500428482672355,
            "pundecided": 0.9224252267935439,
            "punknown": 0.006372152074923012,
            "time": 94.01608514785767,
            "percY": 62095.36,
            "percN": 11018.24,
            "percU": 94494.72,
            "percUNK": 163.84,
            "l": 0.06575257828326568,
            "u": 0.9945499571517328
        }
    },
    "data": {
        "n_samples": 4096,
        "time": 271.7778391838074,
        "repeated_worlds": 0,
        "repeated_progs": 0,
        "unique_progs": 4096
    }
}