{
    "status": {
        "~d_10": {
            "yes": 88,
            "no": 0,
            "undecided": 84,
            "unknown": 0,
            "pyes": 0.002489755543638312,
            "pno": 0.0,
            "pundecided": 0.014971364845879893,
            "punknown": 0.0,
            "time": 4.797167778015137,
            "percY": 89.76,
            "percN": 0.0,
            "percU": 85.68,
            "percUNK": 0.0,
            "l": 0.002489755543638312,
            "u": 1.0
        },
        "a_6": {
            "yes": 172,
            "no": 0,
            "undecided": 0,
            "unknown": 0,
            "pyes": 0.01746112038951821,
            "pno": 0.0,
            "pundecided": 0.0,
            "punknown": 0.0,
            "time": 4.653202295303345,
            "percY": 175.44,
            "percN": 0.0,
            "percU": 0.0,
            "percUNK": 0.0,
            "l": 0.01746112038951821,
            "u": 1.0
        },
        "~a_7": {
            "yes": 59,
            "no": 113,
            "undecided": 0,
            "unknown": 0,
            "pyes": 0.00175869229022892,
            "pno": 0.015702428099289286,
            "pundecided": 0.0,
            "punknown": 0.0,
            "time": 4.9486000537872314,
            "percY": 60.18,
            "percN": 115.26,
            "percU": 0.0,
            "percUNK": 0.0,
            "l": 0.00175869229022892,
            "u": 0.9842975719007108
        }
    },
    "data": {
        "n_samples": 102,
        "time": 9.037888288497925,
        "repeated_programs": 3,
        "inconsistent_programs": 26,
        "worlds_consulted": 72
    }
}