{
    "status": {
        "~d_11": {
            "yes": 75,
            "no": 0,
            "undecided": 84,
            "unknown": 0,
            "pyes": 0.004160800844562331,
            "pno": 0.0,
            "pundecided": 0.026253526833322098,
            "punknown": 0.0,
            "time": 4.7538275718688965,
            "percY": 76.5,
            "percN": 0.0,
            "percU": 85.68,
            "percUNK": 0.0,
            "l": 0.004160800844562331,
            "u": 1.0
        },
        "a_5": {
            "yes": 159,
            "no": 0,
            "undecided": 0,
            "unknown": 0,
            "pyes": 0.030414327677884417,
            "pno": 0.0,
            "pundecided": 0.0,
            "punknown": 0.0,
            "time": 4.784358024597168,
            "percY": 162.18,
            "percN": 0.0,
            "percU": 0.0,
            "percUNK": 0.0,
            "l": 0.030414327677884417,
            "u": 1.0
        },
        "~a_7": {
            "yes": 55,
            "no": 104,
            "undecided": 0,
            "unknown": 0,
            "pyes": 0.01113812798696866,
            "pno": 0.019276199690915794,
            "pundecided": 0.0,
            "punknown": 0.0,
            "time": 5.029942274093628,
            "percY": 56.1,
            "percN": 106.08,
            "percU": 0.0,
            "percUNK": 0.0,
            "l": 0.01113812798696866,
            "u": 0.9807238003090842
        }
    },
    "data": {
        "n_samples": 102,
        "time": 10.110873222351074,
        "repeated_programs": 0,
        "inconsistent_programs": 45,
        "worlds_consulted": 57
    }
}