{
    "status": {
        "d_15": {
            "yes": 140,
            "no": 0,
            "undecided": 147,
            "unknown": 1,
            "pyes": 0.016040957858267615,
            "pno": 0.0,
            "pundecided": 0.0009700298331732525,
            "punknown": 0.0,
            "time": 8.717652082443237,
            "percY": 285.6,
            "percN": 0.0,
            "percU": 299.88,
            "percUNK": 2.04,
            "l": 0.016040957858267615,
            "u": 1.0
        },
        "~a_6": {
            "yes": 147,
            "no": 0,
            "undecided": 141,
            "unknown": 0,
            "pyes": 0.011761538634082953,
            "pno": 0.0,
            "pundecided": 0.005249449057357908,
            "punknown": 0.0,
            "time": 8.684144258499146,
            "percY": 299.88,
            "percN": 0.0,
            "percU": 287.64,
            "percUNK": 0.0,
            "l": 0.011761538634082953,
            "u": 1.0
        },
        "~a_7": {
            "yes": 288,
            "no": 0,
            "undecided": 0,
            "unknown": 0,
            "pyes": 0.01701098769144086,
            "pno": 0.0,
            "pundecided": 0.0,
            "punknown": 0.0,
            "time": 8.913402795791626,
            "percY": 587.52,
            "percN": 0.0,
            "percU": 0.0,
            "percUNK": 0.0,
            "l": 0.01701098769144086,
            "u": 1.0
        }
    },
    "data": {
        "n_samples": 204,
        "time": 20.281432628631592,
        "repeated_programs": 4,
        "inconsistent_programs": 112,
        "worlds_consulted": 88
    }
}