{
    "status": {
        "~a_3": {
            "yes": 39,
            "no": 0,
            "undecided": 0,
            "unknown": 45,
            "pyes": 0.021737300991274792,
            "pno": 0.0,
            "pundecided": 0.0,
            "punknown": 0.05957651911813588,
            "time": 1.999648094177246,
            "percY": 19.89,
            "percN": 0.0,
            "percU": 0.0,
            "percUNK": 22.95,
            "l": 0.021737300991274792,
            "u": 1.0
        },
        "a_6": {
            "yes": 38,
            "no": 0,
            "undecided": 46,
            "unknown": 0,
            "pyes": 0.012424510473715768,
            "pno": 0.0,
            "pundecided": 0.0688893096356949,
            "punknown": 0.0,
            "time": 1.9715447425842285,
            "percY": 19.38,
            "percN": 0.0,
            "percU": 23.46,
            "percUNK": 0.0,
            "l": 0.012424510473715768,
            "u": 1.0
        },
        "a_8": {
            "yes": 23,
            "no": 11,
            "undecided": 48,
            "unknown": 2,
            "pyes": 0.004651161144002456,
            "pno": 0.0067375185247604006,
            "pundecided": 0.06427979630699954,
            "punknown": 0.005645344133648264,
            "time": 2.0195152759552,
            "percY": 11.73,
            "percN": 5.61,
            "percU": 24.48,
            "percUNK": 1.02,
            "l": 0.004651161144002456,
            "u": 0.9932624814752395
        }
    },
    "data": {
        "n_samples": 51,
        "time": 3.973180055618286,
        "repeated_programs": 0,
        "inconsistent_programs": 18,
        "worlds_consulted": 33
    }
}