{
    "status": {
        "a_4": {
            "yes": 84,
            "no": 0,
            "undecided": 0,
            "unknown": 83,
            "pyes": 0.014040103830809184,
            "pno": 0.0,
            "pundecided": 0.0,
            "punknown": 0.04587234030614725,
            "time": 5.096985816955566,
            "percY": 85.68,
            "percN": 0.0,
            "percU": 0.0,
            "percUNK": 84.66,
            "l": 0.014040103830809184,
            "u": 1.0
        },
        "a_8": {
            "yes": 62,
            "no": 51,
            "undecided": 54,
            "unknown": 0,
            "pyes": 0.017944686622499095,
            "pno": 0.012080446455589384,
            "pundecided": 0.029887311058867973,
            "punknown": 0.0,
            "time": 5.412348747253418,
            "percY": 63.24,
            "percN": 52.02,
            "percU": 55.08,
            "percUNK": 0.0,
            "l": 0.017944686622499095,
            "u": 0.9879195535444106
        },
        "~a_8": {
            "yes": 51,
            "no": 62,
            "undecided": 54,
            "unknown": 0,
            "pyes": 0.012080446455589384,
            "pno": 0.017944686622499095,
            "pundecided": 0.029887311058867973,
            "punknown": 0.0,
            "time": 5.226805925369263,
            "percY": 52.02,
            "percN": 63.24,
            "percU": 55.08,
            "percUNK": 0.0,
            "l": 0.012080446455589384,
            "u": 0.982055313377501
        }
    },
    "data": {
        "n_samples": 102,
        "time": 10.097419023513794,
        "repeated_programs": 4,
        "inconsistent_programs": 29,
        "worlds_consulted": 67
    }
}