{
    "status": {
        "~d_33": {
            "yes": 98,
            "no": 0,
            "undecided": 104,
            "unknown": 0,
            "pyes": 0.005479143262575269,
            "pno": 0.0,
            "pundecided": 0.004479464925812095,
            "punknown": 0.0,
            "time": 6.001318693161011,
            "percY": 199.92,
            "percN": 0.0,
            "percU": 212.16,
            "percUNK": 0.0,
            "l": 0.005479143262575269,
            "u": 1.0
        },
        "a_17": {
            "yes": 14,
            "no": 14,
            "undecided": 174,
            "unknown": 0,
            "pyes": 7.59141745704e-09,
            "pno": 2.3802311458760942e-07,
            "pundecided": 0.009958362573855321,
            "punknown": 0.0,
            "time": 6.850294828414917,
            "percY": 28.56,
            "percN": 28.56,
            "percU": 354.96,
            "percUNK": 0.0,
            "l": 7.59141745704e-09,
            "u": 0.9999997619768854
        },
        "~a_15": {
            "yes": 14,
            "no": 17,
            "undecided": 171,
            "unknown": 0,
            "pyes": 1.3846536701677012e-06,
            "pno": 7.1681546371637754e-06,
            "pundecided": 0.009950055380080034,
            "punknown": 0.0,
            "time": 6.51549506187439,
            "percY": 28.56,
            "percN": 34.68,
            "percU": 348.84,
            "percUNK": 0.0,
            "l": 1.3846536701677012e-06,
            "u": 0.9999928318453628
        }
    },
    "data": {
        "n_samples": 204,
        "time": 19.653584241867065,
        "repeated_worlds": 2,
        "repeated_progs": 2,
        "unique_progs": 202
    }
}