{
    "status": {
        "d_21": {
            "yes": 106,
            "no": 0,
            "undecided": 94,
            "unknown": 0,
            "pyes": 0.0002530110396898421,
            "pno": 0.0,
            "pundecided": 0.00408881842612505,
            "punknown": 0.0,
            "time": 5.826399803161621,
            "percY": 216.24,
            "percN": 0.0,
            "percU": 191.76,
            "percUNK": 0.0,
            "l": 0.0002530110396898421,
            "u": 1.0
        },
        "a_12": {
            "yes": 51,
            "no": 0,
            "undecided": 149,
            "unknown": 0,
            "pyes": 0.00019033360732189467,
            "pno": 0.0,
            "pundecided": 0.004151495858492997,
            "punknown": 0.0,
            "time": 5.835900545120239,
            "percY": 104.04,
            "percN": 0.0,
            "percU": 303.96,
            "percUNK": 0.0,
            "l": 0.00019033360732189467,
            "u": 1.0
        },
        "~a_15": {
            "yes": 18,
            "no": 33,
            "undecided": 149,
            "unknown": 0,
            "pyes": 0.0001344584205576907,
            "pno": 5.587518676420394e-05,
            "pundecided": 0.004151495858492997,
            "punknown": 0.0,
            "time": 6.187040328979492,
            "percY": 36.72,
            "percN": 67.32,
            "percU": 303.96,
            "percUNK": 0.0,
            "l": 0.0001344584205576907,
            "u": 0.9999441248132358
        }
    },
    "data": {
        "n_samples": 204,
        "time": 18.134687662124634,
        "repeated_worlds": 4,
        "repeated_progs": 4,
        "unique_progs": 200
    }
}