{
    "status": {
        "d_29": {
            "yes": 100,
            "no": 0,
            "undecided": 98,
            "unknown": 0,
            "pyes": 2.7847763757942547e-05,
            "pno": 0.0,
            "pundecided": 0.009864301074419003,
            "punknown": 0.0,
            "time": 5.642102003097534,
            "percY": 204.0,
            "percN": 0.0,
            "percU": 199.92,
            "percUNK": 0.0,
            "l": 2.7847763757942547e-05,
            "u": 1.0
        },
        "~a_19": {
            "yes": 38,
            "no": 18,
            "undecided": 142,
            "unknown": 0,
            "pyes": 1.7743842408841265e-05,
            "pno": 2.3973398859872e-08,
            "pundecided": 0.00987438102236924,
            "punknown": 0.0,
            "time": 6.015440464019775,
            "percY": 77.52,
            "percN": 36.72,
            "percU": 289.68,
            "percUNK": 0.0,
            "l": 1.7743842408841265e-05,
            "u": 0.9999999760266012
        },
        "a_19": {
            "yes": 18,
            "no": 38,
            "undecided": 142,
            "unknown": 0,
            "pyes": 2.3973398859872e-08,
            "pno": 1.7743842408841265e-05,
            "pundecided": 0.00987438102236924,
            "punknown": 0.0,
            "time": 6.242041349411011,
            "percY": 36.72,
            "percN": 77.52,
            "percU": 289.68,
            "percUNK": 0.0,
            "l": 2.3973398859872e-08,
            "u": 0.9999822561575912
        }
    },
    "data": {
        "n_samples": 204,
        "time": 18.169050931930542,
        "repeated_worlds": 6,
        "repeated_progs": 6,
        "unique_progs": 198
    }
}