{
    "status": {
        "d_48": {
            "yes": 93,
            "no": 0,
            "undecided": 104,
            "unknown": 0,
            "pyes": 0.0010789061245355888,
            "pno": 0.0,
            "pundecided": 0.008965267205306096,
            "punknown": 0.0,
            "time": 5.0402374267578125,
            "percY": 189.72,
            "percN": 0.0,
            "percU": 212.16,
            "percUNK": 0.0,
            "l": 0.0010789061245355888,
            "u": 1.0
        },
        "~a_16": {
            "yes": 38,
            "no": 37,
            "undecided": 122,
            "unknown": 0,
            "pyes": 7.702258945944433e-05,
            "pno": 6.501216517457155e-06,
            "pundecided": 0.009960649523864787,
            "punknown": 0.0,
            "time": 5.628107786178589,
            "percY": 77.52,
            "percN": 75.48,
            "percU": 248.88,
            "percUNK": 0.0,
            "l": 7.702258945944433e-05,
            "u": 0.9999934987834825
        },
        "a_17": {
            "yes": 48,
            "no": 62,
            "undecided": 87,
            "unknown": 0,
            "pyes": 0.00012173379904321989,
            "pno": 2.0331955122715536e-05,
            "pundecided": 0.00990210757567575,
            "punknown": 0.0,
            "time": 5.402248859405518,
            "percY": 97.92,
            "percN": 126.48,
            "percU": 177.48,
            "percUNK": 0.0,
            "l": 0.00012173379904321989,
            "u": 0.9999796680448773
        }
    },
    "data": {
        "n_samples": 204,
        "time": 16.34699821472168,
        "repeated_worlds": 7,
        "repeated_progs": 7,
        "unique_progs": 197
    }
}