{
    "status": {
        "d_66": {
            "yes": 98,
            "no": 0,
            "undecided": 105,
            "unknown": 0,
            "pyes": 0.03375407227452262,
            "pno": 0.0,
            "pundecided": 0.005978564309591581,
            "punknown": 0.0,
            "time": 7.0620362758636475,
            "percY": 199.92,
            "percN": 0.0,
            "percU": 214.2,
            "percUNK": 0.0,
            "l": 0.03375407227452262,
            "u": 1.0
        },
        "a_16": {
            "yes": 26,
            "no": 5,
            "undecided": 172,
            "unknown": 0,
            "pyes": 6.510338746551393e-06,
            "pno": 1.712416826975232e-09,
            "pundecided": 0.03972612453295084,
            "punknown": 0.0,
            "time": 7.966466665267944,
            "percY": 53.04,
            "percN": 10.2,
            "percU": 350.88,
            "percUNK": 0.0,
            "l": 6.510338746551393e-06,
            "u": 0.9999999982875831
        },
        "~a_16": {
            "yes": 5,
            "no": 26,
            "undecided": 172,
            "unknown": 0,
            "pyes": 1.712416826975232e-09,
            "pno": 6.510338746551393e-06,
            "pundecided": 0.03972612453295084,
            "punknown": 0.0,
            "time": 8.169562816619873,
            "percY": 10.2,
            "percN": 53.04,
            "percU": 350.88,
            "percUNK": 0.0,
            "l": 1.712416826975232e-09,
            "u": 0.9999934896612535
        }
    },
    "data": {
        "n_samples": 204,
        "time": 23.51553988456726,
        "repeated_worlds": 1,
        "repeated_progs": 1,
        "unique_progs": 203
    }
}