{
    "status": {
        "a_1": {
            "yes": 123,
            "no": 0,
            "undecided": 0,
            "unknown": 71,
            "pyes": 5.1554933119252615e-06,
            "pno": 0.0,
            "pundecided": 0.0,
            "punknown": 0.006755818645713781,
            "time": 4.807529926300049,
            "percY": 250.92,
            "percN": 0.0,
            "percU": 0.0,
            "percUNK": 144.84,
            "l": 5.1554933119252615e-06,
            "u": 1.0
        },
        "a_5": {
            "yes": 20,
            "no": 0,
            "undecided": 174,
            "unknown": 0,
            "pyes": 3.9916458764734465e-06,
            "pno": 0.0,
            "pundecided": 0.006756982493149232,
            "punknown": 0.0,
            "time": 4.772353887557983,
            "percY": 40.8,
            "percN": 0.0,
            "percU": 354.96,
            "percUNK": 0.0,
            "l": 3.9916458764734465e-06,
            "u": 1.0
        },
        "~a_8": {
            "yes": 73,
            "no": 3,
            "undecided": 115,
            "unknown": 3,
            "pyes": 0.006632660961157521,
            "pno": 0.0,
            "pundecided": 0.00012831233322869724,
            "punknown": 8.446394880000002e-10,
            "time": 4.738477945327759,
            "percY": 148.92,
            "percN": 6.12,
            "percU": 234.6,
            "percUNK": 6.12,
            "l": 0.006632660961157521,
            "u": 1.0
        }
    },
    "data": {
        "n_samples": 204,
        "time": 14.591548681259155,
        "repeated_worlds": 10,
        "repeated_progs": 17,
        "unique_progs": 187
    }
}