{
    "status": {
        "d_18": {
            "yes": 123,
            "no": 0,
            "undecided": 0,
            "unknown": 77,
            "pyes": 0.0025383952883580247,
            "pno": 0.0,
            "pundecided": 0.0,
            "punknown": 0.00047138192854513964,
            "time": 4.98332667350769,
            "percY": 250.92,
            "percN": 0.0,
            "percU": 0.0,
            "percUNK": 157.08,
            "l": 0.0025383952883580247,
            "u": 1.0
        },
        "a_9": {
            "yes": 62,
            "no": 32,
            "undecided": 93,
            "unknown": 13,
            "pyes": 2.4471201016633067e-05,
            "pno": 0.0004060526813442802,
            "pundecided": 0.0025713350130608784,
            "punknown": 7.918321481372404e-06,
            "time": 4.986513614654541,
            "percY": 126.48,
            "percN": 65.28,
            "percU": 189.72,
            "percUNK": 26.52,
            "l": 2.4471201016633067e-05,
            "u": 0.9995939473186557
        },
        "~a_7": {
            "yes": 21,
            "no": 85,
            "undecided": 91,
            "unknown": 3,
            "pyes": 6.842148073698587e-05,
            "pno": 0.0028365182193673434,
            "pundecided": 0.00010483156019018474,
            "punknown": 5.95660865060352e-09,
            "time": 4.985162019729614,
            "percY": 42.84,
            "percN": 173.4,
            "percU": 185.64,
            "percUNK": 6.12,
            "l": 6.842148073698587e-05,
            "u": 0.9971634817806326
        }
    },
    "data": {
        "n_samples": 204,
        "time": 15.219208717346191,
        "repeated_worlds": 4,
        "repeated_progs": 8,
        "unique_progs": 196
    }
}