{
    "status": {
        "d_11": {
            "yes": 126,
            "no": 0,
            "undecided": 36,
            "unknown": 33,
            "pyes": 0.04891076936904434,
            "pno": 0.0,
            "pundecided": 2.457066507596834e-05,
            "punknown": 0.0013186223170287897,
            "time": 4.866903781890869,
            "percY": 257.04,
            "percN": 0.0,
            "percU": 73.44,
            "percUNK": 67.32,
            "l": 0.04891076936904434,
            "u": 1.0
        },
        "a_8": {
            "yes": 8,
            "no": 7,
            "undecided": 179,
            "unknown": 1,
            "pyes": 0.0010200499671357843,
            "pno": 1.6133670304938203e-05,
            "pundecided": 0.0490621733409429,
            "punknown": 0.0001556053727654687,
            "time": 4.957479238510132,
            "percY": 16.32,
            "percN": 14.28,
            "percU": 365.16,
            "percUNK": 2.04,
            "l": 0.0010200499671357843,
            "u": 0.999983866329695
        },
        "a_9": {
            "yes": 21,
            "no": 55,
            "undecided": 118,
            "unknown": 1,
            "pyes": 0.00017221869401022136,
            "pno": 0.043897973084649086,
            "pundecided": 0.006183756779353093,
            "punknown": 1.379313671236301e-08,
            "time": 4.945224761962891,
            "percY": 42.84,
            "percN": 112.2,
            "percU": 240.72,
            "percUNK": 2.04,
            "l": 0.00017221869401022136,
            "u": 0.956102026915351
        }
    },
    "data": {
        "n_samples": 204,
        "time": 15.046924114227295,
        "repeated_worlds": 9,
        "repeated_progs": 12,
        "unique_progs": 192
    }
}