{
    "status": {
        "~d_18": {
            "yes": 31,
            "no": 0,
            "undecided": 22,
            "unknown": 143,
            "pyes": 0.0006283390916865323,
            "pno": 0.0,
            "pundecided": 7.771375341319505e-06,
            "punknown": 0.0017951304972129692,
            "time": 4.729909181594849,
            "percY": 63.24,
            "percN": 0.0,
            "percU": 44.88,
            "percUNK": 291.72,
            "l": 0.0006283390916865323,
            "u": 1.0
        },
        "a_5": {
            "yes": 10,
            "no": 0,
            "undecided": 117,
            "unknown": 69,
            "pyes": 2.72694406926329e-07,
            "pno": 0.0,
            "pundecided": 0.0017880170169035149,
            "punknown": 0.0006429512529303793,
            "time": 4.729540824890137,
            "percY": 20.4,
            "percN": 0.0,
            "percU": 238.68,
            "percUNK": 140.76,
            "l": 2.72694406926329e-07,
            "u": 1.0
        },
        "~a_8": {
            "yes": 6,
            "no": 3,
            "undecided": 185,
            "unknown": 2,
            "pyes": 2.0501475860618627e-06,
            "pno": 1.2296998271376e-10,
            "pundecided": 0.0024271522532189147,
            "punknown": 2.038440465860199e-06,
            "time": 4.763500928878784,
            "percY": 12.24,
            "percN": 6.12,
            "percU": 377.4,
            "percUNK": 4.08,
            "l": 2.0501475860618627e-06,
            "u": 0.99999999987703
        }
    },
    "data": {
        "n_samples": 204,
        "time": 14.478350162506104,
        "repeated_worlds": 8,
        "repeated_progs": 18,
        "unique_progs": 186
    }
}