{
    "status": {
        "a_4": {
            "yes": 171,
            "no": 0,
            "undecided": 27,
            "unknown": 0,
            "pyes": 0.008094170166520323,
            "pno": 0.0,
            "pundecided": 4.84324540771618e-05,
            "punknown": 0.0,
            "time": 6.566402196884155,
            "percY": 348.84,
            "percN": 0.0,
            "percU": 55.08,
            "percUNK": 0.0,
            "l": 0.008094170166520323,
            "u": 1.0
        },
        "a_7": {
            "yes": 40,
            "no": 61,
            "undecided": 97,
            "unknown": 0,
            "pyes": 0.0018485779630316253,
            "pno": 0.003669745197132928,
            "pundecided": 0.0026242794604329355,
            "punknown": 0.0,
            "time": 6.625409841537476,
            "percY": 81.6,
            "percN": 124.44,
            "percU": 197.88,
            "percUNK": 0.0,
            "l": 0.0018485779630316253,
            "u": 0.9963302548028671
        }
    },
    "data": {
        "n_samples": 204,
        "time": 13.49619197845459,
        "repeated_worlds": 6,
        "repeated_progs": 10,
        "unique_progs": 194
    }
}