{
    "status": {
        "d_12": {
            "yes": 116,
            "no": 0,
            "undecided": 12,
            "unknown": 71,
            "pyes": 0.0012236611994350072,
            "pno": 0.0,
            "pundecided": 2.0913542184960003e-07,
            "punknown": 0.028138407102077222,
            "time": 3.759329319000244,
            "percY": 236.64,
            "percN": 0.0,
            "percU": 24.48,
            "percUNK": 144.84,
            "l": 0.0012236611994350072,
            "u": 1.0
        },
        "a_6": {
            "yes": 87,
            "no": 0,
            "undecided": 110,
            "unknown": 2,
            "pyes": 4.940384735231999e-07,
            "pno": 0.0,
            "pundecided": 0.02936173021918801,
            "punknown": 5.3179272550399994e-08,
            "time": 3.7977890968322754,
            "percY": 177.48,
            "percN": 0.0,
            "percU": 224.4,
            "percUNK": 4.08,
            "l": 4.940384735231999e-07,
            "u": 1.0
        },
        "~a_8": {
            "yes": 51,
            "no": 36,
            "undecided": 110,
            "unknown": 2,
            "pyes": 3.983069417472e-07,
            "pno": 9.5731531776e-08,
            "pundecided": 0.02936173021918801,
            "punknown": 5.3179272550399994e-08,
            "time": 3.8415863513946533,
            "percY": 104.04,
            "percN": 73.44,
            "percU": 224.4,
            "percUNK": 4.08,
            "l": 3.983069417472e-07,
            "u": 0.9999999042684682
        }
    },
    "data": {
        "n_samples": 204,
        "time": 11.641995906829834,
        "repeated_worlds": 5,
        "repeated_progs": 55,
        "unique_progs": 149
    }
}