{
    "status": {
        "d_17": {
            "yes": 126,
            "no": 0,
            "undecided": 36,
            "unknown": 35,
            "pyes": 0.03199598200903341,
            "pno": 0.0,
            "pundecided": 0.00015553342741764844,
            "punknown": 0.013951339315813839,
            "time": 6.627645969390869,
            "percY": 257.04,
            "percN": 0.0,
            "percU": 73.44,
            "percUNK": 71.4,
            "l": 0.03199598200903341,
            "u": 1.0
        },
        "a_7": {
            "yes": 62,
            "no": 13,
            "undecided": 118,
            "unknown": 4,
            "pyes": 0.0007395737791545156,
            "pno": 0.001625215633493399,
            "pundecided": 0.043738034175259656,
            "punknown": 3.1164357312000005e-08,
            "time": 6.598970890045166,
            "percY": 126.48,
            "percN": 26.52,
            "percU": 240.72,
            "percUNK": 8.16,
            "l": 0.0007395737791545156,
            "u": 0.9983747843665066
        }
    },
    "data": {
        "n_samples": 204,
        "time": 13.53560996055603,
        "repeated_worlds": 7,
        "repeated_progs": 12,
        "unique_progs": 192
    }
}