{
    "status": {
        "d_16": {
            "yes": 144,
            "no": 0,
            "undecided": 34,
            "unknown": 20,
            "pyes": 0.5004906056667292,
            "pno": 0.0,
            "pundecided": 4.527331851199619e-05,
            "punknown": 0.00015496310457081852,
            "time": 4.714663505554199,
            "percY": 293.76,
            "percN": 0.0,
            "percU": 69.36,
            "percUNK": 40.8,
            "l": 0.5004906056667292,
            "u": 1.0,
            "flag": "INTEREST"
        },
        "a_8": {
            "yes": 61,
            "no": 19,
            "undecided": 118,
            "unknown": 0,
            "pyes": 0.0007917251150944982,
            "pno": 5.010160106471312e-07,
            "pundecided": 0.4998986159587064,
            "punknown": 0.0,
            "time": 4.763715028762817,
            "percY": 124.44,
            "percN": 38.76,
            "percU": 240.72,
            "percUNK": 0.0,
            "l": 0.0007917251150944982,
            "u": 0.9999994989839893
        }
    },
    "data": {
        "n_samples": 204,
        "time": 9.724874258041382,
        "repeated_worlds": 6,
        "repeated_progs": 17,
        "unique_progs": 187
    }
}