{
    "status": {
        "d_11": {
            "yes": 137,
            "no": 0,
            "undecided": 6,
            "unknown": 58,
            "pyes": 0.0007455837774073463,
            "pno": 0.0,
            "pundecided": 1.2872374115328004e-08,
            "punknown": 0.00644349391305311,
            "time": 4.624588966369629,
            "percY": 279.48,
            "percN": 0.0,
            "percU": 12.24,
            "percUNK": 118.32,
            "l": 0.0007455837774073463,
            "u": 1.0
        },
        "a_7": {
            "yes": 52,
            "no": 9,
            "undecided": 140,
            "unknown": 0,
            "pyes": 0.004260446354391089,
            "pno": 0.00015546745652824176,
            "pundecided": 0.0027731767519152393,
            "punknown": 0.0,
            "time": 4.640636205673218,
            "percY": 106.08,
            "percN": 18.36,
            "percU": 285.6,
            "percUNK": 0.0,
            "l": 0.004260446354391089,
            "u": 0.9998445325434717
        },
        "~a_8": {
            "yes": 42,
            "no": 14,
            "undecided": 142,
            "unknown": 3,
            "pyes": 4.7851448889437163e-05,
            "pno": 4.648723999866701e-06,
            "pundecided": 0.007136264046579759,
            "punknown": 3.263433655065294e-07,
            "time": 4.69970703125,
            "percY": 85.68,
            "percN": 28.56,
            "percU": 289.68,
            "percUNK": 6.12,
            "l": 4.7851448889437163e-05,
            "u": 0.9999953512760001
        }
    },
    "data": {
        "n_samples": 204,
        "time": 14.22765064239502,
        "repeated_worlds": 3,
        "repeated_progs": 17,
        "unique_progs": 187
    }
}