{
    "status": {
        "d_10": {
            "yes": 161,
            "no": 0,
            "undecided": 34,
            "unknown": 1,
            "pyes": 0.005787388093858195,
            "pno": 0.0,
            "pundecided": 5.3307945914660656e-05,
            "punknown": 3.4296842361600014e-11,
            "time": 4.641355514526367,
            "percY": 328.44,
            "percN": 0.0,
            "percU": 69.36,
            "percUNK": 2.04,
            "l": 0.005787388093858195,
            "u": 1.0
        },
        "a_9": {
            "yes": 17,
            "no": 4,
            "undecided": 175,
            "unknown": 0,
            "pyes": 2.8869047383810326e-06,
            "pno": 6.6183362773091924e-06,
            "pundecided": 0.005831190833054007,
            "punknown": 0.0,
            "time": 4.681558847427368,
            "percY": 34.68,
            "percN": 8.16,
            "percU": 357.0,
            "percUNK": 0.0,
            "l": 2.8869047383810326e-06,
            "u": 0.9999933816637226
        },
        "~a_9": {
            "yes": 4,
            "no": 17,
            "undecided": 175,
            "unknown": 0,
            "pyes": 6.6183362773091924e-06,
            "pno": 2.8869047383810326e-06,
            "pundecided": 0.005831190833054007,
            "punknown": 0.0,
            "time": 4.695371389389038,
            "percY": 8.16,
            "percN": 34.68,
            "percU": 357.0,
            "percUNK": 0.0,
            "l": 6.6183362773091924e-06,
            "u": 0.9999971130952616
        }
    },
    "data": {
        "n_samples": 204,
        "time": 14.290602445602417,
        "repeated_worlds": 8,
        "repeated_progs": 18,
        "unique_progs": 186
    }
}