{
    "status": {
        "~d_16": {
            "yes": 172,
            "no": 0,
            "undecided": 20,
            "unknown": 6,
            "pyes": 0.0031615808824592122,
            "pno": 0.0,
            "pundecided": 1.599545336171478e-05,
            "punknown": 0.0003392102171477708,
            "time": 4.744757890701294,
            "percY": 350.88,
            "percN": 0.0,
            "percU": 40.8,
            "percUNK": 12.24,
            "l": 0.0031615808824592122,
            "u": 1.0
        },
        "~a_5": {
            "yes": 108,
            "no": 0,
            "undecided": 90,
            "unknown": 0,
            "pyes": 0.002018749795896533,
            "pno": 0.0,
            "pundecided": 0.001498036757072165,
            "punknown": 0.0,
            "time": 4.789150238037109,
            "percY": 220.32,
            "percN": 0.0,
            "percU": 183.6,
            "percUNK": 0.0,
            "l": 0.002018749795896533,
            "u": 1.0
        },
        "a_7": {
            "yes": 105,
            "no": 14,
            "undecided": 79,
            "unknown": 0,
            "pyes": 0.0018929412646629688,
            "pno": 0.00012281814135232027,
            "pundecided": 0.0015010271469534122,
            "punknown": 0.0,
            "time": 4.829826354980469,
            "percY": 214.2,
            "percN": 28.56,
            "percU": 161.16,
            "percUNK": 0.0,
            "l": 0.0018929412646629688,
            "u": 0.9998771818586477
        }
    },
    "data": {
        "n_samples": 204,
        "time": 14.635528564453125,
        "repeated_worlds": 6,
        "repeated_progs": 15,
        "unique_progs": 189
    }
}