{
    "status": {
        "~d_15": {
            "yes": 19,
            "no": 0,
            "undecided": 158,
            "unknown": 18,
            "pyes": 9.574830855412136e-05,
            "pno": 0.0,
            "pundecided": 0.005186888865498616,
            "punknown": 0.002096743913027357,
            "time": 3.796870470046997,
            "percY": 38.76,
            "percN": 0.0,
            "percU": 322.32,
            "percUNK": 36.72,
            "l": 9.574830855412136e-05,
            "u": 1.0
        },
        "a_7": {
            "yes": 106,
            "no": 25,
            "undecided": 59,
            "unknown": 5,
            "pyes": 0.0008092503406530728,
            "pno": 0.0023101533283505725,
            "pundecided": 0.004257847876384751,
            "punknown": 2.129541691699446e-06,
            "time": 3.9647066593170166,
            "percY": 216.24,
            "percN": 51.0,
            "percU": 120.36,
            "percUNK": 10.2,
            "l": 0.0008092503406530728,
            "u": 0.9976898466716494
        }
    },
    "data": {
        "n_samples": 204,
        "time": 7.982033014297485,
        "repeated_worlds": 9,
        "repeated_progs": 52,
        "unique_progs": 152
    }
}