{
    "status": {
        "d_12": {
            "yes": 122,
            "no": 0,
            "undecided": 44,
            "unknown": 36,
            "pyes": 0.0043858869751777305,
            "pno": 0.0,
            "pundecided": 0.004804384071992003,
            "punknown": 0.0006875949962136422,
            "time": 4.8983964920043945,
            "percY": 248.88,
            "percN": 0.0,
            "percU": 89.76,
            "percUNK": 73.44,
            "l": 0.0043858869751777305,
            "u": 1.0
        },
        "a_6": {
            "yes": 29,
            "no": 0,
            "undecided": 94,
            "unknown": 79,
            "pyes": 5.99950289475438e-07,
            "pno": 0.0,
            "pundecided": 0.00963549054877476,
            "punknown": 0.00024177554431914383,
            "time": 4.8832173347473145,
            "percY": 59.16,
            "percN": 0.0,
            "percU": 191.76,
            "percUNK": 161.16,
            "l": 5.99950289475438e-07,
            "u": 1.0
        },
        "~a_7": {
            "yes": 3,
            "no": 7,
            "undecided": 164,
            "unknown": 28,
            "pyes": 2.355059343775059e-07,
            "pno": 8.801018179799622e-05,
            "pundecided": 0.009579516124197657,
            "punknown": 0.00021010423145334644,
            "time": 4.925623893737793,
            "percY": 6.12,
            "percN": 14.28,
            "percU": 334.56,
            "percUNK": 57.12,
            "l": 2.355059343775059e-07,
            "u": 0.999911989818202
        }
    },
    "data": {
        "n_samples": 204,
        "time": 14.982995510101318,
        "repeated_worlds": 2,
        "repeated_progs": 11,
        "unique_progs": 193
    }
}