{
    "status": {
        "a_2": {
            "yes": 171,
            "no": 0,
            "undecided": 0,
            "unknown": 27,
            "pyes": 0.004709053194494026,
            "pno": 0.0,
            "pundecided": 0.0,
            "punknown": 7.578725523456524e-05,
            "time": 4.910598039627075,
            "percY": 348.84,
            "percN": 0.0,
            "percU": 0.0,
            "percUNK": 55.08,
            "l": 0.004709053194494026,
            "u": 1.0
        },
        "a_9": {
            "yes": 139,
            "no": 20,
            "undecided": 39,
            "unknown": 0,
            "pyes": 0.0010859208180153963,
            "pno": 4.503963314566398e-06,
            "pundecided": 0.00369441566839863,
            "punknown": 0.0,
            "time": 4.969835519790649,
            "percY": 283.56,
            "percN": 40.8,
            "percU": 79.56,
            "percUNK": 0.0,
            "l": 0.0010859208180153963,
            "u": 0.9999954960366855
        },
        "~a_8": {
            "yes": 14,
            "no": 49,
            "undecided": 135,
            "unknown": 0,
            "pyes": 0.003223745569580167,
            "pno": 0.00042502650230963936,
            "pundecided": 0.0011360683778387848,
            "punknown": 0.0,
            "time": 5.057780027389526,
            "percY": 28.56,
            "percN": 99.96,
            "percU": 275.4,
            "percUNK": 0.0,
            "l": 0.003223745569580167,
            "u": 0.9995749734976903
        }
    },
    "data": {
        "n_samples": 204,
        "time": 15.2108895778656,
        "repeated_worlds": 6,
        "repeated_progs": 9,
        "unique_progs": 195
    }
}