{
    "status": {
        "a_3": {
            "yes": 170,
            "no": 0,
            "undecided": 0,
            "unknown": 28,
            "pyes": 0.00457205639678251,
            "pno": 0.0,
            "pundecided": 0.0,
            "punknown": 0.007433014239187032,
            "time": 4.6277570724487305,
            "percY": 346.8,
            "percN": 0.0,
            "percU": 0.0,
            "percUNK": 57.12,
            "l": 0.00457205639678251,
            "u": 1.0
        },
        "a_7": {
            "yes": 6,
            "no": 65,
            "undecided": 121,
            "unknown": 6,
            "pyes": 3.595528872938959e-06,
            "pno": 0.004507088343892069,
            "pundecided": 0.007488269095118593,
            "punknown": 6.1176680859429264e-06,
            "time": 4.6844258308410645,
            "percY": 12.24,
            "percN": 132.6,
            "percU": 246.84,
            "percUNK": 12.24,
            "l": 3.595528872938959e-06,
            "u": 0.995492911656108
        },
        "a_8": {
            "yes": 5,
            "no": 14,
            "undecided": 179,
            "unknown": 0,
            "pyes": 1.5150665650692094e-06,
            "pno": 0.00012431161863185632,
            "pundecided": 0.011879243950772618,
            "punknown": 0.0,
            "time": 4.707579612731934,
            "percY": 10.2,
            "percN": 28.56,
            "percU": 365.16,
            "percUNK": 0.0,
            "l": 1.5150665650692094e-06,
            "u": 0.9998756883813681
        }
    },
    "data": {
        "n_samples": 204,
        "time": 14.272686958312988,
        "repeated_worlds": 6,
        "repeated_progs": 18,
        "unique_progs": 186
    }
}