{
    "status": {
        "~a_0": {
            "yes": 133,
            "no": 0,
            "undecided": 66,
            "unknown": 0,
            "pyes": 0.0024813917417997283,
            "pno": 0.0,
            "pundecided": 0.12734583937765823,
            "punknown": 0.0,
            "time": 5.4968249797821045,
            "percY": 271.32,
            "percN": 0.0,
            "percU": 134.64,
            "percUNK": 0.0,
            "l": 0.0024813917417997283,
            "u": 1.0
        },
        "a_8": {
            "yes": 62,
            "no": 29,
            "undecided": 107,
            "unknown": 1,
            "pyes": 2.9963940092058e-05,
            "pno": 0.000282647420628558,
            "pundecided": 0.12950404953491493,
            "punknown": 1.0570223822400001e-05,
            "time": 5.620740175247192,
            "percY": 126.48,
            "percN": 59.16,
            "percU": 218.28,
            "percUNK": 2.04,
            "l": 2.9963940092058e-05,
            "u": 0.9997173525793714
        },
        "~a_8": {
            "yes": 29,
            "no": 62,
            "undecided": 107,
            "unknown": 1,
            "pyes": 0.000282647420628558,
            "pno": 2.9963940092058e-05,
            "pundecided": 0.12950404953491493,
            "punknown": 1.0570223822400001e-05,
            "time": 5.523442029953003,
            "percY": 59.16,
            "percN": 126.48,
            "percU": 218.28,
            "percUNK": 2.04,
            "l": 0.000282647420628558,
            "u": 0.999970036059908
        }
    },
    "data": {
        "n_samples": 204,
        "time": 16.924472093582153,
        "repeated_worlds": 5,
        "repeated_progs": 12,
        "unique_progs": 192
    }
}