{
    "status": {
        "~a_0": {
            "yes": 120,
            "no": 0,
            "undecided": 70,
            "unknown": 9,
            "pyes": 0.002144642832414624,
            "pno": 0.0,
            "pundecided": 0.03765368671420871,
            "punknown": 5.045535245542401e-07,
            "time": 4.3623223304748535,
            "percY": 244.8,
            "percN": 0.0,
            "percU": 142.8,
            "percUNK": 18.36,
            "l": 0.002144642832414624,
            "u": 1.0
        },
        "a_6": {
            "yes": 79,
            "no": 0,
            "undecided": 111,
            "unknown": 9,
            "pyes": 0.0020189422168326683,
            "pno": 0.0,
            "pundecided": 0.03777720002872027,
            "punknown": 2.6918545949567994e-06,
            "time": 4.369693040847778,
            "percY": 161.16,
            "percN": 0.0,
            "percU": 226.44,
            "percUNK": 18.36,
            "l": 0.0020189422168326683,
            "u": 1.0
        },
        "a_8": {
            "yes": 46,
            "no": 9,
            "undecided": 133,
            "unknown": 11,
            "pyes": 0.00127330246843036,
            "pno": 2.906981026488001e-06,
            "pundecided": 0.038521870981158134,
            "punknown": 7.536695329094402e-07,
            "time": 4.337780952453613,
            "percY": 93.84,
            "percN": 18.36,
            "percU": 271.32,
            "percUNK": 22.44,
            "l": 0.00127330246843036,
            "u": 0.9999970930189735
        }
    },
    "data": {
        "n_samples": 204,
        "time": 13.294476747512817,
        "repeated_worlds": 5,
        "repeated_progs": 30,
        "unique_progs": 174
    }
}