{
    "status": {
        "~d_10": {
            "yes": 29,
            "no": 0,
            "undecided": 165,
            "unknown": 6,
            "pyes": 0.002849300135373222,
            "pno": 0.0,
            "pundecided": 0.017934783909897778,
            "punknown": 1.4344385136076803e-10,
            "time": 6.40594482421875,
            "percY": 59.16,
            "percN": 0.0,
            "percU": 336.6,
            "percUNK": 12.24,
            "l": 0.002849300135373222,
            "u": 1.0
        },
        "a_7": {
            "yes": 106,
            "no": 9,
            "undecided": 82,
            "unknown": 3,
            "pyes": 0.01790549146975575,
            "pno": 1.336704282263347e-07,
            "pundecided": 0.002878264279203855,
            "punknown": 1.9476932701859945e-07,
            "time": 6.485687494277954,
            "percY": 216.24,
            "percN": 18.36,
            "percU": 167.28,
            "percUNK": 6.12,
            "l": 0.01790549146975575,
            "u": 0.9999998663295717
        }
    },
    "data": {
        "n_samples": 204,
        "time": 13.220242023468018,
        "repeated_worlds": 4,
        "repeated_progs": 13,
        "unique_progs": 191
    }
}