{
    "status": {
        "d_14": {
            "yes": 175,
            "no": 0,
            "undecided": 21,
            "unknown": 3,
            "pyes": 0.026233617609990427,
            "pno": 0.0,
            "pundecided": 0.00031636378919902797,
            "punknown": 1.0163499250544642e-07,
            "time": 6.101545095443726,
            "percY": 357.0,
            "percN": 0.0,
            "percU": 42.84,
            "percUNK": 6.12,
            "l": 0.026233617609990427,
            "u": 1.0
        },
        "a_8": {
            "yes": 15,
            "no": 19,
            "undecided": 157,
            "unknown": 8,
            "pyes": 0.000307662978655036,
            "pno": 5.124616949614018e-05,
            "pundecided": 0.026191171341672013,
            "punknown": 2.5443587707775996e-09,
            "time": 6.091044664382935,
            "percY": 30.6,
            "percN": 38.76,
            "percU": 320.28,
            "percUNK": 16.32,
            "l": 0.000307662978655036,
            "u": 0.9999487538305039
        },
        "~a_7": {
            "yes": 9,
            "no": 20,
            "undecided": 165,
            "unknown": 5,
            "pyes": 5.128416332770439e-05,
            "pno": 0.02370457949298454,
            "pundecided": 0.002794195089662262,
            "punknown": 2.4288207455116803e-08,
            "time": 6.1439244747161865,
            "percY": 18.36,
            "percN": 40.8,
            "percU": 336.6,
            "percUNK": 10.2,
            "l": 5.128416332770439e-05,
            "u": 0.9762954205070155
        }
    },
    "data": {
        "n_samples": 204,
        "time": 18.631735801696777,
        "repeated_worlds": 5,
        "repeated_progs": 23,
        "unique_progs": 181
    }
}