{
    "status": {
        "d_19": {
            "yes": 136421,
            "no": 0,
            "undecided": 133302,
            "unknown": 0,
            "pyes": 0.5393801049776106,
            "pno": 0.0,
            "pundecided": 0.3685530090603667,
            "punknown": 0.0,
            "time": 437.7586009502411,
            "percY": 2288763765.41,
            "percN": 0.0,
            "percU": 2236435647.42,
            "percUNK": 0.0,
            "l": 0.5393801049776106,
            "u": 1.0,
            "flag": "INTEREST"
        },
        "a_6": {
            "yes": 209619,
            "no": 0,
            "undecided": 60104,
            "unknown": 0,
            "pyes": 0.8257852377529479,
            "pno": 0.0,
            "pundecided": 0.08214787628502176,
            "punknown": 0.0,
            "time": 436.8449833393097,
            "percY": 3516821982.99,
            "percN": 0.0,
            "percU": 1008377429.84,
            "percUNK": 0.0,
            "l": 0.8257852377529479,
            "u": 1.0,
            "flag": "INTEREST"
        },
        "a_8": {
            "yes": 99791,
            "no": 36630,
            "undecided": 133302,
            "unknown": 0,
            "pyes": 0.46156254640439626,
            "pno": 0.0778175585732093,
            "pundecided": 0.3685530090603667,
            "punknown": 0.0,
            "time": 438.9572558403015,
            "percY": 1674214563.11,
            "percN": 614549202.3,
            "percU": 2236435647.42,
            "percUNK": 0.0,
            "l": 0.46156254640439626,
            "u": 0.9221824414267907,
            "flag": "INTEREST"
        }
    },
    "data": {
        "n_samples": 1677721,
        "time": 1438.7346546649933,
        "repeated_worlds": 1407998,
        "repeated_progs": 1674136,
        "unique_progs": 3585
    }
}