{
    "status": {
        "d_10": {
            "yes": 223824,
            "no": 0,
            "undecided": 159353,
            "unknown": 0,
            "pyes": 0.5429207985208122,
            "pno": 0.0,
            "pundecided": 0.32456847332697697,
            "punknown": 0.0,
            "time": 455.5478746891022,
            "percY": 3755142251.04,
            "percN": 0.0,
            "percU": 2673498745.13,
            "percUNK": 0.0,
            "l": 0.5429207985208122,
            "u": 1.0,
            "flag": "INTEREST"
        },
        "a_6": {
            "yes": 150143,
            "no": 0,
            "undecided": 233034,
            "unknown": 0,
            "pyes": 0.2709189045916412,
            "pno": 0.0,
            "pundecided": 0.5965703672561441,
            "punknown": 0.0,
            "time": 457.54549503326416,
            "percY": 2518980641.03,
            "percN": 0.0,
            "percU": 3909660355.14,
            "percUNK": 0.0,
            "l": 0.2709189045916412,
            "u": 1.0
        },
        "a_8": {
            "yes": 116155,
            "no": 27884,
            "undecided": 239138,
            "unknown": 0,
            "pyes": 0.21790136904709262,
            "pno": 0.026050376090436627,
            "pundecided": 0.6235375267102371,
            "punknown": 0.0,
            "time": 457.3997251987457,
            "percY": 1948756827.55,
            "percN": 467815723.64,
            "percU": 4012068444.98,
            "percUNK": 0.0,
            "l": 0.21790136904709262,
            "u": 0.9739496239095634
        }
    },
    "data": {
        "n_samples": 1677721,
        "time": 1525.3597288131714,
        "repeated_worlds": 1294544,
        "repeated_progs": 1674054,
        "unique_progs": 3667
    }
}