{
    "status": {
        "~d_13": {
            "yes": 143090,
            "no": 0,
            "undecided": 109818,
            "unknown": 0,
            "pyes": 0.5749682673191815,
            "pno": 0.0,
            "pundecided": 0.3437609050841114,
            "punknown": 0.0,
            "time": 227.75703978538513,
            "percY": 2400650978.9,
            "percN": 0.0,
            "percU": 1842439647.78,
            "percUNK": 0.0,
            "l": 0.5749682673191815,
            "u": 1.0,
            "flag": "INTEREST"
        },
        "a_7": {
            "yes": 67861,
            "no": 37157,
            "undecided": 147890,
            "unknown": 0,
            "pyes": 0.12871722064274527,
            "pno": 0.06673561838814232,
            "pundecided": 0.7232763333724035,
            "punknown": 0.0,
            "time": 229.73748683929443,
            "percY": 1138518247.81,
            "percN": 623390791.97,
            "percU": 2481181586.9,
            "percUNK": 0.0,
            "l": 0.12871722064274527,
            "u": 0.9332643816118577
        },
        "a_8": {
            "yes": 58771,
            "no": 0,
            "undecided": 194137,
            "unknown": 0,
            "pyes": 0.10721825311255175,
            "pno": 0.0,
            "pundecided": 0.8115109192907398,
            "punknown": 0.0,
            "time": 228.3089897632599,
            "percY": 986013408.91,
            "percN": 0.0,
            "percU": 3257077217.77,
            "percUNK": 0.0,
            "l": 0.10721825311255175,
            "u": 1.0
        }
    },
    "data": {
        "n_samples": 1677721,
        "time": 794.380366563797,
        "repeated_worlds": 1424813,
        "repeated_progs": 1675900,
        "unique_progs": 1821
    }
}