{
    "status": {
        "d_17": {
            "yes": 318429,
            "no": 0,
            "undecided": 46220,
            "unknown": 0,
            "pyes": 0.8447495502441057,
            "pno": 0.0,
            "pundecided": 0.02933283563745809,
            "punknown": 0.0,
            "time": 226.4246687889099,
            "percY": 5342350203.09,
            "percN": 0.0,
            "percU": 775442646.2,
            "percUNK": 0.0,
            "l": 0.8447495502441057,
            "u": 1.0,
            "flag": "INTEREST"
        },
        "a_8": {
            "yes": 82682,
            "no": 55744,
            "undecided": 226223,
            "unknown": 0,
            "pyes": 0.20799690481845287,
            "pno": 0.061894607787030105,
            "pundecided": 0.6041908732760716,
            "punknown": 0.0,
            "time": 228.0781705379486,
            "percY": 1387173277.22,
            "percN": 935228794.24,
            "percU": 3795390777.83,
            "percUNK": 0.0,
            "l": 0.20799690481845287,
            "u": 0.9381053922129698
        }
    },
    "data": {
        "n_samples": 1677721,
        "time": 598.8798277378082,
        "repeated_worlds": 1313072,
        "repeated_progs": 1675894,
        "unique_progs": 1827
    }
}