{
    "status": {
        "~d_15": {
            "yes": 46337,
            "no": 0,
            "undecided": 110029,
            "unknown": 0,
            "pyes": 0.12178958747439778,
            "pno": 0.0,
            "pundecided": 0.8270903521543143,
            "punknown": 0.0,
            "time": 964.1940245628357,
            "percY": 777405579.77,
            "percN": 0.0,
            "percU": 1845979639.09,
            "percUNK": 0.0,
            "l": 0.12178958747439778,
            "u": 1.0
        },
        "a_5": {
            "yes": 92876,
            "no": 0,
            "undecided": 63490,
            "unknown": 0,
            "pyes": 0.7183391619938614,
            "pno": 0.0,
            "pundecided": 0.23054077763485134,
            "punknown": 0.0,
            "time": 965.6630663871765,
            "percY": 1558200155.96,
            "percN": 0.0,
            "percU": 1065185062.9,
            "percUNK": 0.0,
            "l": 0.7183391619938614,
            "u": 1.0,
            "flag": "INTEREST"
        },
        "~a_8": {
            "yes": 81413,
            "no": 11463,
            "undecided": 63490,
            "unknown": 0,
            "pyes": 0.7002163368701165,
            "pno": 0.018122825123746335,
            "pundecided": 0.23054077763485134,
            "punknown": 0.0,
            "time": 968.5639042854309,
            "percY": 1365882997.73,
            "percN": 192317158.23,
            "percU": 1065185062.9,
            "percUNK": 0.0,
            "l": 0.7002163368701165,
            "u": 0.9818771748762537,
            "flag": "INTEREST"
        }
    },
    "data": {
        "n_samples": 1677721,
        "time": 2970.099190711975,
        "repeated_worlds": 1521355,
        "repeated_progs": 1669978,
        "unique_progs": 7743
    }
}