{
    "status": {
        "~a_3": {
            "yes": 850,
            "no": 0,
            "undecided": 0,
            "unknown": 128,
            "pyes": 0.3401203675573209,
            "pno": 0.0,
            "pundecided": 0.0,
            "punknown": 0.012398081688640643,
            "time": 25.70772075653076,
            "percY": 4556.0,
            "percN": 0.0,
            "percU": 0.0,
            "percUNK": 686.08,
            "l": 0.3401203675573209,
            "u": 1.0
        },
        "a_6": {
            "yes": 112,
            "no": 0,
            "undecided": 866,
            "unknown": 0,
            "pyes": 0.004305458134207367,
            "pno": 0.0,
            "pundecided": 0.34821299111175424,
            "punknown": 0.0,
            "time": 26.149306774139404,
            "percY": 600.32,
            "percN": 0.0,
            "percU": 4641.76,
            "percUNK": 0.0,
            "l": 0.004305458134207367,
            "u": 1.0
        },
        "~a_8": {
            "yes": 108,
            "no": 4,
            "undecided": 862,
            "unknown": 4,
            "pyes": 0.004305070395297896,
            "pno": 3.877389094715137e-07,
            "pundecided": 0.34821299111175424,
            "punknown": 0.0,
            "time": 26.300235271453857,
            "percY": 578.88,
            "percN": 21.44,
            "percU": 4620.32,
            "percUNK": 21.44,
            "l": 0.004305070395297896,
            "u": 0.9999996122610906
        }
    },
    "data": {
        "n_samples": 536,
        "time": 59.52804756164551,
        "repeated_programs": 47,
        "inconsistent_programs": 0,
        "worlds_consulted": 762
    }
}