{
    "status": {
        "d_15": {
            "yes": 302,
            "no": 0,
            "undecided": 14,
            "unknown": 200,
            "pyes": 0.09037080547084497,
            "pno": 0.0,
            "pundecided": 3.6932835711728647e-06,
            "punknown": 0.037901371714805926,
            "time": 11.724186897277832,
            "percY": 851.64,
            "percN": 0.0,
            "percU": 39.48,
            "percUNK": 564.0,
            "l": 0.09037080547084497,
            "u": 1.0
        },
        "a_7": {
            "yes": 94,
            "no": 128,
            "undecided": 286,
            "unknown": 8,
            "pyes": 0.012749302523613075,
            "pno": 0.10284072555815985,
            "pundecided": 0.012685399001451686,
            "punknown": 4.4338599753154567e-07,
            "time": 12.154479026794434,
            "percY": 265.08,
            "percN": 360.96,
            "percU": 806.52,
            "percUNK": 22.56,
            "l": 0.012749302523613075,
            "u": 0.8971592744418402
        },
        "a_8": {
            "yes": 44,
            "no": 210,
            "undecided": 252,
            "unknown": 10,
            "pyes": 0.005909337434869436,
            "pno": 0.10973413320947614,
            "pundecided": 0.012631983164601273,
            "punknown": 4.1666027526763315e-07,
            "time": 11.808588981628418,
            "percY": 124.08,
            "percN": 592.2,
            "percU": 710.64,
            "percUNK": 28.2,
            "l": 0.005909337434869436,
            "u": 0.8902658667905239
        }
    },
    "data": {
        "n_samples": 282,
        "time": 24.0521719455719,
        "repeated_programs": 24,
        "inconsistent_programs": 0,
        "worlds_consulted": 803
    }
}