{
    "status": {
        "d_10": {
            "yes": 536,
            "no": 0,
            "undecided": 376,
            "unknown": 72,
            "pyes": 0.16552867276903113,
            "pno": 0.0,
            "pundecided": 0.00021643868833135026,
            "punknown": 0.0008097877292487845,
            "time": 22.349926948547363,
            "percY": 2921.2,
            "percN": 0.0,
            "percU": 2049.2,
            "percUNK": 392.4,
            "l": 0.16552867276903113,
            "u": 1.0
        },
        "a_5": {
            "yes": 106,
            "no": 0,
            "undecided": 850,
            "unknown": 28,
            "pyes": 0.07655736110575478,
            "pno": 0.0,
            "pundecided": 0.08951999577270527,
            "punknown": 0.0004775423081513125,
            "time": 22.284398555755615,
            "percY": 577.7,
            "percN": 0.0,
            "percU": 4632.5,
            "percUNK": 152.6,
            "l": 0.07655736110575478,
            "u": 1.0
        },
        "a_7": {
            "yes": 282,
            "no": 308,
            "undecided": 388,
            "unknown": 6,
            "pyes": 0.09044869104840762,
            "pno": 0.06892940519396526,
            "pundecided": 0.0071767708289391715,
            "punknown": 3.211529932800001e-08,
            "time": 22.478515148162842,
            "percY": 1536.9,
            "percN": 1678.6,
            "percU": 2114.6,
            "percUNK": 32.7,
            "l": 0.09044869104840762,
            "u": 0.9310705948060347
        }
    },
    "data": {
        "n_samples": 545,
        "time": 49.928282499313354,
        "repeated_programs": 53,
        "inconsistent_programs": 0,
        "worlds_consulted": 722
    }
}