{
    "status": {
        "~d_17": {
            "yes": 76,
            "no": 0,
            "undecided": 394,
            "unknown": 266,
            "pyes": 0.012165541015158977,
            "pno": 0.0,
            "pundecided": 0.1990640801554855,
            "punknown": 0.000909215469245457,
            "time": 15.337094783782959,
            "percY": 310.08,
            "percN": 0.0,
            "percU": 1607.52,
            "percUNK": 1085.28,
            "l": 0.012165541015158977,
            "u": 1.0
        },
        "a_5": {
            "yes": 326,
            "no": 0,
            "undecided": 260,
            "unknown": 150,
            "pyes": 0.19352747796423417,
            "pno": 0.0,
            "pundecided": 0.018502430493819676,
            "punknown": 0.00010892818183603497,
            "time": 15.475636959075928,
            "percY": 1330.08,
            "percN": 0.0,
            "percU": 1060.8,
            "percUNK": 612.0,
            "l": 0.19352747796423417,
            "u": 1.0
        },
        "a_8": {
            "yes": 144,
            "no": 78,
            "undecided": 466,
            "unknown": 48,
            "pyes": 0.19159291730943467,
            "pno": 0.00240042179843288,
            "pundecided": 0.018123239125982894,
            "punknown": 2.2258406039410193e-05,
            "time": 15.375361919403076,
            "percY": 587.52,
            "percN": 318.24,
            "percU": 1901.28,
            "percUNK": 195.84,
            "l": 0.19159291730943467,
            "u": 0.9975995782015671
        }
    },
    "data": {
        "n_samples": 408,
        "time": 32.72396206855774,
        "repeated_programs": 40,
        "inconsistent_programs": 0,
        "worlds_consulted": 704
    }
}