{
    "status": {
        "a_1": {
            "yes": 604,
            "no": 0,
            "undecided": 118,
            "unknown": 4,
            "pyes": 0.014304871949850754,
            "pno": 0.0,
            "pundecided": 0.1662471353602766,
            "punknown": 0.0068114662018203325,
            "time": 15.42561149597168,
            "percY": 2379.76,
            "percN": 0.0,
            "percU": 464.92,
            "percUNK": 15.76,
            "l": 0.014304871949850754,
            "u": 1.0
        },
        "a_5": {
            "yes": 426,
            "no": 0,
            "undecided": 28,
            "unknown": 272,
            "pyes": 0.009286745652028246,
            "pno": 0.0,
            "pundecided": 3.133031473770961e-05,
            "punknown": 0.17804539754518142,
            "time": 15.45987319946289,
            "percY": 1678.44,
            "percN": 0.0,
            "percU": 110.32,
            "percUNK": 1071.68,
            "l": 0.009286745652028246,
            "u": 1.0
        },
        "a_8": {
            "yes": 110,
            "no": 334,
            "undecided": 272,
            "unknown": 10,
            "pyes": 0.00022340772610646977,
            "pno": 0.012124321916298128,
            "pundecided": 0.08407684600210491,
            "punknown": 0.09093889786743803,
            "time": 15.863883972167969,
            "percY": 433.4,
            "percN": 1315.96,
            "percU": 1071.68,
            "percUNK": 39.4,
            "l": 0.00022340772610646977,
            "u": 0.9878756780837019
        }
    },
    "data": {
        "n_samples": 394,
        "time": 32.49941611289978,
        "repeated_programs": 31,
        "inconsistent_programs": 0,
        "worlds_consulted": 767
    }
}