{
    "status": {
        "d_9": {
            "yes": 332,
            "no": 0,
            "undecided": 288,
            "unknown": 46,
            "pyes": 0.10962851915731092,
            "pno": 0.0,
            "pundecided": 0.011940615906638754,
            "punknown": 0.0036072398236549354,
            "time": 13.796950817108154,
            "percY": 1215.12,
            "percN": 0.0,
            "percU": 1054.08,
            "percUNK": 168.36,
            "l": 0.10962851915731092,
            "u": 1.0
        },
        "~a_5": {
            "yes": 238,
            "no": 0,
            "undecided": 154,
            "unknown": 274,
            "pyes": 0.05651533636925464,
            "pno": 0.0,
            "pundecided": 0.005977061291586712,
            "punknown": 0.0626839772267634,
            "time": 13.627347469329834,
            "percY": 871.08,
            "percN": 0.0,
            "percU": 563.64,
            "percUNK": 1002.84,
            "l": 0.05651533636925464,
            "u": 1.0
        },
        "~a_8": {
            "yes": 146,
            "no": 90,
            "undecided": 426,
            "unknown": 4,
            "pyes": 0.0004368488582051927,
            "pno": 0.10030235797865232,
            "pundecided": 0.02443716766047056,
            "punknown": 3.9027672000000004e-10,
            "time": 13.7237229347229,
            "percY": 534.36,
            "percN": 329.4,
            "percU": 1559.16,
            "percUNK": 14.64,
            "l": 0.0004368488582051927,
            "u": 0.8996976420213477
        }
    },
    "data": {
        "n_samples": 366,
        "time": 28.342979669570923,
        "repeated_programs": 33,
        "inconsistent_programs": 0,
        "worlds_consulted": 854
    }
}