{
    "status": {
        "d_17": {
            "yes": 678,
            "no": 0,
            "undecided": 118,
            "unknown": 0,
            "pyes": 0.1392831372641646,
            "pno": 0.0,
            "pundecided": 0.0971573691878583,
            "punknown": 0.0,
            "time": 16.434438705444336,
            "percY": 2969.64,
            "percN": 0.0,
            "percU": 516.84,
            "percUNK": 0.0,
            "l": 0.1392831372641646,
            "u": 1.0
        },
        "~a_6": {
            "yes": 50,
            "no": 0,
            "undecided": 32,
            "unknown": 714,
            "pyes": 0.011193853990529929,
            "pno": 0.0,
            "pundecided": 6.15321564586848e-05,
            "punknown": 0.22518512030503438,
            "time": 16.212965488433838,
            "percY": 219.0,
            "percN": 0.0,
            "percU": 140.16,
            "percUNK": 3127.32,
            "l": 0.011193853990529929,
            "u": 1.0
        },
        "~a_7": {
            "yes": 34,
            "no": 48,
            "undecided": 714,
            "unknown": 0,
            "pyes": 0.00048334961493424344,
            "pno": 0.0010512130908315975,
            "pundecided": 0.23490594374625717,
            "punknown": 0.0,
            "time": 16.240921020507812,
            "percY": 148.92,
            "percN": 210.24,
            "percU": 3127.32,
            "percUNK": 0.0,
            "l": 0.00048334961493424344,
            "u": 0.9989487869091684
        }
    },
    "data": {
        "n_samples": 438,
        "time": 34.00061011314392,
        "repeated_programs": 40,
        "inconsistent_programs": 0,
        "worlds_consulted": 762
    }
}