{
    "status": {
        "d_17": {
            "yes": 776,
            "no": 0,
            "undecided": 436,
            "unknown": 30,
            "pyes": 0.05112204470678579,
            "pno": 0.0,
            "pundecided": 0.0008541477478191541,
            "punknown": 0.00011679193840916812,
            "time": 25.40073537826538,
            "percY": 5369.92,
            "percN": 0.0,
            "percU": 3017.12,
            "percUNK": 207.6,
            "l": 0.05112204470678579,
            "u": 1.0
        },
        "a_5": {
            "yes": 690,
            "no": 0,
            "undecided": 546,
            "unknown": 6,
            "pyes": 0.016442148705780014,
            "pno": 0.0,
            "pundecided": 0.03554740040430909,
            "punknown": 0.0001034352829250028,
            "time": 25.246837615966797,
            "percY": 4774.8,
            "percN": 0.0,
            "percU": 3778.32,
            "percUNK": 41.52,
            "l": 0.016442148705780014,
            "u": 1.0
        },
        "a_7": {
            "yes": 786,
            "no": 22,
            "undecided": 424,
            "unknown": 10,
            "pyes": 0.03404721498882608,
            "pno": 3.3660839487206138e-06,
            "pundecided": 0.01804196061385348,
            "punknown": 4.4270638577592775e-07,
            "time": 25.195709228515625,
            "percY": 5439.12,
            "percN": 152.24,
            "percU": 2934.08,
            "percUNK": 69.2,
            "l": 0.03404721498882608,
            "u": 0.9999966339160513
        }
    },
    "data": {
        "n_samples": 692,
        "time": 56.99959874153137,
        "repeated_programs": 71,
        "inconsistent_programs": 0,
        "worlds_consulted": 739
    }
}