{
    "status": {
        "~a_1": {
            "yes": 544,
            "no": 0,
            "undecided": 0,
            "unknown": 160,
            "pyes": 0.2827415360180939,
            "pno": 0.0,
            "pundecided": 0.0,
            "punknown": 0.008149115837933114,
            "time": 14.631248474121094,
            "percY": 2088.96,
            "percN": 0.0,
            "percU": 0.0,
            "percUNK": 614.4,
            "l": 0.2827415360180939,
            "u": 1.0
        },
        "a_5": {
            "yes": 338,
            "no": 0,
            "undecided": 354,
            "unknown": 12,
            "pyes": 0.2824759321479556,
            "pno": 0.0,
            "pundecided": 0.008414407808175366,
            "punknown": 3.118998960000001e-07,
            "time": 14.428871631622314,
            "percY": 1297.92,
            "percN": 0.0,
            "percU": 1359.36,
            "percUNK": 46.08,
            "l": 0.2824759321479556,
            "u": 1.0
        },
        "~a_8": {
            "yes": 184,
            "no": 172,
            "undecided": 256,
            "unknown": 92,
            "pyes": 0.09086403106721583,
            "pno": 0.012071589477398111,
            "pundecided": 0.18768150153566052,
            "punknown": 0.0002735297757525709,
            "time": 14.450967788696289,
            "percY": 706.56,
            "percN": 660.48,
            "percU": 983.04,
            "percUNK": 353.28,
            "l": 0.09086403106721583,
            "u": 0.9879284105226019
        }
    },
    "data": {
        "n_samples": 384,
        "time": 29.85307741165161,
        "repeated_programs": 32,
        "inconsistent_programs": 0,
        "worlds_consulted": 743
    }
}