{
    "status": {
        "d_12": {
            "yes": 534,
            "no": 0,
            "undecided": 0,
            "unknown": 278,
            "pyes": 0.023702261269115597,
            "pno": 0.0,
            "pundecided": 0.0,
            "punknown": 0.1889187197659471,
            "time": 24.486026287078857,
            "percY": 2445.72,
            "percN": 0.0,
            "percU": 0.0,
            "percUNK": 1273.24,
            "l": 0.023702261269115597,
            "u": 1.0
        },
        "a_6": {
            "yes": 336,
            "no": 0,
            "undecided": 424,
            "unknown": 52,
            "pyes": 0.17206717775820884,
            "pno": 0.0,
            "pundecided": 0.0340759709311672,
            "punknown": 0.006477832345686748,
            "time": 24.840943336486816,
            "percY": 1538.88,
            "percN": 0.0,
            "percU": 1941.92,
            "percUNK": 238.16,
            "l": 0.17206717775820884,
            "u": 1.0
        },
        "~a_8": {
            "yes": 60,
            "no": 268,
            "undecided": 466,
            "unknown": 18,
            "pyes": 0.00016921705335234534,
            "pno": 0.1743728019031206,
            "pundecided": 0.038058930165870655,
            "punknown": 2.0031912719144596e-05,
            "time": 25.00016212463379,
            "percY": 274.8,
            "percN": 1227.44,
            "percU": 2134.28,
            "percUNK": 82.44,
            "l": 0.00016921705335234534,
            "u": 0.8256271980968795
        }
    },
    "data": {
        "n_samples": 458,
        "time": 54.367642641067505,
        "repeated_programs": 52,
        "inconsistent_programs": 0,
        "worlds_consulted": 697
    }
}