{
    "status": {
        "~d_18": {
            "yes": 38,
            "no": 0,
            "undecided": 352,
            "unknown": 314,
            "pyes": 0.0002611011782626912,
            "pno": 0.0,
            "pundecided": 0.010177863945304188,
            "punknown": 0.031518943119723114,
            "time": 14.54602336883545,
            "percY": 147.82,
            "percN": 0.0,
            "percU": 1369.28,
            "percUNK": 1221.46,
            "l": 0.0002611011782626912,
            "u": 1.0
        },
        "a_5": {
            "yes": 368,
            "no": 0,
            "undecided": 52,
            "unknown": 284,
            "pyes": 0.027069683949981493,
            "pno": 0.0,
            "pundecided": 6.292315468758168e-06,
            "punknown": 0.014881931977839723,
            "time": 14.41204833984375,
            "percY": 1431.52,
            "percN": 0.0,
            "percU": 202.28,
            "percUNK": 1104.76,
            "l": 0.027069683949981493,
            "u": 1.0
        },
        "a_7": {
            "yes": 276,
            "no": 224,
            "undecided": 204,
            "unknown": 0,
            "pyes": 0.034206863551614744,
            "pno": 0.006323918521388,
            "pundecided": 0.0014271261702872467,
            "punknown": 0.0,
            "time": 14.667173862457275,
            "percY": 1073.64,
            "percN": 871.36,
            "percU": 793.56,
            "percUNK": 0.0,
            "l": 0.034206863551614744,
            "u": 0.993676081478612
        }
    },
    "data": {
        "n_samples": 389,
        "time": 31.80317735671997,
        "repeated_programs": 37,
        "inconsistent_programs": 0,
        "worlds_consulted": 738
    }
}