{
    "status": {
        "a_2": {
            "yes": 794,
            "no": 0,
            "undecided": 0,
            "unknown": 132,
            "pyes": 0.15608743776211123,
            "pno": 0.0,
            "pundecided": 0.0,
            "punknown": 0.010020448506363034,
            "time": 19.126564502716064,
            "percY": 4144.68,
            "percN": 0.0,
            "percU": 0.0,
            "percUNK": 689.04,
            "l": 0.15608743776211123,
            "u": 1.0
        },
        "a_9": {
            "yes": 566,
            "no": 84,
            "undecided": 276,
            "unknown": 0,
            "pyes": 0.031062788441405698,
            "pno": 0.000842241606549964,
            "pundecided": 0.13420285622051853,
            "punknown": 0.0,
            "time": 19.095736503601074,
            "percY": 2954.52,
            "percN": 438.48,
            "percU": 1440.72,
            "percUNK": 0.0,
            "l": 0.031062788441405698,
            "u": 0.99915775839345
        },
        "~a_8": {
            "yes": 54,
            "no": 200,
            "undecided": 666,
            "unknown": 6,
            "pyes": 0.013871380943296999,
            "pno": 0.026082367480019016,
            "pundecided": 0.12113086327841084,
            "punknown": 0.005023274566747421,
            "time": 19.11065912246704,
            "percY": 281.88,
            "percN": 1044.0,
            "percU": 3476.52,
            "percUNK": 31.32,
            "l": 0.013871380943296999,
            "u": 0.973917632519981
        }
    },
    "data": {
        "n_samples": 522,
        "time": 42.611451864242554,
        "repeated_programs": 59,
        "inconsistent_programs": 0,
        "worlds_consulted": 731
    }
}