{
    "status": {
        "d_18": {
            "yes": 106,
            "no": 0,
            "undecided": 452,
            "unknown": 304,
            "pyes": 0.02604547796647607,
            "pno": 0.0,
            "pundecided": 0.12169368558750202,
            "punknown": 0.020274123695687978,
            "time": 18.026005744934082,
            "percY": 500.32,
            "percN": 0.0,
            "percU": 2133.44,
            "percUNK": 1434.88,
            "l": 0.02604547796647607,
            "u": 1.0
        },
        "~a_5": {
            "yes": 126,
            "no": 0,
            "undecided": 718,
            "unknown": 18,
            "pyes": 0.046207248021296846,
            "pno": 0.0,
            "pundecided": 0.12179120665645246,
            "punknown": 1.4832571916694236e-05,
            "time": 17.773746967315674,
            "percY": 594.72,
            "percN": 0.0,
            "percU": 3388.96,
            "percUNK": 84.96,
            "l": 0.046207248021296846,
            "u": 1.0
        },
        "~a_7": {
            "yes": 14,
            "no": 626,
            "undecided": 212,
            "unknown": 10,
            "pyes": 8.83612923648e-09,
            "pno": 0.16437089060460922,
            "pundecided": 0.0036423878089276818,
            "punknown": 0.0,
            "time": 18.035691261291504,
            "percY": 66.08,
            "percN": 2954.72,
            "percU": 1000.64,
            "percUNK": 47.2,
            "l": 8.83612923648e-09,
            "u": 0.8356291093953908
        }
    },
    "data": {
        "n_samples": 472,
        "time": 38.406264781951904,
        "repeated_programs": 41,
        "inconsistent_programs": 0,
        "worlds_consulted": 719
    }
}