{
    "status": {
        "a_3": {
            "yes": 710,
            "no": 0,
            "undecided": 148,
            "unknown": 8,
            "pyes": 0.04613588466326815,
            "pno": 0.0,
            "pundecided": 6.817876605398524e-05,
            "punknown": 9.845348387328e-08,
            "time": 17.977493286132812,
            "percY": 3500.3,
            "percN": 0.0,
            "percU": 729.64,
            "percUNK": 39.44,
            "l": 0.04613588466326815,
            "u": 1.0
        },
        "a_7": {
            "yes": 68,
            "no": 270,
            "undecided": 504,
            "unknown": 24,
            "pyes": 4.784960114724435e-05,
            "pno": 0.02609046633154183,
            "pundecided": 0.014270777024050111,
            "punknown": 0.005795068926066899,
            "time": 17.702378273010254,
            "percY": 335.24,
            "percN": 1331.1,
            "percU": 2484.72,
            "percUNK": 118.32,
            "l": 4.784960114724435e-05,
            "u": 0.9739095336684582
        }
    },
    "data": {
        "n_samples": 493,
        "time": 27.936644077301025,
        "repeated_programs": 60,
        "inconsistent_programs": 0,
        "worlds_consulted": 694
    }
}