{
    "status": {
        "d_11": {
            "yes": 176,
            "no": 0,
            "undecided": 34,
            "unknown": 98,
            "pyes": 0.02169077158136214,
            "pno": 0.0,
            "pundecided": 0.008485336703224173,
            "punknown": 0.13057415667094385,
            "time": 9.2482008934021,
            "percY": 300.96,
            "percN": 0.0,
            "percU": 58.14,
            "percUNK": 167.58,
            "l": 0.02169077158136214,
            "u": 1.0
        },
        "a_6": {
            "yes": 54,
            "no": 0,
            "undecided": 162,
            "unknown": 92,
            "pyes": 0.005814393615482966,
            "pno": 0.0,
            "pundecided": 0.012097764206337439,
            "punknown": 0.14283810713370976,
            "time": 9.263328552246094,
            "percY": 92.34,
            "percN": 0.0,
            "percU": 277.02,
            "percUNK": 157.32,
            "l": 0.005814393615482966,
            "u": 1.0
        },
        "a_8": {
            "yes": 70,
            "no": 30,
            "undecided": 208,
            "unknown": 0,
            "pyes": 0.0004807517046391947,
            "pno": 6.017273966341616e-06,
            "pundecided": 0.1602634959769247,
            "punknown": 0.0,
            "time": 9.248126029968262,
            "percY": 119.7,
            "percN": 51.3,
            "percU": 355.68,
            "percUNK": 0.0,
            "l": 0.0004807517046391947,
            "u": 0.9999939827260337
        }
    },
    "data": {
        "n_samples": 171,
        "time": 17.127449989318848,
        "repeated_programs": 17,
        "inconsistent_programs": 0,
        "worlds_consulted": 666
    }
}