{
    "status": {
        "d_16": {
            "yes": 408,
            "no": 0,
            "undecided": 96,
            "unknown": 28,
            "pyes": 0.06610540503920292,
            "pno": 0.0,
            "pundecided": 0.014771503531048537,
            "punknown": 0.00028833315677880304,
            "time": 14.39950180053711,
            "percY": 1158.72,
            "percN": 0.0,
            "percU": 272.64,
            "percUNK": 79.52,
            "l": 0.06610540503920292,
            "u": 1.0
        },
        "a_6": {
            "yes": 54,
            "no": 0,
            "undecided": 470,
            "unknown": 8,
            "pyes": 0.0008128568336563137,
            "pno": 0.0,
            "pundecided": 0.08034955092443953,
            "punknown": 2.8339689345170125e-06,
            "time": 14.252039909362793,
            "percY": 153.36,
            "percN": 0.0,
            "percU": 1334.8,
            "percUNK": 22.72,
            "l": 0.0008128568336563137,
            "u": 1.0
        },
        "~a_7": {
            "yes": 242,
            "no": 122,
            "undecided": 134,
            "unknown": 34,
            "pyes": 0.068413753452768,
            "pno": 0.002440798482806844,
            "pundecided": 0.0076483694209812875,
            "punknown": 0.0026623203704741003,
            "time": 14.794296741485596,
            "percY": 687.28,
            "percN": 346.48,
            "percU": 380.56,
            "percUNK": 96.56,
            "l": 0.068413753452768,
            "u": 0.9975592015171931
        }
    },
    "data": {
        "n_samples": 284,
        "time": 31.678961515426636,
        "repeated_programs": 18,
        "inconsistent_programs": 0,
        "worlds_consulted": 945
    }
}