{
    "status": {
        "d_9": {
            "yes": 106,
            "no": 0,
            "undecided": 826,
            "unknown": 0,
            "pyes": 0.009468371602754048,
            "pno": 0.0,
            "pundecided": 0.0443168709117085,
            "punknown": 0.0,
            "time": 24.77315378189087,
            "percY": 550.14,
            "percN": 0.0,
            "percU": 4286.94,
            "percUNK": 0.0,
            "l": 0.009468371602754048,
            "u": 1.0
        },
        "a_6": {
            "yes": 300,
            "no": 0,
            "undecided": 266,
            "unknown": 366,
            "pyes": 0.009821113606985576,
            "pno": 0.0,
            "pundecided": 0.023786442864948337,
            "punknown": 0.02017768604252868,
            "time": 25.16463041305542,
            "percY": 1557.0,
            "percN": 0.0,
            "percU": 1380.54,
            "percUNK": 1899.54,
            "l": 0.009821113606985576,
            "u": 1.0
        },
        "a_8": {
            "yes": 126,
            "no": 2,
            "undecided": 804,
            "unknown": 0,
            "pyes": 2.178747259430535e-05,
            "pno": 0.0,
            "pundecided": 0.05376345504186825,
            "punknown": 0.0,
            "time": 25.374335289001465,
            "percY": 653.94,
            "percN": 10.38,
            "percU": 4172.76,
            "percUNK": 0.0,
            "l": 2.178747259430535e-05,
            "u": 1.0
        }
    },
    "data": {
        "n_samples": 519,
        "time": 55.68691897392273,
        "repeated_programs": 53,
        "inconsistent_programs": 0,
        "worlds_consulted": 717
    }
}