{
    "status": {
        "~d_13": {
            "yes": 542,
            "no": 0,
            "undecided": 398,
            "unknown": 66,
            "pyes": 0.20742347267155709,
            "pno": 0.0,
            "pundecided": 0.004339997085640304,
            "punknown": 5.62992383215903e-06,
            "time": 26.55628490447998,
            "percY": 3002.68,
            "percN": 0.0,
            "percU": 2204.92,
            "percUNK": 365.64,
            "l": 0.20742347267155709,
            "u": 1.0
        },
        "~a_6": {
            "yes": 282,
            "no": 0,
            "undecided": 720,
            "unknown": 4,
            "pyes": 0.09158839814153409,
            "pno": 0.0,
            "pundecided": 0.12017969571476508,
            "punknown": 1.0058247305461555e-06,
            "time": 26.674878120422363,
            "percY": 1562.28,
            "percN": 0.0,
            "percU": 3988.8,
            "percUNK": 22.16,
            "l": 0.09158839814153409,
            "u": 1.0
        },
        "a_8": {
            "yes": 408,
            "no": 68,
            "undecided": 428,
            "unknown": 102,
            "pyes": 0.2042008128561113,
            "pno": 0.0033485336501296262,
            "pundecided": 0.0030969997744257896,
            "punknown": 0.001122753400362843,
            "time": 26.903438568115234,
            "percY": 2260.32,
            "percN": 376.72,
            "percU": 2371.12,
            "percUNK": 565.08,
            "l": 0.2042008128561113,
            "u": 0.9966514663498703
        }
    },
    "data": {
        "n_samples": 554,
        "time": 58.91209673881531,
        "repeated_programs": 51,
        "inconsistent_programs": 0,
        "worlds_consulted": 734
    }
}