{
    "status": {
        "~a_3": {
            "yes": 290,
            "no": 0,
            "undecided": 0,
            "unknown": 210,
            "pyes": 0.22593584281321155,
            "pno": 0.0,
            "pundecided": 0.0,
            "punknown": 0.004711136459513304,
            "time": 13.616744995117188,
            "percY": 806.2,
            "percN": 0.0,
            "percU": 0.0,
            "percUNK": 583.8,
            "l": 0.22593584281321155,
            "u": 1.0
        },
        "~a_7": {
            "yes": 56,
            "no": 18,
            "undecided": 414,
            "unknown": 12,
            "pyes": 0.010532522379601438,
            "pno": 1.502713368768261e-06,
            "pundecided": 0.2146289976751902,
            "punknown": 0.005483956504564401,
            "time": 13.699451923370361,
            "percY": 155.68,
            "percN": 50.04,
            "percU": 1150.92,
            "percUNK": 33.36,
            "l": 0.010532522379601438,
            "u": 0.9999984972866313
        },
        "a_8": {
            "yes": 14,
            "no": 18,
            "undecided": 464,
            "unknown": 4,
            "pyes": 0.0,
            "pno": 0.008136581125011786,
            "pundecided": 0.2225083332055027,
            "punknown": 2.0649422102399995e-06,
            "time": 13.748079299926758,
            "percY": 38.92,
            "percN": 50.04,
            "percU": 1289.92,
            "percUNK": 11.12,
            "l": 0.0,
            "u": 0.9918634188749882
        }
    },
    "data": {
        "n_samples": 278,
        "time": 28.575764179229736,
        "repeated_programs": 28,
        "inconsistent_programs": 0,
        "worlds_consulted": 733
    }
}