{
    "status": {
        "a_0": {
            "yes": 58,
            "no": 0,
            "undecided": 0,
            "unknown": 518,
            "pyes": 1.0365756613630183e-06,
            "pno": 0.0,
            "pundecided": 0.0,
            "punknown": 1.3408617963607647,
            "time": 13.2878098487854,
            "percY": 182.7,
            "percN": 0.0,
            "percU": 0.0,
            "percUNK": 1631.7,
            "l": 1.0365756613630183e-06,
            "u": 1.0
        },
        "a_5": {
            "yes": 50,
            "no": 0,
            "undecided": 372,
            "unknown": 154,
            "pyes": 0.0164411652686865,
            "pno": 0.0,
            "pundecided": 1.322455214921645,
            "punknown": 0.001966452746095165,
            "time": 13.319593906402588,
            "percY": 157.5,
            "percN": 0.0,
            "percU": 1171.8,
            "percUNK": 485.1,
            "l": 0.0164411652686865,
            "u": 1.0
        },
        "~a_8": {
            "yes": 10,
            "no": 154,
            "undecided": 236,
            "unknown": 176,
            "pyes": 1.1902471368226562e-07,
            "pno": 0.0014277595819995907,
            "pundecided": 0.01667039979386318,
            "punknown": 1.322764554535849,
            "time": 13.598181247711182,
            "percY": 31.5,
            "percN": 485.1,
            "percU": 743.4,
            "percUNK": 554.4,
            "l": 1.1902471368226562e-07,
            "u": 0.9985722404180004
        }
    },
    "data": {
        "n_samples": 315,
        "time": 28.42952299118042,
        "repeated_programs": 27,
        "inconsistent_programs": 0,
        "worlds_consulted": 726
    }
}