{
    "status": {
        "d_17": {
            "yes": 630,
            "no": 0,
            "undecided": 94,
            "unknown": 228,
            "pyes": 0.24179424387426918,
            "pno": 0.0,
            "pundecided": 0.001642895954449494,
            "punknown": 0.0004932625324879543,
            "time": 22.167322635650635,
            "percY": 3307.5,
            "percN": 0.0,
            "percU": 493.5,
            "percUNK": 1197.0,
            "l": 0.24179424387426918,
            "u": 1.0
        },
        "a_7": {
            "yes": 60,
            "no": 26,
            "undecided": 800,
            "unknown": 66,
            "pyes": 0.000317420809272035,
            "pno": 5.793538773559602e-06,
            "pundecided": 0.12276852516973354,
            "punknown": 0.12083866284342754,
            "time": 22.314407348632812,
            "percY": 315.0,
            "percN": 136.5,
            "percU": 4200.0,
            "percUNK": 346.5,
            "l": 0.000317420809272035,
            "u": 0.9999942064612264
        },
        "~a_7": {
            "yes": 26,
            "no": 60,
            "undecided": 800,
            "unknown": 66,
            "pyes": 5.793538773559602e-06,
            "pno": 0.000317420809272035,
            "pundecided": 0.12276852516973354,
            "punknown": 0.12083866284342754,
            "time": 22.108936309814453,
            "percY": 136.5,
            "percN": 315.0,
            "percU": 4200.0,
            "percUNK": 346.5,
            "l": 5.793538773559602e-06,
            "u": 0.999682579190728
        }
    },
    "data": {
        "n_samples": 525,
        "time": 48.27681088447571,
        "repeated_programs": 49,
        "inconsistent_programs": 0,
        "worlds_consulted": 772
    }
}