{
    "status": {
        "a_2": {
            "yes": 570,
            "no": 0,
            "undecided": 306,
            "unknown": 0,
            "pyes": 0.021539852266112307,
            "pno": 0.0,
            "pundecided": 0.17187130778004234,
            "punknown": 0.0,
            "time": 19.524831771850586,
            "percY": 2736.0,
            "percN": 0.0,
            "percU": 1468.8,
            "percUNK": 0.0,
            "l": 0.021539852266112307,
            "u": 1.0
        },
        "a_5": {
            "yes": 166,
            "no": 0,
            "undecided": 306,
            "unknown": 404,
            "pyes": 0.002936316108765736,
            "pno": 0.0,
            "pundecided": 0.17187130778004234,
            "punknown": 0.018603536157346553,
            "time": 19.623810291290283,
            "percY": 796.8,
            "percN": 0.0,
            "percU": 1468.8,
            "percUNK": 1939.2,
            "l": 0.002936316108765736,
            "u": 1.0
        },
        "a_8": {
            "yes": 146,
            "no": 146,
            "undecided": 582,
            "unknown": 2,
            "pyes": 0.1671763299757874,
            "pno": 0.002363223365824361,
            "pundecided": 0.02387160670454282,
            "punknown": 0.0,
            "time": 19.58037805557251,
            "percY": 700.8,
            "percN": 700.8,
            "percU": 2793.6,
            "percUNK": 9.6,
            "l": 0.1671763299757874,
            "u": 0.9976367766341756
        }
    },
    "data": {
        "n_samples": 480,
        "time": 40.373576641082764,
        "repeated_programs": 42,
        "inconsistent_programs": 0,
        "worlds_consulted": 814
    }
}