{
    "status": {
        "~d_10": {
            "yes": 444,
            "no": 0,
            "undecided": 26,
            "unknown": 176,
            "pyes": 0.02258121676560569,
            "pno": 0.0,
            "pundecided": 0.00038105075946981106,
            "punknown": 0.005758152176944217,
            "time": 14.826379776000977,
            "percY": 1629.48,
            "percN": 0.0,
            "percU": 95.42,
            "percUNK": 645.92,
            "l": 0.02258121676560569,
            "u": 1.0
        },
        "~a_5": {
            "yes": 266,
            "no": 0,
            "undecided": 366,
            "unknown": 14,
            "pyes": 0.00033115801093385713,
            "pno": 0.0,
            "pundecided": 0.028317254896824642,
            "punknown": 7.200679426123393e-05,
            "time": 14.742323398590088,
            "percY": 976.22,
            "percN": 0.0,
            "percU": 1343.22,
            "percUNK": 51.38,
            "l": 0.00033115801093385713,
            "u": 1.0
        },
        "~a_7": {
            "yes": 134,
            "no": 24,
            "undecided": 430,
            "unknown": 58,
            "pyes": 2.941585970431162e-05,
            "pno": 0.00012803376703683842,
            "pundecided": 0.022505361833164185,
            "punknown": 0.006057608242114383,
            "time": 14.851678371429443,
            "percY": 491.78,
            "percN": 88.08,
            "percU": 1578.1,
            "percUNK": 212.86,
            "l": 2.941585970431162e-05,
            "u": 0.9998719662329631
        }
    },
    "data": {
        "n_samples": 367,
        "time": 31.44397211074829,
        "repeated_programs": 44,
        "inconsistent_programs": 0,
        "worlds_consulted": 712
    }
}