{
    "status": {
        "~d_17": {
            "yes": 936,
            "no": 0,
            "undecided": 24,
            "unknown": 136,
            "pyes": 0.032074267233356685,
            "pno": 0.0,
            "pundecided": 0.011173575995139316,
            "punknown": 0.006786671237220191,
            "time": 25.007588863372803,
            "percY": 5709.6,
            "percN": 0.0,
            "percU": 146.4,
            "percUNK": 829.6,
            "l": 0.032074267233356685,
            "u": 1.0
        },
        "a_7": {
            "yes": 354,
            "no": 78,
            "undecided": 658,
            "unknown": 6,
            "pyes": 0.01598495803773459,
            "pno": 0.0015427538139088125,
            "pundecided": 0.03247356056827021,
            "punknown": 3.324204580257792e-05,
            "time": 25.18779468536377,
            "percY": 2159.4,
            "percN": 475.8,
            "percU": 4013.8,
            "percUNK": 36.6,
            "l": 0.01598495803773459,
            "u": 0.9984572461860912
        }
    },
    "data": {
        "n_samples": 610,
        "time": 42.008573055267334,
        "repeated_programs": 62,
        "inconsistent_programs": 0,
        "worlds_consulted": 725
    }
}