{
    "status": {
        "a_5": {
            "yes": 379,
            "no": 0,
            "undecided": 0,
            "unknown": 375,
            "pyes": 0.6229484654203274,
            "pno": 0.0,
            "pundecided": 0.0,
            "punknown": 0.05583445113194079,
            "time": 20.151206254959106,
            "percY": 3104.01,
            "percN": 0.0,
            "percU": 0.0,
            "percUNK": 3071.25,
            "l": 0.6229484654203274,
            "u": 1.0,
            "flag": "INTEREST"
        },
        "a_16": {
            "yes": 90,
            "no": 89,
            "undecided": 575,
            "unknown": 0,
            "pyes": 0.00013707165187289315,
            "pno": 1.6642648789066705e-05,
            "pundecided": 0.6786292022516066,
            "punknown": 0.0,
            "time": 21.119522094726562,
            "percY": 737.1,
            "percN": 728.91,
            "percU": 4709.25,
            "percUNK": 0.0,
            "l": 0.00013707165187289315,
            "u": 0.9999833573512109
        },
        "a_20": {
            "yes": 184,
            "no": 22,
            "undecided": 548,
            "unknown": 0,
            "pyes": 0.0001527133972377627,
            "pno": 5.617761724473552e-07,
            "pundecided": 0.6786296413788582,
            "punknown": 0.0,
            "time": 22.308720350265503,
            "percY": 1506.96,
            "percN": 180.18,
            "percU": 4488.12,
            "percUNK": 0.0,
            "l": 0.0001527133972377627,
            "u": 0.9999994382238275
        }
    },
    "data": {
        "n_samples": 819,
        "time": 64.58952903747559,
        "repeated_worlds": 65,
        "repeated_progs": 65,
        "unique_progs": 754
    }
}