{
    "status": {
        "d_32": {
            "yes": 352,
            "no": 0,
            "undecided": 389,
            "unknown": 0,
            "pyes": 0.0235352647436132,
            "pno": 0.0,
            "pundecided": 0.0112305817334683,
            "punknown": 0.0,
            "time": 17.150986909866333,
            "percY": 2882.88,
            "percN": 0.0,
            "percU": 3185.91,
            "percUNK": 0.0,
            "l": 0.0235352647436132,
            "u": 1.0
        },
        "~a_19": {
            "yes": 203,
            "no": 168,
            "undecided": 370,
            "unknown": 0,
            "pyes": 0.0015152202755209186,
            "pno": 0.027795995544205226,
            "pundecided": 0.005454630657355369,
            "punknown": 0.0,
            "time": 18.79497194290161,
            "percY": 1662.57,
            "percN": 1375.92,
            "percU": 3030.3,
            "percUNK": 0.0,
            "l": 0.0015152202755209186,
            "u": 0.9722040044557948
        },
        "a_15": {
            "yes": 195,
            "no": 36,
            "undecided": 510,
            "unknown": 0,
            "pyes": 0.0001549039245756145,
            "pno": 1.5836034665980355e-07,
            "pundecided": 0.03461078419215923,
            "punknown": 0.0,
            "time": 19.513875484466553,
            "percY": 1597.05,
            "percN": 294.84,
            "percU": 4176.9,
            "percUNK": 0.0,
            "l": 0.0001549039245756145,
            "u": 0.9999998416396534
        }
    },
    "data": {
        "n_samples": 819,
        "time": 56.29055166244507,
        "repeated_worlds": 78,
        "repeated_progs": 78,
        "unique_progs": 741
    }
}