{
    "status": {
        "d_34": {
            "yes": 375,
            "no": 0,
            "undecided": 370,
            "unknown": 0,
            "pyes": 0.008262451929960543,
            "pno": 0.0,
            "pundecided": 0.03227785480060574,
            "punknown": 0.0,
            "time": 15.488783121109009,
            "percY": 3071.25,
            "percN": 0.0,
            "percU": 3030.3,
            "percUNK": 0.0,
            "l": 0.008262451929960543,
            "u": 1.0
        },
        "~a_10": {
            "yes": 95,
            "no": 0,
            "undecided": 650,
            "unknown": 0,
            "pyes": 0.0001061247590602446,
            "pno": 0.0,
            "pundecided": 0.04043418197150605,
            "punknown": 0.0,
            "time": 15.512860774993896,
            "percY": 778.05,
            "percN": 0.0,
            "percU": 5323.5,
            "percUNK": 0.0,
            "l": 0.0001061247590602446,
            "u": 1.0
        },
        "a_15": {
            "yes": 0,
            "no": 75,
            "undecided": 670,
            "unknown": 0,
            "pyes": 0.0,
            "pno": 0.00010432546101141994,
            "pundecided": 0.04043598126955488,
            "punknown": 0.0,
            "time": 15.867427349090576,
            "percY": 0.0,
            "percN": 614.25,
            "percU": 5487.3,
            "percUNK": 0.0,
            "l": 0.0,
            "u": 0.9998956745389885
        }
    },
    "data": {
        "n_samples": 819,
        "time": 47.71146059036255,
        "repeated_worlds": 74,
        "repeated_progs": 153,
        "unique_progs": 666
    }
}