{
    "status": {
        "d_48": {
            "yes": 395,
            "no": 0,
            "undecided": 360,
            "unknown": 0,
            "pyes": 0.04001664731284568,
            "pno": 0.0,
            "pundecided": 0.5656724434148112,
            "punknown": 0.0,
            "time": 18.986679077148438,
            "percY": 3235.05,
            "percN": 0.0,
            "percU": 2948.4,
            "percUNK": 0.0,
            "l": 0.04001664731284568,
            "u": 1.0
        },
        "a_19": {
            "yes": 263,
            "no": 119,
            "undecided": 373,
            "unknown": 0,
            "pyes": 0.0066061004786507555,
            "pno": 0.0028970079438809825,
            "pundecided": 0.596185982305125,
            "punknown": 0.0,
            "time": 20.450085878372192,
            "percY": 2153.97,
            "percN": 974.61,
            "percU": 3054.87,
            "percUNK": 0.0,
            "l": 0.0066061004786507555,
            "u": 0.997102992056119
        },
        "a_18": {
            "yes": 167,
            "no": 142,
            "undecided": 446,
            "unknown": 0,
            "pyes": 6.14075966748412e-05,
            "pno": 0.008854391147235182,
            "pundecided": 0.5967732919837468,
            "punknown": 0.0,
            "time": 20.811272859573364,
            "percY": 1367.73,
            "percN": 1162.98,
            "percU": 3652.74,
            "percUNK": 0.0,
            "l": 6.14075966748412e-05,
            "u": 0.9911456088527648
        }
    },
    "data": {
        "n_samples": 819,
        "time": 61.28055953979492,
        "repeated_worlds": 64,
        "repeated_progs": 64,
        "unique_progs": 755
    }
}