{
    "status": {
        "d_75": {
            "yes": 336,
            "no": 0,
            "undecided": 44,
            "unknown": 22,
            "pyes": 0.05490620443797881,
            "pno": 0.0,
            "pundecided": 0.008675314282349567,
            "punknown": 4.6998185471999995e-08,
            "time": 11.636155605316162,
            "percY": 685.44,
            "percN": 0.0,
            "percU": 89.76,
            "percUNK": 44.88,
            "l": 0.05490620443797881,
            "u": 1.0
        },
        "~a_12": {
            "yes": 34,
            "no": 0,
            "undecided": 30,
            "unknown": 338,
            "pyes": 8.975300755986433e-05,
            "pno": 0.0,
            "pundecided": 4.163098705920001e-07,
            "punknown": 0.06349139640108334,
            "time": 11.697569370269775,
            "percY": 69.36,
            "percN": 0.0,
            "percU": 61.2,
            "percUNK": 689.52,
            "l": 8.975300755986433e-05,
            "u": 1.0
        },
        "a_17": {
            "yes": 116,
            "no": 8,
            "undecided": 278,
            "unknown": 0,
            "pyes": 1.0116556800000002e-08,
            "pno": 0.000136513164312576,
            "pundecided": 0.06344504243764444,
            "punknown": 0.0,
            "time": 13.26469087600708,
            "percY": 236.64,
            "percN": 16.32,
            "percU": 567.12,
            "percUNK": 0.0,
            "l": 1.0116556800000002e-08,
            "u": 0.9998634868356874
        }
    },
    "data": {
        "n_samples": 204,
        "time": 160.86833882331848,
        "repeated_programs": 3,
        "inconsistent_programs": 0,
        "worlds_consulted": 201
    }
}