{
    "status": {
        "~d_32": {
            "yes": 2048,
            "no": 0,
            "undecided": 2048,
            "unknown": 0,
            "pyes": 0.01000000000000002,
            "pno": 0.0,
            "pundecided": 0.9899999999999988,
            "punknown": 0.0,
            "time": 97.697988986969,
            "percY": 83886.08,
            "percN": 0.0,
            "percU": 83886.08,
            "percUNK": 0.0,
            "l": 0.01000000000000002,
            "u": 1.0
        },
        "a_16": {
            "yes": 1056,
            "no": 992,
            "undecided": 2048,
            "unknown": 0,
            "pyes": 0.0499958926097987,
            "pno": 4.107390201360001e-06,
            "pundecided": 0.9499999999999988,
            "punknown": 0.0,
            "time": 102.97050428390503,
            "percY": 43253.76,
            "percN": 40632.32,
            "percU": 83886.08,
            "percUNK": 0.0,
            "l": 0.0499958926097987,
            "u": 0.9999958926097986
        },
        "a_15": {
            "yes": 896,
            "no": 128,
            "undecided": 3072,
            "unknown": 0,
            "pyes": 0.06890944066459434,
            "pno": 0.003215746343405755,
            "pundecided": 0.9278748129919996,
            "punknown": 0.0,
            "time": 108.6002893447876,
            "percY": 36700.16,
            "percN": 5242.88,
            "percU": 125829.12,
            "percUNK": 0.0,
            "l": 0.06890944066459434,
            "u": 0.9967842536565943
        }
    },
    "data": {
        "n_samples": 4096,
        "time": 314.1623692512512,
        "repeated_worlds": 0,
        "repeated_progs": 0,
        "unique_progs": 4096
    }
}