{
    "status": {
        "~d_54": {
            "yes": 2048,
            "no": 0,
            "undecided": 2048,
            "unknown": 0,
            "pyes": 0.18019473837440037,
            "pno": 0.0,
            "pundecided": 0.8198052616255999,
            "punknown": 0.0,
            "time": 93.95239329338074,
            "percY": 83886.08,
            "percN": 0.0,
            "percU": 83886.08,
            "percUNK": 0.0,
            "l": 0.18019473837440037,
            "u": 1.0
        },
        "a_11": {
            "yes": 1024,
            "no": 0,
            "undecided": 3072,
            "unknown": 0,
            "pyes": 0.8333556000000008,
            "pno": 0.0,
            "pundecided": 0.1666444000000002,
            "punknown": 0.0,
            "time": 94.07331490516663,
            "percY": 41943.04,
            "percN": 0.0,
            "percU": 125829.12,
            "percUNK": 0.0,
            "l": 0.8333556000000008,
            "u": 1.0,
            "flag": "INTEREST"
        },
        "a_17": {
            "yes": 1680,
            "no": 496,
            "undecided": 1920,
            "unknown": 0,
            "pyes": 0.8381994509685197,
            "pno": 0.008186831273652979,
            "pundecided": 0.15361371775782864,
            "punknown": 0.0,
            "time": 98.85289311408997,
            "percY": 68812.8,
            "percN": 20316.16,
            "percU": 78643.2,
            "percUNK": 0.0,
            "l": 0.8381994509685197,
            "u": 0.9918131687263471,
            "flag": "INTEREST"
        }
    },
    "data": {
        "n_samples": 4096,
        "time": 291.5722839832306,
        "repeated_worlds": 0,
        "repeated_progs": 0,
        "unique_progs": 4096
    }
}