{
    "status": {
        "d_36": {
            "yes": 2048,
            "no": 0,
            "undecided": 2048,
            "unknown": 0,
            "pyes": 0.08888470000000012,
            "pno": 0.0,
            "pundecided": 0.9111153,
            "punknown": 0.0,
            "time": 45.16767859458923,
            "percY": 83886.08,
            "percN": 0.0,
            "percU": 83886.08,
            "percUNK": 0.0,
            "l": 0.08888470000000012,
            "u": 1.0
        },
        "a_15": {
            "yes": 0,
            "no": 0,
            "undecided": 4096,
            "unknown": 0,
            "pyes": 0.0,
            "pno": 0.0,
            "pundecided": 0.9999999999999994,
            "punknown": 0.0,
            "time": 45.24192976951599,
            "percY": 0.0,
            "percN": 0.0,
            "percU": 167772.16,
            "percUNK": 0.0,
            "l": 0.0,
            "u": 1.0
        },
        "a_19": {
            "yes": 640,
            "no": 448,
            "undecided": 3008,
            "unknown": 0,
            "pyes": 0.06760885534859551,
            "pno": 0.8259628827013419,
            "pundecided": 0.10642826195006205,
            "punknown": 0.0,
            "time": 48.332491874694824,
            "percY": 26214.4,
            "percN": 18350.08,
            "percU": 123207.68,
            "percUNK": 0.0,
            "l": 0.06760885534859551,
            "u": 0.17403711729865812,
            "flag": "INTEREST"
        }
    },
    "data": {
        "n_samples": 4096,
        "time": 141.72673273086548,
        "repeated_worlds": 0,
        "repeated_progs": 2048,
        "unique_progs": 2048
    }
}