{
    "status": {
        "d_39": {
            "yes": 2048,
            "no": 0,
            "undecided": 2048,
            "unknown": 0,
            "pyes": 0.9299999999999999,
            "pno": 0.0,
            "pundecided": 0.06999999999999999,
            "punknown": 0.0,
            "time": 88.6537139415741,
            "percY": 83886.08,
            "percN": 0.0,
            "percU": 83886.08,
            "percUNK": 0.0,
            "l": 0.9299999999999999,
            "u": 1.0,
            "flag": "INTEREST"
        },
        "~a_14": {
            "yes": 608,
            "no": 416,
            "undecided": 3072,
            "unknown": 0,
            "pyes": 0.007430187022250608,
            "pno": 0.039069812977749384,
            "pundecided": 0.9535000000000003,
            "punknown": 0.0,
            "time": 93.80515933036804,
            "percY": 24903.68,
            "percN": 17039.36,
            "percU": 125829.12,
            "percUNK": 0.0,
            "l": 0.007430187022250608,
            "u": 0.9609301870222506
        },
        "~a_15": {
            "yes": 864,
            "no": 1184,
            "undecided": 2048,
            "unknown": 0,
            "pyes": 0.053520898111837044,
            "pno": 0.059031312932722936,
            "pundecided": 0.8874477889554399,
            "punknown": 0.0,
            "time": 95.7790789604187,
            "percY": 35389.44,
            "percN": 48496.64,
            "percU": 83886.08,
            "percUNK": 0.0,
            "l": 0.053520898111837044,
            "u": 0.9409686870672771
        }
    },
    "data": {
        "n_samples": 4096,
        "time": 282.47003078460693,
        "repeated_worlds": 0,
        "repeated_progs": 0,
        "unique_progs": 4096
    }
}