{
    "status": {
        "d_60": {
            "yes": 2048,
            "no": 0,
            "undecided": 2048,
            "unknown": 0,
            "pyes": 0.9595840000000003,
            "pno": 0.0,
            "pundecided": 0.040415999999999945,
            "punknown": 0.0,
            "time": 88.33405232429504,
            "percY": 83886.08,
            "percN": 0.0,
            "percU": 83886.08,
            "percUNK": 0.0,
            "l": 0.9595840000000003,
            "u": 1.0,
            "flag": "INTEREST"
        },
        "~a_15": {
            "yes": 768,
            "no": 224,
            "undecided": 3104,
            "unknown": 0,
            "pyes": 0.026845777519487756,
            "pno": 0.00029348229174199614,
            "pundecided": 0.9728607401887696,
            "punknown": 0.0,
            "time": 94.20582389831543,
            "percY": 31457.28,
            "percN": 9175.04,
            "percU": 127139.84,
            "percUNK": 0.0,
            "l": 0.026845777519487756,
            "u": 0.999706517708258
        },
        "~a_14": {
            "yes": 64,
            "no": 960,
            "undecided": 3072,
            "unknown": 0,
            "pyes": 4.0983269226451216e-05,
            "pno": 0.026540533530773517,
            "pundecided": 0.9734184831999994,
            "punknown": 0.0,
            "time": 97.47261834144592,
            "percY": 2621.44,
            "percN": 39321.6,
            "percU": 125829.12,
            "percUNK": 0.0,
            "l": 4.0983269226451216e-05,
            "u": 0.9734594664692264
        }
    },
    "data": {
        "n_samples": 4096,
        "time": 284.34931206703186,
        "repeated_worlds": 0,
        "repeated_progs": 0,
        "unique_progs": 4096
    }
}