{
    "status": {
        "~d_31": {
            "yes": 4096,
            "no": 0,
            "undecided": 0,
            "unknown": 0,
            "pyes": 1.0000000000000042,
            "pno": 0.0,
            "pundecided": 0.0,
            "punknown": 0.0,
            "time": 89.24104285240173,
            "percY": 167772.16,
            "percN": 0.0,
            "percU": 0.0,
            "percUNK": 0.0,
            "l": 1.0000000000000042,
            "u": 1.0,
            "flag": "INTEREST"
        },
        "~a_15": {
            "yes": 1536,
            "no": 512,
            "undecided": 2048,
            "unknown": 0,
            "pyes": 0.9270222887999997,
            "pno": 0.002977711199999999,
            "pundecided": 0.07000000000000016,
            "punknown": 0.0,
            "time": 93.93646192550659,
            "percY": 62914.56,
            "percN": 20971.52,
            "percU": 83886.08,
            "percUNK": 0.0,
            "l": 0.9270222887999997,
            "u": 0.9970222888,
            "flag": "INTEREST"
        },
        "~a_14": {
            "yes": 1952,
            "no": 2144,
            "undecided": 0,
            "unknown": 0,
            "pyes": 0.7716222303605716,
            "pno": 0.2283777696394309,
            "pundecided": 0.0,
            "punknown": 0.0,
            "time": 137.31703805923462,
            "percY": 79953.92,
            "percN": 87818.24,
            "percU": 0.0,
            "percUNK": 0.0,
            "l": 0.7716222303605716,
            "u": 0.7716222303605691,
            "flag": "INTEREST"
        }
    },
    "data": {
        "n_samples": 4096,
        "time": 324.53622698783875,
        "repeated_worlds": 0,
        "repeated_progs": 0,
        "unique_progs": 4096
    }
}