{
    "status": {
        "a_5": {
            "yes": 2048,
            "no": 0,
            "undecided": 0,
            "unknown": 2048,
            "pyes": 0.04999999999999994,
            "pno": 0.0,
            "pundecided": 0.0,
            "punknown": 0.9500000000000014,
            "time": 89.97630786895752,
            "percY": 83886.08,
            "percN": 0.0,
            "percU": 0.0,
            "percUNK": 83886.08,
            "l": 0.04999999999999994,
            "u": 1.0
        },
        "~a_13": {
            "yes": 1024,
            "no": 0,
            "undecided": 3072,
            "unknown": 0,
            "pyes": 0.0019999999999999974,
            "pno": 0.0,
            "pundecided": 0.9980000000000017,
            "punknown": 0.0,
            "time": 90.09818387031555,
            "percY": 41943.04,
            "percN": 0.0,
            "percU": 125829.12,
            "percUNK": 0.0,
            "l": 0.0019999999999999974,
            "u": 1.0
        },
        "~a_14": {
            "yes": 768,
            "no": 128,
            "undecided": 3200,
            "unknown": 0,
            "pyes": 0.04918107601999997,
            "pno": 0.0,
            "pundecided": 0.9508189239800012,
            "punknown": 0.0,
            "time": 100.93739604949951,
            "percY": 31457.28,
            "percN": 5242.88,
            "percU": 131072.0,
            "percUNK": 0.0,
            "l": 0.04918107601999997,
            "u": 1.0
        }
    },
    "data": {
        "n_samples": 4096,
        "time": 285.3118677139282,
        "repeated_worlds": 0,
        "repeated_progs": 0,
        "unique_progs": 4096
    }
}