{
    "status": {
        "d_52": {
            "yes": 2048,
            "no": 0,
            "undecided": 2048,
            "unknown": 0,
            "pyes": 0.7899462800015046,
            "pno": 0.0,
            "pundecided": 0.21005371999849715,
            "punknown": 0.0,
            "time": 89.08656215667725,
            "percY": 83886.08,
            "percN": 0.0,
            "percU": 83886.08,
            "percUNK": 0.0,
            "l": 0.7899462800015046,
            "u": 1.0,
            "flag": "INTEREST"
        },
        "a_11": {
            "yes": 2048,
            "no": 0,
            "undecided": 2048,
            "unknown": 0,
            "pyes": 0.04923071999999999,
            "pno": 0.0,
            "pundecided": 0.9507692800000003,
            "punknown": 0.0,
            "time": 89.14581537246704,
            "percY": 83886.08,
            "percN": 0.0,
            "percU": 83886.08,
            "percUNK": 0.0,
            "l": 0.04923071999999999,
            "u": 1.0
        },
        "~a_16": {
            "yes": 192,
            "no": 448,
            "undecided": 3456,
            "unknown": 0,
            "pyes": 4.743800424000002e-06,
            "pno": 0.009479485218351453,
            "pundecided": 0.9905157709812258,
            "punknown": 0.0,
            "time": 91.72327399253845,
            "percY": 7864.32,
            "percN": 18350.08,
            "percU": 141557.76,
            "percUNK": 0.0,
            "l": 4.743800424000002e-06,
            "u": 0.9905205147816486
        }
    },
    "data": {
        "n_samples": 4096,
        "time": 274.20272994041443,
        "repeated_worlds": 0,
        "repeated_progs": 0,
        "unique_progs": 4096
    }
}