{
    "status": {
        "d_25": {
            "yes": 2048,
            "no": 0,
            "undecided": 2048,
            "unknown": 0,
            "pyes": 0.7648392607999992,
            "pno": 0.0,
            "pundecided": 0.2351607391999999,
            "punknown": 0.0,
            "time": 102.51616883277893,
            "percY": 83886.08,
            "percN": 0.0,
            "percU": 83886.08,
            "percUNK": 0.0,
            "l": 0.7648392607999992,
            "u": 1.0,
            "flag": "INTEREST"
        },
        "a_16": {
            "yes": 1920,
            "no": 128,
            "undecided": 2048,
            "unknown": 0,
            "pyes": 0.8755585000837119,
            "pno": 0.071521499916288,
            "pundecided": 0.0529200000000001,
            "punknown": 0.0,
            "time": 143.05771136283875,
            "percY": 78643.2,
            "percN": 5242.88,
            "percU": 83886.08,
            "percUNK": 0.0,
            "l": 0.8755585000837119,
            "u": 0.928478500083712,
            "flag": "INTEREST"
        },
        "a_14": {
            "yes": 704,
            "no": 1344,
            "undecided": 2048,
            "unknown": 0,
            "pyes": 0.11929836149951997,
            "pno": 0.8107016385004803,
            "pundecided": 0.07000000000000008,
            "punknown": 0.0,
            "time": 108.56107425689697,
            "percY": 28835.84,
            "percN": 55050.24,
            "percU": 83886.08,
            "percUNK": 0.0,
            "l": 0.11929836149951997,
            "u": 0.18929836149951973,
            "flag": "INTEREST"
        }
    },
    "data": {
        "n_samples": 4096,
        "time": 359.4362938404083,
        "repeated_worlds": 0,
        "repeated_progs": 0,
        "unique_progs": 4096
    }
}