{
    "status": {
        "d_33": {
            "yes": 2048,
            "no": 0,
            "undecided": 2048,
            "unknown": 0,
            "pyes": 0.9313051399999999,
            "pno": 0.0,
            "pundecided": 0.06869486000000007,
            "punknown": 0.0,
            "time": 44.86074256896973,
            "percY": 83886.08,
            "percN": 0.0,
            "percU": 83886.08,
            "percUNK": 0.0,
            "l": 0.9313051399999999,
            "u": 1.0,
            "flag": "INTEREST"
        },
        "a_14": {
            "yes": 848,
            "no": 224,
            "undecided": 3024,
            "unknown": 0,
            "pyes": 0.03308581012268488,
            "pno": 0.0003729207764741468,
            "pundecided": 0.9665412691008417,
            "punknown": 0.0,
            "time": 49.07270002365112,
            "percY": 34734.08,
            "percN": 9175.04,
            "percU": 123863.04,
            "percUNK": 0.0,
            "l": 0.03308581012268488,
            "u": 0.9996270792235259
        },
        "~a_14": {
            "yes": 224,
            "no": 848,
            "undecided": 3024,
            "unknown": 0,
            "pyes": 0.0003729207764741468,
            "pno": 0.03308581012268488,
            "pundecided": 0.9665412691008417,
            "punknown": 0.0,
            "time": 49.64367151260376,
            "percY": 9175.04,
            "percN": 34734.08,
            "percU": 123863.04,
            "percUNK": 0.0,
            "l": 0.0003729207764741468,
            "u": 0.9669141898773151
        }
    },
    "data": {
        "n_samples": 4096,
        "time": 146.7780818939209,
        "repeated_worlds": 0,
        "repeated_progs": 2048,
        "unique_progs": 2048
    }
}