{
    "status": {
        "d_54": {
            "yes": 2048,
            "no": 0,
            "undecided": 2048,
            "unknown": 0,
            "pyes": 0.16495179999999976,
            "pno": 0.0,
            "pundecided": 0.8350482000000002,
            "punknown": 0.0,
            "time": 103.1063060760498,
            "percY": 83886.08,
            "percN": 0.0,
            "percU": 83886.08,
            "percUNK": 0.0,
            "l": 0.16495179999999976,
            "u": 1.0
        },
        "a_16": {
            "yes": 1592,
            "no": 456,
            "undecided": 2048,
            "unknown": 0,
            "pyes": 0.18591198818219992,
            "pno": 0.7940880118177998,
            "pundecided": 0.020000000000000004,
            "punknown": 0.0,
            "time": 119.16107130050659,
            "percY": 65208.32,
            "percN": 18677.76,
            "percU": 83886.08,
            "percUNK": 0.0,
            "l": 0.18591198818219992,
            "u": 0.20591198818220025,
            "flag": "INTEREST"
        },
        "~a_15": {
            "yes": 176,
            "no": 624,
            "undecided": 3296,
            "unknown": 0,
            "pyes": 0.0018725880736640001,
            "pno": 0.017546000957408003,
            "pundecided": 0.9805814109689289,
            "punknown": 0.0,
            "time": 133.03931713104248,
            "percY": 7208.96,
            "percN": 25559.04,
            "percU": 135004.16,
            "percUNK": 0.0,
            "l": 0.0018725880736640001,
            "u": 0.982453999042592
        }
    },
    "data": {
        "n_samples": 4096,
        "time": 360.6884913444519,
        "repeated_worlds": 0,
        "repeated_progs": 0,
        "unique_progs": 4096
    }
}