{
    "status": {
        "d_33": {
            "yes": 2048,
            "no": 0,
            "undecided": 2048,
            "unknown": 0,
            "pyes": 0.1590908199799998,
            "pno": 0.0,
            "pundecided": 0.8409091800200008,
            "punknown": 0.0,
            "time": 88.4069881439209,
            "percY": 83886.08,
            "percN": 0.0,
            "percU": 83886.08,
            "percUNK": 0.0,
            "l": 0.1590908199799998,
            "u": 1.0
        },
        "~a_14": {
            "yes": 1120,
            "no": 176,
            "undecided": 2800,
            "unknown": 0,
            "pyes": 0.9179624386629361,
            "pno": 0.00011616245876059759,
            "pundecided": 0.08192139887830478,
            "punknown": 0.0,
            "time": 92.37737727165222,
            "percY": 45875.2,
            "percN": 7208.96,
            "percU": 114688.0,
            "percUNK": 0.0,
            "l": 0.9179624386629361,
            "u": 0.9998838375412394,
            "flag": "INTEREST"
        },
        "~a_17": {
            "yes": 600,
            "no": 232,
            "undecided": 3264,
            "unknown": 0,
            "pyes": 0.12664393734285387,
            "pno": 0.008456861718611772,
            "pundecided": 0.8648992009385352,
            "punknown": 0.0,
            "time": 98.01672697067261,
            "percY": 24576.0,
            "percN": 9502.72,
            "percU": 133693.44,
            "percUNK": 0.0,
            "l": 0.12664393734285387,
            "u": 0.9915431382813882
        }
    },
    "data": {
        "n_samples": 4096,
        "time": 283.12647581100464,
        "repeated_worlds": 0,
        "repeated_progs": 0,
        "unique_progs": 4096
    }
}