{
    "status": {
        "~d_22": {
            "yes": 2048,
            "no": 0,
            "undecided": 2048,
            "unknown": 0,
            "pyes": 0.05889999999999999,
            "pno": 0.0,
            "pundecided": 0.9411,
            "punknown": 0.0,
            "time": 89.51771378517151,
            "percY": 83886.08,
            "percN": 0.0,
            "percU": 83886.08,
            "percUNK": 0.0,
            "l": 0.05889999999999999,
            "u": 1.0
        },
        "a_15": {
            "yes": 3072,
            "no": 1024,
            "undecided": 0,
            "unknown": 0,
            "pyes": 0.021187796887999995,
            "pno": 0.9788122031119993,
            "pundecided": 0.0,
            "punknown": 0.0,
            "time": 144.746595621109,
            "percY": 125829.12,
            "percN": 41943.04,
            "percU": 0.0,
            "percUNK": 0.0,
            "l": 0.021187796887999995,
            "u": 0.021187796888000654,
            "flag": "INTEREST"
        },
        "~a_16": {
            "yes": 512,
            "no": 1536,
            "undecided": 2048,
            "unknown": 0,
            "pyes": 0.04176507829632,
            "pno": 0.017134921703680007,
            "pundecided": 0.9411,
            "punknown": 0.0,
            "time": 106.32596683502197,
            "percY": 20971.52,
            "percN": 62914.56,
            "percU": 83886.08,
            "percUNK": 0.0,
            "l": 0.04176507829632,
            "u": 0.98286507829632
        }
    },
    "data": {
        "n_samples": 4096,
        "time": 345.35455989837646,
        "repeated_worlds": 0,
        "repeated_progs": 0,
        "unique_progs": 4096
    }
}