{
    "status": {
        "d_18": {
            "yes": 2048,
            "no": 0,
            "undecided": 2048,
            "unknown": 0,
            "pyes": 0.7806320000000001,
            "pno": 0.0,
            "pundecided": 0.21936800000000076,
            "punknown": 0.0,
            "time": 90.64152240753174,
            "percY": 83886.08,
            "percN": 0.0,
            "percU": 83886.08,
            "percUNK": 0.0,
            "l": 0.7806320000000001,
            "u": 1.0,
            "flag": "INTEREST"
        },
        "a_14": {
            "yes": 1216,
            "no": 448,
            "undecided": 2432,
            "unknown": 0,
            "pyes": 0.008015983280542737,
            "pno": 0.7545175533151973,
            "pundecided": 0.23746646340426114,
            "punknown": 0.0,
            "time": 107.11999273300171,
            "percY": 49807.36,
            "percN": 18350.08,
            "percU": 99614.72,
            "percUNK": 0.0,
            "l": 0.008015983280542737,
            "u": 0.24548244668480268,
            "flag": "INTEREST"
        },
        "~a_15": {
            "yes": 448,
            "no": 576,
            "undecided": 3072,
            "unknown": 0,
            "pyes": 0.004016675039999997,
            "pno": 0.02538332496000003,
            "pundecided": 0.970599999999999,
            "punknown": 0.0,
            "time": 102.06816005706787,
            "percY": 18350.08,
            "percN": 23592.96,
            "percU": 125829.12,
            "percUNK": 0.0,
            "l": 0.004016675039999997,
            "u": 0.9746166750399999
        }
    },
    "data": {
        "n_samples": 4096,
        "time": 304.3000650405884,
        "repeated_worlds": 0,
        "repeated_progs": 0,
        "unique_progs": 4096
    }
}