{
    "status": {
        "d_53": {
            "yes": 2048,
            "no": 0,
            "undecided": 2048,
            "unknown": 0,
            "pyes": 0.9751299999999997,
            "pno": 0.0,
            "pundecided": 0.02487000000000007,
            "punknown": 0.0,
            "time": 44.727882385253906,
            "percY": 83886.08,
            "percN": 0.0,
            "percU": 83886.08,
            "percUNK": 0.0,
            "l": 0.9751299999999997,
            "u": 1.0,
            "flag": "INTEREST"
        },
        "~a_10": {
            "yes": 1024,
            "no": 0,
            "undecided": 3072,
            "unknown": 0,
            "pyes": 0.03458916842563997,
            "pno": 0.0,
            "pundecided": 0.9654108315743589,
            "punknown": 0.0,
            "time": 44.81174087524414,
            "percY": 41943.04,
            "percN": 0.0,
            "percU": 125829.12,
            "percUNK": 0.0,
            "l": 0.03458916842563997,
            "u": 1.0
        },
        "a_17": {
            "yes": 768,
            "no": 896,
            "undecided": 2432,
            "unknown": 0,
            "pyes": 0.0841755749829885,
            "pno": 0.02893417902499769,
            "pundecided": 0.8868902459920128,
            "punknown": 0.0,
            "time": 49.611178398132324,
            "percY": 31457.28,
            "percN": 36700.16,
            "percU": 99614.72,
            "percUNK": 0.0,
            "l": 0.0841755749829885,
            "u": 0.9710658209750023
        }
    },
    "data": {
        "n_samples": 4096,
        "time": 142.2042281627655,
        "repeated_worlds": 0,
        "repeated_progs": 2048,
        "unique_progs": 2048
    }
}