{
    "status": {
        "~a_5": {
            "yes": 2048,
            "no": 0,
            "undecided": 2048,
            "unknown": 0,
            "pyes": 0.11127999999999988,
            "pno": 0.0,
            "pundecided": 0.8887200000000014,
            "punknown": 0.0,
            "time": 88.15173721313477,
            "percY": 83886.08,
            "percN": 0.0,
            "percU": 83886.08,
            "percUNK": 0.0,
            "l": 0.11127999999999988,
            "u": 1.0
        },
        "a_13": {
            "yes": 2048,
            "no": 0,
            "undecided": 2048,
            "unknown": 0,
            "pyes": 0.029999999999999995,
            "pno": 0.0,
            "pundecided": 0.9700000000000003,
            "punknown": 0.0,
            "time": 88.31168222427368,
            "percY": 83886.08,
            "percN": 0.0,
            "percU": 83886.08,
            "percUNK": 0.0,
            "l": 0.029999999999999995,
            "u": 1.0
        },
        "~a_16": {
            "yes": 564,
            "no": 660,
            "undecided": 2872,
            "unknown": 0,
            "pyes": 0.009186602104026874,
            "pno": 0.09654285035104006,
            "pundecided": 0.8942705475449333,
            "punknown": 0.0,
            "time": 95.53914523124695,
            "percY": 23101.44,
            "percN": 27033.6,
            "percU": 117637.12,
            "percUNK": 0.0,
            "l": 0.009186602104026874,
            "u": 0.90345714964896
        }
    },
    "data": {
        "n_samples": 4096,
        "time": 276.26037311553955,
        "repeated_worlds": 0,
        "repeated_progs": 0,
        "unique_progs": 4096
    }
}