{
    "status": {
        "a_1": {
            "yes": 2048,
            "no": 0,
            "undecided": 0,
            "unknown": 2048,
            "pyes": 0.08600000000000002,
            "pno": 0.0,
            "pundecided": 0.0,
            "punknown": 0.9140000000000003,
            "time": 88.25983452796936,
            "percY": 83886.08,
            "percN": 0.0,
            "percU": 0.0,
            "percUNK": 83886.08,
            "l": 0.08600000000000002,
            "u": 1.0
        },
        "a_10": {
            "yes": 1024,
            "no": 0,
            "undecided": 3072,
            "unknown": 0,
            "pyes": 0.8725824000000001,
            "pno": 0.0,
            "pundecided": 0.12741759999999977,
            "punknown": 0.0,
            "time": 88.63029932975769,
            "percY": 41943.04,
            "percN": 0.0,
            "percU": 125829.12,
            "percUNK": 0.0,
            "l": 0.8725824000000001,
            "u": 1.0,
            "flag": "INTEREST"
        },
        "a_18": {
            "yes": 1120,
            "no": 592,
            "undecided": 2384,
            "unknown": 0,
            "pyes": 0.11459721440602999,
            "pno": 0.005902330336247596,
            "pundecided": 0.8795004552577236,
            "punknown": 0.0,
            "time": 91.87502598762512,
            "percY": 45875.2,
            "percN": 24248.32,
            "percU": 97648.64,
            "percUNK": 0.0,
            "l": 0.11459721440602999,
            "u": 0.9940976696637525
        }
    },
    "data": {
        "n_samples": 4096,
        "time": 273.01763677597046,
        "repeated_worlds": 0,
        "repeated_progs": 0,
        "unique_progs": 4096
    }
}