{
    "status": {
        "~d_37": {
            "yes": 2048,
            "no": 0,
            "undecided": 2048,
            "unknown": 0,
            "pyes": 0.8320959133759993,
            "pno": 0.0,
            "pundecided": 0.16790408662400041,
            "punknown": 0.0,
            "time": 51.38069200515747,
            "percY": 83886.08,
            "percN": 0.0,
            "percU": 83886.08,
            "percUNK": 0.0,
            "l": 0.8320959133759993,
            "u": 1.0,
            "flag": "INTEREST"
        },
        "~a_10": {
            "yes": 1024,
            "no": 0,
            "undecided": 3072,
            "unknown": 0,
            "pyes": 0.07291101999999999,
            "pno": 0.0,
            "pundecided": 0.9270889799999997,
            "punknown": 0.0,
            "time": 51.41281199455261,
            "percY": 41943.04,
            "percN": 0.0,
            "percU": 125829.12,
            "percUNK": 0.0,
            "l": 0.07291101999999999,
            "u": 1.0
        },
        "~a_16": {
            "yes": 0,
            "no": 0,
            "undecided": 4096,
            "unknown": 0,
            "pyes": 0.0,
            "pno": 0.0,
            "pundecided": 1.0000000000000002,
            "punknown": 0.0,
            "time": 51.43869137763977,
            "percY": 0.0,
            "percN": 0.0,
            "percU": 167772.16,
            "percUNK": 0.0,
            "l": 0.0,
            "u": 1.0
        }
    },
    "data": {
        "n_samples": 4096,
        "time": 157.84449815750122,
        "repeated_worlds": 0,
        "repeated_progs": 2048,
        "unique_progs": 2048
    }
}