{
    "status": {
        "d_46": {
            "yes": 2048,
            "no": 0,
            "undecided": 2048,
            "unknown": 0,
            "pyes": 0.8347124576000012,
            "pno": 0.0,
            "pundecided": 0.1652875424000002,
            "punknown": 0.0,
            "time": 89.39932918548584,
            "percY": 83886.08,
            "percN": 0.0,
            "percU": 83886.08,
            "percUNK": 0.0,
            "l": 0.8347124576000012,
            "u": 1.0,
            "flag": "INTEREST"
        },
        "a_13": {
            "yes": 1024,
            "no": 0,
            "undecided": 3072,
            "unknown": 0,
            "pyes": 0.09098100000000013,
            "pno": 0.0,
            "pundecided": 0.909019000000002,
            "punknown": 0.0,
            "time": 89.74826097488403,
            "percY": 41943.04,
            "percN": 0.0,
            "percU": 125829.12,
            "percUNK": 0.0,
            "l": 0.09098100000000013,
            "u": 1.0
        },
        "a_14": {
            "yes": 320,
            "no": 704,
            "undecided": 3072,
            "unknown": 0,
            "pyes": 0.007719209512388351,
            "pno": 0.08326179048761181,
            "pundecided": 0.909019000000002,
            "punknown": 0.0,
            "time": 98.15780472755432,
            "percY": 13107.2,
            "percN": 28835.84,
            "percU": 125829.12,
            "percUNK": 0.0,
            "l": 0.007719209512388351,
            "u": 0.9167382095123882
        }
    },
    "data": {
        "n_samples": 4096,
        "time": 281.6112916469574,
        "repeated_worlds": 0,
        "repeated_progs": 0,
        "unique_progs": 4096
    }
}