{
    "status": {
        "d_33": {
            "yes": 2048,
            "no": 0,
            "undecided": 2048,
            "unknown": 0,
            "pyes": 0.02000000000000001,
            "pno": 0.0,
            "pundecided": 0.979999999999999,
            "punknown": 0.0,
            "time": 89.60689401626587,
            "percY": 83886.08,
            "percN": 0.0,
            "percU": 83886.08,
            "percUNK": 0.0,
            "l": 0.02000000000000001,
            "u": 1.0
        },
        "a_15": {
            "yes": 912,
            "no": 112,
            "undecided": 3072,
            "unknown": 0,
            "pyes": 0.0014100557871291478,
            "pno": 0.00018994421287085443,
            "pundecided": 0.9983999999999985,
            "punknown": 0.0,
            "time": 99.52004289627075,
            "percY": 37355.52,
            "percN": 4587.52,
            "percU": 125829.12,
            "percUNK": 0.0,
            "l": 0.0014100557871291478,
            "u": 0.9998100557871291
        },
        "a_17": {
            "yes": 608,
            "no": 416,
            "undecided": 3072,
            "unknown": 0,
            "pyes": 0.001480283047361997,
            "pno": 0.00011971695263800324,
            "pundecided": 0.9983999999999985,
            "punknown": 0.0,
            "time": 97.88428831100464,
            "percY": 24903.68,
            "percN": 17039.36,
            "percU": 125829.12,
            "percUNK": 0.0,
            "l": 0.001480283047361997,
            "u": 0.999880283047362
        }
    },
    "data": {
        "n_samples": 4096,
        "time": 291.59046244621277,
        "repeated_worlds": 0,
        "repeated_progs": 0,
        "unique_progs": 4096
    }
}