{
    "status": {
        "a_7": {
            "yes": 2048,
            "no": 0,
            "undecided": 2048,
            "unknown": 0,
            "pyes": 0.048110280000000075,
            "pno": 0.0,
            "pundecided": 0.9518897199999993,
            "punknown": 0.0,
            "time": 95.15613126754761,
            "percY": 83886.08,
            "percN": 0.0,
            "percU": 83886.08,
            "percUNK": 0.0,
            "l": 0.048110280000000075,
            "u": 1.0
        },
        "a_15": {
            "yes": 352,
            "no": 128,
            "undecided": 3616,
            "unknown": 0,
            "pyes": 0.0004181146574759997,
            "pno": 1.3470878400000006e-07,
            "pundecided": 0.9995817506337392,
            "punknown": 0.0,
            "time": 104.83259344100952,
            "percY": 14417.92,
            "percN": 5242.88,
            "percU": 148111.36,
            "percUNK": 0.0,
            "l": 0.0004181146574759997,
            "u": 0.999999865291216
        },
        "~a_16": {
            "yes": 1216,
            "no": 832,
            "undecided": 2048,
            "unknown": 0,
            "pyes": 0.004358521931729924,
            "pno": 0.015641478068270098,
            "pundecided": 0.9800000000000015,
            "punknown": 0.0,
            "time": 100.51163291931152,
            "percY": 49807.36,
            "percN": 34078.72,
            "percU": 83886.08,
            "percUNK": 0.0,
            "l": 0.004358521931729924,
            "u": 0.9843585219317299
        }
    },
    "data": {
        "n_samples": 4096,
        "time": 305.1242587566376,
        "repeated_worlds": 0,
        "repeated_progs": 0,
        "unique_progs": 4096
    }
}