{
    "status": {
        "d_23": {
            "yes": 4096,
            "no": 0,
            "undecided": 0,
            "unknown": 0,
            "pyes": 1.0000000000000007,
            "pno": 0.0,
            "pundecided": 0.0,
            "punknown": 0.0,
            "time": 104.00624656677246,
            "percY": 167772.16,
            "percN": 0.0,
            "percU": 0.0,
            "percUNK": 0.0,
            "l": 1.0000000000000007,
            "u": 1.0,
            "flag": "INTEREST"
        },
        "a_17": {
            "yes": 1280,
            "no": 256,
            "undecided": 2560,
            "unknown": 0,
            "pyes": 0.06000206833599994,
            "pno": 0.009047866464000003,
            "pundecided": 0.9309500652000009,
            "punknown": 0.0,
            "time": 106.03701734542847,
            "percY": 52428.8,
            "percN": 10485.76,
            "percU": 104857.6,
            "percUNK": 0.0,
            "l": 0.06000206833599994,
            "u": 0.990952133536
        },
        "~a_14": {
            "yes": 528,
            "no": 496,
            "undecided": 3072,
            "unknown": 0,
            "pyes": 0.0038616787289123084,
            "pno": 0.05983832127108766,
            "pundecided": 0.9363000000000009,
            "punknown": 0.0,
            "time": 110.9942626953125,
            "percY": 21626.88,
            "percN": 20316.16,
            "percU": 125829.12,
            "percUNK": 0.0,
            "l": 0.0038616787289123084,
            "u": 0.9401616787289123
        }
    },
    "data": {
        "n_samples": 4096,
        "time": 325.9767882823944,
        "repeated_worlds": 0,
        "repeated_progs": 0,
        "unique_progs": 4096
    }
}