{
    "status": {
        "d_53": {
            "yes": 2048,
            "no": 0,
            "undecided": 2048,
            "unknown": 0,
            "pyes": 0.07000000000000008,
            "pno": 0.0,
            "pundecided": 0.9299999999999999,
            "punknown": 0.0,
            "time": 95.75934314727783,
            "percY": 83886.08,
            "percN": 0.0,
            "percU": 83886.08,
            "percUNK": 0.0,
            "l": 0.07000000000000008,
            "u": 1.0
        },
        "a_12": {
            "yes": 2048,
            "no": 0,
            "undecided": 2048,
            "unknown": 0,
            "pyes": 0.07000000000000008,
            "pno": 0.0,
            "pundecided": 0.9299999999999999,
            "punknown": 0.0,
            "time": 95.98114085197449,
            "percY": 83886.08,
            "percN": 0.0,
            "percU": 83886.08,
            "percUNK": 0.0,
            "l": 0.07000000000000008,
            "u": 1.0
        },
        "~a_15": {
            "yes": 0,
            "no": 1024,
            "undecided": 3072,
            "unknown": 0,
            "pyes": 0.0,
            "pno": 0.0015400000000000001,
            "pundecided": 0.9984600000000013,
            "punknown": 0.0,
            "time": 137.75011491775513,
            "percY": 0.0,
            "percN": 41943.04,
            "percU": 125829.12,
            "percUNK": 0.0,
            "l": 0.0,
            "u": 0.99846
        }
    },
    "data": {
        "n_samples": 4096,
        "time": 334.157612323761,
        "repeated_worlds": 0,
        "repeated_progs": 0,
        "unique_progs": 4096
    }
}