{
    "status": {
        "~d_46": {
            "yes": 65536,
            "no": 0,
            "undecided": 196608,
            "unknown": 0,
            "pyes": 0.11991048740894766,
            "pno": 0.0,
            "pundecided": 0.8800895125910493,
            "punknown": 0.0,
            "time": 3209.9870431423187,
            "percY": 171798691.84,
            "percN": 0.0,
            "percU": 515396075.52,
            "percUNK": 0.0,
            "l": 0.11991048740894766,
            "u": 1.0
        },
        "a_17": {
            "yes": 160896,
            "no": 25536,
            "undecided": 75712,
            "unknown": 0,
            "pyes": 0.1599214715062084,
            "pno": 0.009077555835386018,
            "pundecided": 0.8310009726584077,
            "punknown": 0.0,
            "time": 3620.822030067444,
            "percY": 421779210.24,
            "percN": 66941091.84,
            "percU": 198474465.28,
            "percUNK": 0.0,
            "l": 0.1599214715062084,
            "u": 0.990922444164614
        },
        "~a_15": {
            "yes": 49152,
            "no": 0,
            "undecided": 212992,
            "unknown": 0,
            "pyes": 0.03701107804799998,
            "pno": 0.0,
            "pundecided": 0.9629889219519918,
            "punknown": 0.0,
            "time": 4677.53272485733,
            "percY": 128849018.88,
            "percN": 0.0,
            "percU": 558345748.48,
            "percUNK": 0.0,
            "l": 0.03701107804799998,
            "u": 1.0
        }
    },
    "data": {
        "n_samples": 262144,
        "time": 11853.111587285995,
        "repeated_worlds": 0,
        "repeated_progs": 179048,
        "unique_progs": 83096
    }
}