{
    "status": {
        "d_62": {
            "yes": 262144,
            "no": 0,
            "undecided": 0,
            "unknown": 0,
            "pyes": 0.9999999999999393,
            "pno": 0.0,
            "pundecided": 0.0,
            "punknown": 0.0,
            "time": 3644.2906062602997,
            "percY": 687194767.36,
            "percN": 0.0,
            "percU": 0.0,
            "percUNK": 0.0,
            "l": 0.9999999999999393,
            "u": 1.0,
            "flag": "INTEREST"
        },
        "a_18": {
            "yes": 152576,
            "no": 49152,
            "undecided": 60416,
            "unknown": 0,
            "pyes": 0.18237894759436382,
            "pno": 0.8115661795953688,
            "pundecided": 0.00605487281025516,
            "punknown": 0.0,
            "time": 4133.584658622742,
            "percY": 399968829.44,
            "percN": 128849018.88,
            "percU": 158376919.04,
            "percUNK": 0.0,
            "l": 0.18237894759436382,
            "u": 0.1884338204046312,
            "flag": "INTEREST"
        },
        "~a_16": {
            "yes": 512,
            "no": 6144,
            "undecided": 255488,
            "unknown": 0,
            "pyes": 8.458913007955882e-05,
            "pno": 6.911159429431955e-05,
            "pundecided": 0.999846299275567,
            "punknown": 0.0,
            "time": 3794.6143531799316,
            "percY": 1342177.28,
            "percN": 16106127.36,
            "percU": 669746462.72,
            "percUNK": 0.0,
            "l": 8.458913007955882e-05,
            "u": 0.9999308884057057
        }
    },
    "data": {
        "n_samples": 262144,
        "time": 11890.604744195938,
        "repeated_worlds": 0,
        "repeated_progs": 128056,
        "unique_progs": 134088
    }
}