{
    "status": {
        "d_62": {
            "yes": 262144,
            "no": 0,
            "undecided": 0,
            "unknown": 0,
            "pyes": 0.9999999999999458,
            "pno": 0.0,
            "pundecided": 0.0,
            "punknown": 0.0,
            "time": 4032.6313388347626,
            "percY": 687194767.36,
            "percN": 0.0,
            "percU": 0.0,
            "percUNK": 0.0,
            "l": 0.9999999999999458,
            "u": 1.0,
            "flag": "INTEREST"
        },
        "a_15": {
            "yes": 200448,
            "no": 42112,
            "undecided": 19584,
            "unknown": 0,
            "pyes": 0.18768948906538085,
            "pno": 0.009590399427663574,
            "pundecided": 0.802720111506953,
            "punknown": 0.0,
            "time": 5166.997668266296,
            "percY": 525462405.12,
            "percN": 110394081.28,
            "percU": 51338280.96,
            "percUNK": 0.0,
            "l": 0.18768948906538085,
            "u": 0.9904096005723364
        },
        "a_18": {
            "yes": 249856,
            "no": 6912,
            "undecided": 5376,
            "unknown": 0,
            "pyes": 0.27772602012239256,
            "pno": 0.6905234894996858,
            "pundecided": 0.03175049037790073,
            "punknown": 0.0,
            "time": 5532.740781545639,
            "percY": 654982512.64,
            "percN": 18119393.28,
            "percU": 14092861.44,
            "percUNK": 0.0,
            "l": 0.27772602012239256,
            "u": 0.3094765105003142,
            "flag": "INTEREST"
        }
    },
    "data": {
        "n_samples": 262144,
        "time": 15047.379960775375,
        "repeated_worlds": 0,
        "repeated_progs": 105156,
        "unique_progs": 156988
    }
}