{
    "status": {
        "d_46": {
            "yes": 65536,
            "no": 0,
            "undecided": 196608,
            "unknown": 0,
            "pyes": 0.20536866688318742,
            "pno": 0.0,
            "pundecided": 0.7946313331168008,
            "punknown": 0.0,
            "time": 4990.616672039032,
            "percY": 171798691.84,
            "percN": 0.0,
            "percU": 515396075.52,
            "percUNK": 0.0,
            "l": 0.20536866688318742,
            "u": 1.0
        },
        "a_19": {
            "yes": 49984,
            "no": 50304,
            "undecided": 161856,
            "unknown": 0,
            "pyes": 0.027810524082407702,
            "pno": 0.09477893335754044,
            "pundecided": 0.8774105425600528,
            "punknown": 0.0,
            "time": 5505.486550569534,
            "percY": 131030056.96,
            "percN": 131868917.76,
            "percU": 424295792.64,
            "percUNK": 0.0,
            "l": 0.027810524082407702,
            "u": 0.9052210666424596
        },
        "a_15": {
            "yes": 14592,
            "no": 33024,
            "undecided": 214528,
            "unknown": 0,
            "pyes": 0.0027431011372279425,
            "pno": 0.02608197646686228,
            "pundecided": 0.9711749223958979,
            "punknown": 0.0,
            "time": 5196.616778373718,
            "percY": 38252052.48,
            "percN": 86570434.56,
            "percU": 562372280.32,
            "percUNK": 0.0,
            "l": 0.0027431011372279425,
            "u": 0.9739180235331377
        }
    },
    "data": {
        "n_samples": 262144,
        "time": 16035.33382344246,
        "repeated_worlds": 0,
        "repeated_progs": 73860,
        "unique_progs": 188284
    }
}