{
    "status": {
        "a_5": {
            "yes": 262144,
            "no": 0,
            "undecided": 0,
            "unknown": 0,
            "pyes": 0.9999999999999147,
            "pno": 0.0,
            "pundecided": 0.0,
            "punknown": 0.0,
            "time": 2588.332510471344,
            "percY": 687194767.36,
            "percN": 0.0,
            "percU": 0.0,
            "percUNK": 0.0,
            "l": 0.9999999999999147,
            "u": 1.0,
            "flag": "INTEREST"
        },
        "a_10": {
            "yes": 4096,
            "no": 0,
            "undecided": 258048,
            "unknown": 0,
            "pyes": 1.6374492527469346e-05,
            "pno": 0.0,
            "pundecided": 0.9999836255073886,
            "punknown": 0.0,
            "time": 2576.9043340682983,
            "percY": 10737418.24,
            "percN": 0.0,
            "percU": 676457349.12,
            "percUNK": 0.0,
            "l": 1.6374492527469346e-05,
            "u": 1.0
        },
        "~a_15": {
            "yes": 9216,
            "no": 54272,
            "undecided": 198656,
            "unknown": 0,
            "pyes": 0.0001912866143210828,
            "pno": 0.021680102442529384,
            "pundecided": 0.9781286109430942,
            "punknown": 0.0,
            "time": 2831.5816037654877,
            "percY": 24159191.04,
            "percN": 142270791.68,
            "percU": 520764784.64,
            "percUNK": 0.0,
            "l": 0.0001912866143210828,
            "u": 0.9783198975574706
        }
    },
    "data": {
        "n_samples": 262144,
        "time": 8283.753332614899,
        "repeated_worlds": 0,
        "repeated_progs": 174112,
        "unique_progs": 88032
    }
}