{
    "status": {
        "a_2": {
            "yes": 262144,
            "no": 0,
            "undecided": 0,
            "unknown": 0,
            "pyes": 0.9999999999998129,
            "pno": 0.0,
            "pundecided": 0.0,
            "punknown": 0.0,
            "time": 3358.547415971756,
            "percY": 687194767.36,
            "percN": 0.0,
            "percU": 0.0,
            "percUNK": 0.0,
            "l": 0.9999999999998129,
            "u": 1.0,
            "flag": "INTEREST"
        },
        "a_10": {
            "yes": 16384,
            "no": 0,
            "undecided": 245760,
            "unknown": 0,
            "pyes": 0.0022688853969600182,
            "pno": 0.0,
            "pundecided": 0.9977311146028633,
            "punknown": 0.0,
            "time": 3419.27681016922,
            "percY": 42949672.96,
            "percN": 0.0,
            "percU": 644245094.4,
            "percUNK": 0.0,
            "l": 0.0022688853969600182,
            "u": 1.0
        },
        "~a_17": {
            "yes": 199040,
            "no": 34432,
            "undecided": 28672,
            "unknown": 0,
            "pyes": 0.9541189674401167,
            "pno": 0.027929742037340867,
            "pundecided": 0.017951290522389723,
            "punknown": 0.0,
            "time": 3613.0972542762756,
            "percY": 521771417.6,
            "percN": 90261422.08,
            "percU": 75161927.68,
            "percUNK": 0.0,
            "l": 0.9541189674401167,
            "u": 0.9720702579626591,
            "flag": "INTEREST"
        }
    },
    "data": {
        "n_samples": 262144,
        "time": 10691.291808128357,
        "repeated_worlds": 0,
        "repeated_progs": 127576,
        "unique_progs": 134568
    }
}