{
    "status": {
        "~d_66": {
            "yes": 262144,
            "no": 0,
            "undecided": 0,
            "unknown": 0,
            "pyes": 0.9999999999999449,
            "pno": 0.0,
            "pundecided": 0.0,
            "punknown": 0.0,
            "time": 4383.746808767319,
            "percY": 687194767.36,
            "percN": 0.0,
            "percU": 0.0,
            "percUNK": 0.0,
            "l": 0.9999999999999449,
            "u": 1.0,
            "flag": "INTEREST"
        },
        "~a_23": {
            "yes": 162816,
            "no": 0,
            "undecided": 99328,
            "unknown": 0,
            "pyes": 0.9487001669973032,
            "pno": 0.0,
            "pundecided": 0.05129983300265247,
            "punknown": 0.0,
            "time": 5580.068269491196,
            "percY": 426812375.04,
            "percN": 0.0,
            "percU": 260382392.32,
            "percUNK": 0.0,
            "l": 0.9487001669973032,
            "u": 1.0,
            "flag": "INTEREST"
        },
        "~a_16": {
            "yes": 8192,
            "no": 93184,
            "undecided": 160768,
            "unknown": 0,
            "pyes": 0.0013332946868706602,
            "pno": 0.7869470918641462,
            "pundecided": 0.21171961344895293,
            "punknown": 0.0,
            "time": 6854.262279748917,
            "percY": 21474836.48,
            "percN": 244276264.96,
            "percU": 421443665.92,
            "percUNK": 0.0,
            "l": 0.0013332946868706602,
            "u": 0.21305290813585376,
            "flag": "INTEREST"
        }
    },
    "data": {
        "n_samples": 262144,
        "time": 17146.094691753387,
        "repeated_worlds": 0,
        "repeated_progs": 94368,
        "unique_progs": 167776
    }
}