{
    "status": {
        "d_23": {
            "yes": 65536,
            "no": 0,
            "undecided": 196608,
            "unknown": 0,
            "pyes": 0.07292519999999743,
            "pno": 0.0,
            "pundecided": 0.9270747999999808,
            "punknown": 0.0,
            "time": 4089.6216430664062,
            "percY": 171798691.84,
            "percN": 0.0,
            "percU": 515396075.52,
            "percUNK": 0.0,
            "l": 0.07292519999999743,
            "u": 1.0
        },
        "~a_18": {
            "yes": 49152,
            "no": 14336,
            "undecided": 198656,
            "unknown": 0,
            "pyes": 0.7216723409167951,
            "pno": 0.00016158017124024524,
            "pundecided": 0.2781660789119479,
            "punknown": 0.0,
            "time": 4365.658618211746,
            "percY": 128849018.88,
            "percN": 37580963.84,
            "percU": 520764784.64,
            "percUNK": 0.0,
            "l": 0.7216723409167951,
            "u": 0.9998384198287598,
            "flag": "INTEREST"
        },
        "a_16": {
            "yes": 148696,
            "no": 49584,
            "undecided": 63864,
            "unknown": 0,
            "pyes": 0.3327690733363451,
            "pno": 0.03249914641350786,
            "pundecided": 0.6347317802501226,
            "punknown": 0.0,
            "time": 4339.580207586288,
            "percY": 389797642.24,
            "percN": 129981480.96,
            "percU": 167415644.16,
            "percUNK": 0.0,
            "l": 0.3327690733363451,
            "u": 0.9675008535864922
        }
    },
    "data": {
        "n_samples": 262144,
        "time": 13107.687523841858,
        "repeated_worlds": 0,
        "repeated_progs": 101804,
        "unique_progs": 160340
    }
}