{
    "status": {
        "~a_6": {
            "yes": 262144,
            "no": 0,
            "undecided": 0,
            "unknown": 0,
            "pyes": 0.9999999999998552,
            "pno": 0.0,
            "pundecided": 0.0,
            "punknown": 0.0,
            "time": 6754.2364292144775,
            "percY": 687194767.36,
            "percN": 0.0,
            "percU": 0.0,
            "percUNK": 0.0,
            "l": 0.9999999999998552,
            "u": 1.0,
            "flag": "INTEREST"
        },
        "a_17": {
            "yes": 49152,
            "no": 0,
            "undecided": 212992,
            "unknown": 0,
            "pyes": 0.002071935030470914,
            "pno": 0.0,
            "pundecided": 0.9979280649694108,
            "punknown": 0.0,
            "time": 6857.243951320648,
            "percY": 128849018.88,
            "percN": 0.0,
            "percU": 558345748.48,
            "percUNK": 0.0,
            "l": 0.002071935030470914,
            "u": 1.0
        },
        "a_15": {
            "yes": 88064,
            "no": 0,
            "undecided": 174080,
            "unknown": 0,
            "pyes": 0.00651305408557742,
            "pno": 0.0,
            "pundecided": 0.9934869459143209,
            "punknown": 0.0,
            "time": 7867.476145505905,
            "percY": 230854492.16,
            "percN": 0.0,
            "percU": 456340275.2,
            "percUNK": 0.0,
            "l": 0.00651305408557742,
            "u": 1.0
        }
    },
    "data": {
        "n_samples": 262144,
        "time": 21909.229437351227,
        "repeated_worlds": 0,
        "repeated_progs": 89260,
        "unique_progs": 172884
    }
}