{
    "time_mean": 16745.00149038986,
    "time_sd": 7751.736326422992,
    "unique_programs_mean": 133975.0,
    "unique_programs_sd": 47983.9374389821,
    "tcm": 0.06387711139827675,
    "te": 4.651389302886072
}