{
    "status": {
        "d_62": {
            "yes": 3,
            "no": 0,
            "undecided": 37,
            "unknown": 0,
            "pyes": 0.037931605903857336,
            "pno": 0.0,
            "pundecided": 0.8967737835296532,
            "punknown": 0.0,
            "time": 1.2601006031036377,
            "percY": 12.27,
            "percN": 0.0,
            "percU": 151.33,
            "percUNK": 0.0,
            "l": 0.037931605903857336,
            "u": 1.0
        },
        "a_19": {
            "yes": 1,
            "no": 1,
            "undecided": 38,
            "unknown": 0,
            "pyes": 0.000116808163472697,
            "pno": 0.03774981517691425,
            "pundecided": 0.8968387660931236,
            "punknown": 0.0,
            "time": 1.2367568016052246,
            "percY": 4.09,
            "percN": 4.09,
            "percU": 155.42,
            "percUNK": 0.0,
            "l": 0.000116808163472697,
            "u": 0.9622501848230858
        },
        "a_17": {
            "yes": 7,
            "no": 0,
            "undecided": 33,
            "unknown": 0,
            "pyes": 0.0959341212478157,
            "pno": 0.0,
            "pundecided": 0.8387712681856949,
            "punknown": 0.0,
            "time": 1.2631256580352783,
            "percY": 28.63,
            "percN": 0.0,
            "percU": 134.97,
            "percUNK": 0.0,
            "l": 0.0959341212478157,
            "u": 1.0
        }
    },
    "data": {
        "n_samples": 409,
        "time": 3.8233654499053955,
        "repeated_worlds": 369,
        "repeated_progs": 372,
        "unique_progs": 37
    }
}