{
    "status": {
        "d_48": {
            "yes": 16,
            "no": 0,
            "undecided": 34,
            "unknown": 0,
            "pyes": 0.08337833228623245,
            "pno": 0.0,
            "pundecided": 0.8468390363672353,
            "punknown": 0.0,
            "time": 1.670949935913086,
            "percY": 65.44,
            "percN": 0.0,
            "percU": 139.06,
            "percUNK": 0.0,
            "l": 0.08337833228623245,
            "u": 1.0
        },
        "~a_16": {
            "yes": 2,
            "no": 2,
            "undecided": 46,
            "unknown": 0,
            "pyes": 0.0045156507974454235,
            "pno": 0.003194933047697664,
            "pundecided": 0.9225067848083246,
            "punknown": 0.0,
            "time": 1.7328486442565918,
            "percY": 8.18,
            "percN": 8.18,
            "percU": 188.14,
            "percUNK": 0.0,
            "l": 0.0045156507974454235,
            "u": 0.9968050669523023
        },
        "a_17": {
            "yes": 6,
            "no": 3,
            "undecided": 41,
            "unknown": 0,
            "pyes": 0.01133815065793228,
            "pno": 0.052696529830682556,
            "pundecided": 0.8661826881648529,
            "punknown": 0.0,
            "time": 1.6905944347381592,
            "percY": 24.54,
            "percN": 12.27,
            "percU": 167.69,
            "percUNK": 0.0,
            "l": 0.01133815065793228,
            "u": 0.9473034701693175
        }
    },
    "data": {
        "n_samples": 409,
        "time": 5.182706117630005,
        "repeated_worlds": 359,
        "repeated_progs": 359,
        "unique_progs": 50
    }
}