{
    "status": {
        "d_34": {
            "yes": 14,
            "no": 0,
            "undecided": 22,
            "unknown": 0,
            "pyes": 0.1208656593278821,
            "pno": 0.0,
            "pundecided": 0.8318342076550644,
            "punknown": 0.0,
            "time": 0.9839925765991211,
            "percY": 57.26,
            "percN": 0.0,
            "percU": 89.98,
            "percUNK": 0.0,
            "l": 0.1208656593278821,
            "u": 1.0
        },
        "~a_10": {
            "yes": 0,
            "no": 0,
            "undecided": 36,
            "unknown": 0,
            "pyes": 0.0,
            "pno": 0.0,
            "pundecided": 0.9526998669829465,
            "punknown": 0.0,
            "time": 0.9935965538024902,
            "percY": 0.0,
            "percN": 0.0,
            "percU": 147.24,
            "percUNK": 0.0,
            "l": 0.0,
            "u": 1.0
        },
        "a_15": {
            "yes": 0,
            "no": 0,
            "undecided": 36,
            "unknown": 0,
            "pyes": 0.0,
            "pno": 0.0,
            "pundecided": 0.9526998669829465,
            "punknown": 0.0,
            "time": 0.9719765186309814,
            "percY": 0.0,
            "percN": 0.0,
            "percU": 147.24,
            "percUNK": 0.0,
            "l": 0.0,
            "u": 1.0
        }
    },
    "data": {
        "n_samples": 409,
        "time": 3.004711866378784,
        "repeated_worlds": 373,
        "repeated_progs": 379,
        "unique_progs": 30
    }
}