{
    "status": {
        "a_20": {
            "yes": 4,
            "no": 0,
            "undecided": 29,
            "unknown": 0,
            "pyes": 0.022342954979727,
            "pno": 0.0,
            "pundecided": 0.94431489172339,
            "punknown": 0.0,
            "time": 1.1498456001281738,
            "percY": 16.36,
            "percN": 0.0,
            "percU": 118.61,
            "percUNK": 0.0,
            "l": 0.022342954979727,
            "u": 1.0
        },
        "a_13": {
            "yes": 17,
            "no": 0,
            "undecided": 16,
            "unknown": 0,
            "pyes": 0.16275417619743351,
            "pno": 0.0,
            "pundecided": 0.8039036705056836,
            "punknown": 0.0,
            "time": 1.147958517074585,
            "percY": 69.53,
            "percN": 0.0,
            "percU": 65.44,
            "percUNK": 0.0,
            "l": 0.16275417619743351,
            "u": 1.0
        },
        "a_17": {
            "yes": 2,
            "no": 1,
            "undecided": 30,
            "unknown": 0,
            "pyes": 0.005486612189335238,
            "pno": 2.231614980000001e-05,
            "pundecided": 0.9611489183639818,
            "punknown": 0.0,
            "time": 1.153914213180542,
            "percY": 8.18,
            "percN": 4.09,
            "percU": 122.7,
            "percUNK": 0.0,
            "l": 0.005486612189335238,
            "u": 0.9999776838502
        }
    },
    "data": {
        "n_samples": 409,
        "time": 3.507521152496338,
        "repeated_worlds": 376,
        "repeated_progs": 376,
        "unique_progs": 33
    }
}