{
    "status": {
        "~d_38": {
            "yes": 35,
            "no": 0,
            "undecided": 20,
            "unknown": 0,
            "pyes": 0.8550934304150118,
            "pno": 0.0,
            "pundecided": 0.07742023942533935,
            "punknown": 0.0,
            "time": 1.8924932479858398,
            "percY": 143.15,
            "percN": 0.0,
            "percU": 81.8,
            "percUNK": 0.0,
            "l": 0.8550934304150118,
            "u": 1.0,
            "flag": "INTEREST"
        },
        "a_18": {
            "yes": 8,
            "no": 25,
            "undecided": 22,
            "unknown": 0,
            "pyes": 0.059401804421841696,
            "pno": 0.7573985066563296,
            "pundecided": 0.11571335876217992,
            "punknown": 0.0,
            "time": 1.9459576606750488,
            "percY": 32.72,
            "percN": 102.25,
            "percU": 89.98,
            "percUNK": 0.0,
            "l": 0.059401804421841696,
            "u": 0.24260149334367043,
            "flag": "INTEREST"
        },
        "~a_15": {
            "yes": 0,
            "no": 3,
            "undecided": 52,
            "unknown": 0,
            "pyes": 0.0,
            "pno": 0.0008922653091537219,
            "pundecided": 0.9316214045311976,
            "punknown": 0.0,
            "time": 1.9694035053253174,
            "percY": 0.0,
            "percN": 12.27,
            "percU": 212.68,
            "percUNK": 0.0,
            "l": 0.0,
            "u": 0.9991077346908462
        }
    },
    "data": {
        "n_samples": 409,
        "time": 5.896452903747559,
        "repeated_worlds": 354,
        "repeated_progs": 354,
        "unique_progs": 55
    }
}