{
    "status": {
        "d_30": {
            "yes": 249,
            "no": 0,
            "undecided": 138,
            "unknown": 8,
            "pyes": 0.01983027244409921,
            "pno": 0.0,
            "pundecided": 0.06096069378163024,
            "punknown": 0.0,
            "time": 9.63085651397705,
            "percY": 1018.41,
            "percN": 0.0,
            "percU": 564.42,
            "percUNK": 32.72,
            "l": 0.01983027244409921,
            "u": 1.0
        },
        "a_17": {
            "yes": 63,
            "no": 71,
            "undecided": 261,
            "unknown": 0,
            "pyes": 5.0414380729336604e-06,
            "pno": 0.0005919349882285715,
            "pundecided": 0.08019398979942796,
            "punknown": 0.0,
            "time": 9.750629663467407,
            "percY": 257.67,
            "percN": 290.39,
            "percU": 1067.49,
            "percUNK": 0.0,
            "l": 5.0414380729336604e-06,
            "u": 0.9994080650117714
        },
        "~a_18": {
            "yes": 29,
            "no": 0,
            "undecided": 366,
            "unknown": 0,
            "pyes": 1.0454205597065505e-06,
            "pno": 0.0,
            "pundecided": 0.08078992080516968,
            "punknown": 0.0,
            "time": 10.413667678833008,
            "percY": 118.61,
            "percN": 0.0,
            "percU": 1496.94,
            "percUNK": 0.0,
            "l": 1.0454205597065505e-06,
            "u": 1.0
        }
    },
    "data": {
        "n_samples": 409,
        "time": 30.94325351715088,
        "repeated_worlds": 14,
        "repeated_progs": 14,
        "unique_progs": 395
    }
}