{
    "status": {
        "d_22": {
            "yes": 230,
            "no": 0,
            "undecided": 20,
            "unknown": 145,
            "pyes": 0.07260822294501403,
            "pno": 0.0,
            "pundecided": 1.010517006410957e-06,
            "punknown": 0.02923264974828903,
            "time": 9.602707624435425,
            "percY": 940.7,
            "percN": 0.0,
            "percU": 81.8,
            "percUNK": 593.05,
            "l": 0.07260822294501403,
            "u": 1.0
        },
        "~a_15": {
            "yes": 37,
            "no": 114,
            "undecided": 240,
            "unknown": 4,
            "pyes": 1.85827139015792e-05,
            "pno": 0.028544706401275974,
            "pundecided": 0.0732785575910869,
            "punknown": 3.650404506623999e-08,
            "time": 9.850748538970947,
            "percY": 151.33,
            "percN": 466.26,
            "percU": 981.6,
            "percUNK": 16.36,
            "l": 1.85827139015792e-05,
            "u": 0.9714552935987241
        },
        "a_18": {
            "yes": 22,
            "no": 63,
            "undecided": 305,
            "unknown": 5,
            "pyes": 0.00011206107627419022,
            "pno": 0.01985937242549187,
            "pundecided": 0.08187044348778767,
            "punknown": 6.220755763200001e-09,
            "time": 9.76936650276184,
            "percY": 89.98,
            "percN": 257.67,
            "percU": 1247.45,
            "percUNK": 20.45,
            "l": 0.00011206107627419022,
            "u": 0.9801406275745081
        }
    },
    "data": {
        "n_samples": 409,
        "time": 30.16753077507019,
        "repeated_worlds": 14,
        "repeated_progs": 14,
        "unique_progs": 395
    }
}