{
    "status": {
        "d_21": {
            "yes": 231,
            "no": 0,
            "undecided": 141,
            "unknown": 16,
            "pyes": 0.008965821988145113,
            "pno": 0.0,
            "pundecided": 0.03432977096323654,
            "punknown": 0.0,
            "time": 9.43198299407959,
            "percY": 944.79,
            "percN": 0.0,
            "percU": 576.69,
            "percUNK": 65.44,
            "l": 0.008965821988145113,
            "u": 1.0
        },
        "~a_16": {
            "yes": 57,
            "no": 0,
            "undecided": 0,
            "unknown": 331,
            "pyes": 0.000260927976299474,
            "pno": 0.0,
            "pundecided": 0.0,
            "punknown": 0.043034664975082196,
            "time": 9.427328824996948,
            "percY": 233.13,
            "percN": 0.0,
            "percU": 0.0,
            "percUNK": 1353.79,
            "l": 0.000260927976299474,
            "u": 1.0
        },
        "a_15": {
            "yes": 252,
            "no": 12,
            "undecided": 123,
            "unknown": 1,
            "pyes": 0.005750128204799953,
            "pno": 0.00021861519547518443,
            "pundecided": 0.03732684955110652,
            "punknown": 0.0,
            "time": 9.69478964805603,
            "percY": 1030.68,
            "percN": 49.08,
            "percU": 503.07,
            "percUNK": 4.09,
            "l": 0.005750128204799953,
            "u": 0.9997813848045248
        }
    },
    "data": {
        "n_samples": 409,
        "time": 29.568352937698364,
        "repeated_worlds": 21,
        "repeated_progs": 21,
        "unique_progs": 388
    }
}