{
    "status": {
        "~d_39": {
            "yes": 327,
            "no": 0,
            "undecided": 53,
            "unknown": 6,
            "pyes": 0.0526313295927747,
            "pno": 0.0,
            "pundecided": 1.1873279948895864e-06,
            "punknown": 1.230987618e-10,
            "time": 9.284441709518433,
            "percY": 1337.43,
            "percN": 0.0,
            "percU": 216.77,
            "percUNK": 24.54,
            "l": 0.0526313295927747,
            "u": 1.0
        },
        "a_11": {
            "yes": 125,
            "no": 0,
            "undecided": 130,
            "unknown": 131,
            "pyes": 0.050564550990832534,
            "pno": 0.0,
            "pundecided": 0.0004495875172092598,
            "punknown": 0.001618378535826566,
            "time": 9.269577503204346,
            "percY": 511.25,
            "percN": 0.0,
            "percU": 531.7,
            "percUNK": 535.79,
            "l": 0.050564550990832534,
            "u": 1.0
        },
        "a_17": {
            "yes": 53,
            "no": 115,
            "undecided": 218,
            "unknown": 0,
            "pyes": 0.04962211527597407,
            "pno": 0.0018328831600439724,
            "pundecided": 0.0011775186078502964,
            "punknown": 0.0,
            "time": 9.516479253768921,
            "percY": 216.77,
            "percN": 470.35,
            "percU": 891.62,
            "percUNK": 0.0,
            "l": 0.04962211527597407,
            "u": 0.9981671168399561
        }
    },
    "data": {
        "n_samples": 409,
        "time": 28.990588903427124,
        "repeated_worlds": 23,
        "repeated_progs": 23,
        "unique_progs": 386
    }
}