{
    "status": {
        "~d_69": {
            "yes": 47,
            "no": 0,
            "undecided": 206,
            "unknown": 133,
            "pyes": 0.006511738570166125,
            "pno": 0.0,
            "pundecided": 0.006612016897127806,
            "punknown": 0.0010980592868238559,
            "time": 9.327152729034424,
            "percY": 192.23,
            "percN": 0.0,
            "percU": 842.54,
            "percUNK": 543.97,
            "l": 0.006511738570166125,
            "u": 1.0
        },
        "a_15": {
            "yes": 81,
            "no": 43,
            "undecided": 262,
            "unknown": 0,
            "pyes": 0.009000536128463372,
            "pno": 7.643288761438024e-06,
            "pundecided": 0.005213635336892974,
            "punknown": 0.0,
            "time": 10.454356670379639,
            "percY": 331.29,
            "percN": 175.87,
            "percU": 1071.58,
            "percUNK": 0.0,
            "l": 0.009000536128463372,
            "u": 0.9999923567112385
        },
        "~a_20": {
            "yes": 62,
            "no": 108,
            "undecided": 215,
            "unknown": 1,
            "pyes": 0.006675770285594913,
            "pno": 0.006854358262604369,
            "pundecided": 0.0006916862004957171,
            "punknown": 5.422785822720002e-12,
            "time": 10.137017011642456,
            "percY": 253.58,
            "percN": 441.72,
            "percU": 879.35,
            "percUNK": 4.09,
            "l": 0.006675770285594913,
            "u": 0.9931456417373956
        }
    },
    "data": {
        "n_samples": 409,
        "time": 30.888328790664673,
        "repeated_worlds": 23,
        "repeated_progs": 23,
        "unique_progs": 386
    }
}