{
    "status": {
        "d_47": {
            "yes": 226,
            "no": 0,
            "undecided": 143,
            "unknown": 21,
            "pyes": 0.5051499893794911,
            "pno": 0.0,
            "pundecided": 0.0007878367142588013,
            "punknown": 3.909592157835308e-06,
            "time": 8.99827766418457,
            "percY": 924.34,
            "percN": 0.0,
            "percU": 584.87,
            "percUNK": 85.89,
            "l": 0.5051499893794911,
            "u": 1.0,
            "flag": "INTEREST"
        },
        "a_13": {
            "yes": 26,
            "no": 0,
            "undecided": 362,
            "unknown": 2,
            "pyes": 0.0026881088838773587,
            "pno": 0.0,
            "pundecided": 0.5032536179835749,
            "punknown": 8.818455626095103e-09,
            "time": 9.084993124008179,
            "percY": 106.34,
            "percN": 0.0,
            "percU": 1480.58,
            "percUNK": 8.18,
            "l": 0.0026881088838773587,
            "u": 1.0
        },
        "a_15": {
            "yes": 98,
            "no": 10,
            "undecided": 282,
            "unknown": 0,
            "pyes": 0.003240532263043679,
            "pno": 4.318175560438392e-05,
            "pundecided": 0.5026580216672597,
            "punknown": 0.0,
            "time": 9.442647218704224,
            "percY": 400.82,
            "percN": 40.9,
            "percU": 1153.38,
            "percUNK": 0.0,
            "l": 0.003240532263043679,
            "u": 0.9999568182443956
        }
    },
    "data": {
        "n_samples": 409,
        "time": 28.292627811431885,
        "repeated_worlds": 19,
        "repeated_progs": 19,
        "unique_progs": 390
    }
}