{
    "status": {
        "d_41": {
            "yes": 343,
            "no": 0,
            "undecided": 47,
            "unknown": 3,
            "pyes": 0.05629161294025783,
            "pno": 0.0,
            "pundecided": 0.00015346000918485856,
            "punknown": 3.165326102759184e-07,
            "time": 9.009875297546387,
            "percY": 1402.87,
            "percN": 0.0,
            "percU": 192.23,
            "percUNK": 12.27,
            "l": 0.05629161294025783,
            "u": 1.0
        },
        "a_16": {
            "yes": 27,
            "no": 3,
            "undecided": 363,
            "unknown": 0,
            "pyes": 8.398284636937404e-05,
            "pno": 9.276168407066035e-06,
            "pundecided": 0.05635213046727652,
            "punknown": 0.0,
            "time": 9.286357402801514,
            "percY": 110.43,
            "percN": 12.27,
            "percU": 1484.67,
            "percUNK": 0.0,
            "l": 8.398284636937404e-05,
            "u": 0.9999907238315929
        },
        "~a_16": {
            "yes": 3,
            "no": 27,
            "undecided": 363,
            "unknown": 0,
            "pyes": 9.276168407066035e-06,
            "pno": 8.398284636937404e-05,
            "pundecided": 0.05635213046727652,
            "punknown": 0.0,
            "time": 9.255743503570557,
            "percY": 12.27,
            "percN": 110.43,
            "percU": 1484.67,
            "percUNK": 0.0,
            "l": 9.276168407066035e-06,
            "u": 0.9999160171536307
        }
    },
    "data": {
        "n_samples": 409,
        "time": 28.475324392318726,
        "repeated_worlds": 16,
        "repeated_progs": 16,
        "unique_progs": 393
    }
}