{
    "status": {
        "~d_39": {
            "yes": 349,
            "no": 0,
            "undecided": 32,
            "unknown": 16,
            "pyes": 0.6269401311674723,
            "pno": 0.0,
            "pundecided": 7.532238042032401e-08,
            "punknown": 1.7141297639914802e-07,
            "time": 9.19474482536316,
            "percY": 1427.41,
            "percN": 0.0,
            "percU": 130.88,
            "percUNK": 65.44,
            "l": 0.6269401311674723,
            "u": 1.0,
            "flag": "INTEREST"
        },
        "~a_17": {
            "yes": 69,
            "no": 90,
            "undecided": 238,
            "unknown": 0,
            "pyes": 0.6223283155739592,
            "pno": 0.00025319285782698437,
            "pundecided": 0.004358869471043239,
            "punknown": 0.0,
            "time": 9.87457537651062,
            "percY": 282.21,
            "percN": 368.1,
            "percU": 973.42,
            "percUNK": 0.0,
            "l": 0.6223283155739592,
            "u": 0.999746807142173,
            "flag": "INTEREST"
        },
        "a_18": {
            "yes": 6,
            "no": 17,
            "undecided": 374,
            "unknown": 0,
            "pyes": 0.017898655450468447,
            "pno": 0.001041160967194536,
            "pundecided": 0.6080005614851661,
            "punknown": 0.0,
            "time": 11.47968339920044,
            "percY": 24.54,
            "percN": 69.53,
            "percU": 1529.66,
            "percUNK": 0.0,
            "l": 0.017898655450468447,
            "u": 0.9989588390328055
        }
    },
    "data": {
        "n_samples": 409,
        "time": 31.42364192008972,
        "repeated_worlds": 12,
        "repeated_progs": 12,
        "unique_progs": 397
    }
}