{
    "status": {
        "~d_76": {
            "yes": 246,
            "no": 0,
            "undecided": 21,
            "unknown": 128,
            "pyes": 0.0060760069506727715,
            "pno": 0.0,
            "pundecided": 0.0027584342210580344,
            "punknown": 0.005911835254588079,
            "time": 10.211612462997437,
            "percY": 1006.14,
            "percN": 0.0,
            "percU": 85.89,
            "percUNK": 523.52,
            "l": 0.0060760069506727715,
            "u": 1.0
        },
        "~a_17": {
            "yes": 76,
            "no": 39,
            "undecided": 274,
            "unknown": 6,
            "pyes": 0.0014084126868082229,
            "pno": 0.0001151574120329122,
            "pundecided": 0.013222640747265365,
            "punknown": 6.558021238586227e-08,
            "time": 10.607301235198975,
            "percY": 310.84,
            "percN": 159.51,
            "percU": 1120.66,
            "percUNK": 24.54,
            "l": 0.0014084126868082229,
            "u": 0.9998848425879671
        }
    },
    "data": {
        "n_samples": 409,
        "time": 22.002988815307617,
        "repeated_worlds": 14,
        "repeated_progs": 14,
        "unique_progs": 395
    }
}