{
    "status": {
        "~d_55": {
            "yes": 354,
            "no": 0,
            "undecided": 28,
            "unknown": 4,
            "pyes": 0.01133695867800629,
            "pno": 0.0,
            "pundecided": 0.0006092897829372288,
            "punknown": 0.0,
            "time": 8.853581190109253,
            "percY": 1447.86,
            "percN": 0.0,
            "percU": 114.52,
            "percUNK": 16.36,
            "l": 0.01133695867800629,
            "u": 1.0
        },
        "~a_14": {
            "yes": 35,
            "no": 0,
            "undecided": 349,
            "unknown": 2,
            "pyes": 7.27919871982528e-06,
            "pno": 0.0,
            "pundecided": 0.011938969262223693,
            "punknown": 0.0,
            "time": 8.938274621963501,
            "percY": 143.15,
            "percN": 0.0,
            "percU": 1427.41,
            "percUNK": 8.18,
            "l": 7.27919871982528e-06,
            "u": 1.0
        },
        "~a_15": {
            "yes": 4,
            "no": 50,
            "undecided": 329,
            "unknown": 3,
            "pyes": 0.0,
            "pno": 7.45464422340544e-06,
            "pundecided": 0.011938793816720115,
            "punknown": 0.0,
            "time": 9.126861333847046,
            "percY": 16.36,
            "percN": 204.5,
            "percU": 1345.61,
            "percUNK": 12.27,
            "l": 0.0,
            "u": 0.9999925453557766
        }
    },
    "data": {
        "n_samples": 409,
        "time": 27.7039475440979,
        "repeated_worlds": 23,
        "repeated_progs": 23,
        "unique_progs": 386
    }
}