{
    "status": {
        "~d_45": {
            "yes": 345,
            "no": 0,
            "undecided": 24,
            "unknown": 20,
            "pyes": 0.011978376899690765,
            "pno": 0.0,
            "pundecided": 0.00011062353494966073,
            "punknown": 1.9208528236352564e-07,
            "time": 11.710199117660522,
            "percY": 1411.05,
            "percN": 0.0,
            "percU": 98.16,
            "percUNK": 81.8,
            "l": 0.011978376899690765,
            "u": 1.0
        },
        "a_19": {
            "yes": 207,
            "no": 46,
            "undecided": 136,
            "unknown": 0,
            "pyes": 0.0007841327041183416,
            "pno": 0.006233432117771601,
            "pundecided": 0.005071627698032851,
            "punknown": 0.0,
            "time": 13.114590644836426,
            "percY": 846.63,
            "percN": 188.14,
            "percU": 556.24,
            "percUNK": 0.0,
            "l": 0.0007841327041183416,
            "u": 0.9937665678822284
        },
        "~a_19": {
            "yes": 46,
            "no": 207,
            "undecided": 136,
            "unknown": 0,
            "pyes": 0.006233432117771601,
            "pno": 0.0007841327041183416,
            "pundecided": 0.005071627698032851,
            "punknown": 0.0,
            "time": 13.424822092056274,
            "percY": 188.14,
            "percN": 846.63,
            "percU": 556.24,
            "percUNK": 0.0,
            "l": 0.006233432117771601,
            "u": 0.9992158672958816
        }
    },
    "data": {
        "n_samples": 409,
        "time": 39.42204999923706,
        "repeated_worlds": 20,
        "repeated_progs": 20,
        "unique_progs": 389
    }
}