{
    "status": {
        "d_42": {
            "yes": 250,
            "no": 0,
            "undecided": 20,
            "unknown": 120,
            "pyes": 0.04816986806179066,
            "pno": 0.0,
            "pundecided": 0.0001847395492664904,
            "punknown": 0.00027597080017195105,
            "time": 8.941041707992554,
            "percY": 1022.5,
            "percN": 0.0,
            "percU": 81.8,
            "percUNK": 490.8,
            "l": 0.04816986806179066,
            "u": 1.0
        },
        "a_17": {
            "yes": 39,
            "no": 4,
            "undecided": 346,
            "unknown": 1,
            "pyes": 0.0008428306707403719,
            "pno": 1.9729817569728e-07,
            "pundecided": 0.04778755044231303,
            "punknown": 0.0,
            "time": 9.11020016670227,
            "percY": 159.51,
            "percN": 16.36,
            "percU": 1415.14,
            "percUNK": 4.09,
            "l": 0.0008428306707403719,
            "u": 0.9999998027018243
        }
    },
    "data": {
        "n_samples": 409,
        "time": 18.996299028396606,
        "repeated_worlds": 19,
        "repeated_progs": 19,
        "unique_progs": 390
    }
}