{
    "status": {
        "a_7": {
            "yes": 236,
            "no": 0,
            "undecided": 152,
            "unknown": 0,
            "pyes": 0.10023069659021923,
            "pno": 0.0,
            "pundecided": 0.0033696745340398575,
            "punknown": 0.0,
            "time": 9.044387102127075,
            "percY": 965.24,
            "percN": 0.0,
            "percU": 621.68,
            "percUNK": 0.0,
            "l": 0.10023069659021923,
            "u": 1.0
        },
        "~a_12": {
            "yes": 154,
            "no": 0,
            "undecided": 232,
            "unknown": 2,
            "pyes": 0.09139617798797751,
            "pno": 0.0,
            "pundecided": 0.012189622495596008,
            "punknown": 1.4570640685560958e-05,
            "time": 9.069294452667236,
            "percY": 629.86,
            "percN": 0.0,
            "percU": 948.88,
            "percUNK": 8.18,
            "l": 0.09139617798797751,
            "u": 1.0
        },
        "a_15": {
            "yes": 132,
            "no": 20,
            "undecided": 236,
            "unknown": 0,
            "pyes": 4.6712153421351425e-05,
            "pno": 0.00033149837991400125,
            "pundecided": 0.10322216059092373,
            "punknown": 0.0,
            "time": 9.073230504989624,
            "percY": 539.88,
            "percN": 81.8,
            "percU": 965.24,
            "percUNK": 0.0,
            "l": 4.6712153421351425e-05,
            "u": 0.999668501620086
        }
    },
    "data": {
        "n_samples": 409,
        "time": 28.1367928981781,
        "repeated_worlds": 21,
        "repeated_progs": 21,
        "unique_progs": 388
    }
}