{
    "status": {
        "d_24": {
            "yes": 341,
            "no": 0,
            "undecided": 32,
            "unknown": 19,
            "pyes": 0.008582248748117785,
            "pno": 0.0,
            "pundecided": 4.059053663440947e-05,
            "punknown": 0.04351621618448459,
            "time": 9.064257383346558,
            "percY": 1394.69,
            "percN": 0.0,
            "percU": 130.88,
            "percUNK": 77.71,
            "l": 0.008582248748117785,
            "u": 1.0
        },
        "~a_10": {
            "yes": 197,
            "no": 0,
            "undecided": 195,
            "unknown": 0,
            "pyes": 0.0015575038655105645,
            "pno": 0.0,
            "pundecided": 0.05058155160372623,
            "punknown": 0.0,
            "time": 9.125027418136597,
            "percY": 805.73,
            "percN": 0.0,
            "percU": 797.55,
            "percUNK": 0.0,
            "l": 0.0015575038655105645,
            "u": 1.0
        },
        "a_19": {
            "yes": 16,
            "no": 12,
            "undecided": 364,
            "unknown": 0,
            "pyes": 9.230037600960893e-06,
            "pno": 0.0017383794624015606,
            "pundecided": 0.05039144596923426,
            "punknown": 0.0,
            "time": 9.263135433197021,
            "percY": 65.44,
            "percN": 49.08,
            "percU": 1488.76,
            "percUNK": 0.0,
            "l": 9.230037600960893e-06,
            "u": 0.9982616205375985
        }
    },
    "data": {
        "n_samples": 409,
        "time": 28.396264791488647,
        "repeated_worlds": 17,
        "repeated_progs": 17,
        "unique_progs": 392
    }
}