{
    "status": {
        "d_24": {
            "yes": 346,
            "no": 0,
            "undecided": 9,
            "unknown": 36,
            "pyes": 0.014469222685071642,
            "pno": 0.0,
            "pundecided": 2.3327324037040336e-05,
            "punknown": 0.0002654734750004523,
            "time": 9.072667837142944,
            "percY": 1415.14,
            "percN": 0.0,
            "percU": 36.81,
            "percUNK": 147.24,
            "l": 0.014469222685071642,
            "u": 1.0
        },
        "a_11": {
            "yes": 154,
            "no": 0,
            "undecided": 230,
            "unknown": 7,
            "pyes": 0.012443807393345477,
            "pno": 0.0,
            "pundecided": 0.002308280274211998,
            "punknown": 5.935816551660406e-06,
            "time": 9.100079774856567,
            "percY": 629.86,
            "percN": 0.0,
            "percU": 940.7,
            "percUNK": 28.63,
            "l": 0.012443807393345477,
            "u": 1.0
        },
        "a_19": {
            "yes": 122,
            "no": 46,
            "undecided": 221,
            "unknown": 2,
            "pyes": 0.0009710392862378041,
            "pno": 2.8563815262389133e-05,
            "pundecided": 0.013758407147539281,
            "punknown": 1.3235069651327998e-08,
            "time": 10.08448839187622,
            "percY": 498.98,
            "percN": 188.14,
            "percU": 903.89,
            "percUNK": 8.18,
            "l": 0.0009710392862378041,
            "u": 0.9999714361847376
        }
    },
    "data": {
        "n_samples": 409,
        "time": 29.194064140319824,
        "repeated_worlds": 18,
        "repeated_progs": 18,
        "unique_progs": 391
    }
}