{
    "status": {
        "d_64": {
            "yes": 351,
            "no": 0,
            "undecided": 42,
            "unknown": 0,
            "pyes": 0.009332188122947777,
            "pno": 0.0,
            "pundecided": 1.8791495958054997e-06,
            "punknown": 0.0,
            "time": 9.092578172683716,
            "percY": 1435.59,
            "percN": 0.0,
            "percU": 171.78,
            "percUNK": 0.0,
            "l": 0.009332188122947777,
            "u": 1.0
        },
        "~a_14": {
            "yes": 44,
            "no": 0,
            "undecided": 349,
            "unknown": 0,
            "pyes": 0.00030865245103504246,
            "pno": 0.0,
            "pundecided": 0.009025414821508542,
            "punknown": 0.0,
            "time": 9.124091863632202,
            "percY": 179.96,
            "percN": 0.0,
            "percU": 1427.41,
            "percUNK": 0.0,
            "l": 0.00030865245103504246,
            "u": 1.0
        },
        "a_17": {
            "yes": 14,
            "no": 4,
            "undecided": 371,
            "unknown": 4,
            "pyes": 0.00019044921318014103,
            "pno": 0.00022736633930334478,
            "pundecided": 0.008916251085110266,
            "punknown": 6.349498317209597e-10,
            "time": 9.147226572036743,
            "percY": 57.26,
            "percN": 16.36,
            "percU": 1517.39,
            "percUNK": 16.36,
            "l": 0.00019044921318014103,
            "u": 0.9997726336606967
        }
    },
    "data": {
        "n_samples": 409,
        "time": 28.19653868675232,
        "repeated_worlds": 16,
        "repeated_progs": 16,
        "unique_progs": 393
    }
}