{
    "status": {
        "d_48": {
            "yes": 249,
            "no": 0,
            "undecided": 123,
            "unknown": 15,
            "pyes": 0.0038649596693977007,
            "pno": 0.0,
            "pundecided": 0.00018406908046035211,
            "punknown": 3.623308826116589e-05,
            "time": 8.950580596923828,
            "percY": 1018.41,
            "percN": 0.0,
            "percU": 503.07,
            "percUNK": 61.35,
            "l": 0.0038649596693977007,
            "u": 1.0
        },
        "~a_20": {
            "yes": 47,
            "no": 35,
            "undecided": 305,
            "unknown": 0,
            "pyes": 1.873732895815749e-05,
            "pno": 7.035599922307558e-05,
            "pundecided": 0.003996168509937985,
            "punknown": 0.0,
            "time": 9.462088584899902,
            "percY": 192.23,
            "percN": 143.15,
            "percU": 1247.45,
            "percUNK": 0.0,
            "l": 1.873732895815749e-05,
            "u": 0.9999296440007769
        }
    },
    "data": {
        "n_samples": 409,
        "time": 19.333720684051514,
        "repeated_worlds": 22,
        "repeated_progs": 22,
        "unique_progs": 387
    }
}