{
    "status": {
        "d_36": {
            "yes": 246,
            "no": 0,
            "undecided": 114,
            "unknown": 29,
            "pyes": 0.11231331178351701,
            "pno": 0.0,
            "pundecided": 7.496072265470257e-05,
            "punknown": 8.131414784359597e-06,
            "time": 9.46929121017456,
            "percY": 1006.14,
            "percN": 0.0,
            "percU": 466.26,
            "percUNK": 118.61,
            "l": 0.11231331178351701,
            "u": 1.0
        },
        "~a_12": {
            "yes": 3,
            "no": 0,
            "undecided": 353,
            "unknown": 33,
            "pyes": 7.229742587135997e-10,
            "pno": 0.0,
            "pundecided": 0.11239017286699003,
            "punknown": 6.23033099178096e-06,
            "time": 9.422387838363647,
            "percY": 12.27,
            "percN": 0.0,
            "percU": 1443.77,
            "percUNK": 134.97,
            "l": 7.229742587135997e-10,
            "u": 1.0
        },
        "~a_19": {
            "yes": 115,
            "no": 11,
            "undecided": 263,
            "unknown": 0,
            "pyes": 0.04813001680999097,
            "pno": 1.1440634481060482e-07,
            "pundecided": 0.06426627270462032,
            "punknown": 0.0,
            "time": 9.677445411682129,
            "percY": 470.35,
            "percN": 44.99,
            "percU": 1075.67,
            "percUNK": 0.0,
            "l": 0.04813001680999097,
            "u": 0.9999998855936552
        }
    },
    "data": {
        "n_samples": 409,
        "time": 29.553016662597656,
        "repeated_worlds": 20,
        "repeated_progs": 20,
        "unique_progs": 389
    }
}