{
    "status": {
        "d_37": {
            "yes": 265,
            "no": 0,
            "undecided": 61,
            "unknown": 67,
            "pyes": 0.0649775736898054,
            "pno": 0.0,
            "pundecided": 0.0006328943374941198,
            "punknown": 8.350786131796366e-05,
            "time": 9.407529354095459,
            "percY": 1083.85,
            "percN": 0.0,
            "percU": 249.49,
            "percUNK": 274.03,
            "l": 0.0649775736898054,
            "u": 1.0
        },
        "a_14": {
            "yes": 69,
            "no": 0,
            "undecided": 266,
            "unknown": 58,
            "pyes": 0.049970037112726136,
            "pno": 0.0,
            "pundecided": 0.015719719466240924,
            "punknown": 4.2193096503842265e-06,
            "time": 9.409913301467896,
            "percY": 282.21,
            "percN": 0.0,
            "percU": 1087.94,
            "percUNK": 237.22,
            "l": 0.049970037112726136,
            "u": 1.0
        },
        "a_16": {
            "yes": 45,
            "no": 35,
            "undecided": 313,
            "unknown": 0,
            "pyes": 0.00026926046959561734,
            "pno": 5.440779198533942e-06,
            "pundecided": 0.06541927463982333,
            "punknown": 0.0,
            "time": 9.96192479133606,
            "percY": 184.05,
            "percN": 143.15,
            "percU": 1280.17,
            "percUNK": 0.0,
            "l": 0.00026926046959561734,
            "u": 0.9999945592208015
        }
    },
    "data": {
        "n_samples": 409,
        "time": 29.761208295822144,
        "repeated_worlds": 16,
        "repeated_progs": 16,
        "unique_progs": 393
    }
}