{
    "status": {
        "d_39": {
            "yes": 337,
            "no": 0,
            "undecided": 31,
            "unknown": 18,
            "pyes": 0.04185265514443179,
            "pno": 0.0,
            "pundecided": 0.0001152860208305379,
            "punknown": 0.0001777382916353918,
            "time": 9.31787395477295,
            "percY": 1378.33,
            "percN": 0.0,
            "percU": 126.79,
            "percUNK": 73.62,
            "l": 0.04185265514443179,
            "u": 1.0
        },
        "a_20": {
            "yes": 138,
            "no": 21,
            "undecided": 227,
            "unknown": 0,
            "pyes": 0.008954718444485593,
            "pno": 2.0551011782853893e-07,
            "pundecided": 0.033190755502294306,
            "punknown": 0.0,
            "time": 9.858792781829834,
            "percY": 564.42,
            "percN": 85.89,
            "percU": 928.43,
            "percUNK": 0.0,
            "l": 0.008954718444485593,
            "u": 0.9999997944898822
        },
        "~a_23": {
            "yes": 89,
            "no": 19,
            "undecided": 278,
            "unknown": 0,
            "pyes": 0.0018410686647255794,
            "pno": 0.005285486241707879,
            "pundecided": 0.03501912455046426,
            "punknown": 0.0,
            "time": 9.63966679573059,
            "percY": 364.01,
            "percN": 77.71,
            "percU": 1137.02,
            "percUNK": 0.0,
            "l": 0.0018410686647255794,
            "u": 0.9947145137582921
        }
    },
    "data": {
        "n_samples": 409,
        "time": 29.860358238220215,
        "repeated_worlds": 23,
        "repeated_progs": 23,
        "unique_progs": 386
    }
}