{
    "status": {
        "a_0": {
            "yes": 233,
            "no": 0,
            "undecided": 0,
            "unknown": 153,
            "pyes": 0.013594597729873256,
            "pno": 0.0,
            "pundecided": 0.0,
            "punknown": 0.09899395959034231,
            "time": 9.322059154510498,
            "percY": 952.97,
            "percN": 0.0,
            "percU": 0.0,
            "percUNK": 625.77,
            "l": 0.013594597729873256,
            "u": 1.0
        },
        "a_10": {
            "yes": 45,
            "no": 0,
            "undecided": 341,
            "unknown": 0,
            "pyes": 0.0006041572169488096,
            "pno": 0.0,
            "pundecided": 0.1119844001032668,
            "punknown": 0.0,
            "time": 9.319142818450928,
            "percY": 184.05,
            "percN": 0.0,
            "percU": 1394.69,
            "percUNK": 0.0,
            "l": 0.0006041572169488096,
            "u": 1.0
        },
        "~a_17": {
            "yes": 76,
            "no": 59,
            "undecided": 251,
            "unknown": 0,
            "pyes": 0.0021584759047813496,
            "pno": 0.0007001353037759976,
            "pundecided": 0.10972994611165825,
            "punknown": 0.0,
            "time": 10.225649356842041,
            "percY": 310.84,
            "percN": 241.31,
            "percU": 1026.59,
            "percUNK": 0.0,
            "l": 0.0021584759047813496,
            "u": 0.999299864696224
        }
    },
    "data": {
        "n_samples": 409,
        "time": 29.83040189743042,
        "repeated_worlds": 23,
        "repeated_progs": 23,
        "unique_progs": 386
    }
}